feature,M3,transaction_count,fraud_count,fraud_rate
M3,__MISSING__,271100,14321,0.05282552563629657
M3,T,251731,4293,0.017053918667148664
M3,F,67709,2049,0.03026185588326515
