feature,card4,transaction_count,fraud_count,fraud_rate
card4,visa,384767,13373,0.03475609914571676
card4,mastercard,189217,6496,0.03433095334985757
card4,american express,8328,239,0.028698366954851104
card4,discover,6651,514,0.0772816117877011
card4,__MISSING__,1577,41,0.02599873176918199
