feature,M2,transaction_count,fraud_count,fraud_rate
M2,T,285468,5158,0.018068575111746324
M2,__MISSING__,271100,14321,0.05282552563629657
M2,F,33972,1184,0.0348522312492641
