feature,M6,transaction_count,fraud_count,fraud_rate
M6,F,227856,5397,0.0236860122182431
M6,T,193324,3295,0.01704392625850903
M6,__MISSING__,169360,11971,0.0706837505904582
