feature,ProductCD,transaction_count,fraud_count,fraud_rate
ProductCD,W,439670,8969,0.020399390451929858
ProductCD,C,68519,8008,0.11687269224594637
ProductCD,R,37699,1426,0.03782593702750736
ProductCD,H,33024,1574,0.04766230620155039
ProductCD,S,11628,686,0.058995528035775714
