feature,M9,transaction_count,fraud_count,fraud_rate
M9,__MISSING__,346252,15846,0.04576435659577418
M9,T,205656,3658,0.01778698408993659
M9,F,38632,1159,0.03000103541105819
