feature,M4,transaction_count,fraud_count,fraud_rate
M4,__MISSING__,281444,5227,0.018572078282002816
M4,M0,196405,7198,0.03664876148774217
M4,M2,59865,6809,0.11373924663826944
M4,M1,52826,1429,0.02705107333510014
