feature,M7,transaction_count,fraud_count,fraud_rate
M7,__MISSING__,346265,15846,0.045762638441655956
M7,F,211374,4089,0.01934485792954668
M7,T,32901,728,0.022126987021671075
