feature,M8,transaction_count,fraud_count,fraud_rate
M8,__MISSING__,346252,15846,0.04576435659577418
M8,F,155251,3373,0.02172610804439263
M8,T,89037,1444,0.016217976796163394
