feature,M5,transaction_count,fraud_count,fraud_rate
M5,__MISSING__,350482,13094,0.03735997854383392
M5,F,132491,3514,0.026522556249103713
M5,T,107567,4055,0.03769743508696905
