_has_identity,transaction_count,fraud_count,fraud_rate
Identity yok,446307,9345,0.020938501972857248
Identity var,144233,11318,0.07847025299342036
