isFraud,count,mean,median,std,min,max
0,569877,134.51166,68.5,239.39508,0.251,31937.39
1,20663,149.24477,75.0,232.21216,0.292,5191.0
