heavy_threshold,precision,recall,f1,tn,fp,fn,tp,predicted_fraud_count,light_model,heavy_model,light_recall_target,light_threshold,routed_rate
0.9999822212193916,1.0,0.0003225806451612903,0.0006449532408900355,85481,0,3099,1,1,LogisticRegression,HeavyCatBoost,0.9,0.28669347624897124,0.4413361781871959
0.9994204757621377,0.9936305732484076,0.05032258064516129,0.09579367516119129,85480,1,2944,156,157,LogisticRegression,HeavyCatBoost,0.9,0.28669347624897124,0.4413361781871959
0.9987626491845167,0.9904458598726115,0.1003225806451613,0.182190978324546,85478,3,2789,311,314,LogisticRegression,HeavyCatBoost,0.9,0.28669347624897124,0.4413361781871959
0.9978261457134344,0.9893842887473461,0.1503225806451613,0.260991318958275,85476,5,2634,466,471,LogisticRegression,HeavyCatBoost,0.9,0.28669347624897124,0.4413361781871959
0.9967156397001958,0.9840764331210191,0.1993548387096774,0.3315450643776824,85471,10,2482,618,628,LogisticRegression,HeavyCatBoost,0.9,0.28669347624897124,0.4413361781871959
0.9953707513002451,0.9821656050955414,0.24870967741935485,0.3969111969111969,85467,14,2329,771,785,LogisticRegression,HeavyCatBoost,0.9,0.28669347624897124,0.4413361781871959
0.9933820799603081,0.9798301486199575,0.29774193548387096,0.45670460168233545,85462,19,2177,923,942,LogisticRegression,HeavyCatBoost,0.9,0.28669347624897124,0.4413361781871959
0.9904085192816736,0.9736123748862603,0.34516129032258064,0.5096451536080019,85452,29,2030,1070,1099,LogisticRegression,HeavyCatBoost,0.9,0.28669347624897124,0.4413361781871959
0.9868696897458302,0.9697452229299363,0.3929032258064516,0.559228650137741,85443,38,1882,1218,1256,LogisticRegression,HeavyCatBoost,0.9,0.28669347624897124,0.4413361781871959
0.9816554993681682,0.9646142958244869,0.4396774193548387,0.6040327941502326,85431,50,1737,1363,1413,LogisticRegression,HeavyCatBoost,0.9,0.28669347624897124,0.4413361781871959
0.9745617227159896,0.9598726114649682,0.48612903225806453,0.6453961456102784,85418,63,1593,1507,1570,LogisticRegression,HeavyCatBoost,0.9,0.28669347624897124,0.4413361781871959
0.9651532948136529,0.9496236247828604,0.5290322580645161,0.6795110834887094,85394,87,1460,1640,1727,LogisticRegression,HeavyCatBoost,0.9,0.28669347624897124,0.4413361781871959
0.9496691061031031,0.9378980891719745,0.57,0.7090690208667737,85364,117,1333,1767,1884,LogisticRegression,HeavyCatBoost,0.9,0.28669347624897124,0.4413361781871959
0.9315871810010669,0.9240568348848603,0.6083870967741936,0.733709395059327,85326,155,1214,1886,2041,LogisticRegression,HeavyCatBoost,0.9,0.28669347624897124,0.4413361781871959
0.9070967660395364,0.9008189262966333,0.6387096774193548,0.7474518686296716,85263,218,1120,1980,2198,LogisticRegression,HeavyCatBoost,0.9,0.28669347624897124,0.4413361781871959
0.8826643640478772,0.8789808917197452,0.667741935483871,0.7589367552703942,85196,285,1030,2070,2355,LogisticRegression,HeavyCatBoost,0.9,0.28669347624897124,0.4413361781871959
0.8592126200695989,0.8531050955414012,0.6912903225806452,0.7637205987170348,85112,369,957,2143,2512,LogisticRegression,HeavyCatBoost,0.9,0.28669347624897124,0.4413361781871959
0.834809594768657,0.8250281004121394,0.7103225806451613,0.7633905356214249,85014,467,898,2202,2669,LogisticRegression,HeavyCatBoost,0.9,0.28669347624897124,0.4413361781871959
0.8083012949088314,0.7993630573248408,0.7287096774193549,0.7624029699628755,84914,567,841,2259,2826,LogisticRegression,HeavyCatBoost,0.9,0.28669347624897124,0.4413361781871959
0.7828611841719639,0.7703654039557493,0.7412903225806452,0.7555482492191353,84796,685,802,2298,2983,LogisticRegression,HeavyCatBoost,0.9,0.28669347624897124,0.4413361781871959
0.7575496418195781,0.7423566878980892,0.7519354838709678,0.7471153846153846,84672,809,769,2331,3140,LogisticRegression,HeavyCatBoost,0.9,0.28669347624897124,0.4413361781871959
0.736154640189659,0.7154989384288747,0.7609677419354839,0.7375332186962639,84543,938,741,2359,3297,LogisticRegression,HeavyCatBoost,0.9,0.28669347624897124,0.4413361781871959
0.7152442916415536,0.6899247249565721,0.7687096774193548,0.7271895025938359,84410,1071,717,2383,3454,LogisticRegression,HeavyCatBoost,0.9,0.28669347624897124,0.4413361781871959
0.6932875399456443,0.6665743561340349,0.7764516129032258,0.7173297571151841,84277,1204,693,2407,3611,LogisticRegression,HeavyCatBoost,0.9,0.28669347624897124,0.4413361781871959
0.6740576501511377,0.6451698513800425,0.7841935483870968,0.7079207920792079,84144,1337,669,2431,3768,LogisticRegression,HeavyCatBoost,0.9,0.28669347624897124,0.4413361781871959
0.6541403047554198,0.6221656050955414,0.787741935483871,0.6952313167259786,83998,1483,658,2442,3925,LogisticRegression,HeavyCatBoost,0.9,0.28669347624897124,0.4413361781871959
0.6356876955804478,0.602155805977462,0.7929032258064516,0.6844890002784739,83857,1624,642,2458,4082,LogisticRegression,HeavyCatBoost,0.9,0.28669347624897124,0.4413361781871959
0.6200199322226819,0.5815050719509318,0.7951612903225806,0.6717536449107507,83707,1774,635,2465,4239,LogisticRegression,HeavyCatBoost,0.9,0.28669347624897124,0.4413361781871959
0.6035440707972226,0.565059144676979,0.8012903225806451,0.6627534685165422,83569,1912,616,2484,4396,LogisticRegression,HeavyCatBoost,0.9,0.28669347624897124,0.4413361781871959
0.5892875105230965,0.5497474192839886,0.8074193548387096,0.6541225663138639,83431,2050,597,2503,4553,LogisticRegression,HeavyCatBoost,0.9,0.28669347624897124,0.4413361781871959
0.5746046324837618,0.5339702760084926,0.8112903225806452,0.64404609475032,83286,2195,585,2515,4710,LogisticRegression,HeavyCatBoost,0.9,0.28669347624897124,0.4413361781871959
0.5607388871755753,0.5179782206698171,0.8132258064516129,0.6328605497677922,83135,2346,579,2521,4867,LogisticRegression,HeavyCatBoost,0.9,0.28669347624897124,0.4413361781871959
0.5470605513271589,0.503781847133758,0.8164516129032258,0.6230920728705072,82988,2493,569,2531,5024,LogisticRegression,HeavyCatBoost,0.9,0.28669347624897124,0.4413361781871959
0.5343357112612501,0.4896738081451457,0.8183870967741935,0.6127279314092501,82837,2644,563,2537,5181,LogisticRegression,HeavyCatBoost,0.9,0.28669347624897124,0.4413361781871959
0.5222636984027044,0.4767703259647808,0.8209677419354838,0.60322351268073,82688,2793,555,2545,5338,LogisticRegression,HeavyCatBoost,0.9,0.28669347624897124,0.4413361781871959
0.510648504510521,0.4642402183803458,0.8229032258064516,0.5936009307737056,82537,2944,549,2551,5495,LogisticRegression,HeavyCatBoost,0.9,0.28669347624897124,0.4413361781871959
0.5000015014068708,0.45205237084217975,0.8241935483870968,0.5838665447897623,82384,3097,545,2555,5652,LogisticRegression,HeavyCatBoost,0.9,0.28669347624897124,0.4413361781871959
0.48886481736876103,0.44138405921845414,0.8270967741935484,0.5755977101807161,82236,3245,536,2564,5809,LogisticRegression,HeavyCatBoost,0.9,0.28669347624897124,0.4413361781871959
0.4793170706024608,0.4311096211867248,0.8296774193548387,0.5673946613721598,82087,3394,528,2572,5966,LogisticRegression,HeavyCatBoost,0.9,0.28669347624897124,0.4413361781871959
0.468417582074988,0.420708802874408,0.8309677419354838,0.5586034912718204,81934,3547,524,2576,6123,LogisticRegression,HeavyCatBoost,0.9,0.28669347624897124,0.4413361781871959
0.4596432834409126,0.41146496815286626,0.8335483870967741,0.5509594882729211,81785,3696,516,2584,6280,LogisticRegression,HeavyCatBoost,0.9,0.28669347624897124,0.4413361781871959
0.4512063007311608,0.4022059965822588,0.8351612903225807,0.5429380308273041,81633,3848,511,2589,6437,LogisticRegression,HeavyCatBoost,0.9,0.28669347624897124,0.4413361781871959
0.4422074164318853,0.39262966333030025,0.8351612903225807,0.5341448318547556,81476,4005,511,2589,6594,LogisticRegression,HeavyCatBoost,0.9,0.28669347624897124,0.4413361781871959
0.4336659069861959,0.38483187675899866,0.8380645161290322,0.5274591412039387,81328,4153,502,2598,6751,LogisticRegression,HeavyCatBoost,0.9,0.28669347624897124,0.4413361781871959
0.42491670482169147,0.3765199768384482,0.8390322580645161,0.5197841726618705,81174,4307,499,2601,6908,LogisticRegression,HeavyCatBoost,0.9,0.28669347624897124,0.4413361781871959
0.41699783230035464,0.3690021231422505,0.8409677419354838,0.5129365469749139,81023,4458,493,2607,7065,LogisticRegression,HeavyCatBoost,0.9,0.28669347624897124,0.4413361781871959
0.4099056702450962,0.3615342010523401,0.8422580645161291,0.5059097074210424,80870,4611,489,2611,7222,LogisticRegression,HeavyCatBoost,0.9,0.28669347624897124,0.4413361781871959
0.40192066376640556,0.3542485431630302,0.8432258064516129,0.49890256703883956,80716,4765,486,2614,7379,LogisticRegression,HeavyCatBoost,0.9,0.28669347624897124,0.4413361781871959
0.3943517327368531,0.34726645435244163,0.8441935483870968,0.4921022940955246,80562,4919,483,2617,7536,LogisticRegression,HeavyCatBoost,0.9,0.28669347624897124,0.4413361781871959
0.3881668137767867,0.34069933705966465,0.8454838709677419,0.48568516631149816,80409,5072,479,2621,7693,LogisticRegression,HeavyCatBoost,0.9,0.28669347624897124,0.4413361781871959
0.381846541315614,0.3347770700636943,0.847741935483871,0.4800000000000001,80259,5222,472,2628,7850,LogisticRegression,HeavyCatBoost,0.9,0.28669347624897124,0.4413361781871959
0.37533116801707195,0.3294617209941301,0.8509677419354839,0.475015755829657,80112,5369,462,2638,8007,LogisticRegression,HeavyCatBoost,0.9,0.28669347624897124,0.4413361781871959
0.3691474508688197,0.32349338559529645,0.8519354838709677,0.4689275568181818,79958,5523,459,2641,8164,LogisticRegression,HeavyCatBoost,0.9,0.28669347624897124,0.4413361781871959
0.36335978377538347,0.3176300925369547,0.8525806451612903,0.4628316259521933,79803,5678,457,2643,8321,LogisticRegression,HeavyCatBoost,0.9,0.28669347624897124,0.4413361781871959
0.3564315366636567,0.31210191082802546,0.8535483870967742,0.4570737605804111,79649,5832,454,2646,8478,LogisticRegression,HeavyCatBoost,0.9,0.28669347624897124,0.4413361781871959
0.3511050929534804,0.30689056166763173,0.8548387096774194,0.4516403919897742,79496,5985,450,2650,8635,LogisticRegression,HeavyCatBoost,0.9,0.28669347624897124,0.4413361781871959
0.345038962417389,0.3015241128298453,0.8551612903225806,0.44584594685502865,79340,6141,449,2651,8792,LogisticRegression,HeavyCatBoost,0.9,0.28669347624897124,0.4413361781871959
0.33972692515445735,0.29645770477148287,0.8558064516129033,0.4403684953108142,79185,6296,447,2653,8949,LogisticRegression,HeavyCatBoost,0.9,0.28669347624897124,0.4413361781871959
0.3344865253816103,0.29156600043927083,0.8564516129032258,0.4350319514992627,79030,6451,445,2655,9106,LogisticRegression,HeavyCatBoost,0.9,0.28669347624897124,0.4413361781871959
0.32936207023988445,0.2868401165928965,0.8570967741935483,0.42983094718110487,78875,6606,443,2657,9263,LogisticRegression,HeavyCatBoost,0.9,0.28669347624897124,0.4413361781871959
0.32462171620405184,0.2821656050955414,0.8574193548387097,0.4246006389776358,78719,6762,442,2658,9420,LogisticRegression,HeavyCatBoost,0.9,0.28669347624897124,0.4413361781871959
0.3201904921874467,0.27774877310222407,0.8580645161290322,0.4196576477084484,78564,6917,440,2660,9577,LogisticRegression,HeavyCatBoost,0.9,0.28669347624897124,0.4413361781871959
0.3153110264089117,0.2733716868707623,0.8583870967741936,0.4146797568957457,78408,7073,439,2661,9734,LogisticRegression,HeavyCatBoost,0.9,0.28669347624897124,0.4413361781871959
0.3107229622010919,0.26923465776968963,0.8590322580645161,0.409976137325841,78253,7228,437,2663,9891,LogisticRegression,HeavyCatBoost,0.9,0.28669347624897124,0.4413361781871959
0.30556609516749317,0.2653264331210191,0.86,0.4055369637967752,78099,7382,434,2666,10048,LogisticRegression,HeavyCatBoost,0.9,0.28669347624897124,0.4413361781871959
0.30144044029023626,0.2614404703576678,0.8606451612903225,0.40105223600150325,77944,7537,432,2668,10205,LogisticRegression,HeavyCatBoost,0.9,0.28669347624897124,0.4413361781871959
0.2973124511343656,0.2576722640416908,0.8612903225806452,0.3966721140989452,77789,7692,430,2670,10362,LogisticRegression,HeavyCatBoost,0.9,0.28669347624897124,0.4413361781871959
0.29308299671169186,0.25411160756725926,0.8622580645161291,0.39253983405536386,77635,7846,427,2673,10519,LogisticRegression,HeavyCatBoost,0.9,0.28669347624897124,0.4413361781871959
0.28891491367667965,0.25056200824278757,0.8629032258064516,0.38835656213704994,77480,8001,425,2675,10676,LogisticRegression,HeavyCatBoost,0.9,0.28669347624897124,0.4413361781871959
0.28488644876715785,0.24711529585525707,0.8635483870967742,0.3842675662097179,77325,8156,423,2677,10833,LogisticRegression,HeavyCatBoost,0.9,0.28669347624897124,0.4413361781871959
0.28114964337895076,0.24358507734303914,0.8635483870967742,0.379985805535841,77168,8313,423,2677,10990,LogisticRegression,HeavyCatBoost,0.9,0.28669347624897124,0.4413361781871959
0.27685780999615006,0.24042343231362698,0.864516129032258,0.37621955499403387,77014,8467,420,2680,11147,LogisticRegression,HeavyCatBoost,0.9,0.28669347624897124,0.4413361781871959
0.27323826464573125,0.2371726822363765,0.8648387096774194,0.3722577061927242,76858,8623,419,2681,11304,LogisticRegression,HeavyCatBoost,0.9,0.28669347624897124,0.4413361781871959
0.2693336374986552,0.23409824622633277,0.8654838709677419,0.3685186456974109,76703,8778,417,2683,11461,LogisticRegression,HeavyCatBoost,0.9,0.28669347624897124,0.4413361781871959
0.26585899567511795,0.23093475641246342,0.8654838709677419,0.3645875798342165,76546,8935,417,2683,11618,LogisticRegression,HeavyCatBoost,0.9,0.28669347624897124,0.4413361781871959
0.26231928029115,0.2278556263269639,0.8654838709677419,0.3607394957983193,76389,9092,417,2683,11775,LogisticRegression,HeavyCatBoost,0.9,0.28669347624897124,0.4413361781871959
0.2585034742062828,0.22502514247401945,0.8661290322580645,0.35723789249600857,76234,9247,415,2685,11932,LogisticRegression,HeavyCatBoost,0.9,0.28669347624897124,0.4413361781871959
0.254818800347823,0.22226817768219043,0.8667741935483871,0.35380867733228,76079,9402,413,2687,12089,LogisticRegression,HeavyCatBoost,0.9,0.28669347624897124,0.4413361781871959
0.25176654314109376,0.2194185856606239,0.8667741935483871,0.3501889743255571,75922,9559,413,2687,12246,LogisticRegression,HeavyCatBoost,0.9,0.28669347624897124,0.4413361781871959
0.24844741002104265,0.21672176086430703,0.8670967741935484,0.3467715925949817,75766,9715,412,2688,12403,LogisticRegression,HeavyCatBoost,0.9,0.28669347624897124,0.4413361781871959
0.2451699401750434,0.2143312101910828,0.8683870967741936,0.34380587484035763,75613,9868,408,2692,12560,LogisticRegression,HeavyCatBoost,0.9,0.28669347624897124,0.4413361781871959
0.24164529947725757,0.2117637807659039,0.8687096774193548,0.34051969400012644,75457,10024,407,2693,12717,LogisticRegression,HeavyCatBoost,0.9,0.28669347624897124,0.4413361781871959
0.2386885523505229,0.20933664750660244,0.8693548387096774,0.3374233128834356,75302,10179,405,2695,12874,LogisticRegression,HeavyCatBoost,0.9,0.28669347624897124,0.4413361781871959
0.23546040629100054,0.20689125930473487,0.8696774193548387,0.3342632198871737,75146,10335,404,2696,13031,LogisticRegression,HeavyCatBoost,0.9,0.28669347624897124,0.4413361781871959
0.23246471480611536,0.2045799211404307,0.8703225806451613,0.33128683693516703,74991,10490,402,2698,13188,LogisticRegression,HeavyCatBoost,0.9,0.28669347624897124,0.4413361781871959
0.22916834364678465,0.20232296740352193,0.8709677419354839,0.32836728488902406,74836,10645,400,2700,13345,LogisticRegression,HeavyCatBoost,0.9,0.28669347624897124,0.4413361781871959
0.22632785471223926,0.20004443786105763,0.8712903225806452,0.32538248403806774,74680,10801,399,2701,13502,LogisticRegression,HeavyCatBoost,0.9,0.28669347624897124,0.4413361781871959
0.2236138429956831,0.19781828830807527,0.8716129032258064,0.32245360701712517,74524,10957,398,2702,13659,LogisticRegression,HeavyCatBoost,0.9,0.28669347624897124,0.4413361781871959
0.22056665892872687,0.19571511291256513,0.8722580645161291,0.3196973279735162,74369,11112,396,2704,13816,LogisticRegression,HeavyCatBoost,0.9,0.28669347624897124,0.4413361781871959
0.21750171110117167,0.19358763329277892,0.8725806451612903,0.31687459731740175,74213,11268,395,2705,13973,LogisticRegression,HeavyCatBoost,0.9,0.28669347624897124,0.4413361781871959
0.2146797468565977,0.19150743099787687,0.8729032258064516,0.31410330818340104,74057,11424,394,2706,14130,LogisticRegression,HeavyCatBoost,0.9,0.28669347624897124,0.4413361781871959
0.2121030028334836,0.18954294113529782,0.8735483870967742,0.31149709553114396,73902,11579,392,2708,14287,LogisticRegression,HeavyCatBoost,0.9,0.28669347624897124,0.4413361781871959
0.20926511810899062,0.1876211575740792,0.8741935483870967,0.30893752849977196,73747,11734,390,2710,14444,LogisticRegression,HeavyCatBoost,0.9,0.28669347624897124,0.4413361781871959
0.20694413894577102,0.18567221423190192,0.8745161290322581,0.3063103779447489,73591,11890,389,2711,14601,LogisticRegression,HeavyCatBoost,0.9,0.28669347624897124,0.4413361781871959
0.20418658783932497,0.1839002574874644,0.8754838709677419,0.3039534102363087,73437,12044,386,2714,14758,LogisticRegression,HeavyCatBoost,0.9,0.28669347624897124,0.4413361781871959
0.2018710882268409,0.18203151190077105,0.8758064516129033,0.3014154870940883,73281,12200,385,2715,14915,LogisticRegression,HeavyCatBoost,0.9,0.28669347624897124,0.4413361781871959
0.19945882974619747,0.1802016985138004,0.8761290322580645,0.2989214175654854,73125,12356,384,2716,15072,LogisticRegression,HeavyCatBoost,0.9,0.28669347624897124,0.4413361781871959
0.19705052375014448,0.17847527743121674,0.8767741935483871,0.2965791914452507,72970,12511,382,2718,15229,LogisticRegression,HeavyCatBoost,0.9,0.28669347624897124,0.4413361781871959
0.19480388999196488,0.17665410113089822,0.8767741935483871,0.29406037000973706,72813,12668,382,2718,15386,LogisticRegression,HeavyCatBoost,0.9,0.28669347624897124,0.4413361781871959
0.19188453345037212,0.17499839155890112,0.8774193548387097,0.2917985302794615,72658,12823,380,2720,15543,LogisticRegression,HeavyCatBoost,0.9,0.28669347624897124,0.4413361781871959
0.18956104707213964,0.17337579617834395,0.8780645161290322,0.2895744680851064,72503,12978,378,2722,15700,LogisticRegression,HeavyCatBoost,0.9,0.28669347624897124,0.4413361781871959
0.18714204340942694,0.17165920413697422,0.8780645161290322,0.28717624096639766,72346,13135,378,2722,15857,LogisticRegression,HeavyCatBoost,0.9,0.28669347624897124,0.4413361781871959
0.18502160896112477,0.17003871612339203,0.8783870967741936,0.2849220466673642,72190,13291,377,2723,16014,LogisticRegression,HeavyCatBoost,0.9,0.28669347624897124,0.4413361781871959
0.18302671001965573,0.16844969389648135,0.8787096774193548,0.28270458201442583,72034,13447,376,2724,16171,LogisticRegression,HeavyCatBoost,0.9,0.28669347624897124,0.4413361781871959
0.1806673445734613,0.16701371876531113,0.8796774193548387,0.28072884496602846,71880,13601,373,2727,16328,LogisticRegression,HeavyCatBoost,0.9,0.28669347624897124,0.4413361781871959
0.17838206410688162,0.1654231119199272,0.8796774193548387,0.2784784273678836,71723,13758,373,2727,16485,LogisticRegression,HeavyCatBoost,0.9,0.28669347624897124,0.4413361781871959
0.17632008469101207,0.16392260545607498,0.88,0.2763651099179414,71567,13914,372,2728,16642,LogisticRegression,HeavyCatBoost,0.9,0.28669347624897124,0.4413361781871959
0.17401423892547133,0.1624501458420144,0.8803225806451613,0.2742851399567817,71411,14070,371,2729,16799,LogisticRegression,HeavyCatBoost,0.9,0.28669347624897124,0.4413361781871959
0.17166033744205844,0.16106393017221043,0.8809677419354839,0.27233745512564816,71256,14225,369,2731,16956,LogisticRegression,HeavyCatBoost,0.9,0.28669347624897124,0.4413361781871959
0.16982814339448252,0.15964471454449833,0.8812903225806452,0.27032108049275216,71100,14381,368,2732,17113,LogisticRegression,HeavyCatBoost,0.9,0.28669347624897124,0.4413361781871959
0.1678605749459986,0.1582513028372901,0.8816129032258064,0.26833578792341684,70944,14537,367,2733,17270,LogisticRegression,HeavyCatBoost,0.9,0.28669347624897124,0.4413361781871959
0.16586296500046607,0.15682561542434154,0.8816129032258064,0.2662834315779217,70787,14694,367,2733,17427,LogisticRegression,HeavyCatBoost,0.9,0.28669347624897124,0.4413361781871959
0.16376601760107146,0.15542538671519562,0.8816129032258064,0.2642622316766583,70630,14851,367,2733,17584,LogisticRegression,HeavyCatBoost,0.9,0.28669347624897124,0.4413361781871959
0.16190945980005,0.1541626740319035,0.882258064516129,0.26246341346384533,70475,15006,365,2735,17741,LogisticRegression,HeavyCatBoost,0.9,0.28669347624897124,0.4413361781871959
0.16041385071146758,0.1529221142027042,0.8829032258064516,0.26069149442804074,70320,15161,363,2737,17898,LogisticRegression,HeavyCatBoost,0.9,0.28669347624897124,0.4413361781871959
0.15823721546796785,0.15159235668789808,0.8829032258064516,0.2587567950839045,70163,15318,363,2737,18055,LogisticRegression,HeavyCatBoost,0.9,0.28669347624897124,0.4413361781871959
0.15651494649936365,0.1502855260267955,0.8829032258064516,0.25685060060060055,70006,15475,363,2737,18212,LogisticRegression,HeavyCatBoost,0.9,0.28669347624897124,0.4413361781871959
0.15465238551460483,0.1490010343513528,0.8829032258064516,0.25497228562112806,69849,15632,363,2737,18369,LogisticRegression,HeavyCatBoost,0.9,0.28669347624897124,0.4413361781871959
0.15271573454177484,0.14784627010687681,0.8835483870967742,0.2533062054933876,69694,15787,361,2739,18526,LogisticRegression,HeavyCatBoost,0.9,0.28669347624897124,0.4413361781871959
0.15104952325930363,0.1466038644757266,0.8835483870967742,0.2514805123261259,69537,15944,361,2739,18683,LogisticRegression,HeavyCatBoost,0.9,0.28669347624897124,0.4413361781871959
0.14930684498318997,0.14548832271762208,0.8841935483870967,0.24986326344576115,69382,16099,359,2741,18840,LogisticRegression,HeavyCatBoost,0.9,0.28669347624897124,0.4413361781871959
0.14753191678470604,0.14428593988524505,0.8841935483870967,0.2480879757433136,69225,16256,359,2741,18997,LogisticRegression,HeavyCatBoost,0.9,0.28669347624897124,0.4413361781871959
0.14581817146237855,0.1431032682468414,0.8841935483870967,0.24633773703603848,69068,16413,359,2741,19154,LogisticRegression,HeavyCatBoost,0.9,0.28669347624897124,0.4413361781871959
0.14429485146063606,0.1419398270415825,0.8841935483870967,0.24461202088260228,68911,16570,359,2741,19311,LogisticRegression,HeavyCatBoost,0.9,0.28669347624897124,0.4413361781871959
0.14257523100628625,0.14084651736182452,0.8845161290322581,0.2429989365473236,68755,16726,358,2742,19468,LogisticRegression,HeavyCatBoost,0.9,0.28669347624897124,0.4413361781871959
0.14092867832926656,0.13971974522292993,0.8845161290322581,0.2413201320132013,68598,16883,358,2742,19625,LogisticRegression,HeavyCatBoost,0.9,0.28669347624897124,0.4413361781871959
0.13925130915574227,0.1386614093620463,0.8848387096774194,0.2397517699501792,68442,17039,357,2743,19782,LogisticRegression,HeavyCatBoost,0.9,0.28669347624897124,0.4413361781871959
0.13761094737483312,0.1375695872410853,0.8848387096774194,0.23811797387039368,68285,17196,357,2743,19939,LogisticRegression,HeavyCatBoost,0.9,0.28669347624897124,0.4413361781871959
0.13581621435056973,0.13659434713375795,0.885483870967742,0.2366787377133988,68130,17351,355,2745,20096,LogisticRegression,HeavyCatBoost,0.9,0.28669347624897124,0.4413361781871959
0.1341442119850999,0.1356342270280946,0.8861290322580645,0.2352588532522588,67975,17506,353,2747,20253,LogisticRegression,HeavyCatBoost,0.9,0.28669347624897124,0.4413361781871959
0.1326551855484613,0.1345908868201862,0.8861290322580645,0.2336877924287537,67818,17663,353,2747,20410,LogisticRegression,HeavyCatBoost,0.9,0.28669347624897124,0.4413361781871959
0.13099846086745046,0.1336120970486702,0.8864516129032258,0.23222208137913547,67662,17819,352,2748,20567,LogisticRegression,HeavyCatBoost,0.9,0.28669347624897124,0.4413361781871959
0.12941683784412206,0.1327446438911407,0.8874193548387097,0.23094358629952985,67508,17973,349,2751,20724,LogisticRegression,HeavyCatBoost,0.9,0.28669347624897124,0.4413361781871959
0.12772752187824654,0.1318423447152914,0.8880645161290323,0.2295984320920729,67353,18128,347,2753,20881,LogisticRegression,HeavyCatBoost,0.9,0.28669347624897124,0.4413361781871959
0.12619003757772518,0.13090597965586082,0.8883870967741936,0.22818791946308722,67197,18284,346,2754,21038,LogisticRegression,HeavyCatBoost,0.9,0.28669347624897124,0.4413361781871959
0.12468314270033982,0.12993630573248408,0.8883870967741936,0.22671331549701587,67040,18441,346,2754,21195,LogisticRegression,HeavyCatBoost,0.9,0.28669347624897124,0.4413361781871959
0.1232708996099373,0.12898089171974522,0.8883870967741936,0.22525764763618517,66883,18598,346,2754,21352,LogisticRegression,HeavyCatBoost,0.9,0.28669347624897124,0.4413361781871959
0.12160720315102015,0.12808591752289739,0.8887096774193548,0.22390182453573895,66727,18754,345,2755,21509,LogisticRegression,HeavyCatBoost,0.9,0.28669347624897124,0.4413361781871959
0.12019063782366753,0.1272039139665836,0.8890322580645161,0.2225631914721796,66571,18910,344,2756,21666,LogisticRegression,HeavyCatBoost,0.9,0.28669347624897124,0.4413361781871959
0.11873895742825111,0.126380424322962,0.8896774193548387,0.22132167074589737,66416,19065,342,2758,21823,LogisticRegression,HeavyCatBoost,0.9,0.28669347624897124,0.4413361781871959
0.11722788505343763,0.12552320291173794,0.89,0.22001594896331736,66260,19221,341,2759,21980,LogisticRegression,HeavyCatBoost,0.9,0.28669347624897124,0.4413361781871959
0.11576023448826939,0.12463296743009442,0.89,0.21864722431350794,66103,19378,341,2759,22137,LogisticRegression,HeavyCatBoost,0.9,0.28669347624897124,0.4413361781871959
0.11440764107110009,0.12375527047636135,0.89,0.21729542411593292,65946,19535,341,2759,22294,LogisticRegression,HeavyCatBoost,0.9,0.28669347624897124,0.4413361781871959
0.11311960934839321,0.12293439045031401,0.8903225806451613,0.21603851121286838,65790,19691,340,2760,22451,LogisticRegression,HeavyCatBoost,0.9,0.28669347624897124,0.4413361781871959
0.11201996152415901,0.12208067940552017,0.8903225806451613,0.21471915357087287,65633,19848,340,2760,22608,LogisticRegression,HeavyCatBoost,0.9,0.28669347624897124,0.4413361781871959
0.11057937387463461,0.12128267076652756,0.8906451612903226,0.21349313744442294,65477,20004,339,2761,22765,LogisticRegression,HeavyCatBoost,0.9,0.28669347624897124,0.4413361781871959
0.10891649390202728,0.12045196754209929,0.8906451612903226,0.21220505725924219,65320,20161,339,2761,22922,LogisticRegression,HeavyCatBoost,0.9,0.28669347624897124,0.4413361781871959
0.10755445038399077,0.11963256640235712,0.8906451612903226,0.21093242675426868,65163,20318,339,2761,23079,LogisticRegression,HeavyCatBoost,0.9,0.28669347624897124,0.4413361781871959
0.10620249599120501,0.11886727491823033,0.8909677419354839,0.2097509113001215,65007,20474,338,2762,23236,LogisticRegression,HeavyCatBoost,0.9,0.28669347624897124,0.4413361781871959
0.10464133404509238,0.118112255803018,0.8912903225806451,0.20858339938851772,64851,20630,337,2763,23393,LogisticRegression,HeavyCatBoost,0.9,0.28669347624897124,0.4413361781871959
0.10321947422826272,0.11732484076433121,0.8912903225806451,0.20735459662288933,64694,20787,337,2763,23550,LogisticRegression,HeavyCatBoost,0.9,0.28669347624897124,0.4413361781871959
0.10190218374193101,0.11663221833213819,0.8919354838709678,0.20628940202186,64539,20942,335,2765,23707,LogisticRegression,HeavyCatBoost,0.9,0.28669347624897124,0.4413361781871959
0.10061560352388534,0.11586490110626886,0.8919354838709678,0.20508826583592943,64382,21099,335,2765,23864,LogisticRegression,HeavyCatBoost,0.9,0.28669347624897124,0.4413361781871959
0.09944089468798684,0.11510761417093376,0.8919354838709678,0.20390103609748902,64225,21256,335,2765,24021,LogisticRegression,HeavyCatBoost,0.9,0.28669347624897124,0.4413361781871959
0.09805243476992442,0.11444288195880553,0.8925806451612903,0.20287411100520567,64070,21411,333,2767,24178,LogisticRegression,HeavyCatBoost,0.9,0.28669347624897124,0.4413361781871959
0.09674394109734327,0.11370454078487775,0.8925806451612903,0.20171314014944414,63913,21568,333,2767,24335,LogisticRegression,HeavyCatBoost,0.9,0.28669347624897124,0.4413361781871959
0.09552850020237896,0.11305732484076433,0.8932258064516129,0.20071035082632646,63758,21723,331,2769,24492,LogisticRegression,HeavyCatBoost,0.9,0.28669347624897124,0.4413361781871959
0.09400900963925825,0.112377784088604,0.8935483870967742,0.19964683412014847,63602,21879,330,2770,24649,LogisticRegression,HeavyCatBoost,0.9,0.28669347624897124,0.4413361781871959
0.09293720250630128,0.11166653229057485,0.8935483870967742,0.19852361499319146,63445,22036,330,2770,24806,LogisticRegression,HeavyCatBoost,0.9,0.28669347624897124,0.4413361781871959
0.0917293468990237,0.11096422705604295,0.8935483870967742,0.19741296368884298,63288,22193,330,2770,24963,LogisticRegression,HeavyCatBoost,0.9,0.28669347624897124,0.4413361781871959
0.090420778240353,0.11031050955414012,0.8938709677419355,0.1963855421686747,63132,22349,329,2771,25120,LogisticRegression,HeavyCatBoost,0.9,0.28669347624897124,0.4413361781871959
0.08910963524410784,0.10962535110970448,0.8938709677419355,0.19529900976142653,62975,22506,329,2771,25277,LogisticRegression,HeavyCatBoost,0.9,0.28669347624897124,0.4413361781871959
0.08786429002978081,0.10894865141149643,0.8938709677419355,0.19422443400855122,62818,22663,329,2771,25434,LogisticRegression,HeavyCatBoost,0.9,0.28669347624897124,0.4413361781871959
0.0865980336672792,0.10828025477707007,0.8938709677419355,0.19316161862604997,62661,22820,329,2771,25591,LogisticRegression,HeavyCatBoost,0.9,0.28669347624897124,0.4413361781871959
0.08524687985563666,0.10762000932111232,0.8938709677419355,0.19211037160288408,62504,22977,329,2771,25748,LogisticRegression,HeavyCatBoost,0.9,0.28669347624897124,0.4413361781871959
0.08420388709444294,0.1069677668403783,0.8938709677419355,0.1910705050853301,62347,23134,329,2771,25905,LogisticRegression,HeavyCatBoost,0.9,0.28669347624897124,0.4413361781871959
0.08298638211707689,0.10632338270278567,0.8938709677419355,0.19004183526507099,62190,23291,329,2771,26062,LogisticRegression,HeavyCatBoost,0.9,0.28669347624897124,0.4413361781871959
0.08184346726945116,0.10568671574049354,0.8938709677419355,0.18902418227088236,62033,23448,329,2771,26219,LogisticRegression,HeavyCatBoost,0.9,0.28669347624897124,0.4413361781871959
0.08064690409704835,0.10505762814680013,0.8938709677419355,0.18801737006378072,61876,23605,329,2771,26376,LogisticRegression,HeavyCatBoost,0.9,0.28669347624897124,0.4413361781871959
0.07932288168354547,0.10443598537670071,0.8938709677419355,0.18702122633550433,61719,23762,329,2771,26533,LogisticRegression,HeavyCatBoost,0.9,0.28669347624897124,0.4413361781871959
0.07813680347941428,0.10385912326714125,0.8941935483870967,0.18610271903323264,61563,23918,328,2772,26690,LogisticRegression,HeavyCatBoost,0.9,0.28669347624897124,0.4413361781871959
0.07692085462551672,0.10328900808283979,0.8945161290322581,0.1851938424550038,61407,24074,327,2773,26847,LogisticRegression,HeavyCatBoost,0.9,0.28669347624897124,0.4413361781871959
0.07583768735523866,0.10276255369574878,0.8951612903225806,0.18436088227478079,61252,24229,325,2775,27004,LogisticRegression,HeavyCatBoost,0.9,0.28669347624897124,0.4413361781871959
0.07481229956793141,0.10220536799086927,0.895483870967742,0.18347047354680945,61096,24385,324,2776,27161,LogisticRegression,HeavyCatBoost,0.9,0.28669347624897124,0.4413361781871959
0.07362235761395167,0.10161798081850794,0.895483870967742,0.18252350581892302,60939,24542,324,2776,27318,LogisticRegression,HeavyCatBoost,0.9,0.28669347624897124,0.4413361781871959
0.07237743256675645,0.10103730664240218,0.895483870967742,0.1815862632869992,60782,24699,324,2776,27475,LogisticRegression,HeavyCatBoost,0.9,0.28669347624897124,0.4413361781871959
0.07121923301059746,0.1004994209612044,0.8958064516129032,0.1807236756475335,60626,24855,323,2777,27632,LogisticRegression,HeavyCatBoost,0.9,0.28669347624897124,0.4413361781871959
0.07023216448133413,0.09996761308431394,0.8961290322580645,0.17986985658324972,60470,25011,322,2778,27789,LogisticRegression,HeavyCatBoost,0.9,0.28669347624897124,0.4413361781871959
0.06889347198431696,0.09940599728046948,0.8961290322580645,0.1789602525285061,60313,25168,322,2778,27946,LogisticRegression,HeavyCatBoost,0.9,0.28669347624897124,0.4413361781871959
0.06761737697840962,0.09885065651353948,0.8961290322580645,0.17805980194212095,60156,25325,322,2778,28103,LogisticRegression,HeavyCatBoost,0.9,0.28669347624897124,0.4413361781871959
0.0665539893543776,0.09830148619957538,0.8961290322580645,0.17716836734693878,59999,25482,322,2778,28260,LogisticRegression,HeavyCatBoost,0.9,0.28669347624897124,0.4413361781871959
0.06546874754114036,0.09775838406587606,0.8961290322580645,0.17628581400514007,59842,25639,322,2778,28417,LogisticRegression,HeavyCatBoost,0.9,0.28669347624897124,0.4413361781871959
0.06426754695149764,0.09722125008749212,0.8961290322580645,0.1754120098503504,59685,25796,322,2778,28574,LogisticRegression,HeavyCatBoost,0.9,0.28669347624897124,0.4413361781871959
0.06330457174085542,0.09668998642581184,0.8961290322580645,0.17454682542175864,59528,25953,322,2778,28731,LogisticRegression,HeavyCatBoost,0.9,0.28669347624897124,0.4413361781871959
0.06217453697216894,0.09616449736914982,0.8961290322580645,0.1736901338001751,59371,26110,322,2778,28888,LogisticRegression,HeavyCatBoost,0.9,0.28669347624897124,0.4413361781871959
0.0609830451802823,0.09564468927526253,0.8961290322580645,0.17284181054596362,59214,26267,322,2778,29045,LogisticRegression,HeavyCatBoost,0.9,0.28669347624897124,0.4413361781871959
0.06013618797540349,0.09516471474556537,0.8964516129032258,0.17206364930964027,59058,26423,321,2779,29202,LogisticRegression,HeavyCatBoost,0.9,0.28669347624897124,0.4413361781871959
0.059048346467206976,0.09465581252767465,0.8964516129032258,0.171231399611818,58901,26580,321,2779,29359,LogisticRegression,HeavyCatBoost,0.9,0.28669347624897124,0.4413361781871959
0.05807037890183172,0.09415232416316574,0.8964516129032258,0.17040716212901644,58744,26737,321,2779,29516,LogisticRegression,HeavyCatBoost,0.9,0.28669347624897124,0.4413361781871959
0.05707328780492351,0.09372156505914468,0.8970967741935484,0.1697128734018857,58589,26892,319,2781,29673,LogisticRegression,HeavyCatBoost,0.9,0.28669347624897124,0.4413361781871959
0.05596766765484286,0.09322829366409655,0.8970967741935484,0.16890373519587001,58432,27049,319,2781,29830,LogisticRegression,HeavyCatBoost,0.9,0.28669347624897124,0.4413361781871959
0.05491717408008131,0.0927401874145463,0.8970967741935484,0.1681022758182972,58275,27206,319,2781,29987,LogisticRegression,HeavyCatBoost,0.9,0.28669347624897124,0.4413361781871959
0.05391479990759224,0.09225716560509555,0.8970967741935484,0.16730838647575502,58118,27363,319,2781,30144,LogisticRegression,HeavyCatBoost,0.9,0.28669347624897124,0.4413361781871959
0.052826176153353936,0.0917791492029966,0.8970967741935484,0.16652196042034667,57961,27520,319,2781,30301,LogisticRegression,HeavyCatBoost,0.9,0.28669347624897124,0.4413361781871959
0.05177948371770776,0.0913388929017007,0.8974193548387097,0.16580249120924967,57805,27676,318,2782,30458,LogisticRegression,HeavyCatBoost,0.9,0.28669347624897124,0.4413361781871959
0.05078685020939751,0.09087048832271762,0.8974193548387097,0.16503040189826487,57648,27833,318,2782,30615,LogisticRegression,HeavyCatBoost,0.9,0.28669347624897124,0.4413361781871959
0.04977339211509433,0.09040686338229559,0.8974193548387097,0.16426547000472366,57491,27990,318,2782,30772,LogisticRegression,HeavyCatBoost,0.9,0.28669347624897124,0.4413361781871959
0.04865087880884296,0.0899479452940606,0.8974193548387097,0.16350759646184138,57334,28147,318,2782,30929,LogisticRegression,HeavyCatBoost,0.9,0.28669347624897124,0.4413361781871959
0.047704269330266606,0.08949366274207038,0.8974193548387097,0.16275668402269935,57177,28304,318,2782,31086,LogisticRegression,HeavyCatBoost,0.9,0.28669347624897124,0.4413361781871959
0.04676565237965504,0.08904394584386903,0.8974193548387097,0.1620126372186472,57020,28461,318,2782,31243,LogisticRegression,HeavyCatBoost,0.9,0.28669347624897124,0.4413361781871959
0.045738071044561485,0.08859872611464968,0.8974193548387097,0.1612753623188406,56863,28618,318,2782,31400,LogisticRegression,HeavyCatBoost,0.9,0.28669347624897124,0.4413361781871959
0.044663549201671426,0.08815793643248725,0.8974193548387097,0.1605447672908792,56706,28775,318,2782,31557,LogisticRegression,HeavyCatBoost,0.9,0.28669347624897124,0.4413361781871959
0.04362432811820154,0.08772151100460364,0.8974193548387097,0.1598207617625093,56549,28932,318,2782,31714,LogisticRegression,HeavyCatBoost,0.9,0.28669347624897124,0.4413361781871959
0.04264119543786344,0.08728938533463022,0.8974193548387097,0.15910325698435845,56392,29089,318,2782,31871,LogisticRegression,HeavyCatBoost,0.9,0.28669347624897124,0.4413361781871959
0.04167686445966934,0.08689271887098789,0.8977419354838709,0.15844910043270327,56236,29245,317,2783,32028,LogisticRegression,HeavyCatBoost,0.9,0.28669347624897124,0.4413361781871959
0.04081927379625089,0.086499922324064,0.8980645161290323,0.15780076519767605,56080,29401,316,2784,32185,LogisticRegression,HeavyCatBoost,0.9,0.28669347624897124,0.4413361781871959
0.03995295095263158,0.08608001978851029,0.8980645161290323,0.15710174369392244,55923,29558,316,2784,32342,LogisticRegression,HeavyCatBoost,0.9,0.28669347624897124,0.4413361781871959
0.039114352713845,0.08566417428228561,0.8980645161290323,0.15640888789010926,55766,29715,316,2784,32499,LogisticRegression,HeavyCatBoost,0.9,0.28669347624897124,0.4413361781871959
0.038270466170976625,0.08525232729054386,0.8980645161290323,0.15572211656784876,55609,29872,316,2784,32656,LogisticRegression,HeavyCatBoost,0.9,0.28669347624897124,0.4413361781871959
0.03735851921846959,0.0848444214183403,0.8980645161290323,0.1550413499289951,55452,30029,316,2784,32813,LogisticRegression,HeavyCatBoost,0.9,0.28669347624897124,0.4413361781871959
0.03650870224356667,0.08447073096754626,0.8983870967741936,0.1544219573052398,55296,30185,315,2785,32970,LogisticRegression,HeavyCatBoost,0.9,0.28669347624897124,0.4413361781871959
0.035627776654908884,0.08407039574969058,0.8983870967741936,0.15375272586744693,55139,30342,315,2785,33127,LogisticRegression,HeavyCatBoost,0.9,0.28669347624897124,0.4413361781871959
0.034749909539189876,0.08367383727917317,0.8983870967741936,0.15308927000879505,54982,30499,315,2785,33284,LogisticRegression,HeavyCatBoost,0.9,0.28669347624897124,0.4413361781871959
0.03379426260640955,0.08331090577434885,0.8987096774193548,0.15248624832380064,54826,30655,314,2786,33441,LogisticRegression,HeavyCatBoost,0.9,0.28669347624897124,0.4413361781871959
0.03293931151352022,0.08292160247633788,0.8987096774193548,0.1518338874053082,54669,30812,314,2786,33598,LogisticRegression,HeavyCatBoost,0.9,0.28669347624897124,0.4413361781871959
0.03211926781489631,0.08253592060435491,0.8987096774193548,0.15118708452041787,54512,30969,314,2786,33755,LogisticRegression,HeavyCatBoost,0.9,0.28669347624897124,0.4413361781871959
0.03137583237694767,0.08215380986081623,0.8987096774193548,0.15054576893980331,54355,31126,314,2786,33912,LogisticRegression,HeavyCatBoost,0.9,0.28669347624897124,0.4413361781871959
0.0306478066447575,0.08177522087528251,0.8987096774193548,0.1499098711291668,54198,31283,314,2786,34069,LogisticRegression,HeavyCatBoost,0.9,0.28669347624897124,0.4413361781871959
0.02979137000271258,0.08140010518319406,0.8987096774193548,0.1492793227241065,54041,31440,314,2786,34226,LogisticRegression,HeavyCatBoost,0.9,0.28669347624897124,0.4413361781871959
0.029001609946815884,0.08102841520518861,0.8987096774193548,0.1486540565056159,53884,31597,314,2786,34383,LogisticRegression,HeavyCatBoost,0.9,0.28669347624897124,0.4413361781871959
0.028060718504051015,0.08068905616676317,0.8990322580645161,0.14808714133900105,53728,31753,313,2787,34540,LogisticRegression,HeavyCatBoost,0.9,0.28669347624897124,0.4413361781871959
0.027095935162461043,0.08032394731532985,0.8990322580645161,0.147472021589015,53571,31910,313,2787,34697,LogisticRegression,HeavyCatBoost,0.9,0.28669347624897124,0.4413361781871959
0.02610295563392228,0.07996212773282838,0.8990322580645161,0.14686199083100596,53414,32067,313,2787,34854,LogisticRegression,HeavyCatBoost,0.9,0.28669347624897124,0.4413361781871959
0.025299312955924375,0.07960355316900403,0.8990322580645161,0.14625698617197133,53257,32224,313,2787,35011,LogisticRegression,HeavyCatBoost,0.9,0.28669347624897124,0.4413361781871959
0.024455179317318634,0.07924818016378526,0.8990322580645161,0.14565694575101912,53100,32381,313,2787,35168,LogisticRegression,HeavyCatBoost,0.9,0.28669347624897124,0.4413361781871959
0.023602476202512167,0.07889596602972399,0.8990322580645161,0.14506180871828236,52943,32538,313,2787,35325,LogisticRegression,HeavyCatBoost,0.9,0.28669347624897124,0.4413361781871959
0.022798413647046878,0.07854686883490221,0.8990322580645161,0.14447151521434867,52786,32695,313,2787,35482,LogisticRegression,HeavyCatBoost,0.9,0.28669347624897124,0.4413361781871959
0.021937141827920257,0.0782008473862903,0.8990322580645161,0.14388600635018972,52629,32852,313,2787,35639,LogisticRegression,HeavyCatBoost,0.9,0.28669347624897124,0.4413361781871959
0.021088671489424282,0.07785786121354342,0.8990322580645161,0.14330522418757713,52472,33009,313,2787,35796,LogisticRegression,HeavyCatBoost,0.9,0.28669347624897124,0.4413361781871959
0.02013379649103128,0.07751787055322226,0.8990322580645161,0.14272911171997033,52315,33166,313,2787,35953,LogisticRegression,HeavyCatBoost,0.9,0.28669347624897124,0.4413361781871959
0.01918976426069102,0.07718083633342564,0.8990322580645161,0.1421576128538638,52158,33323,313,2787,36110,LogisticRegression,HeavyCatBoost,0.9,0.28669347624897124,0.4413361781871959
0.01840690173905141,0.07684672015882207,0.8990322580645161,0.14159067239058093,52001,33480,313,2787,36267,LogisticRegression,HeavyCatBoost,0.9,0.28669347624897124,0.4413361781871959
0.01758961861374643,0.07654293872172194,0.8993548387096775,0.14107883817427386,51845,33636,312,2788,36424,LogisticRegression,HeavyCatBoost,0.9,0.28669347624897124,0.4413361781871959
0.01684291993142729,0.0762144282551051,0.8993548387096775,0.14052065220130538,51688,33793,312,2788,36581,LogisticRegression,HeavyCatBoost,0.9,0.28669347624897124,0.4413361781871959
0.01593810296398399,0.07588872557025424,0.8993548387096775,0.13996686580651638,51531,33950,312,2788,36738,LogisticRegression,HeavyCatBoost,0.9,0.28669347624897124,0.4413361781871959
0.01510250479853561,0.07556579482314676,0.8993548387096775,0.1394174271783973,51374,34107,312,2788,36895,LogisticRegression,HeavyCatBoost,0.9,0.28669347624897124,0.4413361781871959
0.014244313785297303,0.07524560077728598,0.8993548387096775,0.13887228531579995,51217,34264,312,2788,37052,LogisticRegression,HeavyCatBoost,0.9,0.28669347624897124,0.4413361781871959
0.013413921032929595,0.07495498400924508,0.8996774193548387,0.13838100672306433,51061,34420,311,2789,37209,LogisticRegression,HeavyCatBoost,0.9,0.28669347624897124,0.4413361781871959
0.012499193794757382,0.07464004710164321,0.8996774193548387,0.13784411604804034,50904,34577,311,2789,37366,LogisticRegression,HeavyCatBoost,0.9,0.28669347624897124,0.4413361781871959
0.011656773450447909,0.07432774564933507,0.8996774193548387,0.13731137532924698,50747,34734,311,2789,37523,LogisticRegression,HeavyCatBoost,0.9,0.28669347624897124,0.4413361781871959
0.010664065705779805,0.07401804670912951,0.8996774193548387,0.1367827366356057,50590,34891,311,2789,37680,LogisticRegression,HeavyCatBoost,0.9,0.28669347624897124,0.4413361781871959
0.009797265321424066,0.0737109178846103,0.8996774193548387,0.13625815277133158,50433,35048,311,2789,37837,LogisticRegression,HeavyCatBoost,0.9,0.28669347624897124,0.4413361781871959
0.00893953570224045,0.07340632731483919,0.8996774193548387,0.1357375772618874,50276,35205,311,2789,37994,LogisticRegression,HeavyCatBoost,0.9,0.28669347624897124,0.4413361781871959
0.007963657613156495,0.07310232753197736,0.8996774193548387,0.13521768641520412,50118,35363,311,2789,38152,LogisticRegression,HeavyCatBoost,0.9,0.28669347624897124,0.4413361781871959
0.006826406877140656,0.07280273564958625,0.8996774193548387,0.13470501581781738,49961,35520,311,2789,38309,LogisticRegression,HeavyCatBoost,0.9,0.28669347624897124,0.4413361781871959
0.005779133487351738,0.07250558935163522,0.8996774193548387,0.13419621806283982,49804,35677,311,2789,38466,LogisticRegression,HeavyCatBoost,0.9,0.28669347624897124,0.4413361781871959
0.0046350528076995285,0.07223675012298371,0.9,0.1337391846223905,49648,35833,310,2790,38623,LogisticRegression,HeavyCatBoost,0.9,0.28669347624897124,0.4413361781871959
0.003494905063381713,0.07194430118617844,0.9,0.13323782234957018,49491,35990,310,2790,38780,LogisticRegression,HeavyCatBoost,0.9,0.28669347624897124,0.4413361781871959
0.002304264283052292,0.0716542106479698,0.9,0.13274020505744938,49334,36147,310,2790,38937,LogisticRegression,HeavyCatBoost,0.9,0.28669347624897124,0.4413361781871959
9.61454121149934e-05,0.07136645009464368,0.9,0.13224629094184007,49177,36304,310,2790,39094,LogisticRegression,HeavyCatBoost,0.9,0.28669347624897124,0.4413361781871959
0.9998735189437866,1.0,0.0003225806451612903,0.0006449532408900355,85481,0,3099,1,1,LogisticRegression,XGBoost,0.9,0.28669347624897124,0.4413361781871959
0.9991002082824707,1.0,0.05193548387096774,0.09874271695798834,85481,0,2939,161,161,LogisticRegression,XGBoost,0.9,0.28669347624897124,0.4413361781871959
0.9980226755142212,0.9968847352024922,0.1032258064516129,0.18707980122771123,85480,1,2780,320,321,LogisticRegression,XGBoost,0.9,0.28669347624897124,0.4413361781871959
0.9962024092674255,0.9874476987447699,0.15225806451612903,0.2638345444382337,85475,6,2628,472,478,LogisticRegression,XGBoost,0.9,0.28669347624897124,0.4413361781871959
0.9938874840736389,0.9842767295597484,0.20193548387096774,0.3351177730192719,85471,10,2474,626,636,LogisticRegression,XGBoost,0.9,0.28669347624897124,0.4413361781871959
0.9907355904579163,0.9773013871374527,0.25,0.39815052658618033,85463,18,2325,775,793,LogisticRegression,XGBoost,0.9,0.28669347624897124,0.4413361781871959
0.9855926632881165,0.9684542586750788,0.2970967741935484,0.45470254258207854,85451,30,2179,921,951,LogisticRegression,XGBoost,0.9,0.28669347624897124,0.4413361781871959
0.9783259630203247,0.95483288166215,0.34096774193548385,0.502495840266223,85431,50,2043,1057,1107,LogisticRegression,XGBoost,0.9,0.28669347624897124,0.4413361781871959
0.9664161205291748,0.9517405063291139,0.38806451612903226,0.5513290559120073,85420,61,1897,1203,1264,LogisticRegression,XGBoost,0.9,0.28669347624897124,0.4413361781871959
0.9525706768035889,0.9394792399718508,0.4306451612903226,0.5905773059057731,85395,86,1765,1335,1421,LogisticRegression,XGBoost,0.9,0.28669347624897124,0.4413361781871959
0.936263918876648,0.926489226869455,0.47161290322580646,0.6250534416417273,85365,116,1638,1462,1578,LogisticRegression,XGBoost,0.9,0.28669347624897124,0.4413361781871959
0.9175865054130554,0.9152737752161383,0.512258064516129,0.6568769389865563,85334,147,1512,1588,1735,LogisticRegression,XGBoost,0.9,0.28669347624897124,0.4413361781871959
0.8951565623283386,0.9001057082452432,0.5493548387096774,0.6822916666666666,85292,189,1397,1703,1892,LogisticRegression,XGBoost,0.9,0.28669347624897124,0.4413361781871959
0.8701990842819214,0.87451171875,0.577741935483871,0.6958041958041958,85224,257,1309,1791,2048,LogisticRegression,XGBoost,0.9,0.28669347624897124,0.4413361781871959
0.8434513807296753,0.8421768707482993,0.5990322580645161,0.7000942507068804,85133,348,1243,1857,2205,LogisticRegression,XGBoost,0.9,0.28669347624897124,0.4413361781871959
0.8191525340080261,0.8145639288738358,0.6206451612903225,0.7045038447455145,85043,438,1176,1924,2362,LogisticRegression,XGBoost,0.9,0.28669347624897124,0.4413361781871959
0.7968711256980896,0.7895990472409686,0.6416129032258064,0.7079551521623064,84951,530,1111,1989,2519,LogisticRegression,XGBoost,0.9,0.28669347624897124,0.4413361781871959
0.7765380144119263,0.7604633781763827,0.6564516129032258,0.704639889196676,84840,641,1065,2035,2676,LogisticRegression,XGBoost,0.9,0.28669347624897124,0.4413361781871959
0.7562910318374634,0.737027885633604,0.6735483870967742,0.7038597674026632,84736,745,1012,2088,2833,LogisticRegression,XGBoost,0.9,0.28669347624897124,0.4413361781871959
0.7360771298408508,0.710270993643359,0.6848387096774193,0.6973230415503368,84615,866,977,2123,2989,LogisticRegression,XGBoost,0.9,0.28669347624897124,0.4413361781871959
0.7176930904388428,0.6873212583412774,0.697741935483871,0.6924923963502481,84497,984,937,2163,3147,LogisticRegression,XGBoost,0.9,0.28669347624897124,0.4413361781871959
0.7003079652786255,0.6637409200968523,0.7074193548387097,0.6848844472204871,84370,1111,907,2193,3304,LogisticRegression,XGBoost,0.9,0.28669347624897124,0.4413361781871959
0.683013379573822,0.6428777809881537,0.717741935483871,0.678250266727633,84245,1236,875,2225,3461,LogisticRegression,XGBoost,0.9,0.28669347624897124,0.4413361781871959
0.6661476492881775,0.6221669430624654,0.7261290322580645,0.6701399225960107,84114,1367,849,2251,3618,LogisticRegression,XGBoost,0.9,0.28669347624897124,0.4413361781871959
0.6509008407592773,0.6019597457627118,0.733225806451613,0.6611401977894125,83978,1503,827,2273,3776,LogisticRegression,XGBoost,0.9,0.28669347624897124,0.4413361781871959
0.6358755826950073,0.5816378433367243,0.737741935483871,0.6504550625711036,83836,1645,813,2287,3932,LogisticRegression,XGBoost,0.9,0.28669347624897124,0.4413361781871959
0.6216739416122437,0.5649303008070433,0.7451612903225806,0.6426484907497566,83702,1779,790,2310,4089,LogisticRegression,XGBoost,0.9,0.28669347624897124,0.4413361781871959
0.6080019474029541,0.5471031559114461,0.7493548387096775,0.6324530356656685,83558,1923,777,2323,4246,LogisticRegression,XGBoost,0.9,0.28669347624897124,0.4413361781871959
0.5948869585990906,0.5328185328185329,0.756774193548387,0.6253498600559777,83424,2057,754,2346,4403,LogisticRegression,XGBoost,0.9,0.28669347624897124,0.4413361781871959
0.5800790786743164,0.5182017543859649,0.762258064516129,0.6169712793733682,83284,2197,737,2363,4560,LogisticRegression,XGBoost,0.9,0.28669347624897124,0.4413361781871959
0.5695469975471497,0.5043459826160696,0.7674193548387097,0.6086734041192273,83143,2338,721,2379,4717,LogisticRegression,XGBoost,0.9,0.28669347624897124,0.4413361781871959
0.5574899911880493,0.49148368561461114,0.7725806451612903,0.600777624482629,83003,2478,705,2395,4873,LogisticRegression,XGBoost,0.9,0.28669347624897124,0.4413361781871959
0.5463193655014038,0.4785288270377734,0.7764516129032258,0.5921279212792129,82858,2623,693,2407,5030,LogisticRegression,XGBoost,0.9,0.28669347624897124,0.4413361781871959
0.5364211201667786,0.46712936186620396,0.7816129032258065,0.5847713285869435,82717,2764,677,2423,5187,LogisticRegression,XGBoost,0.9,0.28669347624897124,0.4413361781871959
0.5243188142776489,0.4550898203592814,0.7845161290322581,0.5760303173851256,82569,2912,668,2432,5344,LogisticRegression,XGBoost,0.9,0.28669347624897124,0.4413361781871959
0.5136705040931702,0.4434750999636496,0.7870967741935484,0.5673099279237387,82419,3062,660,2440,5502,LogisticRegression,XGBoost,0.9,0.28669347624897124,0.4413361781871959
0.5033520460128784,0.43223184308181656,0.7890322580645162,0.558511245575979,82268,3213,654,2446,5659,LogisticRegression,XGBoost,0.9,0.28669347624897124,0.4413361781871959
0.49337080121040344,0.4218400687876182,0.7912903225806451,0.5503084688726865,82119,3362,647,2453,5815,LogisticRegression,XGBoost,0.9,0.28669347624897124,0.4413361781871959
0.4836890697479248,0.4124246483590087,0.7945161290322581,0.542989417989418,81972,3509,637,2463,5972,LogisticRegression,XGBoost,0.9,0.28669347624897124,0.4413361781871959
0.47539886832237244,0.4034915973241964,0.797741935483871,0.5359193845487051,81825,3656,627,2473,6129,LogisticRegression,XGBoost,0.9,0.28669347624897124,0.4413361781871959
0.4660220742225647,0.39452752147629655,0.8,0.5284466226294481,81675,3806,620,2480,6286,LogisticRegression,XGBoost,0.9,0.28669347624897124,0.4413361781871959
0.45830193161964417,0.3856898960111749,0.8016129032258065,0.5208005868175627,81523,3958,615,2485,6443,LogisticRegression,XGBoost,0.9,0.28669347624897124,0.4413361781871959
0.4491661787033081,0.37787878787878787,0.8045161290322581,0.5142268041237114,81375,4106,606,2494,6600,LogisticRegression,XGBoost,0.9,0.28669347624897124,0.4413361781871959
0.44178536534309387,0.37028266982388636,0.8070967741935484,0.5076595312975551,81226,4255,598,2502,6757,LogisticRegression,XGBoost,0.9,0.28669347624897124,0.4413361781871959
0.43450313806533813,0.3626373626373626,0.8090322580645162,0.5007987220447284,81073,4408,592,2508,6916,LogisticRegression,XGBoost,0.9,0.28669347624897124,0.4413361781871959
0.42679187655448914,0.3549618320610687,0.81,0.49361116571653224,80918,4563,589,2511,7074,LogisticRegression,XGBoost,0.9,0.28669347624897124,0.4413361781871959
0.4198821187019348,0.3479463421380169,0.8116129032258065,0.4870777272287291,80766,4715,584,2516,7231,LogisticRegression,XGBoost,0.9,0.28669347624897124,0.4413361781871959
0.41326531767845154,0.3416350839198701,0.8141935483870968,0.48131197559115185,80617,4864,576,2524,7388,LogisticRegression,XGBoost,0.9,0.28669347624897124,0.4413361781871959
0.4064144492149353,0.335453943008615,0.8164516129032258,0.47552841709722876,80467,5014,569,2531,7545,LogisticRegression,XGBoost,0.9,0.28669347624897124,0.4413361781871959
0.3993369936943054,0.3296974418906635,0.8190322580645162,0.4701416535505971,80319,5162,561,2539,7701,LogisticRegression,XGBoost,0.9,0.28669347624897124,0.4413361781871959
0.3927396833896637,0.32349198269279716,0.82,0.4639532761452819,80165,5316,558,2542,7858,LogisticRegression,XGBoost,0.9,0.28669347624897124,0.4413361781871959
0.3868792653083801,0.3179039301310044,0.8219354838709677,0.45847953216374265,80014,5467,552,2548,8015,LogisticRegression,XGBoost,0.9,0.28669347624897124,0.4413361781871959
0.38007819652557373,0.3122476446837147,0.8232258064516129,0.452763239599042,79860,5621,548,2552,8173,LogisticRegression,XGBoost,0.9,0.28669347624897124,0.4413361781871959
0.37418073415756226,0.30684273709483795,0.824516129032258,0.447244094488189,79707,5774,544,2556,8330,LogisticRegression,XGBoost,0.9,0.28669347624897124,0.4413361781871959
0.3686307668685913,0.30187345351714384,0.8264516129032258,0.44221972900664536,79556,5925,538,2562,8487,LogisticRegression,XGBoost,0.9,0.28669347624897124,0.4413361781871959
0.36349979043006897,0.29758185815110494,0.8296774193548387,0.4380481989270204,79410,6071,528,2572,8643,LogisticRegression,XGBoost,0.9,0.28669347624897124,0.4413361781871959
0.3577054738998413,0.2927272727272727,0.8309677419354838,0.4329411764705883,79257,6224,524,2576,8800,LogisticRegression,XGBoost,0.9,0.28669347624897124,0.4413361781871959
0.3519367575645447,0.2884894495924975,0.8335483870967741,0.428630670979514,79108,6373,516,2584,8957,LogisticRegression,XGBoost,0.9,0.28669347624897124,0.4413361781871959
0.3463797867298126,0.28395874478823785,0.8348387096774194,0.42377599476011135,78955,6526,512,2588,9114,LogisticRegression,XGBoost,0.9,0.28669347624897124,0.4413361781871959
0.3403461277484894,0.27979721712868083,0.8367741935483871,0.41936787648532864,78804,6677,506,2594,9271,LogisticRegression,XGBoost,0.9,0.28669347624897124,0.4413361781871959
0.33530953526496887,0.27521476296531977,0.8370967741935483,0.41423896559980844,78647,6834,505,2595,9429,LogisticRegression,XGBoost,0.9,0.28669347624897124,0.4413361781871959
0.33072328567504883,0.2708398539384455,0.8374193548387097,0.40930232558139534,78492,6989,504,2596,9585,LogisticRegression,XGBoost,0.9,0.28669347624897124,0.4413361781871959
0.3262749910354614,0.26655034383660065,0.837741935483871,0.404422642684731,78335,7146,503,2597,9743,LogisticRegression,XGBoost,0.9,0.28669347624897124,0.4413361781871959
0.3220912516117096,0.263030303030303,0.84,0.4006153846153846,78185,7296,496,2604,9900,LogisticRegression,XGBoost,0.9,0.28669347624897124,0.4413361781871959
0.3177225589752197,0.2593218653674058,0.8412903225806452,0.39644295812115227,78032,7449,492,2608,10057,LogisticRegression,XGBoost,0.9,0.28669347624897124,0.4413361781871959
0.31262093782424927,0.2558253377716859,0.8429032258064516,0.3925191527715187,77880,7601,487,2613,10214,LogisticRegression,XGBoost,0.9,0.28669347624897124,0.4413361781871959
0.3082723617553711,0.25233825089191014,0.8441935483870968,0.3885383416227452,77727,7754,483,2617,10371,LogisticRegression,XGBoost,0.9,0.28669347624897124,0.4413361781871959
0.30341580510139465,0.2489788163769355,0.8454838709677419,0.38467747853526085,77575,7906,479,2621,10527,LogisticRegression,XGBoost,0.9,0.28669347624897124,0.4413361781871959
0.29940128326416016,0.24567150210575572,0.8467741935483871,0.3808487486398259,77421,8060,475,2625,10685,LogisticRegression,XGBoost,0.9,0.28669347624897124,0.4413361781871959
0.2952287197113037,0.2425751706327246,0.8483870967741935,0.377277291636781,77269,8212,470,2630,10842,LogisticRegression,XGBoost,0.9,0.28669347624897124,0.4413361781871959
0.2918953001499176,0.23920356396036002,0.8487096774193549,0.3732179587204767,77113,8368,469,2631,10999,LogisticRegression,XGBoost,0.9,0.28669347624897124,0.4413361781871959
0.2881618142127991,0.2363750448189315,0.8506451612903225,0.369949494949495,76962,8519,463,2637,11156,LogisticRegression,XGBoost,0.9,0.28669347624897124,0.4413361781871959
0.2844501733779907,0.23318306373198974,0.8509677419354839,0.36605841948241175,76806,8675,462,2638,11313,LogisticRegression,XGBoost,0.9,0.28669347624897124,0.4413361781871959
0.28076210618019104,0.23062167582178045,0.853225806451613,0.3630997323083259,76657,8824,455,2645,11469,LogisticRegression,XGBoost,0.9,0.28669347624897124,0.4413361781871959
0.27680379152297974,0.22750731119903664,0.853225806451613,0.35922857530897734,76500,8981,455,2645,11626,LogisticRegression,XGBoost,0.9,0.28669347624897124,0.4413361781871959
0.27297651767730713,0.22456080794364763,0.8535483870967742,0.35557347309010284,76344,9137,454,2646,11783,LogisticRegression,XGBoost,0.9,0.28669347624897124,0.4413361781871959
0.2694118916988373,0.22177554438860972,0.8541935483870968,0.35212765957446807,76189,9292,452,2648,11940,LogisticRegression,XGBoost,0.9,0.28669347624897124,0.4413361781871959
0.2660669684410095,0.21922790774572207,0.8554838709677419,0.34901625320787,76036,9445,448,2652,12097,LogisticRegression,XGBoost,0.9,0.28669347624897124,0.4413361781871959
0.2627429962158203,0.21658234046025787,0.8561290322580645,0.34570795883808775,75881,9600,446,2654,12254,LogisticRegression,XGBoost,0.9,0.28669347624897124,0.4413361781871959
0.2599179744720459,0.21385979049153908,0.8561290322580645,0.34223081882656353,75725,9756,446,2654,12410,LogisticRegression,XGBoost,0.9,0.28669347624897124,0.4413361781871959
0.2564094364643097,0.21158589957826052,0.857741935483871,0.3394395863917789,75573,9908,441,2659,12567,LogisticRegression,XGBoost,0.9,0.28669347624897124,0.4413361781871959
0.25301849842071533,0.20913234831813896,0.8583870967741936,0.3363245702730031,75418,10063,439,2661,12724,LogisticRegression,XGBoost,0.9,0.28669347624897124,0.4413361781871959
0.25010791420936584,0.20658333980281035,0.8583870967741936,0.3330204617983856,75261,10220,439,2661,12881,LogisticRegression,XGBoost,0.9,0.28669347624897124,0.4413361781871959
0.2472258359193802,0.20440251572327045,0.8596774193548387,0.33027636634031476,75108,10373,435,2665,13038,LogisticRegression,XGBoost,0.9,0.28669347624897124,0.4413361781871959
0.2443414032459259,0.20204622963243654,0.86,0.3272169377109543,74952,10529,434,2666,13195,LogisticRegression,XGBoost,0.9,0.28669347624897124,0.4413361781871959
0.24172867834568024,0.19982025164769324,0.8606451612903225,0.3243374665694141,74797,10684,432,2668,13352,LogisticRegression,XGBoost,0.9,0.28669347624897124,0.4413361781871959
0.23879244923591614,0.19780870595202843,0.8619354838709677,0.3217726396917148,74645,10836,428,2672,13508,LogisticRegression,XGBoost,0.9,0.28669347624897124,0.4413361781871959
0.23594889044761658,0.19568240029271863,0.8625806451612903,0.31899791231732777,74490,10991,426,2674,13665,LogisticRegression,XGBoost,0.9,0.28669347624897124,0.4413361781871959
0.23306842148303986,0.19351804962743255,0.8629032258064516,0.31613780062636654,74333,11148,425,2675,13823,LogisticRegression,XGBoost,0.9,0.28669347624897124,0.4413361781871959
0.23037001490592957,0.191617194764323,0.8641935483870967,0.3136818687430479,74179,11302,421,2679,13981,LogisticRegression,XGBoost,0.9,0.28669347624897124,0.4413361781871959
0.22752587497234344,0.18956005092658085,0.864516129032258,0.31094094442510734,74023,11458,420,2680,14138,LogisticRegression,XGBoost,0.9,0.28669347624897124,0.4413361781871959
0.2249247431755066,0.1874781392095138,0.864516129032258,0.3081345214141995,73866,11615,420,2680,14295,LogisticRegression,XGBoost,0.9,0.28669347624897124,0.4413361781871959
0.2223140299320221,0.18557985053971768,0.8651612903225806,0.3056061987237922,73711,11770,418,2682,14452,LogisticRegression,XGBoost,0.9,0.28669347624897124,0.4413361781871959
0.21970482170581818,0.18379081388185364,0.8661290322580645,0.30323564289344396,73557,11924,415,2685,14609,LogisticRegression,XGBoost,0.9,0.28669347624897124,0.4413361781871959
0.21709266304969788,0.18197209806311798,0.8667741935483871,0.30079480577633494,73402,12079,413,2687,14766,LogisticRegression,XGBoost,0.9,0.28669347624897124,0.4413361781871959
0.21477271616458893,0.1801916504724251,0.8674193548387097,0.2983964933695833,73247,12234,411,2689,14923,LogisticRegression,XGBoost,0.9,0.28669347624897124,0.4413361781871959
0.21217380464076996,0.17837013460645845,0.867741935483871,0.29591331609922444,73090,12391,410,2690,15081,LogisticRegression,XGBoost,0.9,0.28669347624897124,0.4413361781871959
0.2100004404783249,0.1765979787373671,0.8680645161290322,0.2934889300905224,72934,12547,409,2691,15238,LogisticRegression,XGBoost,0.9,0.28669347624897124,0.4413361781871959
0.20784518122673035,0.17478565861262665,0.8680645161290322,0.29098183391003457,72776,12705,409,2691,15396,LogisticRegression,XGBoost,0.9,0.28669347624897124,0.4413361781871959
0.2053997963666916,0.17321417089950492,0.8690322580645161,0.2888543397844851,72622,12859,406,2694,15553,LogisticRegression,XGBoost,0.9,0.28669347624897124,0.4413361781871959
0.20345039665699005,0.17153586659028705,0.8693548387096774,0.28653447450959546,72465,13016,405,2695,15711,LogisticRegression,XGBoost,0.9,0.28669347624897124,0.4413361781871959
0.2011568546295166,0.1700277287622889,0.8703225806451613,0.28447912273302406,72311,13170,402,2698,15868,LogisticRegression,XGBoost,0.9,0.28669347624897124,0.4413361781871959
0.1987677812576294,0.1684867394695788,0.8709677419354839,0.28235294117647064,72156,13325,400,2700,16025,LogisticRegression,XGBoost,0.9,0.28669347624897124,0.4413361781871959
0.19664599001407623,0.16703744901742676,0.8719354838709678,0.2803651073540089,72002,13479,397,2703,16182,LogisticRegression,XGBoost,0.9,0.28669347624897124,0.4413361781871959
0.19462797045707703,0.16550373362712695,0.8722580645161291,0.27821792365469694,71847,13634,396,2704,16338,LogisticRegression,XGBoost,0.9,0.28669347624897124,0.4413361781871959
0.19211994111537933,0.1640497120339497,0.8729032258064516,0.27619290635366167,71692,13789,394,2706,16495,LogisticRegression,XGBoost,0.9,0.28669347624897124,0.4413361781871959
0.19013535976409912,0.16262310833533508,0.8735483870967742,0.27420008100445525,71537,13944,392,2708,16652,LogisticRegression,XGBoost,0.9,0.28669347624897124,0.4413361781871959
0.18801191449165344,0.16122315426259742,0.8741935483870967,0.2722386860213974,71382,14099,390,2710,16809,LogisticRegression,XGBoost,0.9,0.28669347624897124,0.4413361781871959
0.18575863540172577,0.15973122716020277,0.8741935483870967,0.27010864148310576,71225,14256,390,2710,16966,LogisticRegression,XGBoost,0.9,0.28669347624897124,0.4413361781871959
0.1839262694120407,0.15832505986100567,0.8745161290322581,0.2681105671759877,71069,14412,389,2711,17123,LogisticRegression,XGBoost,0.9,0.28669347624897124,0.4413361781871959
0.18181882798671722,0.15689565368366226,0.8745161290322581,0.266058197163747,70913,14568,389,2711,17279,LogisticRegression,XGBoost,0.9,0.28669347624897124,0.4413361781871959
0.1795065701007843,0.15554026152787337,0.8748387096774194,0.26412154265679777,70757,14724,388,2712,17436,LogisticRegression,XGBoost,0.9,0.28669347624897124,0.4413361781871959
0.1776401400566101,0.1542659012107088,0.8754838709677419,0.26231092640023196,70602,14879,386,2714,17593,LogisticRegression,XGBoost,0.9,0.28669347624897124,0.4413361781871959
0.17587751150131226,0.15295774647887325,0.8758064516129033,0.260431654676259,70446,15035,385,2715,17750,LogisticRegression,XGBoost,0.9,0.28669347624897124,0.4413361781871959
0.17342671751976013,0.15161668621209584,0.8758064516129033,0.2584852668158233,70289,15192,385,2715,17907,LogisticRegression,XGBoost,0.9,0.28669347624897124,0.4413361781871959
0.1716027557849884,0.15034597287572654,0.8761290322580645,0.2566501299314907,70132,15349,384,2716,18065,LogisticRegression,XGBoost,0.9,0.28669347624897124,0.4413361781871959
0.16989460587501526,0.14905877833269304,0.8761290322580645,0.25477229023028936,69976,15505,384,2716,18221,LogisticRegression,XGBoost,0.9,0.28669347624897124,0.4413361781871959
0.16805072128772736,0.14778539558167375,0.8761290322580645,0.25290995437191544,69819,15662,384,2716,18378,LogisticRegression,XGBoost,0.9,0.28669347624897124,0.4413361781871959
0.16613160073757172,0.1466414890747235,0.8767741935483871,0.25125953316385485,69664,15817,382,2718,18535,LogisticRegression,XGBoost,0.9,0.28669347624897124,0.4413361781871959
0.16431646049022675,0.14546329980740424,0.8770967741935484,0.24954111600587373,69508,15973,381,2719,18692,LogisticRegression,XGBoost,0.9,0.28669347624897124,0.4413361781871959
0.16241440176963806,0.14435779086423683,0.8777419354838709,0.24793840266071349,69353,16128,379,2721,18849,LogisticRegression,XGBoost,0.9,0.28669347624897124,0.4413361781871959
0.1604403406381607,0.14315778397432524,0.8777419354838709,0.24616637264214955,69195,16286,379,2721,19007,LogisticRegression,XGBoost,0.9,0.28669347624897124,0.4413361781871959
0.1586933732032776,0.14199238115117674,0.8777419354838709,0.24444144993936126,69039,16442,379,2721,19163,LogisticRegression,XGBoost,0.9,0.28669347624897124,0.4413361781871959
0.157220259308815,0.1409347342270069,0.8783870967741936,0.24289728379644085,68883,16598,377,2723,19321,LogisticRegression,XGBoost,0.9,0.28669347624897124,0.4413361781871959
0.15555228292942047,0.1397987473046514,0.8783870967741936,0.24120825582425368,68726,16755,377,2723,19478,LogisticRegression,XGBoost,0.9,0.28669347624897124,0.4413361781871959
0.15389695763587952,0.1387318563789152,0.8787096774193548,0.23963052562128873,68570,16911,376,2724,19635,LogisticRegression,XGBoost,0.9,0.28669347624897124,0.4413361781871959
0.1523396074771881,0.1376818916734034,0.8790322580645161,0.23807443648436136,68414,17067,375,2725,19792,LogisticRegression,XGBoost,0.9,0.28669347624897124,0.4413361781871959
0.15075843036174774,0.13669858138252544,0.8796774193548387,0.23662631784459195,68259,17222,373,2727,19949,LogisticRegression,XGBoost,0.9,0.28669347624897124,0.4413361781871959
0.14893917739391327,0.1357373787615021,0.8803225806451613,0.23520792932557635,68105,17376,371,2729,20105,LogisticRegression,XGBoost,0.9,0.28669347624897124,0.4413361781871959
0.14741747081279755,0.13473497186852235,0.8806451612903226,0.23371286704905403,67949,17532,370,2730,20262,LogisticRegression,XGBoost,0.9,0.28669347624897124,0.4413361781871959
0.14564673602581024,0.1337969538175229,0.8812903225806452,0.2323228028402568,67794,17687,368,2732,20419,LogisticRegression,XGBoost,0.9,0.28669347624897124,0.4413361781871959
0.14421238005161285,0.1328246500777605,0.8816129032258064,0.23086670045615815,67638,17843,367,2733,20576,LogisticRegression,XGBoost,0.9,0.28669347624897124,0.4413361781871959
0.14252358675003052,0.13186707181787488,0.8819354838709678,0.22942978223471658,67482,17999,366,2734,20733,LogisticRegression,XGBoost,0.9,0.28669347624897124,0.4413361781871959
0.14087164402008057,0.13092388702728577,0.882258064516129,0.22801167152980406,67326,18155,365,2735,20890,LogisticRegression,XGBoost,0.9,0.28669347624897124,0.4413361781871959
0.13922926783561707,0.1299534353321296,0.882258064516129,0.22653855711090862,67170,18311,365,2735,21046,LogisticRegression,XGBoost,0.9,0.28669347624897124,0.4413361781871959
0.1377904862165451,0.1290383436306183,0.8825806451612903,0.22515738797679297,67014,18467,364,2736,21203,LogisticRegression,XGBoost,0.9,0.28669347624897124,0.4413361781871959
0.13610605895519257,0.12813670411985018,0.8829032258064516,0.22379394930498772,66858,18623,363,2737,21360,LogisticRegression,XGBoost,0.9,0.28669347624897124,0.4413361781871959
0.13440963625907898,0.12729469721615466,0.8835483870967742,0.22252914652475933,66703,18778,361,2739,21517,LogisticRegression,XGBoost,0.9,0.28669347624897124,0.4413361781871959
0.13286373019218445,0.12646488880686538,0.8841935483870967,0.2212803745862598,66548,18933,359,2741,21674,LogisticRegression,XGBoost,0.9,0.28669347624897124,0.4413361781871959
0.131278857588768,0.12560120928954238,0.8845161290322581,0.21996710922145116,66392,19089,358,2742,21831,LogisticRegression,XGBoost,0.9,0.28669347624897124,0.4413361781871959
0.1299358457326889,0.12471005594214764,0.8845161290322581,0.2185992745246542,66236,19245,358,2742,21987,LogisticRegression,XGBoost,0.9,0.28669347624897124,0.4413361781871959
0.12859059870243073,0.12382586705202313,0.8845161290322581,0.21723974013627,66079,19402,358,2742,22144,LogisticRegression,XGBoost,0.9,0.28669347624897124,0.4413361781871959
0.12691649794578552,0.12304380969463252,0.8851612903225806,0.21605448604385652,65924,19557,356,2744,22301,LogisticRegression,XGBoost,0.9,0.28669347624897124,0.4413361781871959
0.12539774179458618,0.12222815923056372,0.885483870967742,0.2148055403396197,65768,19713,355,2745,22458,LogisticRegression,XGBoost,0.9,0.28669347624897124,0.4413361781871959
0.12405744940042496,0.12155648905593633,0.886774193548387,0.21380517207855337,65615,19866,351,2749,22615,LogisticRegression,XGBoost,0.9,0.28669347624897124,0.4413361781871959
0.12256792932748795,0.12089408044967503,0.8880645161290323,0.21281694495980208,65462,20019,347,2753,22772,LogisticRegression,XGBoost,0.9,0.28669347624897124,0.4413361781871959
0.12109534442424774,0.1200715282623866,0.8880645161290323,0.2115414169356078,65306,20175,347,2753,22928,LogisticRegression,XGBoost,0.9,0.28669347624897124,0.4413361781871959
0.11964256316423416,0.11925492744206194,0.8880645161290323,0.21027305709375596,65149,20332,347,2753,23085,LogisticRegression,XGBoost,0.9,0.28669347624897124,0.4413361781871959
0.11796863377094269,0.118449358919198,0.8880645161290323,0.20901981626300203,64992,20489,347,2753,23242,LogisticRegression,XGBoost,0.9,0.28669347624897124,0.4413361781871959
0.116261787712574,0.11765460062395829,0.8880645161290323,0.20778142571417785,64835,20646,347,2753,23399,LogisticRegression,XGBoost,0.9,0.28669347624897124,0.4413361781871959
0.11495506763458252,0.11687043640686025,0.8880645161290323,0.20655762304921968,64678,20803,347,2753,23556,LogisticRegression,XGBoost,0.9,0.28669347624897124,0.4413361781871959
0.11329421401023865,0.11618099776493906,0.8887096774193548,0.20549733338306048,64523,20958,345,2755,23713,LogisticRegression,XGBoost,0.9,0.28669347624897124,0.4413361781871959
0.11185573041439056,0.115421676651724,0.8887096774193548,0.20430865067299492,64367,21114,345,2755,23869,LogisticRegression,XGBoost,0.9,0.28669347624897124,0.4413361781871959
0.11057290434837341,0.11475068675601431,0.8893548387096775,0.20327361203273608,64212,21269,343,2757,24026,LogisticRegression,XGBoost,0.9,0.28669347624897124,0.4413361781871959
0.10914109647274017,0.11404705785055617,0.8896774193548387,0.20217717992889347,64056,21425,342,2758,24183,LogisticRegression,XGBoost,0.9,0.28669347624897124,0.4413361781871959
0.10783030092716217,0.11335250616269515,0.89,0.20109329446064142,63900,21581,341,2759,24340,LogisticRegression,XGBoost,0.9,0.28669347624897124,0.4413361781871959
0.10631337761878967,0.11266685716618362,0.8903225806451613,0.20002174149364063,63744,21737,340,2760,24497,LogisticRegression,XGBoost,0.9,0.28669347624897124,0.4413361781871959
0.10488232225179672,0.1119853984992902,0.8906451612903226,0.1989551432174383,63587,21894,339,2761,24655,LogisticRegression,XGBoost,0.9,0.28669347624897124,0.4413361781871959
0.10356281697750092,0.1112812865261376,0.8906451612903226,0.19784314428003294,63431,22050,339,2761,24811,LogisticRegression,XGBoost,0.9,0.28669347624897124,0.4413361781871959
0.10236259549856186,0.1106572149465337,0.8912903225806451,0.19687199401474936,63275,22206,337,2763,24969,LogisticRegression,XGBoost,0.9,0.28669347624897124,0.4413361781871959
0.10109642148017883,0.10996139610777252,0.8912903225806451,0.1957700074396854,63117,22364,337,2763,25127,LogisticRegression,XGBoost,0.9,0.28669347624897124,0.4413361781871959
0.09987575560808182,0.10931814586299636,0.8916129032258064,0.1947576099210823,62961,22520,336,2764,25284,LogisticRegression,XGBoost,0.9,0.28669347624897124,0.4413361781871959
0.09861215949058533,0.10864352816320114,0.8916129032258064,0.19368627588381626,62804,22677,336,2764,25441,LogisticRegression,XGBoost,0.9,0.28669347624897124,0.4413361781871959
0.09729469567537308,0.10797718571763419,0.8916129032258064,0.19262666387901597,62647,22834,336,2764,25598,LogisticRegression,XGBoost,0.9,0.28669347624897124,0.4413361781871959
0.0960928350687027,0.10736196319018405,0.8919354838709678,0.19165453663270257,62492,22989,335,2765,25754,LogisticRegression,XGBoost,0.9,0.28669347624897124,0.4413361781871959
0.09489729255437851,0.10678862259272123,0.8925806451612903,0.1907552307745338,62337,23144,333,2767,25911,LogisticRegression,XGBoost,0.9,0.28669347624897124,0.4413361781871959
0.0937555655837059,0.10614546570507902,0.8925806451612903,0.18972846955567746,62180,23301,333,2767,26068,LogisticRegression,XGBoost,0.9,0.28669347624897124,0.4413361781871959
0.09239066392183304,0.10554814108674929,0.8929032258064517,0.18878090366581418,62024,23457,332,2768,26225,LogisticRegression,XGBoost,0.9,0.28669347624897124,0.4413361781871959
0.09104953706264496,0.10492002122659388,0.8929032258064517,0.18777559188657486,61867,23614,332,2768,26382,LogisticRegression,XGBoost,0.9,0.28669347624897124,0.4413361781871959
0.08968059718608856,0.10429933305701043,0.8929032258064517,0.18678093053071965,61710,23771,332,2768,26539,LogisticRegression,XGBoost,0.9,0.28669347624897124,0.4413361781871959
0.08840150386095047,0.103685945459994,0.8929032258064517,0.1857967512417774,61553,23928,332,2768,26696,LogisticRegression,XGBoost,0.9,0.28669347624897124,0.4413361781871959
0.08720727264881134,0.103083569194101,0.8929032258064517,0.18482905982905984,61397,24084,332,2768,26852,LogisticRegression,XGBoost,0.9,0.28669347624897124,0.4413361781871959
0.08601348102092743,0.10248435706616313,0.8929032258064517,0.1838652894483377,61240,24241,332,2768,27009,LogisticRegression,XGBoost,0.9,0.28669347624897124,0.4413361781871959
0.08473993092775345,0.10192888169034824,0.8932258064516129,0.1829775986255204,61084,24397,331,2769,27166,LogisticRegression,XGBoost,0.9,0.28669347624897124,0.4413361781871959
0.08360228687524796,0.10137978992057974,0.8935483870967742,0.18209906978273016,60928,24553,330,2770,27323,LogisticRegression,XGBoost,0.9,0.28669347624897124,0.4413361781871959
0.08247006684541702,0.10080058224163027,0.8935483870967742,0.18116415958142576,60771,24710,330,2770,27480,LogisticRegression,XGBoost,0.9,0.28669347624897124,0.4413361781871959
0.08136840164661407,0.10022795527734558,0.8935483870967742,0.18023880014314994,60614,24867,330,2770,27637,LogisticRegression,XGBoost,0.9,0.28669347624897124,0.4413361781871959
0.08015880733728409,0.09966538336991329,0.8935483870967742,0.17932865050335028,60458,25023,330,2770,27793,LogisticRegression,XGBoost,0.9,0.28669347624897124,0.4413361781871959
0.07903162389993668,0.09910554561717352,0.8935483870967742,0.17842190016103057,60301,25180,330,2770,27950,LogisticRegression,XGBoost,0.9,0.28669347624897124,0.4413361781871959
0.07779845595359802,0.09865518713533514,0.8945161290322581,0.17771084337349397,60146,25335,327,2773,28108,LogisticRegression,XGBoost,0.9,0.28669347624897124,0.4413361781871959
0.07660466432571411,0.09814257916150716,0.8948387096774194,0.17688506296827672,59990,25491,326,2774,28265,LogisticRegression,XGBoost,0.9,0.28669347624897124,0.4413361781871959
0.0753687396645546,0.0976356343677433,0.8951612903225806,0.17606750840682697,59834,25647,325,2775,28422,LogisticRegression,XGBoost,0.9,0.28669347624897124,0.4413361781871959
0.07416831701993942,0.09709926869379615,0.8951612903225806,0.17519492408219958,59677,25804,325,2775,28579,LogisticRegression,XGBoost,0.9,0.28669347624897124,0.4413361781871959
0.07313364744186401,0.09656876391982183,0.8951612903225806,0.17433094609875613,59520,25961,325,2775,28736,LogisticRegression,XGBoost,0.9,0.28669347624897124,0.4413361781871959
0.07214125990867615,0.09604402450420517,0.8951612903225806,0.1734754477541962,59363,26118,325,2775,28893,LogisticRegression,XGBoost,0.9,0.28669347624897124,0.4413361781871959
0.07101775705814362,0.0955593803786575,0.895483870967742,0.17269051321928464,59207,26274,324,2776,29050,LogisticRegression,XGBoost,0.9,0.28669347624897124,0.4413361781871959
0.07004083693027496,0.09511418495566132,0.8961290322580645,0.17197511375243757,59052,26429,322,2778,29207,LogisticRegression,XGBoost,0.9,0.28669347624897124,0.4413361781871959
0.0690382793545723,0.09463647199046483,0.8964516129032258,0.1711997535807793,58895,26586,321,2779,29365,LogisticRegression,XGBoost,0.9,0.28669347624897124,0.4413361781871959
0.06797783076763153,0.09413318880834631,0.8964516129032258,0.17037581999877383,58738,26743,321,2779,29522,LogisticRegression,XGBoost,0.9,0.28669347624897124,0.4413361781871959
0.06676515936851501,0.09370577532178719,0.8970967741935484,0.1696869851729819,58584,26897,319,2781,29678,LogisticRegression,XGBoost,0.9,0.28669347624897124,0.4413361781871959
0.06565665453672409,0.09323993699098435,0.8974193548387097,0.16892856058535993,58426,27055,318,2782,29837,LogisticRegression,XGBoost,0.9,0.28669347624897124,0.4413361781871959
0.06453058123588562,0.09275188371007535,0.8974193548387097,0.16812715295824016,58269,27212,318,2782,29994,LogisticRegression,XGBoost,0.9,0.28669347624897124,0.4413361781871959
0.06350559741258621,0.09226891313720938,0.8974193548387097,0.167333313283811,58112,27369,318,2782,30151,LogisticRegression,XGBoost,0.9,0.28669347624897124,0.4413361781871959
0.06253356486558914,0.0917879177801973,0.8974193548387097,0.16654194977401302,57954,27527,318,2782,30309,LogisticRegression,XGBoost,0.9,0.28669347624897124,0.4413361781871959
0.06161075457930565,0.09131490842250377,0.8974193548387097,0.1657629744384198,57797,27684,318,2782,30466,LogisticRegression,XGBoost,0.9,0.28669347624897124,0.4413361781871959
0.060561761260032654,0.09084971589053621,0.8974193548387097,0.16499614494988435,57641,27840,318,2782,30622,LogisticRegression,XGBoost,0.9,0.28669347624897124,0.4413361781871959
0.05931093171238899,0.09038630234900419,0.8974193548387097,0.16423152985625314,57484,27997,318,2782,30779,LogisticRegression,XGBoost,0.9,0.28669347624897124,0.4413361781871959
0.058397140353918076,0.08992759244892681,0.8974193548387097,0.16347396873898226,57327,28154,318,2782,30936,LogisticRegression,XGBoost,0.9,0.28669347624897124,0.4413361781871959
0.0571574829518795,0.08947351493905381,0.8974193548387097,0.16272336443131638,57170,28311,318,2782,31093,LogisticRegression,XGBoost,0.9,0.28669347624897124,0.4413361781871959
0.056195832788944244,0.089024,0.8974193548387097,0.16197962154294032,57013,28468,318,2782,31250,LogisticRegression,XGBoost,0.9,0.28669347624897124,0.4413361781871959
0.05507056415081024,0.08857615894039735,0.8974193548387097,0.16123797380317606,56855,28626,318,2782,31408,LogisticRegression,XGBoost,0.9,0.28669347624897124,0.4413361781871959
0.05420583114027977,0.08813838550247118,0.8974193548387097,0.16051234710362336,56699,28782,318,2782,31564,LogisticRegression,XGBoost,0.9,0.28669347624897124,0.4413361781871959
0.053160108625888824,0.087702153147757,0.8974193548387097,0.15978863329599954,56542,28939,318,2782,31721,LogisticRegression,XGBoost,0.9,0.28669347624897124,0.4413361781871959
0.05195225775241852,0.0873015873015873,0.8977419354838709,0.15912859511693062,56386,29095,317,2783,31878,LogisticRegression,XGBoost,0.9,0.28669347624897124,0.4413361781871959
0.0509520024061203,0.08687373185578273,0.8977419354838709,0.15841753237512451,56229,29252,317,2783,32035,LogisticRegression,XGBoost,0.9,0.28669347624897124,0.4413361781871959
0.04982641711831093,0.08645004970178927,0.8977419354838709,0.1577127961010994,56072,29409,317,2783,32192,LogisticRegression,XGBoost,0.9,0.28669347624897124,0.4413361781871959
0.04877905547618866,0.08603048007666389,0.8977419354838709,0.15701430223701657,55915,29566,317,2783,32349,LogisticRegression,XGBoost,0.9,0.28669347624897124,0.4413361781871959
0.047693364322185516,0.0856175972927242,0.8977419354838709,0.15632635865749192,55759,29722,317,2783,32505,LogisticRegression,XGBoost,0.9,0.28669347624897124,0.4413361781871959
0.04677548259496689,0.08523666646255587,0.8980645161290323,0.15569599015715005,55603,29878,316,2784,32662,LogisticRegression,XGBoost,0.9,0.28669347624897124,0.4413361781871959
0.04576719179749489,0.08482891008257412,0.8980645161290323,0.15501545143238954,55446,30035,316,2784,32819,LogisticRegression,XGBoost,0.9,0.28669347624897124,0.4413361781871959
0.04484069347381592,0.08442503639010189,0.8980645161290323,0.15434083601286172,55289,30192,316,2784,32976,LogisticRegression,XGBoost,0.9,0.28669347624897124,0.4413361781871959
0.04386056214570999,0.08405517158120303,0.8983870967741936,0.15372726520023183,55133,30348,315,2785,33133,LogisticRegression,XGBoost,0.9,0.28669347624897124,0.4413361781871959
0.042883988469839096,0.08365875638329828,0.8983870967741936,0.15306402857928003,54976,30505,315,2785,33290,LogisticRegression,XGBoost,0.9,0.28669347624897124,0.4413361781871959
0.04186422750353813,0.08329845123482629,0.8987096774193548,0.15246538608876486,54821,30660,314,2786,33446,LogisticRegression,XGBoost,0.9,0.28669347624897124,0.4413361781871959
0.04085373878479004,0.08290926405380472,0.8987096774193548,0.1518132032803858,54664,30817,314,2786,33603,LogisticRegression,XGBoost,0.9,0.28669347624897124,0.4413361781871959
0.0399320125579834,0.08252369668246445,0.8987096774193548,0.1511665762344004,54507,30974,314,2786,33760,LogisticRegression,XGBoost,0.9,0.28669347624897124,0.4413361781871959
0.039039354771375656,0.08217118259280007,0.8990322580645161,0.15057946348974793,54351,31130,313,2787,33917,LogisticRegression,XGBoost,0.9,0.28669347624897124,0.4413361781871959
0.038065653294324875,0.08179256911428068,0.8990322580645161,0.14994350890407274,54194,31287,313,2787,34074,LogisticRegression,XGBoost,0.9,0.28669347624897124,0.4413361781871959
0.03703858703374863,0.08141742864654845,0.8990322580645161,0.14931290348503926,54037,31444,313,2787,34231,LogisticRegression,XGBoost,0.9,0.28669347624897124,0.4413361781871959
0.03593244403600693,0.08104807049175561,0.8990322580645161,0.14869154640275295,53881,31600,313,2787,34387,LogisticRegression,XGBoost,0.9,0.28669347624897124,0.4413361781871959
0.0349348708987236,0.08067971283001389,0.8990322580645161,0.1480714058017214,53724,31757,313,2787,34544,LogisticRegression,XGBoost,0.9,0.28669347624897124,0.4413361781871959
0.033825360238552094,0.08031468833751189,0.8990322580645161,0.14745641649691807,53567,31914,313,2787,34701,LogisticRegression,XGBoost,0.9,0.28669347624897124,0.4413361781871959
0.03293243423104286,0.07998163979574273,0.8993548387096775,0.14689920438379261,53411,32070,312,2788,34858,LogisticRegression,XGBoost,0.9,0.28669347624897124,0.4413361781871959
0.031851790845394135,0.07962301870626874,0.8993548387096775,0.14629410993047356,53254,32227,312,2788,35015,LogisticRegression,XGBoost,0.9,0.28669347624897124,0.4413361781871959
0.03083994798362255,0.07926759922665756,0.8993548387096775,0.14569397993311034,53097,32384,312,2788,35172,LogisticRegression,XGBoost,0.9,0.28669347624897124,0.4413361781871959
0.029720250517129898,0.07891757246376811,0.8993548387096775,0.14510252940564172,52941,32540,312,2788,35328,LogisticRegression,XGBoost,0.9,0.28669347624897124,0.4413361781871959
0.028643518686294556,0.07856840918698041,0.8993548387096775,0.14451211610729556,52784,32697,312,2788,35485,LogisticRegression,XGBoost,0.9,0.28669347624897124,0.4413361781871959
0.027626320719718933,0.07822232197968688,0.8993548387096775,0.14392648804914562,52627,32854,312,2788,35642,LogisticRegression,XGBoost,0.9,0.28669347624897124,0.4413361781871959
0.026651497930288315,0.07787927037068075,0.8993548387096775,0.14334558729016172,52470,33011,312,2788,35799,LogisticRegression,XGBoost,0.9,0.28669347624897124,0.4413361781871959
0.02568882890045643,0.07753921459561687,0.8993548387096775,0.14276935682097502,52313,33168,312,2788,35956,LogisticRegression,XGBoost,0.9,0.28669347624897124,0.4413361781871959
0.024793731048703194,0.0772021155816465,0.8993548387096775,0.14219774054522735,52156,33325,312,2788,36113,LogisticRegression,XGBoost,0.9,0.28669347624897124,0.4413361781871959
0.02375744841992855,0.07687005431635832,0.8993548387096775,0.14163428077929335,52000,33481,312,2788,36269,LogisticRegression,XGBoost,0.9,0.28669347624897124,0.4413361781871959
0.02267252653837204,0.07653663491366294,0.8993548387096775,0.14106813064487564,51842,33639,312,2788,36427,LogisticRegression,XGBoost,0.9,0.28669347624897124,0.4413361781871959
0.021793870255351067,0.07626284714629346,0.9,0.1406108255216208,51687,33794,310,2790,36584,LogisticRegression,XGBoost,0.9,0.28669347624897124,0.4413361781871959
0.02087576873600483,0.07593696415448681,0.9,0.1400567254837981,51530,33951,310,2790,36741,LogisticRegression,XGBoost,0.9,0.28669347624897124,0.4413361781871959
0.01978410966694355,0.07561385440945309,0.9,0.13950697534876744,51373,34108,310,2790,36898,LogisticRegression,XGBoost,0.9,0.28669347624897124,0.4413361781871959
0.018511349335312843,0.07529348266090946,0.9,0.13896152409413523,51216,34265,310,2790,37055,LogisticRegression,XGBoost,0.9,0.28669347624897124,0.4413361781871959
0.017281655222177505,0.07497782913654565,0.9,0.13842375530252288,51060,34421,310,2790,37211,LogisticRegression,XGBoost,0.9,0.28669347624897124,0.4413361781871959
0.01627061329782009,0.07466281310211946,0.9,0.1378867253138282,50903,34578,310,2790,37368,LogisticRegression,XGBoost,0.9,0.28669347624897124,0.4413361781871959
0.015292446129024029,0.07435043304463691,0.9,0.13735384615384616,50746,34735,310,2790,37525,LogisticRegression,XGBoost,0.9,0.28669347624897124,0.4413361781871959
0.014135964214801788,0.07404065601613502,0.9,0.13682506988377227,50589,34892,310,2790,37682,LogisticRegression,XGBoost,0.9,0.28669347624897124,0.4413361781871959
0.012984061613678932,0.0737334496154761,0.9,0.13630034930017831,50432,35049,310,2790,37839,LogisticRegression,XGBoost,0.9,0.28669347624897124,0.4413361781871959
0.012013545259833336,0.07342878197705022,0.9,0.13577963792096556,50275,35206,310,2790,37996,LogisticRegression,XGBoost,0.9,0.28669347624897124,0.4413361781871959
0.010656898841261864,0.07312853847766827,0.9,0.1352661689130224,50119,35362,310,2790,38152,LogisticRegression,XGBoost,0.9,0.28669347624897124,0.4413361781871959
0.009474443271756172,0.07282883917617271,0.9,0.13475331449684855,49962,35519,310,2790,38309,LogisticRegression,XGBoost,0.9,0.28669347624897124,0.4413361781871959
0.00814757402986288,0.07253158633598503,0.9,0.13424433431169705,49805,35676,310,2790,38466,LogisticRegression,XGBoost,0.9,0.28669347624897124,0.4413361781871959
0.006762480363249779,0.07223675012298371,0.9,0.1337391846223905,49648,35833,310,2790,38623,LogisticRegression,XGBoost,0.9,0.28669347624897124,0.4413361781871959
0.005127378739416599,0.07194430118617844,0.9,0.13323782234957018,49491,35990,310,2790,38780,LogisticRegression,XGBoost,0.9,0.28669347624897124,0.4413361781871959
0.0032552597112953663,0.0716542106479698,0.9,0.13274020505744938,49334,36147,310,2790,38937,LogisticRegression,XGBoost,0.9,0.28669347624897124,0.4413361781871959
9.150996629614383e-05,0.07136645009464368,0.9,0.13224629094184007,49177,36304,310,2790,39094,LogisticRegression,XGBoost,0.9,0.28669347624897124,0.4413361781871959
0.9999822212193916,1.0,0.0003225806451612903,0.0006449532408900355,85481,0,3099,1,1,LogisticRegression,HeavyCatBoost,0.95,0.19895193324826893,0.6041814836138676
0.9991823309179876,0.986046511627907,0.06838709677419355,0.12790346907993966,85478,3,2888,212,215,LogisticRegression,HeavyCatBoost,0.95,0.19895193324826893,0.6041814836138676
0.998138308602674,0.9906976744186047,0.13741935483870968,0.2413597733711048,85477,4,2674,426,430,LogisticRegression,HeavyCatBoost,0.95,0.19895193324826893,0.6041814836138676
0.9965645501636656,0.9844961240310077,0.20483870967741935,0.33911882510013347,85471,10,2465,635,645,LogisticRegression,HeavyCatBoost,0.95,0.19895193324826893,0.6041814836138676
0.9945306466478936,0.9813953488372092,0.27225806451612905,0.42626262626262623,85465,16,2256,844,860,LogisticRegression,HeavyCatBoost,0.95,0.19895193324826893,0.6041814836138676
0.9912236453792086,0.9748837209302326,0.33806451612903227,0.5020359281437126,85454,27,2052,1048,1075,LogisticRegression,HeavyCatBoost,0.95,0.19895193324826893,0.6041814836138676
0.9862335032628335,0.9682170542635659,0.4029032258064516,0.5690205011389521,85440,41,1851,1249,1290,LogisticRegression,HeavyCatBoost,0.95,0.19895193324826893,0.6041814836138676
0.9785355484571012,0.9641196013289036,0.46806451612903227,0.6301845819761128,85427,54,1649,1451,1505,LogisticRegression,HeavyCatBoost,0.95,0.19895193324826893,0.6041814836138676
0.967793340831222,0.9511627906976744,0.5277419354838709,0.678838174273859,85397,84,1464,1636,1720,LogisticRegression,HeavyCatBoost,0.95,0.19895193324826893,0.6041814836138676
0.9474571220106394,0.937467700258398,0.5851612903225807,0.7205561072492552,85360,121,1286,1814,1935,LogisticRegression,HeavyCatBoost,0.95,0.19895193324826893,0.6041814836138676
0.9232564309659274,0.9153488372093024,0.6348387096774194,0.7497142857142857,85299,182,1132,1968,2150,LogisticRegression,HeavyCatBoost,0.95,0.19895193324826893,0.6041814836138676
0.8887090819052943,0.8883720930232558,0.677741935483871,0.7688929551692589,85217,264,999,2101,2365,LogisticRegression,HeavyCatBoost,0.95,0.19895193324826893,0.6041814836138676
0.8567972653196705,0.8511627906976744,0.7083870967741935,0.7732394366197182,85097,384,904,2196,2580,LogisticRegression,HeavyCatBoost,0.95,0.19895193324826893,0.6041814836138676
0.8233327292265867,0.8164579606440071,0.7361290322580645,0.7742154368108566,84968,513,818,2282,2795,LogisticRegression,HeavyCatBoost,0.95,0.19895193324826893,0.6041814836138676
0.7885994983747995,0.7786640079760718,0.7558064516129033,0.7670649860861025,84815,666,757,2343,3009,LogisticRegression,HeavyCatBoost,0.95,0.19895193324826893,0.6041814836138676
0.7556444497108339,0.7422456575682382,0.7719354838709678,0.756799493991145,84650,831,707,2393,3224,LogisticRegression,HeavyCatBoost,0.95,0.19895193324826893,0.6041814836138676
0.7263830623302269,0.7074731026461181,0.7848387096774193,0.7441504817250345,84475,1006,667,2433,3439,LogisticRegression,HeavyCatBoost,0.95,0.19895193324826893,0.6041814836138676
0.6994688168715378,0.6756978653530378,0.7964516129032259,0.7311222978975421,84296,1185,631,2469,3654,LogisticRegression,HeavyCatBoost,0.95,0.19895193324826893,0.6041814836138676
0.6721174357584101,0.6469371930731456,0.8074193548387096,0.7183240063136749,84115,1366,597,2503,3869,LogisticRegression,HeavyCatBoost,0.95,0.19895193324826893,0.6041814836138676
0.645999339230786,0.6170421155729677,0.8129032258064516,0.7015590200445434,83917,1564,580,2520,4084,LogisticRegression,HeavyCatBoost,0.95,0.19895193324826893,0.6041814836138676
0.6236024842211494,0.5896720167480809,0.817741935483871,0.6852277334774969,83717,1764,565,2535,4299,LogisticRegression,HeavyCatBoost,0.95,0.19895193324826893,0.6041814836138676
0.6032245907769695,0.567124501550731,0.8258064516129032,0.6724454951405306,83527,1954,540,2560,4514,LogisticRegression,HeavyCatBoost,0.95,0.19895193324826893,0.6041814836138676
0.5846208114075775,0.547473038697399,0.8351612903225807,0.6613871503384852,83341,2140,511,2589,4729,LogisticRegression,HeavyCatBoost,0.95,0.19895193324826893,0.6041814836138676
0.5659841303070553,0.5254854368932039,0.8380645161290322,0.6459472899055196,83135,2346,502,2598,4944,LogisticRegression,HeavyCatBoost,0.95,0.19895193324826893,0.6041814836138676
0.5476496270091753,0.5059119984493119,0.8419354838709677,0.6320377769705776,82932,2549,490,2610,5159,LogisticRegression,HeavyCatBoost,0.95,0.19895193324826893,0.6041814836138676
0.5314907746332485,0.48864905098623,0.8470967741935483,0.6197781449138541,82733,2748,474,2626,5374,LogisticRegression,HeavyCatBoost,0.95,0.19895193324826893,0.6041814836138676
0.51647576824465,0.4716407228484523,0.8503225806451613,0.6067441592818507,82528,2953,464,2636,5589,LogisticRegression,HeavyCatBoost,0.95,0.19895193324826893,0.6041814836138676
0.5026403650934688,0.45572019297036526,0.853225806451613,0.5941150044923631,82322,3159,455,2645,5804,LogisticRegression,HeavyCatBoost,0.95,0.19895193324826893,0.6041814836138676
0.48802839191927366,0.4411764705882353,0.8564516129032258,0.582364553630182,82118,3363,445,2655,6018,LogisticRegression,HeavyCatBoost,0.95,0.19895193324826893,0.6041814836138676
0.4752207778260378,0.4280442804428044,0.8606451612903225,0.5717347048108861,81916,3565,432,2668,6233,LogisticRegression,HeavyCatBoost,0.95,0.19895193324826893,0.6041814836138676
0.461906001091909,0.4145471464019851,0.8622580645161291,0.5599078341013826,81706,3775,427,2673,6448,LogisticRegression,HeavyCatBoost,0.95,0.19895193324826893,0.6041814836138676
0.45113574364939113,0.4026714693081195,0.8654838709677419,0.5496261395062993,81501,3980,417,2683,6663,LogisticRegression,HeavyCatBoost,0.95,0.19895193324826893,0.6041814836138676
0.43979677730258304,0.39066589124745565,0.8667741935483871,0.5385848867508519,81290,4191,413,2687,6878,LogisticRegression,HeavyCatBoost,0.95,0.19895193324826893,0.6041814836138676
0.42973870199711206,0.3805160016918088,0.8706451612903225,0.5295791229274992,81087,4394,401,2699,7093,LogisticRegression,HeavyCatBoost,0.95,0.19895193324826893,0.6041814836138676
0.4192934173054562,0.3701423097974822,0.8725806451612903,0.5197924673328208,80878,4603,395,2705,7308,LogisticRegression,HeavyCatBoost,0.95,0.19895193324826893,0.6041814836138676
0.4099081029377998,0.36036155788914,0.8745161290322581,0.5104019580156265,80669,4812,389,2711,7523,LogisticRegression,HeavyCatBoost,0.95,0.19895193324826893,0.6041814836138676
0.4000622103807017,0.3508658568105454,0.8758064516129033,0.5010149474072707,80458,5023,385,2715,7738,LogisticRegression,HeavyCatBoost,0.95,0.19895193324826893,0.6041814836138676
0.3917319159413745,0.341883565949956,0.8770967741935484,0.4919931240387225,80247,5234,381,2719,7953,LogisticRegression,HeavyCatBoost,0.95,0.19895193324826893,0.6041814836138676
0.3834490982019496,0.3341087169441724,0.8803225806451613,0.48438054668086616,80042,5439,371,2729,8168,LogisticRegression,HeavyCatBoost,0.95,0.19895193324826893,0.6041814836138676
0.3752887979141238,0.32697125134200167,0.8841935483870967,0.4774013759470522,79839,5642,359,2741,8383,LogisticRegression,HeavyCatBoost,0.95,0.19895193324826893,0.6041814836138676
0.36742458191540683,0.3191439869737148,0.8851612903225806,0.4691400239357155,79627,5854,356,2744,8598,LogisticRegression,HeavyCatBoost,0.95,0.19895193324826893,0.6041814836138676
0.3597000576082885,0.31181209576761604,0.8864516129032258,0.46134474943339204,79416,6065,352,2748,8813,LogisticRegression,HeavyCatBoost,0.95,0.19895193324826893,0.6041814836138676
0.3522289367338319,0.3050847457627119,0.8883870967741936,0.4541931227838707,79208,6273,346,2754,9027,LogisticRegression,HeavyCatBoost,0.95,0.19895193324826893,0.6041814836138676
0.34489467486775033,0.2983120536680372,0.8893548387096775,0.4467671366067088,78996,6485,343,2757,9242,LogisticRegression,HeavyCatBoost,0.95,0.19895193324826893,0.6041814836138676
0.33829722154208647,0.2918473088717352,0.8903225806451613,0.4395954447718403,78784,6697,340,2760,9457,LogisticRegression,HeavyCatBoost,0.95,0.19895193324826893,0.6041814836138676
0.33145350243009647,0.28546319272125725,0.8906451612903226,0.43235202004384593,78570,6911,339,2761,9672,LogisticRegression,HeavyCatBoost,0.95,0.19895193324826893,0.6041814836138676
0.3258575081113217,0.2797613027207444,0.892258064516129,0.4259644259644259,78360,7121,334,2766,9887,LogisticRegression,HeavyCatBoost,0.95,0.19895193324826893,0.6041814836138676
0.32017821896059184,0.27400514749554544,0.8929032258064517,0.41933040448416903,78147,7334,332,2768,10102,LogisticRegression,HeavyCatBoost,0.95,0.19895193324826893,0.6041814836138676
0.3143416575158312,0.268391974411166,0.8932258064516129,0.41275993143027495,77933,7548,331,2769,10317,LogisticRegression,HeavyCatBoost,0.95,0.19895193324826893,0.6041814836138676
0.3086537761455633,0.2633877706038739,0.8948387096774194,0.4069835680751173,77723,7758,326,2774,10532,LogisticRegression,HeavyCatBoost,0.95,0.19895193324826893,0.6041814836138676
0.30290048217362703,0.25839769237926863,0.8958064516129032,0.4010977106954575,77511,7970,323,2777,10747,LogisticRegression,HeavyCatBoost,0.95,0.19895193324826893,0.6041814836138676
0.29767743000723784,0.2536033570516329,0.896774193548387,0.39539183615417434,77299,8182,320,2780,10962,LogisticRegression,HeavyCatBoost,0.95,0.19895193324826893,0.6041814836138676
0.29243449101607594,0.24899346873042855,0.8977419354838709,0.3898578132660923,77087,8394,317,2783,11177,LogisticRegression,HeavyCatBoost,0.95,0.19895193324826893,0.6041814836138676
0.2873023190778018,0.24455758426966293,0.8987096774193548,0.38448799337565553,76875,8606,314,2786,11392,LogisticRegression,HeavyCatBoost,0.95,0.19895193324826893,0.6041814836138676
0.2824557775872601,0.24019987938313087,0.8993548387096775,0.37913918542190794,76662,8819,312,2788,11607,LogisticRegression,HeavyCatBoost,0.95,0.19895193324826893,0.6041814836138676
0.2774725656747473,0.23625444087294875,0.9009677419354839,0.37434660233212713,76452,9029,307,2793,11822,LogisticRegression,HeavyCatBoost,0.95,0.19895193324826893,0.6041814836138676
0.2730432306316559,0.23230309072781655,0.9019354838709678,0.3694503171247357,76241,9240,304,2796,12036,LogisticRegression,HeavyCatBoost,0.95,0.19895193324826893,0.6041814836138676
0.2682676527270178,0.22838951922292058,0.9025806451612903,0.36453651227933037,76028,9453,302,2798,12251,LogisticRegression,HeavyCatBoost,0.95,0.19895193324826893,0.6041814836138676
0.26372743324492803,0.22445050537461897,0.9025806451612903,0.3595014775793396,75813,9668,302,2798,12466,LogisticRegression,HeavyCatBoost,0.95,0.19895193324826893,0.6041814836138676
0.25959463134885397,0.22080277580632443,0.9032258064516129,0.354857106647234,75600,9881,300,2800,12681,LogisticRegression,HeavyCatBoost,0.95,0.19895193324826893,0.6041814836138676
0.255327269326125,0.2174317617866005,0.9045161290322581,0.3505876469117279,75389,10092,296,2804,12896,LogisticRegression,HeavyCatBoost,0.95,0.19895193324826893,0.6041814836138676
0.2512438118743326,0.2138662192052475,0.9045161290322581,0.34593794337178463,75174,10307,296,2804,13111,LogisticRegression,HeavyCatBoost,0.95,0.19895193324826893,0.6041814836138676
0.24712967859252943,0.2105658111961579,0.9051612903225806,0.34165347619627423,74961,10520,294,2806,13326,LogisticRegression,HeavyCatBoost,0.95,0.19895193324826893,0.6041814836138676
0.24334283787504213,0.20751790857396057,0.9064516129032258,0.337720088936963,74750,10731,290,2810,13541,LogisticRegression,HeavyCatBoost,0.95,0.19895193324826893,0.6041814836138676
0.23944436897703944,0.2044925850537947,0.9074193548387097,0.33376839107736117,74538,10943,287,2813,13756,LogisticRegression,HeavyCatBoost,0.95,0.19895193324826893,0.6041814836138676
0.2357976461981101,0.20148879822489443,0.9080645161290323,0.329799074453752,74325,11156,285,2815,13971,LogisticRegression,HeavyCatBoost,0.95,0.19895193324826893,0.6041814836138676
0.23236014696235377,0.19857606090511773,0.9087096774193548,0.32592849704963556,74112,11369,283,2817,14186,LogisticRegression,HeavyCatBoost,0.95,0.19895193324826893,0.6041814836138676
0.22863246723449634,0.19588917436289147,0.91,0.32238157819553165,73901,11580,279,2821,14401,LogisticRegression,HeavyCatBoost,0.95,0.19895193324826893,0.6041814836138676
0.22523206233275142,0.19314449917898194,0.9106451612903226,0.31869496500338673,73688,11793,277,2823,14616,LogisticRegression,HeavyCatBoost,0.95,0.19895193324826893,0.6041814836138676
0.22189697833203098,0.19041197491740275,0.9109677419354839,0.3149852211254252,73474,12007,276,2824,14831,LogisticRegression,HeavyCatBoost,0.95,0.19895193324826893,0.6041814836138676
0.21851491308625492,0.18796942505815886,0.912258064516129,0.3117112152108019,73264,12217,272,2828,15045,LogisticRegression,HeavyCatBoost,0.95,0.19895193324826893,0.6041814836138676
0.21530991782321496,0.18538663171690695,0.9125806451612903,0.30816993464052284,73050,12431,271,2829,15260,LogisticRegression,HeavyCatBoost,0.95,0.19895193324826893,0.6041814836138676
0.21210514541265504,0.18300484652665588,0.9135483870967742,0.30492597577388963,72838,12643,268,2832,15475,LogisticRegression,HeavyCatBoost,0.95,0.19895193324826893,0.6041814836138676
0.2091327939479118,0.18062460165710645,0.9141935483870968,0.30164981373070787,72625,12856,266,2834,15690,LogisticRegression,HeavyCatBoost,0.95,0.19895193324826893,0.6041814836138676
0.20609746394990763,0.17824583464319396,0.9145161290322581,0.2983425414364641,72411,13070,265,2835,15905,LogisticRegression,HeavyCatBoost,0.95,0.19895193324826893,0.6041814836138676
0.2033628027024536,0.1761166253101737,0.9158064516129032,0.2954214360041623,72200,13281,261,2839,16120,LogisticRegression,HeavyCatBoost,0.95,0.19895193324826893,0.6041814836138676
0.2008306589918683,0.1738598102234466,0.9161290322580645,0.29225623874453305,71986,13495,260,2840,16335,LogisticRegression,HeavyCatBoost,0.95,0.19895193324826893,0.6041814836138676
0.19806634919561789,0.17166163141993956,0.9164516129032259,0.28916030534351145,71772,13709,259,2841,16550,LogisticRegression,HeavyCatBoost,0.95,0.19895193324826893,0.6041814836138676
0.1954905512563313,0.16951983298538623,0.9167741935483871,0.2861313868613139,71558,13923,258,2842,16765,LogisticRegression,HeavyCatBoost,0.95,0.19895193324826893,0.6041814836138676
0.19232430497102726,0.16743227326266197,0.9170967741935484,0.2831673306772909,71344,14137,257,2843,16980,LogisticRegression,HeavyCatBoost,0.95,0.19895193324826893,0.6041814836138676
0.18967793598682212,0.16551323059028789,0.9180645161290323,0.28046316826804635,71132,14349,254,2846,17195,LogisticRegression,HeavyCatBoost,0.95,0.19895193324826893,0.6041814836138676
0.18687937411918298,0.16346927053417576,0.9180645161290323,0.27752315943442224,70917,14564,254,2846,17410,LogisticRegression,HeavyCatBoost,0.95,0.19895193324826893,0.6041814836138676
0.18455903320737266,0.1615886524822695,0.9187096774193548,0.2748371531966225,70704,14777,252,2848,17625,LogisticRegression,HeavyCatBoost,0.95,0.19895193324826893,0.6041814836138676
0.18220422584506557,0.15975336322869954,0.9193548387096774,0.2722063037249284,70491,14990,250,2850,17840,LogisticRegression,HeavyCatBoost,0.95,0.19895193324826893,0.6041814836138676
0.1798180892085853,0.15797053284590673,0.92,0.2696416753332703,70279,15202,248,2852,18054,LogisticRegression,HeavyCatBoost,0.95,0.19895193324826893,0.6041814836138676
0.17728229958909122,0.15616618315178718,0.9203225806451613,0.26702232205531373,70065,15416,247,2853,18269,LogisticRegression,HeavyCatBoost,0.95,0.19895193324826893,0.6041814836138676
0.1749075095954409,0.15440380869941572,0.9206451612903226,0.2644551519644181,69851,15630,246,2854,18484,LogisticRegression,HeavyCatBoost,0.95,0.19895193324826893,0.6041814836138676
0.17250456698735564,0.15268196160222472,0.9209677419354839,0.2619386210376623,69637,15844,245,2855,18699,LogisticRegression,HeavyCatBoost,0.95,0.19895193324826893,0.6041814836138676
0.1703205898724389,0.15105213069683832,0.9216129032258065,0.2595620968474607,69424,16057,243,2857,18914,LogisticRegression,HeavyCatBoost,0.95,0.19895193324826893,0.6041814836138676
0.16818573965318195,0.14940666004495792,0.9219354838709677,0.2571415718205947,69210,16271,242,2858,19129,LogisticRegression,HeavyCatBoost,0.95,0.19895193324826893,0.6041814836138676
0.16612115462050592,0.1477460711331679,0.9219354838709677,0.2546783104615932,68995,16486,242,2858,19344,LogisticRegression,HeavyCatBoost,0.95,0.19895193324826893,0.6041814836138676
0.1639920843616077,0.14612198987678307,0.9219354838709677,0.2522617944304691,68780,16701,242,2858,19559,LogisticRegression,HeavyCatBoost,0.95,0.19895193324826893,0.6041814836138676
0.16202924524164722,0.1446343683624962,0.9225806451612903,0.25006557663723,68567,16914,240,2860,19774,LogisticRegression,HeavyCatBoost,0.95,0.19895193324826893,0.6041814836138676
0.16041385071146758,0.14322877582670468,0.9235483870967742,0.247996881631946,68355,17126,237,2863,19989,LogisticRegression,HeavyCatBoost,0.95,0.19895193324826893,0.6041814836138676
0.1582019015624342,0.1418036032468818,0.9241935483870968,0.245880535530381,68142,17339,235,2865,20204,LogisticRegression,HeavyCatBoost,0.95,0.19895193324826893,0.6041814836138676
0.15628074306116455,0.14031049512708751,0.9241935483870968,0.2436328075173264,67927,17554,235,2865,20419,LogisticRegression,HeavyCatBoost,0.95,0.19895193324826893,0.6041814836138676
0.15431542860161893,0.13884850247164873,0.9241935483870968,0.2414258026459931,67712,17769,235,2865,20634,LogisticRegression,HeavyCatBoost,0.95,0.19895193324826893,0.6041814836138676
0.15232985442935965,0.13751918649270914,0.9248387096774193,0.2394354434608318,67500,17981,233,2867,20848,LogisticRegression,HeavyCatBoost,0.95,0.19895193324826893,0.6041814836138676
0.15061027163344393,0.13616293975217206,0.9251612903225807,0.23738774158837894,67286,18195,232,2868,21063,LogisticRegression,HeavyCatBoost,0.95,0.19895193324826893,0.6041814836138676
0.14880322376639346,0.13488109784754207,0.9258064516129032,0.23545820001640824,67073,18408,230,2870,21278,LogisticRegression,HeavyCatBoost,0.95,0.19895193324826893,0.6041814836138676
0.1469647223307618,0.1335318475782813,0.9258064516129032,0.23339974789574267,66858,18623,230,2870,21493,LogisticRegression,HeavyCatBoost,0.95,0.19895193324826893,0.6041814836138676
0.14519596194189507,0.13220932375161232,0.9258064516129032,0.23137697516930025,66643,18838,230,2870,21708,LogisticRegression,HeavyCatBoost,0.95,0.19895193324826893,0.6041814836138676
0.14346139643791547,0.13095835423983943,0.9261290322580645,0.22946888862246728,66429,19052,229,2871,21923,LogisticRegression,HeavyCatBoost,0.95,0.19895193324826893,0.6041814836138676
0.1419024750697217,0.1296865118800253,0.9261290322580645,0.22751406609081543,66214,19267,229,2871,22138,LogisticRegression,HeavyCatBoost,0.95,0.19895193324826893,0.6041814836138676
0.14028741411516124,0.12843913568648505,0.9261290322580645,0.22559226810199193,65999,19482,229,2871,22353,LogisticRegression,HeavyCatBoost,0.95,0.19895193324826893,0.6041814836138676
0.13845483719478643,0.1272598369372563,0.9264516129032258,0.22378058282686614,65785,19696,228,2872,22568,LogisticRegression,HeavyCatBoost,0.95,0.19895193324826893,0.6041814836138676
0.13660635724714953,0.1261466883202388,0.9270967741935484,0.2220762662751613,65572,19909,226,2874,22783,LogisticRegression,HeavyCatBoost,0.95,0.19895193324826893,0.6041814836138676
0.13500582957786125,0.12505435255239586,0.927741935483871,0.2204000306536899,65359,20122,224,2876,22998,LogisticRegression,HeavyCatBoost,0.95,0.19895193324826893,0.6041814836138676
0.133291648595206,0.12389609270667298,0.927741935483871,0.21859917151218028,65144,20337,224,2876,23213,LogisticRegression,HeavyCatBoost,0.95,0.19895193324826893,0.6041814836138676
0.1317642706414176,0.12280177565306472,0.9280645161290323,0.21690289505428229,64930,20551,223,2877,23428,LogisticRegression,HeavyCatBoost,0.95,0.19895193324826893,0.6041814836138676
0.13012979468603153,0.12176965698092458,0.9287096774193548,0.21530867890662975,64717,20764,221,2879,23643,LogisticRegression,HeavyCatBoost,0.95,0.19895193324826893,0.6041814836138676
0.12848873507646624,0.1207612021628872,0.9293548387096774,0.21374782060318287,64505,20976,219,2881,23857,LogisticRegression,HeavyCatBoost,0.95,0.19895193324826893,0.6041814836138676
0.1268886544665505,0.11984878697241609,0.9306451612903226,0.2123509495068453,64294,21187,215,2885,24072,LogisticRegression,HeavyCatBoost,0.95,0.19895193324826893,0.6041814836138676
0.1253862031243475,0.11882900317042039,0.9309677419354838,0.2107569284697119,64080,21401,214,2886,24287,LogisticRegression,HeavyCatBoost,0.95,0.19895193324826893,0.6041814836138676
0.123926115317914,0.1177863031589258,0.9309677419354838,0.20911528150134046,63865,21616,214,2886,24502,LogisticRegression,HeavyCatBoost,0.95,0.19895193324826893,0.6041814836138676
0.12233321189214855,0.11680220091435045,0.9312903225806451,0.20757090987525614,63651,21830,213,2887,24717,LogisticRegression,HeavyCatBoost,0.95,0.19895193324826893,0.6041814836138676
0.12081142689988686,0.11579496229744907,0.9312903225806451,0.2059788812785388,63436,22045,213,2887,24932,LogisticRegression,HeavyCatBoost,0.95,0.19895193324826893,0.6041814836138676
0.11949844596782412,0.1148844792619398,0.9319354838709677,0.2045526958615074,63223,22258,211,2889,25147,LogisticRegression,HeavyCatBoost,0.95,0.19895193324826893,0.6041814836138676
0.11795461621944545,0.11398943301001499,0.9325806451612904,0.2031480570585342,63010,22471,209,2891,25362,LogisticRegression,HeavyCatBoost,0.95,0.19895193324826893,0.6041814836138676
0.11663154267052123,0.11303123900379247,0.9325806451612904,0.20162499564110614,62795,22686,209,2891,25577,LogisticRegression,HeavyCatBoost,0.95,0.19895193324826893,0.6041814836138676
0.11528815652141311,0.11208901985111662,0.9325806451612904,0.20012460196594212,62580,22901,209,2891,25792,LogisticRegression,HeavyCatBoost,0.95,0.19895193324826893,0.6041814836138676
0.11393567577862697,0.11116237935940324,0.9325806451612904,0.19864637372453361,62365,23116,209,2891,26007,LogisticRegression,HeavyCatBoost,0.95,0.19895193324826893,0.6041814836138676
0.11262387732034225,0.11028907024635802,0.9329032258064516,0.1972580315121752,62151,23330,208,2892,26222,LogisticRegression,HeavyCatBoost,0.95,0.19895193324826893,0.6041814836138676
0.11140155953243316,0.10939213980406248,0.9329032258064516,0.19582218911873242,61936,23545,208,2892,26437,LogisticRegression,HeavyCatBoost,0.95,0.19895193324826893,0.6041814836138676
0.10994703515365216,0.10858472159687828,0.9335483870967742,0.19454154342565205,61723,23758,206,2894,26652,LogisticRegression,HeavyCatBoost,0.95,0.19895193324826893,0.6041814836138676
0.10845539640785636,0.10779423807042358,0.9341935483870968,0.19328572382032969,61511,23970,204,2896,26866,LogisticRegression,HeavyCatBoost,0.95,0.19895193324826893,0.6041814836138676
0.10707296797822513,0.10697537018573908,0.9345161290322581,0.19197508366190652,61297,24184,203,2897,27081,LogisticRegression,HeavyCatBoost,0.95,0.19895193324826893,0.6041814836138676
0.10595266935598432,0.10616940211019929,0.9348387096774193,0.19068298460323724,61083,24398,202,2898,27296,LogisticRegression,HeavyCatBoost,0.95,0.19895193324826893,0.6041814836138676
0.10454126276242122,0.10537603140561957,0.9351612903225807,0.1894090359674627,60869,24612,201,2899,27511,LogisticRegression,HeavyCatBoost,0.95,0.19895193324826893,0.6041814836138676
0.10330907469670253,0.10455889778547212,0.9351612903225807,0.18808797768117824,60654,24827,201,2899,27726,LogisticRegression,HeavyCatBoost,0.95,0.19895193324826893,0.6041814836138676
0.10198998192280366,0.10379012920081601,0.9354838709677419,0.18684965046229182,60440,25041,200,2900,27941,LogisticRegression,HeavyCatBoost,0.95,0.19895193324826893,0.6041814836138676
0.10087824129599256,0.10306861770137804,0.9361290322580645,0.1856923470693627,60227,25254,198,2902,28156,LogisticRegression,HeavyCatBoost,0.95,0.19895193324826893,0.6041814836138676
0.09966656029864848,0.10232279440273519,0.9364516129032258,0.1844873057735693,60013,25468,197,2903,28371,LogisticRegression,HeavyCatBoost,0.95,0.19895193324826893,0.6041814836138676
0.09857382892559505,0.10162317218218708,0.9370967741935484,0.18336173704475162,59800,25681,195,2905,28586,LogisticRegression,HeavyCatBoost,0.95,0.19895193324826893,0.6041814836138676
0.09728156628721672,0.10086455331412104,0.9370967741935484,0.18212595216450894,59585,25896,195,2905,28801,LogisticRegression,HeavyCatBoost,0.95,0.19895193324826893,0.6041814836138676
0.09608763416172142,0.10022056796250345,0.9380645161290323,0.18109353593224564,59373,26108,192,2908,29016,LogisticRegression,HeavyCatBoost,0.95,0.19895193324826893,0.6041814836138676
0.09486389952171433,0.09951763538708905,0.9383870967741935,0.17995113049395314,59159,26322,191,2909,29231,LogisticRegression,HeavyCatBoost,0.95,0.19895193324826893,0.6041814836138676
0.0937429576377128,0.09882496773755349,0.9387096774193548,0.1788238185952191,58945,26536,190,2910,29446,LogisticRegression,HeavyCatBoost,0.95,0.19895193324826893,0.6041814836138676
0.09275088688079809,0.09817605610060348,0.9393548387096774,0.1777723512713287,58732,26749,188,2912,29661,LogisticRegression,HeavyCatBoost,0.95,0.19895193324826893,0.6041814836138676
0.09159626452853402,0.09747280334728034,0.9393548387096774,0.17661865049279757,58518,26963,188,2912,29875,LogisticRegression,HeavyCatBoost,0.95,0.19895193324826893,0.6041814836138676
0.09051023383527375,0.09684280491857761,0.94,0.17559505875263634,58305,27176,186,2914,30090,LogisticRegression,HeavyCatBoost,0.95,0.19895193324826893,0.6041814836138676
0.08939536919937975,0.09618874773139746,0.9403225806451613,0.17452477174075737,58091,27390,185,2915,30305,LogisticRegression,HeavyCatBoost,0.95,0.19895193324826893,0.6041814836138676
0.08820997704941048,0.09554390563564875,0.9406451612903226,0.1734681737061273,57877,27604,184,2916,30520,LogisticRegression,HeavyCatBoost,0.95,0.19895193324826893,0.6041814836138676
0.08716106561774366,0.09487554904831626,0.9406451612903226,0.1723658933057485,57662,27819,184,2916,30735,LogisticRegression,HeavyCatBoost,0.95,0.19895193324826893,0.6041814836138676
0.08606314659477485,0.09421647819063005,0.9406451612903226,0.17127753303964757,57447,28034,184,2916,30950,LogisticRegression,HeavyCatBoost,0.95,0.19895193324826893,0.6041814836138676
0.08502310108306778,0.09356650088240012,0.9406451612903226,0.17020283087698818,57232,28249,184,2916,31165,LogisticRegression,HeavyCatBoost,0.95,0.19895193324826893,0.6041814836138676
0.08406253839337813,0.09292543021032505,0.9406451612903226,0.16914153132250578,57017,28464,184,2916,31380,LogisticRegression,HeavyCatBoost,0.95,0.19895193324826893,0.6041814836138676
0.08295844527667276,0.09232473492641241,0.9409677419354838,0.16815103040783974,56803,28678,183,2917,31595,LogisticRegression,HeavyCatBoost,0.95,0.19895193324826893,0.6041814836138676
0.0818947826560631,0.09170072304306821,0.9409677419354838,0.16711543970209108,56588,28893,183,2917,31810,LogisticRegression,HeavyCatBoost,0.95,0.19895193324826893,0.6041814836138676
0.0808438729922748,0.09108508977361436,0.9409677419354838,0.16609252669039143,56373,29108,183,2917,32025,LogisticRegression,HeavyCatBoost,0.95,0.19895193324826893,0.6041814836138676
0.07989605306901733,0.09050868486352358,0.9412903225806452,0.16513865308432374,56159,29322,182,2918,32240,LogisticRegression,HeavyCatBoost,0.95,0.19895193324826893,0.6041814836138676
0.07882579139339951,0.089909104914497,0.9412903225806452,0.16414006468851075,55944,29537,182,2918,32455,LogisticRegression,HeavyCatBoost,0.95,0.19895193324826893,0.6041814836138676
0.07771542126215093,0.08937863483318029,0.9419354838709677,0.163265306122449,55731,29750,180,2920,32670,LogisticRegression,HeavyCatBoost,0.95,0.19895193324826893,0.6041814836138676
0.07679321130038716,0.08879698333536067,0.9419354838709677,0.16229435304579817,55517,29964,180,2920,32884,LogisticRegression,HeavyCatBoost,0.95,0.19895193324826893,0.6041814836138676
0.07574630433736229,0.08831082510045621,0.9429032258064516,0.16149617392745655,55305,30176,177,2923,33099,LogisticRegression,HeavyCatBoost,0.95,0.19895193324826893,0.6041814836138676
0.0749043531873677,0.0877408897160353,0.9429032258064516,0.16054264843192181,55090,30391,177,2923,33314,LogisticRegression,HeavyCatBoost,0.95,0.19895193324826893,0.6041814836138676
0.07382677914857023,0.08717826359271079,0.9429032258064516,0.15960031668896232,54875,30606,177,2923,33529,LogisticRegression,HeavyCatBoost,0.95,0.19895193324826893,0.6041814836138676
0.07281845682670364,0.08662280701754387,0.9429032258064516,0.15866898273803062,54660,30821,177,2923,33744,LogisticRegression,HeavyCatBoost,0.95,0.19895193324826893,0.6041814836138676
0.07188906592248917,0.08607438381577785,0.9429032258064516,0.15774845516608652,54445,31036,177,2923,33959,LogisticRegression,HeavyCatBoost,0.95,0.19895193324826893,0.6041814836138676
0.07091225416857981,0.08556212325159478,0.9432258064516129,0.15689220368084994,54231,31250,176,2924,34174,LogisticRegression,HeavyCatBoost,0.95,0.19895193324826893,0.6041814836138676
0.07003823052969983,0.08505626799267207,0.9435483870967742,0.15604577342687187,54017,31464,175,2925,34389,LogisticRegression,HeavyCatBoost,0.95,0.19895193324826893,0.6041814836138676
0.06905708576906586,0.08452780025430585,0.9435483870967742,0.15515595162316992,53802,31679,175,2925,34604,LogisticRegression,HeavyCatBoost,0.95,0.19895193324826893,0.6041814836138676
0.06796779045961321,0.08403457882190758,0.9438709677419355,0.1543289643714233,53588,31893,174,2926,34819,LogisticRegression,HeavyCatBoost,0.95,0.19895193324826893,0.6041814836138676
0.06703718223813993,0.08351886738596792,0.9438709677419355,0.15345885561441233,53373,32108,174,2926,35034,LogisticRegression,HeavyCatBoost,0.95,0.19895193324826893,0.6041814836138676
0.06615880341334232,0.08300944707651281,0.9438709677419355,0.15259850322042295,53158,32323,174,2926,35249,LogisticRegression,HeavyCatBoost,0.95,0.19895193324826893,0.6041814836138676
0.06518035050858285,0.08250620347394541,0.9438709677419355,0.15174774400995747,52943,32538,174,2926,35464,LogisticRegression,HeavyCatBoost,0.95,0.19895193324826893,0.6041814836138676
0.06430464076560811,0.08200902491661761,0.9438709677419355,0.15090641842234198,52728,32753,174,2926,35679,LogisticRegression,HeavyCatBoost,0.95,0.19895193324826893,0.6041814836138676
0.06346397700266873,0.08152007355194606,0.9438709677419355,0.15007821916754288,52514,32967,174,2926,35893,LogisticRegression,HeavyCatBoost,0.95,0.19895193324826893,0.6041814836138676
0.06261280391052464,0.08103467375650825,0.9438709677419355,0.1492552540297898,52299,33182,174,2926,36108,LogisticRegression,HeavyCatBoost,0.95,0.19895193324826893,0.6041814836138676
0.06169731344173332,0.08055502023511274,0.9438709677419355,0.1484412652512493,52084,33397,174,2926,36323,LogisticRegression,HeavyCatBoost,0.95,0.19895193324826893,0.6041814836138676
0.060736519071839384,0.08008101154961958,0.9438709677419355,0.14763610676623443,51869,33612,174,2926,36538,LogisticRegression,HeavyCatBoost,0.95,0.19895193324826893,0.6041814836138676
0.05996581961870073,0.0796669659619623,0.944516129032258,0.1469400045165985,51656,33825,172,2928,36753,LogisticRegression,HeavyCatBoost,0.95,0.19895193324826893,0.6041814836138676
0.059152084001194136,0.079203635576715,0.944516129032258,0.14615154237795747,51441,34040,172,2928,36968,LogisticRegression,HeavyCatBoost,0.95,0.19895193324826893,0.6041814836138676
0.05833745233134881,0.07874566334077401,0.944516129032258,0.14537149666112256,51226,34255,172,2928,37183,LogisticRegression,HeavyCatBoost,0.95,0.19895193324826893,0.6041814836138676
0.05745556217075794,0.07831969624044066,0.9448387096774193,0.1446491184749864,51012,34469,171,2929,37398,LogisticRegression,HeavyCatBoost,0.95,0.19895193324826893,0.6041814836138676
0.056551435059243704,0.07792518544120385,0.9454838709677419,0.14398349421560683,50799,34682,169,2931,37613,LogisticRegression,HeavyCatBoost,0.95,0.19895193324826893,0.6041814836138676
0.05569809839046209,0.0774822882520884,0.9454838709677419,0.14322713057075842,50584,34897,169,2931,37828,LogisticRegression,HeavyCatBoost,0.95,0.19895193324826893,0.6041814836138676
0.05488606612880299,0.07704439712956392,0.9454838709677419,0.14247867194905572,50369,35112,169,2931,38043,LogisticRegression,HeavyCatBoost,0.95,0.19895193324826893,0.6041814836138676
0.05404683706567171,0.07661142767525746,0.9454838709677419,0.14173799506745974,50154,35327,169,2931,38258,LogisticRegression,HeavyCatBoost,0.95,0.19895193324826893,0.6041814836138676
0.053201487447106115,0.07618329737738154,0.9454838709677419,0.14100497919322635,49939,35542,169,2931,38473,LogisticRegression,HeavyCatBoost,0.95,0.19895193324826893,0.6041814836138676
0.052379945100426595,0.07576188383694782,0.9454838709677419,0.14028286309139204,49725,35756,169,2931,38687,LogisticRegression,HeavyCatBoost,0.95,0.19895193324826893,0.6041814836138676
0.05162556393599522,0.07536887563621408,0.9458064516129032,0.13961239940955195,49511,35970,168,2932,38902,LogisticRegression,HeavyCatBoost,0.95,0.19895193324826893,0.6041814836138676
0.05085127608044579,0.0749546233095585,0.9458064516129032,0.13890139043513275,49296,36185,168,2932,39117,LogisticRegression,HeavyCatBoost,0.95,0.19895193324826893,0.6041814836138676
0.05002780854463354,0.07454489982711278,0.9458064516129032,0.1381975867269985,49081,36400,168,2932,39332,LogisticRegression,HeavyCatBoost,0.95,0.19895193324826893,0.6041814836138676
0.04916728575829565,0.07413963132475282,0.9458064516129032,0.13750087931155766,48866,36615,168,2932,39547,LogisticRegression,HeavyCatBoost,0.95,0.19895193324826893,0.6041814836138676
0.04824357176651382,0.07376389517629899,0.9461290322580646,0.13685782278008493,48652,36829,167,2933,39762,LogisticRegression,HeavyCatBoost,0.95,0.19895193324826893,0.6041814836138676
0.04750097748623433,0.07336718613202592,0.9461290322580646,0.1361747568307914,48437,37044,167,2933,39977,LogisticRegression,HeavyCatBoost,0.95,0.19895193324826893,0.6041814836138676
0.046704137846002754,0.07297472133757962,0.9461290322580646,0.1354984754689088,48222,37259,167,2933,40192,LogisticRegression,HeavyCatBoost,0.95,0.19895193324826893,0.6041814836138676
0.045945333303549066,0.07258643304377954,0.9461290322580646,0.13482887811156827,48007,37474,167,2933,40407,LogisticRegression,HeavyCatBoost,0.95,0.19895193324826893,0.6041814836138676
0.04502812879802418,0.0722022549357491,0.9461290322580646,0.1341658661543388,47792,37689,167,2933,40622,LogisticRegression,HeavyCatBoost,0.95,0.19895193324826893,0.6041814836138676
0.044215692298952725,0.0718221220951588,0.9461290322580646,0.1335093429228213,47577,37904,167,2933,40837,LogisticRegression,HeavyCatBoost,0.95,0.19895193324826893,0.6041814836138676
0.04334526284659527,0.07144597096365585,0.9461290322580646,0.13285921362565684,47362,38119,167,2933,41052,LogisticRegression,HeavyCatBoost,0.95,0.19895193324826893,0.6041814836138676
0.042547303512013745,0.07107373930743693,0.9461290322580646,0.13221538530890076,47147,38334,167,2933,41267,LogisticRegression,HeavyCatBoost,0.95,0.19895193324826893,0.6041814836138676
0.041748449200850316,0.07072947302444434,0.9464516129032258,0.13162262796644386,46933,38548,166,2934,41482,LogisticRegression,HeavyCatBoost,0.95,0.19895193324826893,0.6041814836138676
0.0410589240263911,0.07039044512663085,0.9467741935483871,0.13103848557906958,46720,38761,165,2935,41696,LogisticRegression,HeavyCatBoost,0.95,0.19895193324826893,0.6041814836138676
0.04036655686567617,0.07005320798835628,0.9470967741935484,0.13045699940014663,46506,38975,164,2936,41911,LogisticRegression,HeavyCatBoost,0.95,0.19895193324826893,0.6041814836138676
0.039617940899958376,0.06969567488012154,0.9470967741935484,0.12983681952858978,46291,39190,164,2936,42126,LogisticRegression,HeavyCatBoost,0.95,0.19895193324826893,0.6041814836138676
0.03886540683105434,0.06934177274981697,0.9470967741935484,0.12922250830747564,46076,39405,164,2936,42341,LogisticRegression,HeavyCatBoost,0.95,0.19895193324826893,0.6041814836138676
0.03820560712409299,0.06899144656452674,0.9470967741935484,0.12861398282810582,45861,39620,164,2936,42556,LogisticRegression,HeavyCatBoost,0.95,0.19895193324826893,0.6041814836138676
0.03744521808267176,0.06864464239788642,0.9470967741935484,0.1280111617361732,45646,39835,164,2936,42771,LogisticRegression,HeavyCatBoost,0.95,0.19895193324826893,0.6041814836138676
0.0366926713043559,0.06832457079048992,0.9474193548387096,0.12745736232261423,45432,40049,163,2937,42986,LogisticRegression,HeavyCatBoost,0.95,0.19895193324826893,0.6041814836138676
0.03601291634659322,0.0680076850072915,0.947741935483871,0.12690870607546273,45218,40263,162,2938,43201,LogisticRegression,HeavyCatBoost,0.95,0.19895193324826893,0.6041814836138676
0.03529554639562075,0.06767090473558135,0.947741935483871,0.1263221257201823,45003,40478,162,2938,43416,LogisticRegression,HeavyCatBoost,0.95,0.19895193324826893,0.6041814836138676
0.034581077086017556,0.06733744356077101,0.947741935483871,0.1257409428430806,44788,40693,162,2938,43631,LogisticRegression,HeavyCatBoost,0.95,0.19895193324826893,0.6041814836138676
0.033821327629116195,0.06700725265702687,0.947741935483871,0.125165083287181,44573,40908,162,2938,43846,LogisticRegression,HeavyCatBoost,0.95,0.19895193324826893,0.6041814836138676
0.03310425610530905,0.06670297995960146,0.9480645161290323,0.1246368821695893,44359,41122,161,2939,44061,LogisticRegression,HeavyCatBoost,0.95,0.19895193324826893,0.6041814836138676
0.03235944026791401,0.06637907670069564,0.9480645161290323,0.12407125970955757,44144,41337,161,2939,44276,LogisticRegression,HeavyCatBoost,0.95,0.19895193324826893,0.6041814836138676
0.03166746442423274,0.06605830392663685,0.9480645161290323,0.12351074783047215,43929,41552,161,2939,44491,LogisticRegression,HeavyCatBoost,0.95,0.19895193324826893,0.6041814836138676
0.031074129255903107,0.0657420870148753,0.9480645161290323,0.12295784959732246,43715,41766,161,2939,44705,LogisticRegression,HeavyCatBoost,0.95,0.19895193324826893,0.6041814836138676
0.030471738279945933,0.06542742653606412,0.9480645161290323,0.12240733027905042,43500,41981,161,2939,44920,LogisticRegression,HeavyCatBoost,0.95,0.19895193324826893,0.6041814836138676
0.029782619528466555,0.06511576381965216,0.9480645161290323,0.1218617186690163,43285,42196,161,2939,45135,LogisticRegression,HeavyCatBoost,0.95,0.19895193324826893,0.6041814836138676
0.029160230580585277,0.06480705622932745,0.9480645161290323,0.12132094943240454,43070,42411,161,2939,45350,LogisticRegression,HeavyCatBoost,0.95,0.19895193324826893,0.6041814836138676
0.028496016589948093,0.06450126193350159,0.9480645161290323,0.12078495838898591,42855,42626,161,2939,45565,LogisticRegression,HeavyCatBoost,0.95,0.19895193324826893,0.6041814836138676
0.02771445144509544,0.06422018348623854,0.9483870967741935,0.12029459901800328,42641,42840,160,2940,45780,LogisticRegression,HeavyCatBoost,0.95,0.19895193324826893,0.6041814836138676
0.026968472513052108,0.06391999130340255,0.9483870967741935,0.1197677971280171,42426,43055,160,2940,45995,LogisticRegression,HeavyCatBoost,0.95,0.19895193324826893,0.6041814836138676
0.026234644924621107,0.06362259251244319,0.9483870967741935,0.1192455891299939,42211,43270,160,2940,46210,LogisticRegression,HeavyCatBoost,0.95,0.19895193324826893,0.6041814836138676
0.02558944065360403,0.06332794830371567,0.9483870967741935,0.1187279151943463,41996,43485,160,2940,46425,LogisticRegression,HeavyCatBoost,0.95,0.19895193324826893,0.6041814836138676
0.024914227159561195,0.06305746140651801,0.9487096774193549,0.11825492561318857,41782,43699,159,2941,46640,LogisticRegression,HeavyCatBoost,0.95,0.19895193324826893,0.6041814836138676
0.024263116841025358,0.0627681143954754,0.9487096774193549,0.1177459713742368,41567,43914,159,2941,46855,LogisticRegression,HeavyCatBoost,0.95,0.19895193324826893,0.6041814836138676
0.023544084936931536,0.06248141066496707,0.9487096774193549,0.11724137931034481,41352,44129,159,2941,47070,LogisticRegression,HeavyCatBoost,0.95,0.19895193324826893,0.6041814836138676
0.022934583122543276,0.06219731415882415,0.9487096774193549,0.11674109357943833,41137,44344,159,2941,47285,LogisticRegression,HeavyCatBoost,0.95,0.19895193324826893,0.6041814836138676
0.022272679636084907,0.06191578947368421,0.9487096774193549,0.11624505928853755,40922,44559,159,2941,47500,LogisticRegression,HeavyCatBoost,0.95,0.19895193324826893,0.6041814836138676
0.021660528282914246,0.06163809364127929,0.9487096774193549,0.11575550045263117,40708,44773,159,2941,47714,LogisticRegression,HeavyCatBoost,0.95,0.19895193324826893,0.6041814836138676
0.020978295422728048,0.06136159736276576,0.9487096774193549,0.11526778890434852,40493,44988,159,2941,47929,LogisticRegression,HeavyCatBoost,0.95,0.19895193324826893,0.6041814836138676
0.020268053666203316,0.061087570621468926,0.9487096774193549,0.1147841698540317,40278,45203,159,2941,48144,LogisticRegression,HeavyCatBoost,0.95,0.19895193324826893,0.6041814836138676
0.019529887244115328,0.06081598047933166,0.9487096774193549,0.11430459200528577,40063,45418,159,2941,48359,LogisticRegression,HeavyCatBoost,0.95,0.19895193324826893,0.6041814836138676
0.01887846310258956,0.06054679458146334,0.9487096774193549,0.11382900491543137,39848,45633,159,2941,48574,LogisticRegression,HeavyCatBoost,0.95,0.19895193324826893,0.6041814836138676
0.018288151247995356,0.060279981143290494,0.9487096774193549,0.11335735897781803,39633,45848,159,2941,48789,LogisticRegression,HeavyCatBoost,0.95,0.19895193324826893,0.6041814836138676
0.01762919624247085,0.06003591543547466,0.9490322580645161,0.11292799017349917,39419,46062,158,2942,49004,LogisticRegression,HeavyCatBoost,0.95,0.19895193324826893,0.6041814836138676
0.017012010319107703,0.05977366464170341,0.9490322580645161,0.11246392324012311,39204,46277,158,2942,49219,LogisticRegression,HeavyCatBoost,0.95,0.19895193324826893,0.6041814836138676
0.016378110325890604,0.05951369502771372,0.9490322580645161,0.11200365477595461,38989,46492,158,2942,49434,LogisticRegression,HeavyCatBoost,0.95,0.19895193324826893,0.6041814836138676
0.015700700413793463,0.059276118350822776,0.9493548387096774,0.1115850537450947,38775,46706,157,2943,49649,LogisticRegression,HeavyCatBoost,0.95,0.19895193324826893,0.6041814836138676
0.015086856353312647,0.05902053585753249,0.9493548387096774,0.11113208972132013,38560,46921,157,2943,49864,LogisticRegression,HeavyCatBoost,0.95,0.19895193324826893,0.6041814836138676
0.01442567771102327,0.058767147906308034,0.9493548387096774,0.11068278831869724,38345,47136,157,2943,50079,LogisticRegression,HeavyCatBoost,0.95,0.19895193324826893,0.6041814836138676
0.013818183027690447,0.058535809440489917,0.9496774193548387,0.11027456268494586,38131,47350,156,2944,50294,LogisticRegression,HeavyCatBoost,0.95,0.19895193324826893,0.6041814836138676
0.013106611789468136,0.05828664198459681,0.9496774193548387,0.10983230427726687,37916,47565,156,2944,50509,LogisticRegression,HeavyCatBoost,0.95,0.19895193324826893,0.6041814836138676
0.012328022337540585,0.05804073102931609,0.9496774193548387,0.1093956115415343,37702,47779,156,2944,50723,LogisticRegression,HeavyCatBoost,0.95,0.19895193324826893,0.6041814836138676
0.01163750018331907,0.05779575169814284,0.9496774193548387,0.1089603612272845,37487,47994,156,2944,50938,LogisticRegression,HeavyCatBoost,0.95,0.19895193324826893,0.6041814836138676
0.01091294934966697,0.057552831700975506,0.9496774193548387,0.10852856063259175,37272,48209,156,2944,51153,LogisticRegression,HeavyCatBoost,0.95,0.19895193324826893,0.6041814836138676
0.01011547329972186,0.057311945179878525,0.9496774193548387,0.10810016890651392,37057,48424,156,2944,51368,LogisticRegression,HeavyCatBoost,0.95,0.19895193324826893,0.6041814836138676
0.00943274572479013,0.057073066708023965,0.9496774193548387,0.10767514584057204,36842,48639,156,2944,51583,LogisticRegression,HeavyCatBoost,0.95,0.19895193324826893,0.6041814836138676
0.008635248107756902,0.05683617128074443,0.9496774193548387,0.10725345185616963,36627,48854,156,2944,51798,LogisticRegression,HeavyCatBoost,0.95,0.19895193324826893,0.6041814836138676
0.00782138183925713,0.05660014611450763,0.9496774193548387,0.10683310955474108,36411,49070,156,2944,52014,LogisticRegression,HeavyCatBoost,0.95,0.19895193324826893,0.6041814836138676
0.006944033128615004,0.05636715234831224,0.9496774193548387,0.10641797249182164,36196,49285,156,2944,52229,LogisticRegression,HeavyCatBoost,0.95,0.19895193324826893,0.6041814836138676
0.006153339330337952,0.05613606894973686,0.9496774193548387,0.10600604925824574,35981,49500,156,2944,52444,LogisticRegression,HeavyCatBoost,0.95,0.19895193324826893,0.6041814836138676
0.005303705754300012,0.05590687251941738,0.9496774193548387,0.10559730267759465,35766,49715,156,2944,52659,LogisticRegression,HeavyCatBoost,0.95,0.19895193324826893,0.6041814836138676
0.004353385112865946,0.055698452925823656,0.95,0.10522742701968771,35552,49929,155,2945,52874,LogisticRegression,HeavyCatBoost,0.95,0.19895193324826893,0.6041814836138676
0.0033413796458776086,0.05547288515511688,0.95,0.10482478776984819,35337,50144,155,2945,53089,LogisticRegression,HeavyCatBoost,0.95,0.19895193324826893,0.6041814836138676
0.0021163953987384464,0.05524913702536395,0.95,0.10442521806964045,35122,50359,155,2945,53304,LogisticRegression,HeavyCatBoost,0.95,0.19895193324826893,0.6041814836138676
9.61454121149934e-05,0.055027186606625686,0.95,0.10402868295095287,34907,50574,155,2945,53519,LogisticRegression,HeavyCatBoost,0.95,0.19895193324826893,0.6041814836138676
0.9998735189437866,1.0,0.0003225806451612903,0.0006449532408900355,85481,0,3099,1,1,LogisticRegression,XGBoost,0.95,0.19895193324826893,0.6041814836138676
0.9987286925315857,0.9954337899543378,0.0703225806451613,0.13136486893642663,85480,1,2882,218,219,LogisticRegression,XGBoost,0.95,0.19895193324826893,0.6041814836138676
0.9966707825660706,0.9931350114416476,0.14,0.24540571105456604,85478,3,2666,434,437,LogisticRegression,XGBoost,0.95,0.19895193324826893,0.6041814836138676
0.9937117099761963,0.9831288343558282,0.2067741935483871,0.3416844349680171,85470,11,2459,641,652,LogisticRegression,XGBoost,0.95,0.19895193324826893,0.6041814836138676
0.9886337518692017,0.9746543778801844,0.2729032258064516,0.4264112903225806,85459,22,2254,846,868,LogisticRegression,XGBoost,0.95,0.19895193324826893,0.6041814836138676
0.9798259139060974,0.9566020313942751,0.33419354838709675,0.49533827396605307,85434,47,2064,1036,1083,LogisticRegression,XGBoost,0.95,0.19895193324826893,0.6041814836138676
0.9630098938941956,0.9475713184271396,0.3964516129032258,0.5590175119399591,85413,68,1871,1229,1297,LogisticRegression,XGBoost,0.95,0.19895193324826893,0.6041814836138676
0.9423097372055054,0.9332010582010583,0.4551612903225806,0.6118820468343452,85380,101,1689,1411,1512,LogisticRegression,XGBoost,0.95,0.19895193324826893,0.6041814836138676
0.9208090305328369,0.9166184134337001,0.5106451612903226,0.6558939299772116,85337,144,1517,1583,1727,LogisticRegression,XGBoost,0.95,0.19895193324826893,0.6041814836138676
0.8906611204147339,0.8948995363214838,0.5603225806451613,0.6891489783773062,85277,204,1363,1737,1941,LogisticRegression,XGBoost,0.95,0.19895193324826893,0.6041814836138676
0.8546673655509949,0.858534322820037,0.5970967741935483,0.7043378995433789,85176,305,1249,1851,2156,LogisticRegression,XGBoost,0.95,0.19895193324826893,0.6041814836138676
0.8228564262390137,0.8199072121467735,0.6270967741935484,0.7106561871687077,85054,427,1156,1944,2371,LogisticRegression,XGBoost,0.95,0.19895193324826893,0.6041814836138676
0.7922274470329285,0.7845261121856867,0.6541935483870968,0.7134564643799473,84924,557,1072,2028,2585,LogisticRegression,XGBoost,0.95,0.19895193324826893,0.6041814836138676
0.764813244342804,0.7507142857142857,0.6780645161290323,0.712542372881356,84783,698,998,2102,2800,LogisticRegression,XGBoost,0.95,0.19895193324826893,0.6041814836138676
0.7376941442489624,0.7154228855721393,0.6958064516129032,0.7054783319705641,84623,858,943,2157,3015,LogisticRegression,XGBoost,0.95,0.19895193324826893,0.6041814836138676
0.7134378552436829,0.68328173374613,0.7119354838709677,0.6973143759873617,84458,1023,893,2207,3230,LogisticRegression,XGBoost,0.95,0.19895193324826893,0.6041814836138676
0.6888054609298706,0.6528301886792452,0.7254838709677419,0.6872421695951108,84285,1196,851,2249,3445,LogisticRegression,XGBoost,0.95,0.19895193324826893,0.6041814836138676
0.6674918532371521,0.6254098360655738,0.7383870967741936,0.6772189349112425,84110,1371,811,2289,3660,LogisticRegression,XGBoost,0.95,0.19895193324826893,0.6041814836138676
0.6470661163330078,0.6,0.75,0.6666666666666665,83931,1550,775,2325,3875,LogisticRegression,XGBoost,0.95,0.19895193324826893,0.6041814836138676
0.6271455883979797,0.5735941320293398,0.756774193548387,0.6525730180806675,83737,1744,754,2346,4090,LogisticRegression,XGBoost,0.95,0.19895193324826893,0.6041814836138676
0.6091496348381042,0.5507549361207897,0.7648387096774194,0.6403781228899392,83547,1934,729,2371,4305,LogisticRegression,XGBoost,0.95,0.19895193324826893,0.6041814836138676
0.5919338464736938,0.531090949325072,0.7741935483870968,0.6300039375246095,83362,2119,700,2400,4519,LogisticRegression,XGBoost,0.95,0.19895193324826893,0.6041814836138676
0.5732720494270325,0.5114068441064639,0.7809677419354839,0.6180750574419198,83168,2313,679,2421,4734,LogisticRegression,XGBoost,0.95,0.19895193324826893,0.6041814836138676
0.5584471225738525,0.4946453829056375,0.7896774193548387,0.6082743197912783,82980,2501,652,2448,4949,LogisticRegression,XGBoost,0.95,0.19895193324826893,0.6041814836138676
0.5430428981781006,0.4770482277745497,0.7945161290322581,0.596151518818831,82781,2700,637,2463,5163,LogisticRegression,XGBoost,0.95,0.19895193324826893,0.6041814836138676
0.5297963619232178,0.46169579769431013,0.8009677419354839,0.5857513564519934,82586,2895,617,2483,5378,LogisticRegression,XGBoost,0.95,0.19895193324826893,0.6041814836138676
0.5152171850204468,0.4461923489452985,0.8051612903225807,0.5741890959282263,82383,3098,604,2496,5594,LogisticRegression,XGBoost,0.95,0.19895193324826893,0.6041814836138676
0.5021864771842957,0.431301652892562,0.8080645161290323,0.5624158060170633,82178,3303,595,2505,5808,LogisticRegression,XGBoost,0.95,0.19895193324826893,0.6041814836138676
0.4897492825984955,0.4175659970114561,0.8112903225806452,0.5513537213635865,81973,3508,585,2515,6023,LogisticRegression,XGBoost,0.95,0.19895193324826893,0.6041814836138676
0.4776218831539154,0.40589932670727796,0.8167741935483871,0.5423002784322125,81775,3706,568,2532,6238,LogisticRegression,XGBoost,0.95,0.19895193324826893,0.6041814836138676
0.465908408164978,0.39383137011779296,0.8196774193548387,0.532035175879397,81570,3911,559,2541,6452,LogisticRegression,XGBoost,0.95,0.19895193324826893,0.6041814836138676
0.45509734749794006,0.38278086095695213,0.8232258064516129,0.5225760212962015,81366,4115,548,2552,6667,LogisticRegression,XGBoost,0.95,0.19895193324826893,0.6041814836138676
0.4444355368614197,0.3725661145015984,0.8270967741935484,0.5137247044680425,81163,4318,536,2564,6882,LogisticRegression,XGBoost,0.95,0.19895193324826893,0.6041814836138676
0.43498495221138,0.36230454993661076,0.8296774193548387,0.5043631728600844,80954,4527,528,2572,7099,LogisticRegression,XGBoost,0.95,0.19895193324826893,0.6041814836138676
0.425387442111969,0.3525632262474368,0.8319354838709677,0.4952472395583294,80745,4736,521,2579,7315,LogisticRegression,XGBoost,0.95,0.19895193324826893,0.6041814836138676
0.41653648018836975,0.34395750332005315,0.8354838709677419,0.48730009407337715,80541,4940,510,2590,7530,LogisticRegression,XGBoost,0.95,0.19895193324826893,0.6041814836138676
0.40791812539100647,0.33548553719008267,0.8380645161290322,0.4791589819254887,80335,5146,502,2598,7744,LogisticRegression,XGBoost,0.95,0.19895193324826893,0.6041814836138676
0.39887651801109314,0.32793064455333587,0.8419354838709677,0.4720137444615246,80132,5349,490,2610,7959,LogisticRegression,XGBoost,0.95,0.19895193324826893,0.6041814836138676
0.39051154255867004,0.3205285050159041,0.8451612903225807,0.4647862338123115,79927,5554,480,2620,8174,LogisticRegression,XGBoost,0.95,0.19895193324826893,0.6041814836138676
0.3820379078388214,0.3126713553462868,0.8461290322580645,0.456610671076682,79715,5766,477,2623,8389,LogisticRegression,XGBoost,0.95,0.19895193324826893,0.6041814836138676
0.37425264716148376,0.30567178056717803,0.8483870967741935,0.449419002050581,79507,5974,470,2630,8604,LogisticRegression,XGBoost,0.95,0.19895193324826893,0.6041814836138676
0.36733734607696533,0.29924027667536,0.8512903225806452,0.44282238442822386,79301,6180,461,2639,8819,LogisticRegression,XGBoost,0.95,0.19895193324826893,0.6041814836138676
0.36015504598617554,0.2935901693789439,0.8554838709677419,0.4371548668919476,79100,6381,448,2652,9033,LogisticRegression,XGBoost,0.95,0.19895193324826893,0.6041814836138676
0.3526439964771271,0.28784602076124566,0.8587096774193549,0.431162941367023,78895,6586,438,2662,9248,LogisticRegression,XGBoost,0.95,0.19895193324826893,0.6041814836138676
0.3456457555294037,0.2819699852039738,0.8606451612903225,0.42477312529851935,78687,6794,432,2668,9462,LogisticRegression,XGBoost,0.95,0.19895193324826893,0.6041814836138676
0.33842432498931885,0.276090101260591,0.8619354838709677,0.4182188135858506,78475,7006,428,2672,9678,LogisticRegression,XGBoost,0.95,0.19895193324826893,0.6041814836138676
0.33198925852775574,0.2702921257454766,0.8625806451612903,0.41160624951897173,78262,7219,426,2674,9893,LogisticRegression,XGBoost,0.95,0.19895193324826893,0.6041814836138676
0.32654768228530884,0.2646418678274634,0.8629032258064516,0.4050575408843125,78048,7433,425,2675,10108,LogisticRegression,XGBoost,0.95,0.19895193324826893,0.6041814836138676
0.3213009536266327,0.26000193742129224,0.8658064516129033,0.3999106012068837,77842,7639,416,2684,10323,LogisticRegression,XGBoost,0.95,0.19895193324826893,0.6041814836138676
0.3156898319721222,0.2553615486809641,0.8680645161290322,0.3946326440827101,77634,7847,409,2691,10538,LogisticRegression,XGBoost,0.95,0.19895193324826893,0.6041814836138676
0.3100125789642334,0.25102306547619047,0.8706451612903225,0.38969101934738665,77428,8053,401,2699,10752,LogisticRegression,XGBoost,0.95,0.19895193324826893,0.6041814836138676
0.3038751780986786,0.24646667274550926,0.8719354838709678,0.38430368948603116,77217,8264,397,2703,10967,LogisticRegression,XGBoost,0.95,0.19895193324826893,0.6041814836138676
0.2990793287754059,0.24215326835375123,0.8735483870967742,0.3791920464888328,77006,8475,392,2708,11183,LogisticRegression,XGBoost,0.95,0.19895193324826893,0.6041814836138676
0.29407820105552673,0.23813284197595858,0.8754838709677419,0.3744222942677795,76798,8683,386,2714,11397,LogisticRegression,XGBoost,0.95,0.19895193324826893,0.6041814836138676
0.28964558243751526,0.23415432311401999,0.8770967741935484,0.36963023382272975,76588,8893,381,2719,11612,LogisticRegression,XGBoost,0.95,0.19895193324826893,0.6041814836138676
0.2851569354534149,0.2304050054958992,0.8790322580645161,0.36511020298787433,76379,9102,375,2725,11827,LogisticRegression,XGBoost,0.95,0.19895193324826893,0.6041814836138676
0.2804056406021118,0.22697450377875591,0.8816129032258064,0.3610065385377452,76173,9308,367,2733,12041,LogisticRegression,XGBoost,0.95,0.19895193324826893,0.6041814836138676
0.27535954117774963,0.22299281984334204,0.8816129032258064,0.3559520708517843,75958,9523,367,2733,12256,LogisticRegression,XGBoost,0.95,0.19895193324826893,0.6041814836138676
0.2712477743625641,0.21938898243925908,0.8825806451612903,0.3514225162160427,75746,9735,364,2736,12471,LogisticRegression,XGBoost,0.95,0.19895193324826893,0.6041814836138676
0.26698964834213257,0.2160819865983445,0.8841935483870967,0.34729173265758634,75537,9944,359,2741,12685,LogisticRegression,XGBoost,0.95,0.19895193324826893,0.6041814836138676
0.2627449333667755,0.2127906976744186,0.885483870967742,0.34312500000000007,75326,10155,355,2745,12900,LogisticRegression,XGBoost,0.95,0.19895193324826893,0.6041814836138676
0.25921738147735596,0.20953107129241327,0.8864516129032258,0.338945420906568,75114,10367,352,2748,13115,LogisticRegression,XGBoost,0.95,0.19895193324826893,0.6041814836138676
0.2546859681606293,0.20646710180808764,0.8877419354838709,0.33501734737354677,74904,10577,348,2752,13329,LogisticRegression,XGBoost,0.95,0.19895193324826893,0.6041814836138676
0.2509958744049072,0.2033372711163615,0.8883870967741936,0.330930064888248,74691,10790,346,2754,13544,LogisticRegression,XGBoost,0.95,0.19895193324826893,0.6041814836138676
0.24761903285980225,0.20045061414346974,0.8896774193548387,0.32718429325582776,74480,11001,342,2758,13759,LogisticRegression,XGBoost,0.95,0.19895193324826893,0.6041814836138676
0.24395260214805603,0.1975953624847921,0.8906451612903226,0.3234346629180577,74269,11212,339,2761,13973,LogisticRegression,XGBoost,0.95,0.19895193324826893,0.6041814836138676
0.240800142288208,0.19486926492353232,0.8919354838709678,0.31985655619179826,74057,11424,335,2765,14189,LogisticRegression,XGBoost,0.95,0.19895193324826893,0.6041814836138676
0.2372760772705078,0.1921688419883366,0.8929032258064517,0.3162705667276051,73845,11636,332,2768,14404,LogisticRegression,XGBoost,0.95,0.19895193324826893,0.6041814836138676
0.23393099009990692,0.1895478486900609,0.8938709677419355,0.3127716011061572,73633,11848,329,2771,14619,LogisticRegression,XGBoost,0.95,0.19895193324826893,0.6041814836138676
0.23093940317630768,0.18719245028648465,0.8958064516129032,0.3096738221354893,73423,12058,323,2777,14835,LogisticRegression,XGBoost,0.95,0.19895193324826893,0.6041814836138676
0.2275519073009491,0.18471760797342193,0.896774193548387,0.30633608815427005,73211,12270,320,2780,15050,LogisticRegression,XGBoost,0.95,0.19895193324826893,0.6041814836138676
0.22444318234920502,0.18225890985324947,0.8974193548387097,0.3029840993247659,72999,12482,318,2782,15264,LogisticRegression,XGBoost,0.95,0.19895193324826893,0.6041814836138676
0.22146812081336975,0.18010335917312661,0.8993548387096775,0.30010764262648004,72789,12692,312,2788,15480,LogisticRegression,XGBoost,0.95,0.19895193324826893,0.6041814836138676
0.2186598926782608,0.17769990442816183,0.8996774193548387,0.296781058792232,72575,12906,311,2789,15695,LogisticRegression,XGBoost,0.95,0.19895193324826893,0.6041814836138676
0.21580874919891357,0.1757495757118612,0.9019354838709678,0.2941764427376506,72368,13113,304,2796,15909,LogisticRegression,XGBoost,0.95,0.19895193324826893,0.6041814836138676
0.21288277208805084,0.17345736434108527,0.902258064516129,0.2909752925877763,72153,13328,303,2797,16125,LogisticRegression,XGBoost,0.95,0.19895193324826893,0.6041814836138676
0.2102147936820984,0.17123623011015912,0.9025806451612903,0.28786008230452675,71939,13542,302,2798,16340,LogisticRegression,XGBoost,0.95,0.19895193324826893,0.6041814836138676
0.20758643746376038,0.16900217443827012,0.9025806451612903,0.28469678469678467,71723,13758,302,2798,16556,LogisticRegression,XGBoost,0.95,0.19895193324826893,0.6041814836138676
0.20487385988235474,0.1671337427702582,0.9041935483870968,0.28211967188364956,71513,13968,297,2803,16771,LogisticRegression,XGBoost,0.95,0.19895193324826893,0.6041814836138676
0.20250919461250305,0.16512627303231883,0.9048387096774193,0.27928510977248966,71299,14182,295,2805,16987,LogisticRegression,XGBoost,0.95,0.19895193324826893,0.6041814836138676
0.19991430640220642,0.16324632288820418,0.9058064516129032,0.2766366188857692,71088,14393,292,2808,17201,LogisticRegression,XGBoost,0.95,0.19895193324826893,0.6041814836138676
0.1971173733472824,0.16151814423518604,0.9074193548387097,0.2742249951257555,70878,14603,287,2813,17416,LogisticRegression,XGBoost,0.95,0.19895193324826893,0.6041814836138676
0.19480372965335846,0.1595961887477314,0.9077419354838709,0.2714644028554891,70663,14818,286,2814,17632,LogisticRegression,XGBoost,0.95,0.19895193324826893,0.6041814836138676
0.1920599788427353,0.15785049871119577,0.9087096774193548,0.26897737038097963,70452,15029,283,2817,17846,LogisticRegression,XGBoost,0.95,0.19895193324826893,0.6041814836138676
0.18966923654079437,0.15608216599302363,0.9093548387096774,0.26643353338689096,70239,15242,281,2819,18061,LogisticRegression,XGBoost,0.95,0.19895193324826893,0.6041814836138676
0.18739303946495056,0.1543638850889193,0.91,0.263953216374269,70027,15454,279,2821,18275,LogisticRegression,XGBoost,0.95,0.19895193324826893,0.6041814836138676
0.18492574989795685,0.15267712276906437,0.9106451612903226,0.2615099583140343,69814,15667,277,2823,18490,LogisticRegression,XGBoost,0.95,0.19895193324826893,0.6041814836138676
0.18291132152080536,0.15091414519405538,0.9106451612903226,0.2589195634229111,69598,15883,277,2823,18706,LogisticRegression,XGBoost,0.95,0.19895193324826893,0.6041814836138676
0.18041309714317322,0.1492600422832981,0.9109677419354839,0.25649409627611264,69385,16096,276,2824,18920,LogisticRegression,XGBoost,0.95,0.19895193324826893,0.6041814836138676
0.17821012437343597,0.14779200418082047,0.912258064516129,0.2543737351023162,69174,16307,272,2828,19135,LogisticRegression,XGBoost,0.95,0.19895193324826893,0.6041814836138676
0.1762685477733612,0.1462532299741602,0.9129032258064517,0.2521158129175946,68961,16520,270,2830,19350,LogisticRegression,XGBoost,0.95,0.19895193324826893,0.6041814836138676
0.17375150322914124,0.14465344510325087,0.9129032258064517,0.24973526297211437,68747,16734,270,2830,19564,LogisticRegression,XGBoost,0.95,0.19895193324826893,0.6041814836138676
0.1716100424528122,0.14322548028311427,0.9138709677419354,0.24763986013986014,68534,16947,267,2833,19780,LogisticRegression,XGBoost,0.95,0.19895193324826893,0.6041814836138676
0.16981187462806702,0.14168542135533885,0.9138709677419354,0.2453344879844122,68319,17162,267,2833,19995,LogisticRegression,XGBoost,0.95,0.19895193324826893,0.6041814836138676
0.16766513884067535,0.14022761009401286,0.9141935483870968,0.24315744315744314,68105,17376,266,2834,20210,LogisticRegression,XGBoost,0.95,0.19895193324826893,0.6041814836138676
0.1656513661146164,0.13880048959608324,0.9145161290322581,0.24102019128586608,67891,17590,265,2835,20425,LogisticRegression,XGBoost,0.95,0.19895193324826893,0.6041814836138676
0.16363555192947388,0.1374515503875969,0.9151612903225806,0.23900589721988208,67678,17803,263,2837,20640,LogisticRegression,XGBoost,0.95,0.19895193324826893,0.6041814836138676
0.161626398563385,0.1360889997122854,0.915483870967742,0.23695416214410953,67465,18016,262,2838,20854,LogisticRegression,XGBoost,0.95,0.19895193324826893,0.6041814836138676
0.15966303646564484,0.13468748516918988,0.915483870967742,0.23482685863224523,67248,18233,262,2838,21071,LogisticRegression,XGBoost,0.95,0.19895193324826893,0.6041814836138676
0.15790018439292908,0.13341476018227086,0.9161290322580645,0.23291097715996223,67034,18447,260,2840,21287,LogisticRegression,XGBoost,0.95,0.19895193324826893,0.6041814836138676
0.15618930757045746,0.1320868796800149,0.9161290322580645,0.2308849233770985,66820,18661,260,2840,21501,LogisticRegression,XGBoost,0.95,0.19895193324826893,0.6041814836138676
0.15450341999530792,0.1308191739190496,0.9164516129032259,0.22895595760970303,66605,18876,259,2841,21717,LogisticRegression,XGBoost,0.95,0.19895193324826893,0.6041814836138676
0.15286403894424438,0.1296279409082619,0.9170967741935484,0.2271492489613295,66392,19089,257,2843,21932,LogisticRegression,XGBoost,0.95,0.19895193324826893,0.6041814836138676
0.15130870044231415,0.12846563713537434,0.917741935483871,0.22538223877049832,66180,19301,255,2845,22146,LogisticRegression,XGBoost,0.95,0.19895193324826893,0.6041814836138676
0.14955976605415344,0.1273589124407477,0.9187096774193548,0.22370591469641035,65967,19514,252,2848,22362,LogisticRegression,XGBoost,0.95,0.19895193324826893,0.6041814836138676
0.14779677987098694,0.12623466359569474,0.9193548387096774,0.22198855006425985,65754,19727,250,2850,22577,LogisticRegression,XGBoost,0.95,0.19895193324826893,0.6041814836138676
0.14618705213069916,0.12509323855908033,0.9196774193548387,0.2202309682901394,65541,19940,249,2851,22791,LogisticRegression,XGBoost,0.95,0.19895193324826893,0.6041814836138676
0.1445000022649765,0.12396766061027557,0.92,0.2184938328353635,65327,20154,248,2852,23006,LogisticRegression,XGBoost,0.95,0.19895193324826893,0.6041814836138676
0.14282307028770447,0.1229490547349382,0.9209677419354839,0.21693704646479994,65115,20366,245,2855,23221,LogisticRegression,XGBoost,0.95,0.19895193324826893,0.6041814836138676
0.14105857908725739,0.12182632814166844,0.9209677419354839,0.21518748822310158,64901,20580,245,2855,23435,LogisticRegression,XGBoost,0.95,0.19895193324826893,0.6041814836138676
0.1394687294960022,0.12076109936575052,0.9212903225806451,0.21353271028037382,64687,20794,244,2856,23650,LogisticRegression,XGBoost,0.95,0.19895193324826893,0.6041814836138676
0.13796737790107727,0.11971506390111042,0.9216129032258065,0.21190432041535326,64473,21008,243,2857,23865,LogisticRegression,XGBoost,0.95,0.19895193324826893,0.6041814836138676
0.1363573670387268,0.11873416670127497,0.922258064516129,0.21038301629934875,64261,21220,241,2859,24079,LogisticRegression,XGBoost,0.95,0.19895193324826893,0.6041814836138676
0.1347234547138214,0.11776570346587635,0.9229032258064516,0.20887785646491933,64048,21433,239,2861,24294,LogisticRegression,XGBoost,0.95,0.19895193324826893,0.6041814836138676
0.133151575922966,0.11677343016850952,0.9232258064516129,0.20732369879387155,63834,21647,238,2862,24509,LogisticRegression,XGBoost,0.95,0.19895193324826893,0.6041814836138676
0.1316530555486679,0.11584354649516644,0.9238709677419354,0.20587283901807857,63622,21859,236,2864,24723,LogisticRegression,XGBoost,0.95,0.19895193324826893,0.6041814836138676
0.13039137423038483,0.11484021011267492,0.9238709677419354,0.20428688612290025,63406,22075,236,2864,24939,LogisticRegression,XGBoost,0.95,0.19895193324826893,0.6041814836138676
0.12891434133052826,0.11385863083406218,0.9238709677419354,0.20273235648049837,63191,22290,236,2864,25154,LogisticRegression,XGBoost,0.95,0.19895193324826893,0.6041814836138676
0.12738648056983948,0.11297697887101861,0.9245161290322581,0.20134888295630182,62979,22502,234,2866,25368,LogisticRegression,XGBoost,0.95,0.19895193324826893,0.6041814836138676
0.12583795189857483,0.11202751827385374,0.9245161290322581,0.19983962625945684,62764,22717,234,2866,25583,LogisticRegression,XGBoost,0.95,0.19895193324826893,0.6041814836138676
0.12452240288257599,0.11124893402589348,0.9258064516129032,0.19862966295245343,62553,22928,230,2870,25798,LogisticRegression,XGBoost,0.95,0.19895193324826893,0.6041814836138676
0.12326406687498093,0.1104874673227741,0.9270967741935484,0.19744435284418796,62343,23138,226,2874,26012,LogisticRegression,XGBoost,0.95,0.19895193324826893,0.6041814836138676
0.12179838865995407,0.10969611469096732,0.9280645161290323,0.19620145258635388,62131,23350,223,2877,26227,LogisticRegression,XGBoost,0.95,0.19895193324826893,0.6041814836138676
0.120477594435215,0.10887981241963543,0.9287096774193548,0.19490894319951255,61918,23563,221,2879,26442,LogisticRegression,XGBoost,0.95,0.19895193324826893,0.6041814836138676
0.11914452910423279,0.10800570228091237,0.9287096774193548,0.19350719182685844,61704,23777,221,2879,26656,LogisticRegression,XGBoost,0.95,0.19895193324826893,0.6041814836138676
0.11740239709615707,0.1071415280413829,0.9287096774193548,0.1921190484134663,61489,23992,221,2879,26871,LogisticRegression,XGBoost,0.95,0.19895193324826893,0.6041814836138676
0.11586516350507736,0.10629499723093963,0.9287096774193548,0.19075699850919328,61275,24206,221,2879,27085,LogisticRegression,XGBoost,0.95,0.19895193324826893,0.6041814836138676
0.11445053666830063,0.1054945054945055,0.9290322580645162,0.18947368421052632,61061,24420,220,2880,27300,LogisticRegression,XGBoost,0.95,0.19895193324826893,0.6041814836138676
0.11301153898239136,0.10470652371433764,0.9293548387096774,0.18820839457782132,60847,24634,219,2881,27515,LogisticRegression,XGBoost,0.95,0.19895193324826893,0.6041814836138676
0.1117534339427948,0.10389844567059757,0.9293548387096774,0.1869019429757696,60633,24848,219,2881,27729,LogisticRegression,XGBoost,0.95,0.19895193324826893,0.6041814836138676
0.11047091335058212,0.10320641282565131,0.9303225806451613,0.18580079886612552,60421,25060,216,2884,27944,LogisticRegression,XGBoost,0.95,0.19895193324826893,0.6041814836138676
0.1091623306274414,0.1025604602436166,0.9316129032258065,0.18477878371029144,60210,25271,212,2888,28159,LogisticRegression,XGBoost,0.95,0.19895193324826893,0.6041814836138676
0.10808895528316498,0.10182215486554118,0.9319354838709677,0.1835859307978267,59997,25484,211,2889,28373,LogisticRegression,XGBoost,0.95,0.19895193324826893,0.6041814836138676
0.1066918894648552,0.10112634671890304,0.9325806451612904,0.1824665488513002,59784,25697,209,2891,28588,LogisticRegression,XGBoost,0.95,0.19895193324826893,0.6041814836138676
0.10534167289733887,0.1004027218441883,0.9329032258064516,0.1812938816449348,59569,25912,208,2892,28804,LogisticRegression,XGBoost,0.95,0.19895193324826893,0.6041814836138676
0.10418058931827545,0.09969673995451099,0.9332258064516129,0.18014820349959526,59356,26125,207,2893,29018,LogisticRegression,XGBoost,0.95,0.19895193324826893,0.6041814836138676
0.10297039896249771,0.09902852842580556,0.9338709677419355,0.17906847281499347,59142,26339,205,2895,29234,LogisticRegression,XGBoost,0.95,0.19895193324826893,0.6041814836138676
0.10186383873224258,0.09830220713073005,0.9338709677419355,0.17788018433179725,58926,26555,205,2895,29450,LogisticRegression,XGBoost,0.95,0.19895193324826893,0.6041814836138676
0.10074519366025925,0.09762346199224675,0.9341935483870968,0.17677399664275903,58712,26769,204,2896,29665,LogisticRegression,XGBoost,0.95,0.19895193324826893,0.6041814836138676
0.0996972993016243,0.09692101740294512,0.9341935483870968,0.17562158884172224,58497,26984,204,2896,29880,LogisticRegression,XGBoost,0.95,0.19895193324826893,0.6041814836138676
0.09852778911590576,0.0962618375145373,0.9345161290322581,0.17454435909022445,58283,27198,203,2897,30095,LogisticRegression,XGBoost,0.95,0.19895193324826893,0.6041814836138676
0.09739691764116287,0.09558217031244845,0.9345161290322581,0.1734263222484959,58069,27412,203,2897,30309,LogisticRegression,XGBoost,0.95,0.19895193324826893,0.6041814836138676
0.0962749570608139,0.09494168523129341,0.9348387096774193,0.17237687366167023,57855,27626,202,2898,30524,LogisticRegression,XGBoost,0.95,0.19895193324826893,0.6041814836138676
0.09518609195947647,0.09434269169458993,0.9354838709677419,0.1713998640621768,57642,27839,200,2900,30739,LogisticRegression,XGBoost,0.95,0.19895193324826893,0.6041814836138676
0.09413227438926697,0.09375201912515345,0.9361290322580645,0.1704351911669701,57429,28052,198,2902,30954,LogisticRegression,XGBoost,0.95,0.19895193324826893,0.6041814836138676
0.09308286011219025,0.09310532901280118,0.9361290322580645,0.16936589920919784,57214,28267,198,2902,31169,LogisticRegression,XGBoost,0.95,0.19895193324826893,0.6041814836138676
0.09188633412122726,0.0924993627326026,0.9364516129032258,0.16836793875420486,57000,28481,197,2903,31384,LogisticRegression,XGBoost,0.95,0.19895193324826893,0.6041814836138676
0.09073639661073685,0.09186708860759493,0.9364516129032258,0.1673198847262248,56784,28697,197,2903,31600,LogisticRegression,XGBoost,0.95,0.19895193324826893,0.6041814836138676
0.08956662565469742,0.09124626748389125,0.9364516129032258,0.16628956036087642,56569,28912,197,2903,31815,LogisticRegression,XGBoost,0.95,0.19895193324826893,0.6041814836138676
0.08841430395841599,0.09063378083047144,0.9364516129032258,0.16527184742385426,56354,29127,197,2903,32030,LogisticRegression,XGBoost,0.95,0.19895193324826893,0.6041814836138676
0.08739905059337616,0.09006326758466691,0.9367741935483871,0.16432775011317338,56141,29340,196,2904,32244,LogisticRegression,XGBoost,0.95,0.19895193324826893,0.6041814836138676
0.08627790212631226,0.08946671185187467,0.9367741935483871,0.163334177001603,55926,29555,196,2904,32459,LogisticRegression,XGBoost,0.95,0.19895193324826893,0.6041814836138676
0.0851888358592987,0.08890861235232907,0.9370967741935484,0.16240845306647284,55712,29769,195,2905,32674,LogisticRegression,XGBoost,0.95,0.19895193324826893,0.6041814836138676
0.08413666486740112,0.08836049622962783,0.9374193548387096,0.16149827720351226,55499,29982,194,2906,32888,LogisticRegression,XGBoost,0.95,0.19895193324826893,0.6041814836138676
0.08311442285776138,0.08784702292843549,0.9380645161290323,0.16064966991685772,55286,30195,192,2908,33103,LogisticRegression,XGBoost,0.95,0.19895193324826893,0.6041814836138676
0.0821540430188179,0.08727752933761518,0.9380645161290323,0.15969686152832313,55070,30411,192,2908,33319,LogisticRegression,XGBoost,0.95,0.19895193324826893,0.6041814836138676
0.08109582215547562,0.08672054394178869,0.9380645161290323,0.1587639559959599,54856,30625,192,2908,33533,LogisticRegression,XGBoost,0.95,0.19895193324826893,0.6041814836138676
0.08021547645330429,0.08616806921891668,0.9380645161290323,0.15783760312635692,54641,30840,192,2908,33748,LogisticRegression,XGBoost,0.95,0.19895193324826893,0.6041814836138676
0.07922844588756561,0.0856225892883432,0.9380645161290323,0.15692199767962658,54426,31055,192,2908,33963,LogisticRegression,XGBoost,0.95,0.19895193324826893,0.6041814836138676
0.07820311933755875,0.08516925597589163,0.9390322580645162,0.15617371710614558,54213,31268,189,2911,34179,LogisticRegression,XGBoost,0.95,0.19895193324826893,0.6041814836138676
0.07721611857414246,0.08463685526545328,0.9390322580645162,0.15527817784178805,53998,31483,189,2911,34394,LogisticRegression,XGBoost,0.95,0.19895193324826893,0.6041814836138676
0.0761653333902359,0.08413996359328499,0.9393548387096774,0.15444588824948952,53784,31697,188,2912,34609,LogisticRegression,XGBoost,0.95,0.19895193324826893,0.6041814836138676
0.07512645423412323,0.08368032622117566,0.94,0.15367982490836699,53572,31909,186,2914,34823,LogisticRegression,XGBoost,0.95,0.19895193324826893,0.6041814836138676
0.07417576760053635,0.08316447387197123,0.94,0.1528094601326726,53356,32125,186,2914,35039,LogisticRegression,XGBoost,0.95,0.19895193324826893,0.6041814836138676
0.07327737659215927,0.08265494256133882,0.94,0.1519488984487029,53140,32341,186,2914,35255,LogisticRegression,XGBoost,0.95,0.19895193324826893,0.6041814836138676
0.07230544090270996,0.08215393290104314,0.94,0.1511018926626912,52925,32556,186,2914,35470,LogisticRegression,XGBoost,0.95,0.19895193324826893,0.6041814836138676
0.07143265753984451,0.0816869833263276,0.9403225806451613,0.15031584375402862,52711,32770,185,2915,35685,LogisticRegression,XGBoost,0.95,0.19895193324826893,0.6041814836138676
0.07060942053794861,0.08125348189415042,0.9409677419354838,0.1495897435897436,52498,32983,183,2917,35900,LogisticRegression,XGBoost,0.95,0.19895193324826893,0.6041814836138676
0.06976764649152756,0.08082290397607708,0.9416129032258065,0.14886780905752753,52284,33197,181,2919,36116,LogisticRegression,XGBoost,0.95,0.19895193324826893,0.6041814836138676
0.06885935366153717,0.08039965869367757,0.942258064516129,0.14815754102102408,52071,33410,179,2921,36331,LogisticRegression,XGBoost,0.95,0.19895193324826893,0.6041814836138676
0.06800459325313568,0.07992885483650294,0.942258064516129,0.14735780047925337,51857,33624,179,2921,36545,LogisticRegression,XGBoost,0.95,0.19895193324826893,0.6041814836138676
0.06699997186660767,0.07951577801958651,0.9429032258064516,0.1466633216256899,51644,33837,177,2923,36760,LogisticRegression,XGBoost,0.95,0.19895193324826893,0.6041814836138676
0.06610997021198273,0.07907832107312851,0.9432258064516129,0.14592274678111586,51429,34052,176,2924,36976,LogisticRegression,XGBoost,0.95,0.19895193324826893,0.6041814836138676
0.06521302461624146,0.07862117178887365,0.9432258064516129,0.14514407684098185,51214,34267,176,2924,37191,LogisticRegression,XGBoost,0.95,0.19895193324826893,0.6041814836138676
0.06431461125612259,0.07816927765599102,0.9432258064516129,0.14437367303609341,50999,34482,176,2924,37406,LogisticRegression,XGBoost,0.95,0.19895193324826893,0.6041814836138676
0.06356073915958405,0.07772254857659286,0.9432258064516129,0.1436114044350581,50784,34697,176,2924,37621,LogisticRegression,XGBoost,0.95,0.19895193324826893,0.6041814836138676
0.06274209171533585,0.07728089650068717,0.9432258064516129,0.14285714285714288,50569,34912,176,2924,37836,LogisticRegression,XGBoost,0.95,0.19895193324826893,0.6041814836138676
0.06192489713430405,0.07684423536832147,0.9432258064516129,0.14211076280041796,50354,35127,176,2924,38051,LogisticRegression,XGBoost,0.95,0.19895193324826893,0.6041814836138676
0.06102779880166054,0.07641248105367689,0.9432258064516129,0.14137214137214135,50139,35342,176,2924,38266,LogisticRegression,XGBoost,0.95,0.19895193324826893,0.6041814836138676
0.06024153530597687,0.07598555131103661,0.9432258064516129,0.140641158221303,49924,35557,176,2924,38481,LogisticRegression,XGBoost,0.95,0.19895193324826893,0.6041814836138676
0.05933292955160141,0.0755892081868927,0.9435483870967742,0.1399655469422911,49710,35771,175,2925,38696,LogisticRegression,XGBoost,0.95,0.19895193324826893,0.6041814836138676
0.0585784949362278,0.07517154532137442,0.9435483870967742,0.13924924424555474,49495,35986,175,2925,38911,LogisticRegression,XGBoost,0.95,0.19895193324826893,0.6041814836138676
0.05765136703848839,0.07476038338658147,0.9435483870967742,0.13854351687388988,49281,36200,175,2925,39125,LogisticRegression,XGBoost,0.95,0.19895193324826893,0.6041814836138676
0.05688776448369026,0.07435180477885105,0.9435483870967742,0.13784165881244112,49066,36415,175,2925,39340,LogisticRegression,XGBoost,0.95,0.19895193324826893,0.6041814836138676
0.056072402745485306,0.07394766780432309,0.9435483870967742,0.1371468760989333,48851,36630,175,2925,39555,LogisticRegression,XGBoost,0.95,0.19895193324826893,0.6041814836138676
0.0551363080739975,0.07354790042745789,0.9435483870967742,0.1364590622813156,48636,36845,175,2925,39770,LogisticRegression,XGBoost,0.95,0.19895193324826893,0.6041814836138676
0.05445777624845505,0.07315243216206077,0.9435483870967742,0.13577811303237786,48421,37060,175,2925,39985,LogisticRegression,XGBoost,0.95,0.19895193324826893,0.6041814836138676
0.05359905958175659,0.07275938409492301,0.9435483870967742,0.13510080598600496,48205,37276,175,2925,40201,LogisticRegression,XGBoost,0.95,0.19895193324826893,0.6041814836138676
0.05274664983153343,0.07242360509711741,0.9441935483870968,0.13452832356658626,47993,37488,173,2927,40415,LogisticRegression,XGBoost,0.95,0.19895193324826893,0.6041814836138676
0.05189697444438934,0.07206497661826236,0.944516129032258,0.1339126457809284,47779,37702,172,2928,40630,LogisticRegression,XGBoost,0.95,0.19895193324826893,0.6041814836138676
0.05116332694888115,0.0717101236381442,0.9448387096774193,0.13330299237683468,47565,37916,171,2929,40845,LogisticRegression,XGBoost,0.95,0.19895193324826893,0.6041814836138676
0.050378456711769104,0.07136072481063835,0.9451612903225807,0.13270228039584228,47352,38129,170,2930,41059,LogisticRegression,XGBoost,0.95,0.19895193324826893,0.6041814836138676
0.049458906054496765,0.0710132286669574,0.9454838709677419,0.13210438545093972,47138,38343,169,2931,41274,LogisticRegression,XGBoost,0.95,0.19895193324826893,0.6041814836138676
0.048675332218408585,0.07064523126611873,0.9454838709677419,0.13146740227410347,46923,38558,169,2931,41489,LogisticRegression,XGBoost,0.95,0.19895193324826893,0.6041814836138676
0.047865770757198334,0.07030500671398426,0.9458064516129032,0.1308811713239889,46709,38772,168,2932,41704,LogisticRegression,XGBoost,0.95,0.19895193324826893,0.6041814836138676
0.047092050313949585,0.06996827214389656,0.9461290322580646,0.1303005397720962,46495,38986,167,2933,41919,LogisticRegression,XGBoost,0.95,0.19895193324826893,0.6041814836138676
0.04630525782704353,0.06961124032847582,0.9461290322580646,0.1296812132466729,46280,39201,167,2933,42134,LogisticRegression,XGBoost,0.95,0.19895193324826893,0.6041814836138676
0.04550324007868767,0.06925946916029092,0.9461290322580646,0.12907058616440767,46066,39415,167,2933,42348,LogisticRegression,XGBoost,0.95,0.19895193324826893,0.6041814836138676
0.044688720256090164,0.06893311091793342,0.9464516129032258,0.12850666841863218,45852,39629,166,2934,42563,LogisticRegression,XGBoost,0.95,0.19895193324826893,0.6041814836138676
0.043897662311792374,0.06861003319463276,0.9467741935483871,0.1279480360957322,45638,39843,165,2935,42778,LogisticRegression,XGBoost,0.95,0.19895193324826893,0.6041814836138676
0.04313362389802933,0.06826851507257164,0.9467741935483871,0.12735398767682027,45424,40057,165,2935,42992,LogisticRegression,XGBoost,0.95,0.19895193324826893,0.6041814836138676
0.042340442538261414,0.06795195222996274,0.9470967741935484,0.12680588247997066,45210,40271,164,2936,43207,LogisticRegression,XGBoost,0.95,0.19895193324826893,0.6041814836138676
0.04161146283149719,0.06761393731432651,0.9470967741935484,0.1262171399092922,44994,40487,164,2936,43423,LogisticRegression,XGBoost,0.95,0.19895193324826893,0.6041814836138676
0.040869683027267456,0.06728235213236473,0.9470967741935484,0.12563921518283158,44780,40701,164,2936,43637,LogisticRegression,XGBoost,0.95,0.19895193324826893,0.6041814836138676
0.04019731283187866,0.06695247651190367,0.9470967741935484,0.12506389504174473,44565,40916,164,2936,43852,LogisticRegression,XGBoost,0.95,0.19895193324826893,0.6041814836138676
0.0393945649266243,0.06662430788780975,0.9470967741935484,0.1244911804613297,44349,41132,164,2936,44068,LogisticRegression,XGBoost,0.95,0.19895193324826893,0.6041814836138676
0.038595400750637054,0.06632491757373199,0.9474193548387096,0.1239711282765607,44136,41345,163,2937,44282,LogisticRegression,XGBoost,0.95,0.19895193324826893,0.6041814836138676
0.03791385143995285,0.0660044497381846,0.9474193548387096,0.12341113935752256,43921,41560,163,2937,44497,LogisticRegression,XGBoost,0.95,0.19895193324826893,0.6041814836138676
0.037065282464027405,0.0656885330231934,0.9474193548387096,0.12285875635314047,43707,41774,163,2937,44711,LogisticRegression,XGBoost,0.95,0.19895193324826893,0.6041814836138676
0.03623339161276817,0.06539642968436986,0.947741935483871,0.12235039353683422,43493,41988,162,2938,44926,LogisticRegression,XGBoost,0.95,0.19895193324826893,0.6041814836138676
0.03539980947971344,0.06508495602667198,0.947741935483871,0.12180510354262972,43278,42203,162,2938,45141,LogisticRegression,XGBoost,0.95,0.19895193324826893,0.6041814836138676
0.0346483550965786,0.06477786352111123,0.947741935483871,0.12126715509235372,43064,42417,162,2938,45355,LogisticRegression,XGBoost,0.95,0.19895193324826893,0.6041814836138676
0.03388691321015358,0.06449276952447829,0.9480645161290323,0.12077006841856547,42849,42632,161,2939,45571,LogisticRegression,XGBoost,0.95,0.19895193324826893,0.6041814836138676
0.03316650167107582,0.06421036538755542,0.9483870967741935,0.12027737435310003,42634,42847,160,2940,45787,LogisticRegression,XGBoost,0.95,0.19895193324826893,0.6041814836138676
0.032413870096206665,0.0639116540944762,0.9483870967741935,0.11975316185006414,42420,43061,160,2940,46001,LogisticRegression,XGBoost,0.95,0.19895193324826893,0.6041814836138676
0.03162495046854019,0.06361433269863251,0.9483870967741935,0.1192310811906886,42205,43276,160,2940,46216,LogisticRegression,XGBoost,0.95,0.19895193324826893,0.6041814836138676
0.030749524012207985,0.06331976481230213,0.9483870967741935,0.11871353293896751,41990,43491,160,2940,46431,LogisticRegression,XGBoost,0.95,0.19895193324826893,0.6041814836138676
0.02994968555867672,0.06302926358666523,0.9483870967741935,0.11820283445572417,41776,43705,160,2940,46645,LogisticRegression,XGBoost,0.95,0.19895193324826893,0.6041814836138676
0.029206298291683197,0.06273873796974029,0.9483870967741935,0.11769179960369087,41560,43921,160,2940,46861,LogisticRegression,XGBoost,0.95,0.19895193324826893,0.6041814836138676
0.02838951349258423,0.062452204945195,0.9483870967741935,0.11718749999999999,41345,44136,160,2940,47076,LogisticRegression,XGBoost,0.95,0.19895193324826893,0.6041814836138676
0.027712633833289146,0.06219073799957708,0.9487096774193549,0.11672950982337767,41132,44349,159,2941,47290,LogisticRegression,XGBoost,0.95,0.19895193324826893,0.6041814836138676
0.02702990360558033,0.06190927270813599,0.9487096774193549,0.11623357375753383,40917,44564,159,2941,47505,LogisticRegression,XGBoost,0.95,0.19895193324826893,0.6041814836138676
0.02621646411716938,0.0616303436714166,0.9487096774193549,0.11574183392365212,40702,44779,159,2941,47720,LogisticRegression,XGBoost,0.95,0.19895193324826893,0.6041814836138676
0.02551618218421936,0.06135519672883548,0.9487096774193549,0.11525649566955362,40488,44993,159,2941,47934,LogisticRegression,XGBoost,0.95,0.19895193324826893,0.6041814836138676
0.02482537366449833,0.06110199588776506,0.9490322580645161,0.11481199633163575,40274,45207,158,2942,48149,LogisticRegression,XGBoost,0.95,0.19895193324826893,0.6041814836138676
0.023977970704436302,0.06083036969646845,0.9490322580645161,0.11433234882636406,40059,45422,158,2942,48364,LogisticRegression,XGBoost,0.95,0.19895193324826893,0.6041814836138676
0.023176560178399086,0.060562394499567705,0.9490322580645161,0.11385889546809087,39845,45636,158,2942,48578,LogisticRegression,XGBoost,0.95,0.19895193324826893,0.6041814836138676
0.022421004250645638,0.06033528712546624,0.9496774193548387,0.11346205727059003,39631,45850,156,2944,48794,LogisticRegression,XGBoost,0.95,0.19895193324826893,0.6041814836138676
0.021706651896238327,0.06009100369319921,0.95,0.11303229768370147,39417,46064,155,2945,49009,LogisticRegression,XGBoost,0.95,0.19895193324826893,0.6041814836138676
0.02097822166979313,0.05982975438311359,0.95,0.11256999789767407,39203,46278,155,2945,49223,LogisticRegression,XGBoost,0.95,0.19895193324826893,0.6041814836138676
0.020156117156147957,0.0595695618754804,0.95,0.11210933038943241,38988,46493,155,2945,49438,LogisticRegression,XGBoost,0.95,0.19895193324826893,0.6041814836138676
0.019303197041153908,0.05931162266126921,0.95,0.11165241787196938,38773,46708,155,2945,49653,LogisticRegression,XGBoost,0.95,0.19895193324826893,0.6041814836138676
0.01854548789560795,0.059057091864359194,0.95,0.11120131402571412,38559,46922,155,2945,49867,LogisticRegression,XGBoost,0.95,0.19895193324826893,0.6041814836138676
0.017703009769320488,0.05880356215806078,0.95,0.11075175811364749,38344,47137,155,2945,50082,LogisticRegression,XGBoost,0.95,0.19895193324826893,0.6041814836138676
0.01688108965754509,0.05855219993240154,0.95,0.11030582242448078,38129,47352,155,2945,50297,LogisticRegression,XGBoost,0.95,0.19895193324826893,0.6041814836138676
0.01608061045408249,0.05830413177327711,0.95,0.10986551267463768,37915,47566,155,2945,50511,LogisticRegression,XGBoost,0.95,0.19895193324826893,0.6041814836138676
0.015324331820011139,0.058057012183101366,0.95,0.10942667112547838,37700,47781,155,2945,50726,LogisticRegression,XGBoost,0.95,0.19895193324826893,0.6041814836138676
0.01447455957531929,0.057810843704605236,0.95,0.10898930461492913,37484,47997,155,2945,50942,LogisticRegression,XGBoost,0.95,0.19895193324826893,0.6041814836138676
0.013623302802443504,0.05756900461333959,0.95,0.10855942199941018,37270,48211,155,2945,51156,LogisticRegression,XGBoost,0.95,0.19895193324826893,0.6041814836138676
0.01272538024932146,0.057326948532274394,0.95,0.10812894698193568,37054,48427,155,2945,51372,LogisticRegression,XGBoost,0.95,0.19895193324826893,0.6041814836138676
0.011978127993643284,0.057088026053075384,0.95,0.10770384186369705,36839,48642,155,2945,51587,LogisticRegression,XGBoost,0.95,0.19895193324826893,0.6041814836138676
0.01099341083317995,0.05685218432076601,0.95,0.10728402032749859,36625,48856,155,2945,51801,LogisticRegression,XGBoost,0.95,0.19895193324826893,0.6041814836138676
0.010049327276647091,0.05661719470932021,0.95,0.10686551999419407,36410,49071,155,2945,52016,LogisticRegression,XGBoost,0.95,0.19895193324826893,0.6041814836138676
0.009112061001360416,0.05638413968715897,0.95,0.10645027199942166,36195,49286,155,2945,52231,LogisticRegression,XGBoost,0.95,0.19895193324826893,0.6041814836138676
0.008084593340754509,0.05615406616455334,0.95,0.10604014762804932,35981,49500,155,2945,52445,LogisticRegression,XGBoost,0.95,0.19895193324826893,0.6041814836138676
0.006981403101235628,0.055924800607671854,0.95,0.1056312769010043,35766,49715,155,2945,52660,LogisticRegression,XGBoost,0.95,0.19895193324826893,0.6041814836138676
0.005811269395053387,0.05569739952718676,0.95,0.10522554711924965,35551,49930,155,2945,52875,LogisticRegression,XGBoost,0.95,0.19895193324826893,0.6041814836138676
0.004571958445012569,0.05547288515511688,0.95,0.10482478776984819,35337,50144,155,2945,53089,LogisticRegression,XGBoost,0.95,0.19895193324826893,0.6041814836138676
0.003047916106879711,0.05524913702536395,0.95,0.10442521806964045,35122,50359,155,2945,53304,LogisticRegression,XGBoost,0.95,0.19895193324826893,0.6041814836138676
9.150996629614383e-05,0.055027186606625686,0.95,0.10402868295095287,34907,50574,155,2945,53519,LogisticRegression,XGBoost,0.95,0.19895193324826893,0.6041814836138676
0.9999822212193916,1.0,0.0003225806451612903,0.0006449532408900355,85481,0,3099,1,1,LogisticRegression,HeavyCatBoost,0.97,0.1597408493109236,0.6832164911211208
0.9990733474801021,0.9877049180327869,0.07774193548387097,0.14413875598086126,85478,3,2859,241,244,LogisticRegression,HeavyCatBoost,0.97,0.1597408493109236,0.6832164911211208
0.9977587667413271,0.9897330595482546,0.15548387096774194,0.26874825759687765,85476,5,2618,482,487,LogisticRegression,HeavyCatBoost,0.97,0.1597408493109236,0.6832164911211208
0.9959279129511986,0.9835616438356164,0.23161290322580644,0.37493472584856397,85469,12,2382,718,730,LogisticRegression,HeavyCatBoost,0.97,0.1597408493109236,0.6832164911211208
0.9930863892834275,0.9794450154162384,0.3074193548387097,0.4679597348391849,85461,20,2147,953,973,LogisticRegression,HeavyCatBoost,0.97,0.1597408493109236,0.6832164911211208
0.9885005793308808,0.9712171052631579,0.3809677419354839,0.5472659870250232,85446,35,1919,1181,1216,LogisticRegression,HeavyCatBoost,0.97,0.1597408493109236,0.6832164911211208
0.980693513753527,0.9650445510623715,0.4541935483870968,0.6176793156393947,85430,51,1692,1408,1459,LogisticRegression,HeavyCatBoost,0.97,0.1597408493109236,0.6832164911211208
0.9693416721466321,0.9535840188014101,0.5235483870967742,0.6759683465222824,85402,79,1477,1623,1702,LogisticRegression,HeavyCatBoost,0.97,0.1597408493109236,0.6832164911211208
0.9473602975831267,0.9377892030848329,0.5883870967741935,0.7230921704658078,85360,121,1276,1824,1945,LogisticRegression,HeavyCatBoost,0.97,0.1597408493109236,0.6832164911211208
0.9193405733121511,0.9122486288848263,0.6438709677419355,0.7549167927382753,85289,192,1104,1996,2188,LogisticRegression,HeavyCatBoost,0.97,0.1597408493109236,0.6832164911211208
0.8817107846079771,0.8794734677087618,0.6896774193548387,0.7730970891339722,85188,293,962,2138,2431,LogisticRegression,HeavyCatBoost,0.97,0.1597408493109236,0.6832164911211208
0.8475528367401848,0.8403141361256544,0.7248387096774194,0.7783165916175963,85054,427,853,2247,2674,LogisticRegression,HeavyCatBoost,0.97,0.1597408493109236,0.6832164911211208
0.806715148837276,0.8004799451491258,0.7532258064516129,0.7761342861891307,84899,582,765,2335,2917,LogisticRegression,HeavyCatBoost,0.97,0.1597408493109236,0.6832164911211208
0.76784634264339,0.7591772151898735,0.7738709677419355,0.7664536741214059,84720,761,701,2399,3160,LogisticRegression,HeavyCatBoost,0.97,0.1597408493109236,0.6832164911211208
0.7359290074306775,0.7190714075815456,0.7893548387096774,0.7525757342764877,84525,956,653,2447,3403,LogisticRegression,HeavyCatBoost,0.97,0.1597408493109236,0.6832164911211208
0.7041556087999495,0.6829402084476138,0.8032258064516129,0.7382152386599468,84325,1156,610,2490,3646,LogisticRegression,HeavyCatBoost,0.97,0.1597408493109236,0.6832164911211208
0.6745580223860371,0.6500385703265621,0.8154838709677419,0.7234225211045929,84120,1361,572,2528,3889,LogisticRegression,HeavyCatBoost,0.97,0.1597408493109236,0.6832164911211208
0.6452820760864012,0.6173765730880929,0.8229032258064516,0.7054756637168141,83900,1581,549,2551,4132,LogisticRegression,HeavyCatBoost,0.97,0.1597408493109236,0.6832164911211208
0.6206084201665947,0.5874285714285714,0.8290322580645161,0.6876254180602007,83676,1805,530,2570,4375,LogisticRegression,HeavyCatBoost,0.97,0.1597408493109236,0.6832164911211208
0.5976059303427179,0.5625812039844088,0.8380645161290322,0.6732314071002851,83461,2020,502,2598,4618,LogisticRegression,HeavyCatBoost,0.97,0.1597408493109236,0.6832164911211208
0.5767957992514696,0.5404237811149969,0.8474193548387097,0.6599673407863333,83247,2234,473,2627,4861,LogisticRegression,HeavyCatBoost,0.97,0.1597408493109236,0.6832164911211208
0.5561949138955148,0.5164576802507836,0.8503225806451613,0.6426133593369088,83013,2468,464,2636,5104,LogisticRegression,HeavyCatBoost,0.97,0.1597408493109236,0.6832164911211208
0.5366870268270525,0.49635309519356646,0.8561290322580645,0.6283887770806202,82788,2693,446,2654,5347,LogisticRegression,HeavyCatBoost,0.97,0.1597408493109236,0.6832164911211208
0.5201801052935334,0.4773743516365588,0.8609677419354839,0.6141985962489932,82559,2922,431,2669,5591,LogisticRegression,HeavyCatBoost,0.97,0.1597408493109236,0.6832164911211208
0.503598523350558,0.4592046623243058,0.8641935483870967,0.5997313633310947,82326,3155,421,2679,5834,LogisticRegression,HeavyCatBoost,0.97,0.1597408493109236,0.6832164911211208
0.4875447809550333,0.4424880697712687,0.8674193548387097,0.5860302931241146,82093,3388,411,2689,6077,LogisticRegression,HeavyCatBoost,0.97,0.1597408493109236,0.6832164911211208
0.47297488504690943,0.42753164556962026,0.8716129032258064,0.5736730360934182,81863,3618,398,2702,6320,LogisticRegression,HeavyCatBoost,0.97,0.1597408493109236,0.6832164911211208
0.45845029707799306,0.4130732896541216,0.8745161290322581,0.5611093863189486,81629,3852,389,2711,6563,LogisticRegression,HeavyCatBoost,0.97,0.1597408493109236,0.6832164911211208
0.44660376586544476,0.3995004407875404,0.8770967741935484,0.5489602261255804,81394,4087,381,2719,6806,LogisticRegression,HeavyCatBoost,0.97,0.1597408493109236,0.6832164911211208
0.43456108682163536,0.3874308412540786,0.8809677419354839,0.5381811015863632,81163,4318,369,2731,7049,LogisticRegression,HeavyCatBoost,0.97,0.1597408493109236,0.6832164911211208
0.4231309956289351,0.3756171146461876,0.8835483870967742,0.5271362586605081,80928,4553,361,2739,7292,LogisticRegression,HeavyCatBoost,0.97,0.1597408493109236,0.6832164911211208
0.4125725878370197,0.3645653616456536,0.8861290322580645,0.5165961448048895,80693,4788,353,2747,7535,LogisticRegression,HeavyCatBoost,0.97,0.1597408493109236,0.6832164911211208
0.4017105515656615,0.35394703008485473,0.8880645161290323,0.5061592204449347,80456,5025,347,2753,7778,LogisticRegression,HeavyCatBoost,0.97,0.1597408493109236,0.6832164911211208
0.39213597840945696,0.34359805510534847,0.8890322580645161,0.49563888139555795,80216,5265,344,2756,8021,LogisticRegression,HeavyCatBoost,0.97,0.1597408493109236,0.6832164911211208
0.3831064362286975,0.33494675701839305,0.8929032258064517,0.48715241112284413,79985,5496,332,2768,8264,LogisticRegression,HeavyCatBoost,0.97,0.1597408493109236,0.6832164911211208
0.3735828682327524,0.32702480310332666,0.8974193548387097,0.4793658998879986,79756,5725,318,2782,8507,LogisticRegression,HeavyCatBoost,0.97,0.1597408493109236,0.6832164911211208
0.3650707781921231,0.3184,0.8987096774193548,0.470210970464135,79517,5964,314,2786,8750,LogisticRegression,HeavyCatBoost,0.97,0.1597408493109236,0.6832164911211208
0.3562759256575269,0.3106860891804737,0.9012903225806451,0.4620855040105846,79282,6199,306,2794,8993,LogisticRegression,HeavyCatBoost,0.97,0.1597408493109236,0.6832164911211208
0.34844440689922784,0.303161541792984,0.9032258064516129,0.45395590142671854,79045,6436,300,2800,9236,LogisticRegression,HeavyCatBoost,0.97,0.1597408493109236,0.6832164911211208
0.34068236459597795,0.29570629813271443,0.9041935483870968,0.4456634072660784,78805,6676,297,2803,9479,LogisticRegression,HeavyCatBoost,0.97,0.1597408493109236,0.6832164911211208
0.33316046014754175,0.28852088047726804,0.9048387096774193,0.43752924660739345,78564,6917,295,2805,9722,LogisticRegression,HeavyCatBoost,0.97,0.1597408493109236,0.6832164911211208
0.3265770527091031,0.28198695434019067,0.9064516129032258,0.4301569077688481,78326,7155,290,2810,9965,LogisticRegression,HeavyCatBoost,0.97,0.1597408493109236,0.6832164911211208
0.3202551527366612,0.2754702194357367,0.9070967741935484,0.4226029455966336,78085,7396,288,2812,10208,LogisticRegression,HeavyCatBoost,0.97,0.1597408493109236,0.6832164911211208
0.3139270159045304,0.2692565304755526,0.9077419354838709,0.4153199025902148,77844,7637,286,2814,10451,LogisticRegression,HeavyCatBoost,0.97,0.1597408493109236,0.6832164911211208
0.3074515843140147,0.2635122498597344,0.9090322580645162,0.4085834420762651,77605,7876,282,2818,10694,LogisticRegression,HeavyCatBoost,0.97,0.1597408493109236,0.6832164911211208
0.30142191850813593,0.2581146566700192,0.9106451612903226,0.40222269715751224,77367,8114,277,2823,10937,LogisticRegression,HeavyCatBoost,0.97,0.1597408493109236,0.6832164911211208
0.2954870302859798,0.2528396386727484,0.9119354838709678,0.3959106505146698,77127,8354,273,2827,11181,LogisticRegression,HeavyCatBoost,0.97,0.1597408493109236,0.6832164911211208
0.289884865794651,0.24763655462184875,0.9125806451612903,0.3895621041035527,76886,8595,271,2829,11424,LogisticRegression,HeavyCatBoost,0.97,0.1597408493109236,0.6832164911211208
0.2841937417627252,0.2428216336676095,0.9138709677419354,0.3836933703528137,76647,8834,267,2833,11667,LogisticRegression,HeavyCatBoost,0.97,0.1597408493109236,0.6832164911211208
0.27890749556217126,0.23828715365239295,0.915483870967742,0.3781479013990673,76409,9072,262,2838,11910,LogisticRegression,HeavyCatBoost,0.97,0.1597408493109236,0.6832164911211208
0.2738326850814723,0.2337694396445322,0.9164516129032259,0.3725168819248672,76169,9312,259,2841,12153,LogisticRegression,HeavyCatBoost,0.97,0.1597408493109236,0.6832164911211208
0.26864050605527534,0.22950951919974186,0.917741935483871,0.36719153329891585,75930,9551,255,2845,12396,LogisticRegression,HeavyCatBoost,0.97,0.1597408493109236,0.6832164911211208
0.26368348863167407,0.22509692222485955,0.917741935483871,0.36152233305800874,75687,9794,255,2845,12639,LogisticRegression,HeavyCatBoost,0.97,0.1597408493109236,0.6832164911211208
0.258955705530228,0.22116131035553485,0.9190322580645162,0.356526091853335,75448,10033,251,2849,12882,LogisticRegression,HeavyCatBoost,0.97,0.1597408493109236,0.6832164911211208
0.25442719036512806,0.21721904761904762,0.9196774193548387,0.35143297380585514,75207,10274,249,2851,13125,LogisticRegression,HeavyCatBoost,0.97,0.1597408493109236,0.6832164911211208
0.25021007693897707,0.21327049670855774,0.9196774193548387,0.34624726742773865,74964,10517,249,2851,13368,LogisticRegression,HeavyCatBoost,0.97,0.1597408493109236,0.6832164911211208
0.2456849680576594,0.20997722430387186,0.9219354838709677,0.34205014661001737,74728,10753,242,2858,13611,LogisticRegression,HeavyCatBoost,0.97,0.1597408493109236,0.6832164911211208
0.24142244450210215,0.20636639237765267,0.922258064516129,0.3372655420549723,74486,10995,241,2859,13854,LogisticRegression,HeavyCatBoost,0.97,0.1597408493109236,0.6832164911211208
0.23722231503939448,0.20302191955735263,0.9232258064516129,0.3328487526894226,74246,11235,238,2862,14097,LogisticRegression,HeavyCatBoost,0.97,0.1597408493109236,0.6832164911211208
0.23349625976273838,0.1997907949790795,0.9241935483870968,0.32855504587155965,74006,11475,235,2865,14340,LogisticRegression,HeavyCatBoost,0.97,0.1597408493109236,0.6832164911211208
0.22958668149907918,0.19666735239662622,0.9251612903225807,0.3243793473958039,73766,11715,232,2868,14583,LogisticRegression,HeavyCatBoost,0.97,0.1597408493109236,0.6832164911211208
0.22591808464785593,0.1935788479697828,0.9258064516129032,0.32020528840789914,73525,11956,230,2870,14826,LogisticRegression,HeavyCatBoost,0.97,0.1597408493109236,0.6832164911211208
0.2222215207019527,0.19065631428761032,0.9267741935483871,0.3162529583356266,73285,12196,227,2873,15069,LogisticRegression,HeavyCatBoost,0.97,0.1597408493109236,0.6832164911211208
0.2187289508072445,0.18795715778474398,0.9283870967741935,0.3126222029111449,73047,12434,222,2878,15312,LogisticRegression,HeavyCatBoost,0.97,0.1597408493109236,0.6832164911211208
0.2151290515747251,0.18508518161362905,0.9287096774193548,0.3086571964620745,72805,12676,221,2879,15555,LogisticRegression,HeavyCatBoost,0.97,0.1597408493109236,0.6832164911211208
0.21191410544319958,0.1824281554627168,0.9296774193548387,0.3050058207217695,72565,12916,218,2882,15798,LogisticRegression,HeavyCatBoost,0.97,0.1597408493109236,0.6832164911211208
0.20838018709782238,0.1798516301976186,0.9306451612903226,0.3014471553210386,72325,13156,215,2885,16041,LogisticRegression,HeavyCatBoost,0.97,0.1597408493109236,0.6832164911211208
0.20526991822123591,0.17729059199213953,0.9312903225806451,0.29787453569954603,72084,13397,213,2887,16284,LogisticRegression,HeavyCatBoost,0.97,0.1597408493109236,0.6832164911211208
0.20220649973147886,0.17485479186834463,0.932258064516129,0.2944772773588751,71843,13638,210,2890,16528,LogisticRegression,HeavyCatBoost,0.97,0.1597408493109236,0.6832164911211208
0.19927106433433384,0.17238089559358416,0.9325806451612904,0.2909768003623371,71601,13880,209,2891,16771,LogisticRegression,HeavyCatBoost,0.97,0.1597408493109236,0.6832164911211208
0.1965253396818268,0.17003644057834724,0.9332258064516129,0.2876603360843194,71360,14121,207,2893,17014,LogisticRegression,HeavyCatBoost,0.97,0.1597408493109236,0.6832164911211208
0.19362678796682822,0.16770006374224952,0.9335483870967742,0.2843248022793143,71118,14363,206,2894,17257,LogisticRegression,HeavyCatBoost,0.97,0.1597408493109236,0.6832164911211208
0.19053924777429534,0.1656,0.9348387096774193,0.2813592233009709,70879,14602,202,2898,17500,LogisticRegression,HeavyCatBoost,0.97,0.1597408493109236,0.6832164911211208
0.18756097246855546,0.16333201826072255,0.9348387096774193,0.27807897135729026,70636,14845,202,2898,17743,LogisticRegression,HeavyCatBoost,0.97,0.1597408493109236,0.6832164911211208
0.1850053141451909,0.1612365172912265,0.9354838709677419,0.27506402352271647,70395,15086,200,2900,17986,LogisticRegression,HeavyCatBoost,0.97,0.1597408493109236,0.6832164911211208
0.18251864127592762,0.15914202644138462,0.9358064516129032,0.2720240048759905,70153,15328,199,2901,18229,LogisticRegression,HeavyCatBoost,0.97,0.1597408493109236,0.6832164911211208
0.17989816139512577,0.15726504980511044,0.9370967741935484,0.269330613758576,69914,15567,195,2905,18472,LogisticRegression,HeavyCatBoost,0.97,0.1597408493109236,0.6832164911211208
0.17729858742827537,0.15532994923857868,0.937741935483871,0.26651386660554666,69673,15808,193,2907,18715,LogisticRegression,HeavyCatBoost,0.97,0.1597408493109236,0.6832164911211208
0.17478319333751702,0.1533917079860745,0.9380645161290323,0.2636685102910508,69431,16050,192,2908,18958,LogisticRegression,HeavyCatBoost,0.97,0.1597408493109236,0.6832164911211208
0.17227854864597936,0.15150252591010885,0.9383870967741935,0.26088516210035423,69189,16292,191,2909,19201,LogisticRegression,HeavyCatBoost,0.97,0.1597408493109236,0.6832164911211208
0.16990318055461062,0.1497119934169924,0.9390322580645162,0.25825053229240597,68948,16533,189,2911,19444,LogisticRegression,HeavyCatBoost,0.97,0.1597408493109236,0.6832164911211208
0.16764667497413072,0.14791486767917916,0.9393548387096774,0.25558432439548867,68706,16775,188,2912,19687,LogisticRegression,HeavyCatBoost,0.97,0.1597408493109236,0.6832164911211208
0.16552109199574447,0.14611138986452585,0.9393548387096774,0.252887537993921,68463,17018,188,2912,19930,LogisticRegression,HeavyCatBoost,0.97,0.1597408493109236,0.6832164911211208
0.16318515205601442,0.14445050314777177,0.94,0.25041894040304213,68222,17259,186,2914,20173,LogisticRegression,HeavyCatBoost,0.97,0.1597408493109236,0.6832164911211208
0.16128144128332014,0.14282915360501566,0.9406451612903226,0.2480013607756421,67981,17500,184,2916,20416,LogisticRegression,HeavyCatBoost,0.97,0.1597408493109236,0.6832164911211208
0.15937867853544335,0.1413427561837456,0.9419354838709677,0.24580159097605117,67742,17739,180,2920,20659,LogisticRegression,HeavyCatBoost,0.97,0.1597408493109236,0.6832164911211208
0.15727542053626223,0.13969955028226963,0.9419354838709677,0.24331305724522956,67499,17982,180,2920,20902,LogisticRegression,HeavyCatBoost,0.97,0.1597408493109236,0.6832164911211208
0.15510893057194688,0.1380941120832348,0.9419354838709677,0.2408744070942462,67256,18225,180,2920,21145,LogisticRegression,HeavyCatBoost,0.97,0.1597408493109236,0.6832164911211208
0.15301431103464083,0.13661866467177858,0.9425806451612904,0.23864750081672656,67015,18466,178,2922,21388,LogisticRegression,HeavyCatBoost,0.97,0.1597408493109236,0.6832164911211208
0.15107375444562982,0.13513013730294485,0.9429032258064516,0.2363834863127249,66773,18708,177,2923,21631,LogisticRegression,HeavyCatBoost,0.97,0.1597408493109236,0.6832164911211208
0.14923893350909692,0.13372039864679527,0.9435483870967742,0.2342436133578922,66532,18949,175,2925,21874,LogisticRegression,HeavyCatBoost,0.97,0.1597408493109236,0.6832164911211208
0.14733233346768188,0.13224523012930645,0.9435483870967742,0.23197715917201997,66288,19193,175,2925,22118,LogisticRegression,HeavyCatBoost,0.97,0.1597408493109236,0.6832164911211208
0.14548461480003966,0.13080810339430257,0.9435483870967742,0.22976316719688936,66045,19436,175,2925,22361,LogisticRegression,HeavyCatBoost,0.97,0.1597408493109236,0.6832164911211208
0.14365606896228097,0.12949035568925854,0.9441935483870968,0.22774665421724247,65804,19677,173,2927,22604,LogisticRegression,HeavyCatBoost,0.97,0.1597408493109236,0.6832164911211208
0.14201086584616388,0.1281131001882085,0.9441935483870968,0.22561375110802792,65561,19920,173,2927,22847,LogisticRegression,HeavyCatBoost,0.97,0.1597408493109236,0.6832164911211208
0.14022665082795588,0.126764833261152,0.9441935483870968,0.22352042764413896,65318,20163,173,2927,23090,LogisticRegression,HeavyCatBoost,0.97,0.1597408493109236,0.6832164911211208
0.1383981818918256,0.1254875069643852,0.944516129032258,0.22154125524912044,65076,20405,172,2928,23333,LogisticRegression,HeavyCatBoost,0.97,0.1597408493109236,0.6832164911211208
0.1364882422814711,0.12427892772310825,0.9451612903225807,0.21967311440995652,64835,20646,170,2930,23576,LogisticRegression,HeavyCatBoost,0.97,0.1597408493109236,0.6832164911211208
0.13481876712181756,0.12309500818674168,0.9458064516129032,0.21783870128905233,64594,20887,168,2932,23819,LogisticRegression,HeavyCatBoost,0.97,0.1597408493109236,0.6832164911211208
0.1331048706303,0.12185188263652232,0.9458064516129032,0.21588984610853398,64351,21130,168,2932,24062,LogisticRegression,HeavyCatBoost,0.97,0.1597408493109236,0.6832164911211208
0.13147815675443852,0.12067475828018927,0.9461290322580646,0.21404853128991058,64109,21372,167,2933,24305,LogisticRegression,HeavyCatBoost,0.97,0.1597408493109236,0.6832164911211208
0.12978311781186053,0.11960241160175981,0.9470967741935484,0.21238425925925924,63869,21612,164,2936,24548,LogisticRegression,HeavyCatBoost,0.97,0.1597408493109236,0.6832164911211208
0.1279974552281118,0.11855108708805615,0.9480645161290323,0.2107489871284644,63629,21852,161,2939,24791,LogisticRegression,HeavyCatBoost,0.97,0.1597408493109236,0.6832164911211208
0.12653396944443907,0.11748022689142766,0.9487096774193549,0.2090708750977465,63388,22093,159,2941,25034,LogisticRegression,HeavyCatBoost,0.97,0.1597408493109236,0.6832164911211208
0.12490935667309798,0.11639039442971871,0.9490322580645161,0.20735102371639005,63146,22335,158,2942,25277,LogisticRegression,HeavyCatBoost,0.97,0.1597408493109236,0.6832164911211208
0.12340531633448781,0.11532131661442006,0.9493548387096774,0.20566037735849055,62904,22577,157,2943,25520,LogisticRegression,HeavyCatBoost,0.97,0.1597408493109236,0.6832164911211208
0.1217231404283108,0.11427240616387843,0.9496774193548387,0.2039981983854762,62662,22819,156,2944,25763,LogisticRegression,HeavyCatBoost,0.97,0.1597408493109236,0.6832164911211208
0.12033100772907503,0.11324309774667385,0.95,0.20236377379234524,62420,23061,155,2945,26006,LogisticRegression,HeavyCatBoost,0.97,0.1597408493109236,0.6832164911211208
0.11893618686750639,0.11227094365499637,0.9506451612903226,0.20082455961020818,62179,23302,153,2947,26249,LogisticRegression,HeavyCatBoost,0.97,0.1597408493109236,0.6832164911211208
0.1174828673090839,0.11127887664200513,0.9509677419354838,0.19924303865909704,61937,23544,152,2948,26492,LogisticRegression,HeavyCatBoost,0.97,0.1597408493109236,0.6832164911211208
0.11604978372927234,0.11026743968580513,0.9509677419354838,0.1976202446790682,61694,23787,152,2948,26735,LogisticRegression,HeavyCatBoost,0.97,0.1597408493109236,0.6832164911211208
0.11475608151944325,0.10927422344132257,0.9509677419354838,0.19602367178668795,61451,24030,152,2948,26978,LogisticRegression,HeavyCatBoost,0.97,0.1597408493109236,0.6832164911211208
0.11333432072998349,0.10829873994342604,0.9509677419354838,0.19445268955509384,61208,24273,152,2948,27221,LogisticRegression,HeavyCatBoost,0.97,0.1597408493109236,0.6832164911211208
0.11206630420863878,0.10737692979900962,0.9512903225806452,0.19297212406753045,60966,24515,151,2949,27464,LogisticRegression,HeavyCatBoost,0.97,0.1597408493109236,0.6832164911211208
0.11067375723541159,0.106467446224917,0.9516129032258065,0.1915086990392106,60723,24758,150,2950,27708,LogisticRegression,HeavyCatBoost,0.97,0.1597408493109236,0.6832164911211208
0.10909874470345689,0.10561339486959322,0.952258064516129,0.19013880390325594,60482,24999,148,2952,27951,LogisticRegression,HeavyCatBoost,0.97,0.1597408493109236,0.6832164911211208
0.10777679681839862,0.10477406540398666,0.9529032258064516,0.1887901834217422,60241,25240,146,2954,28194,LogisticRegression,HeavyCatBoost,0.97,0.1597408493109236,0.6832164911211208
0.10645424106349123,0.10391391496993353,0.9532258064516129,0.1873989282430161,59999,25482,145,2955,28437,LogisticRegression,HeavyCatBoost,0.97,0.1597408493109236,0.6832164911211208
0.10519869924582331,0.10306834030683402,0.9535483870967741,0.1860289490245437,59757,25724,144,2956,28680,LogisticRegression,HeavyCatBoost,0.97,0.1597408493109236,0.6832164911211208
0.10397317086805849,0.10220239947446669,0.9535483870967741,0.1846173063110889,59514,25967,144,2956,28923,LogisticRegression,HeavyCatBoost,0.97,0.1597408493109236,0.6832164911211208
0.10255721891023184,0.10138517451827471,0.9538709677419355,0.18328891092791172,59272,26209,143,2957,29166,LogisticRegression,HeavyCatBoost,0.97,0.1597408493109236,0.6832164911211208
0.10144641859066703,0.10064946104933864,0.9548387096774194,0.18210341751514963,59032,26449,140,2960,29409,LogisticRegression,HeavyCatBoost,0.97,0.1597408493109236,0.6832164911211208
0.10024114247849349,0.09985835694050992,0.9551612903225807,0.1808133854421104,58790,26691,139,2961,29652,LogisticRegression,HeavyCatBoost,0.97,0.1597408493109236,0.6832164911211208
0.09910795073165138,0.09908011373139321,0.9554838709677419,0.17954235490225792,58548,26933,138,2962,29895,LogisticRegression,HeavyCatBoost,0.97,0.1597408493109236,0.6832164911211208
0.09785492583271832,0.09831442033313426,0.9558064516129032,0.17828990914014078,58306,27175,137,2963,30138,LogisticRegression,HeavyCatBoost,0.97,0.1597408493109236,0.6832164911211208
0.09668201169854901,0.09759389091866627,0.9564516129032258,0.1771153788715988,58065,27416,135,2965,30381,LogisticRegression,HeavyCatBoost,0.97,0.1597408493109236,0.6832164911211208
0.0955278031595376,0.09688479623824452,0.9570967741935484,0.17595777487842484,57824,27657,133,2967,30624,LogisticRegression,HeavyCatBoost,0.97,0.1597408493109236,0.6832164911211208
0.09420761702237196,0.09618686623254609,0.957741935483871,0.17481673388877442,57583,27898,131,2969,30867,LogisticRegression,HeavyCatBoost,0.97,0.1597408493109236,0.6832164911211208
0.09316328632296333,0.09546769527483125,0.9580645161290322,0.17363344051446947,57341,28140,130,2970,31110,LogisticRegression,HeavyCatBoost,0.97,0.1597408493109236,0.6832164911211208
0.09207032305064076,0.09475967212069021,0.9583870967741935,0.17246683888195513,57099,28382,129,2971,31353,LogisticRegression,HeavyCatBoost,0.97,0.1597408493109236,0.6832164911211208
0.09103844234002417,0.09406253956196987,0.9587096774193549,0.171316578279917,56857,28624,128,2972,31596,LogisticRegression,HeavyCatBoost,0.97,0.1597408493109236,0.6832164911211208
0.0899421050058361,0.0934074562643299,0.9593548387096774,0.17023956037665644,56616,28865,126,2974,31839,LogisticRegression,HeavyCatBoost,0.97,0.1597408493109236,0.6832164911211208
0.08881692228146043,0.09273112648837355,0.9596774193548387,0.16912057302029448,56374,29107,125,2975,32082,LogisticRegression,HeavyCatBoost,0.97,0.1597408493109236,0.6832164911211208
0.08776102519236151,0.0920340293890178,0.9596774193548387,0.16796047988708537,56131,29350,125,2975,32325,LogisticRegression,HeavyCatBoost,0.97,0.1597408493109236,0.6832164911211208
0.0866949490852814,0.09134733480717268,0.9596774193548387,0.16681619378714813,55888,29593,125,2975,32568,LogisticRegression,HeavyCatBoost,0.97,0.1597408493109236,0.6832164911211208
0.08560103774063899,0.09067081161805492,0.9596774193548387,0.1656873938347581,55645,29836,125,2975,32811,LogisticRegression,HeavyCatBoost,0.97,0.1597408493109236,0.6832164911211208
0.08464050334280576,0.09000151263046438,0.9596774193548387,0.16456921587608908,55401,30080,125,2975,33055,LogisticRegression,HeavyCatBoost,0.97,0.1597408493109236,0.6832164911211208
0.08364933164877618,0.08937473722145474,0.96,0.16352546843233143,55159,30322,124,2976,33298,LogisticRegression,HeavyCatBoost,0.97,0.1597408493109236,0.6832164911211208
0.08258492435990762,0.08872722936108046,0.96,0.16244098141426272,54916,30565,124,2976,33541,LogisticRegression,HeavyCatBoost,0.97,0.1597408493109236,0.6832164911211208
0.08153453091622785,0.08808903623016813,0.96,0.16137078407981784,54673,30808,124,2976,33784,LogisticRegression,HeavyCatBoost,0.97,0.1597408493109236,0.6832164911211208
0.08062266240924601,0.08745995826843389,0.96,0.1603145958466884,54430,31051,124,2976,34027,LogisticRegression,HeavyCatBoost,0.97,0.1597408493109236,0.6832164911211208
0.07965452736304908,0.08686898161657426,0.9603225806451613,0.15932566229595932,54188,31293,123,2977,34270,LogisticRegression,HeavyCatBoost,0.97,0.1597408493109236,0.6832164911211208
0.07869430648913714,0.08625735230203112,0.9603225806451613,0.15829633371440727,53945,31536,123,2977,34513,LogisticRegression,HeavyCatBoost,0.97,0.1597408493109236,0.6832164911211208
0.07761673931617748,0.08571181954194959,0.9609677419354838,0.15738588334742182,53704,31777,121,2979,34756,LogisticRegression,HeavyCatBoost,0.97,0.1597408493109236,0.6832164911211208
0.07667625216736891,0.08514528986542473,0.9612903225806452,0.15643455208798135,53462,32019,120,2980,34999,LogisticRegression,HeavyCatBoost,0.97,0.1597408493109236,0.6832164911211208
0.0756549001621078,0.08461494807332161,0.9619354838709677,0.15554744144802046,53221,32260,118,2982,35242,LogisticRegression,HeavyCatBoost,0.97,0.1597408493109236,0.6832164911211208
0.07484673862545231,0.08403550796111033,0.9619354838709677,0.1545678372424517,52978,32503,118,2982,35485,LogisticRegression,HeavyCatBoost,0.97,0.1597408493109236,0.6832164911211208
0.07380145941425122,0.0834639498432602,0.9619354838709677,0.15360049448851346,52735,32746,118,2982,35728,LogisticRegression,HeavyCatBoost,0.97,0.1597408493109236,0.6832164911211208
0.07284902210708727,0.08290011398070668,0.9619354838709677,0.15264518440787284,52492,32989,118,2982,35971,LogisticRegression,HeavyCatBoost,0.97,0.1597408493109236,0.6832164911211208
0.0719484490555185,0.08234384492185343,0.9619354838709677,0.15170168387851657,52249,33232,118,2982,36214,LogisticRegression,HeavyCatBoost,0.97,0.1597408493109236,0.6832164911211208
0.07103584605411806,0.08182242093425131,0.962258064516129,0.15082033521247817,52007,33474,117,2983,36457,LogisticRegression,HeavyCatBoost,0.97,0.1597408493109236,0.6832164911211208
0.07020477413402786,0.08130790190735694,0.9625806451612903,0.14994974874371858,51765,33716,116,2984,36700,LogisticRegression,HeavyCatBoost,0.97,0.1597408493109236,0.6832164911211208
0.06930555199505906,0.08077308285737488,0.9625806451612903,0.14903978223409833,51522,33959,116,2984,36943,LogisticRegression,HeavyCatBoost,0.97,0.1597408493109236,0.6832164911211208
0.06841251152843317,0.0802721454310762,0.9629032258064516,0.14819043836568532,51280,34201,115,2985,37186,LogisticRegression,HeavyCatBoost,0.97,0.1597408493109236,0.6832164911211208
0.06742993548326447,0.07975099521761202,0.9629032258064516,0.14730193194996175,51037,34444,115,2985,37429,LogisticRegression,HeavyCatBoost,0.97,0.1597408493109236,0.6832164911211208
0.06662887227749688,0.0792365682735188,0.9629032258064516,0.14642401648189937,50794,34687,115,2985,37672,LogisticRegression,HeavyCatBoost,0.97,0.1597408493109236,0.6832164911211208
0.06574940261470169,0.07872873532902545,0.9629032258064516,0.14555650371815193,50551,34930,115,2985,37915,LogisticRegression,HeavyCatBoost,0.97,0.1597408493109236,0.6832164911211208
0.06485619914921377,0.07822737040725405,0.9629032258064516,0.1446992098502109,50308,35173,115,2985,38158,LogisticRegression,HeavyCatBoost,0.97,0.1597408493109236,0.6832164911211208
0.06401709461008855,0.07773235072003333,0.9629032258064516,0.14385195537456927,50065,35416,115,2985,38401,LogisticRegression,HeavyCatBoost,0.97,0.1597408493109236,0.6832164911211208
0.06315845632291142,0.07724155776943978,0.9629032258064516,0.1430111390585699,49821,35660,115,2985,38645,LogisticRegression,HeavyCatBoost,0.97,0.1597408493109236,0.6832164911211208
0.06229218443680228,0.07675889734622506,0.9629032258064516,0.1421834809945699,49578,35903,115,2985,38888,LogisticRegression,HeavyCatBoost,0.97,0.1597408493109236,0.6832164911211208
0.06140462815070419,0.07628223147887864,0.9629032258064516,0.14136534773034026,49335,36146,115,2985,39131,LogisticRegression,HeavyCatBoost,0.97,0.1597408493109236,0.6832164911211208
0.06057536880464018,0.0758114491796617,0.9629032258064516,0.1405565757875406,49092,36389,115,2985,39374,LogisticRegression,HeavyCatBoost,0.97,0.1597408493109236,0.6832164911211208
0.0598055313100332,0.07539692556225863,0.9635483870967742,0.13985064494229463,48851,36630,113,2987,39617,LogisticRegression,HeavyCatBoost,0.97,0.1597408493109236,0.6832164911211208
0.05901398553110896,0.0749372804816859,0.9635483870967742,0.13905959031657356,48608,36873,113,2987,39860,LogisticRegression,HeavyCatBoost,0.97,0.1597408493109236,0.6832164911211208
0.05828888396395097,0.07450814153554597,0.9638709677419355,0.1383237275189223,48366,37115,112,2988,40103,LogisticRegression,HeavyCatBoost,0.97,0.1597408493109236,0.6832164911211208
0.05747701753726105,0.07408417191295295,0.9641935483870968,0.13759609630345715,48124,37357,111,2989,40346,LogisticRegression,HeavyCatBoost,0.97,0.1597408493109236,0.6832164911211208
0.05669260303868632,0.0736899159870901,0.9648387096774194,0.1369223374304745,47883,37598,109,2991,40589,LogisticRegression,HeavyCatBoost,0.97,0.1597408493109236,0.6832164911211208
0.05586420268366363,0.07325137147335423,0.9648387096774194,0.13616498224528817,47640,37841,109,2991,40832,LogisticRegression,HeavyCatBoost,0.97,0.1597408493109236,0.6832164911211208
0.05511253762852539,0.0728180158247109,0.9648387096774194,0.13541595925297112,47397,38084,109,2991,41075,LogisticRegression,HeavyCatBoost,0.97,0.1597408493109236,0.6832164911211208
0.054328776953062936,0.07238975749068202,0.9648387096774194,0.1346751317033635,47154,38327,109,2991,41318,LogisticRegression,HeavyCatBoost,0.97,0.1597408493109236,0.6832164911211208
0.05354487101106562,0.071966507061909,0.9648387096774194,0.13394236582252972,46911,38570,109,2991,41561,LogisticRegression,HeavyCatBoost,0.97,0.1597408493109236,0.6832164911211208
0.05278882383391622,0.07154817720792268,0.9648387096774194,0.13321753073222875,46668,38813,109,2991,41804,LogisticRegression,HeavyCatBoost,0.97,0.1597408493109236,0.6832164911211208
0.05201904762835872,0.07115846552667253,0.9651612903225807,0.1325447981039715,46426,39055,108,2992,42047,LogisticRegression,HeavyCatBoost,0.97,0.1597408493109236,0.6832164911211208
0.05123237686330496,0.0707495861905888,0.9651612903225807,0.1318352059925094,46183,39298,108,2992,42290,LogisticRegression,HeavyCatBoost,0.97,0.1597408493109236,0.6832164911211208
0.0505217012595642,0.07034537888227964,0.9651612903225807,0.13113317116998663,45940,39541,108,2992,42533,LogisticRegression,HeavyCatBoost,0.97,0.1597408493109236,0.6832164911211208
0.049726435335331165,0.06994576397980176,0.9651612903225807,0.13043857354608077,45697,39784,108,2992,42776,LogisticRegression,HeavyCatBoost,0.97,0.1597408493109236,0.6832164911211208
0.04890350701137611,0.06955066366024315,0.9651612903225807,0.12975129556148227,45454,40027,108,2992,43019,LogisticRegression,HeavyCatBoost,0.97,0.1597408493109236,0.6832164911211208
0.04804486012715788,0.06918311682307798,0.9654838709677419,0.1291143608990121,45212,40269,107,2993,43262,LogisticRegression,HeavyCatBoost,0.97,0.1597408493109236,0.6832164911211208
0.047347712943824734,0.06881967589932192,0.9658064516129032,0.12848406823302225,44970,40511,106,2994,43505,LogisticRegression,HeavyCatBoost,0.97,0.1597408493109236,0.6832164911211208
0.04664704812825022,0.06843741428179574,0.9658064516129032,0.12781762295081966,44727,40754,106,2994,43748,LogisticRegression,HeavyCatBoost,0.97,0.1597408493109236,0.6832164911211208
0.04592174795661245,0.06805937578140983,0.9658064516129032,0.1271580556794292,44484,40997,106,2994,43991,LogisticRegression,HeavyCatBoost,0.97,0.1597408493109236,0.6832164911211208
0.04510159383762604,0.06768396066463207,0.9658064516129032,0.12650258793704447,44240,41241,106,2994,44235,LogisticRegression,HeavyCatBoost,0.97,0.1597408493109236,0.6832164911211208
0.04435110300232082,0.0673141777957642,0.9658064516129032,0.12585648829290846,43997,41484,106,2994,44478,LogisticRegression,HeavyCatBoost,0.97,0.1597408493109236,0.6832164911211208
0.0436095272386056,0.06694841349701483,0.9658064516129032,0.12521695489429333,43754,41727,106,2994,44721,LogisticRegression,HeavyCatBoost,0.97,0.1597408493109236,0.6832164911211208
0.042898422921541224,0.06658660261542568,0.9658064516129032,0.12458388814913449,43511,41970,106,2994,44964,LogisticRegression,HeavyCatBoost,0.97,0.1597408493109236,0.6832164911211208
0.04209851631595509,0.0662286813988984,0.9658064516129032,0.12395719046929017,43268,42213,106,2994,45207,LogisticRegression,HeavyCatBoost,0.97,0.1597408493109236,0.6832164911211208
0.04151792526388205,0.06591859185918592,0.9664516129032258,0.12341915550978372,43027,42454,104,2996,45450,LogisticRegression,HeavyCatBoost,0.97,0.1597408493109236,0.6832164911211208
0.04084059954918032,0.06558991530431357,0.9667741935483871,0.12284549013178118,42785,42696,103,2997,45693,LogisticRegression,HeavyCatBoost,0.97,0.1597408493109236,0.6832164911211208
0.0401150046394034,0.06524294670846395,0.9667741935483871,0.1222367240394812,42542,42939,103,2997,45936,LogisticRegression,HeavyCatBoost,0.97,0.1597408493109236,0.6832164911211208
0.03953166158149431,0.06489962970181251,0.9667741935483871,0.1216339617281195,42299,43182,103,2997,46179,LogisticRegression,HeavyCatBoost,0.97,0.1597408493109236,0.6832164911211208
0.03880970578275931,0.06455990694067468,0.9667741935483871,0.1210371148176568,42056,43425,103,2997,46422,LogisticRegression,HeavyCatBoost,0.97,0.1597408493109236,0.6832164911211208
0.038180892521819436,0.06422372227579556,0.9667741935483871,0.1204460966542751,41813,43668,103,2997,46665,LogisticRegression,HeavyCatBoost,0.97,0.1597408493109236,0.6832164911211208
0.037493277166623616,0.06389102072141213,0.9667741935483871,0.11986082226843707,41570,43911,103,2997,46908,LogisticRegression,HeavyCatBoost,0.97,0.1597408493109236,0.6832164911211208
0.03683432087031468,0.063561748425272,0.9667741935483871,0.1192812083341625,41327,44154,103,2997,47151,LogisticRegression,HeavyCatBoost,0.97,0.1597408493109236,0.6832164911211208
0.036208774903268064,0.06327805207410221,0.9674193548387097,0.11878639046223315,41086,44395,101,2999,47394,LogisticRegression,HeavyCatBoost,0.97,0.1597408493109236,0.6832164911211208
0.03555555468705432,0.06295526586476899,0.9674193548387097,0.1182174744269468,40843,44638,101,2999,47637,LogisticRegression,HeavyCatBoost,0.97,0.1597408493109236,0.6832164911211208
0.03487480211089584,0.06263575605680868,0.9674193548387097,0.11765398195370734,40600,44881,101,2999,47880,LogisticRegression,HeavyCatBoost,0.97,0.1597408493109236,0.6832164911211208
0.034206377024556686,0.06231947301706045,0.9674193548387097,0.11709583585498702,40357,45124,101,2999,48123,LogisticRegression,HeavyCatBoost,0.97,0.1597408493109236,0.6832164911211208
0.03354338369068111,0.06202704379109292,0.967741935483871,0.11658182100804414,40115,45366,100,3000,48366,LogisticRegression,HeavyCatBoost,0.97,0.1597408493109236,0.6832164911211208
0.032831266970799446,0.06171696599395174,0.967741935483871,0.1160339592720803,39872,45609,100,3000,48609,LogisticRegression,HeavyCatBoost,0.97,0.1597408493109236,0.6832164911211208
0.03218330353605922,0.06140997297961189,0.967741935483871,0.11549122266707731,39629,45852,100,3000,48852,LogisticRegression,HeavyCatBoost,0.97,0.1597408493109236,0.6832164911211208
0.0316016283492385,0.061106018942865874,0.967741935483871,0.11495353961107387,39386,46095,100,3000,49095,LogisticRegression,HeavyCatBoost,0.97,0.1597408493109236,0.6832164911211208
0.031033042266763296,0.06080505898090721,0.967741935483871,0.11442083984896449,39143,46338,100,3000,49338,LogisticRegression,HeavyCatBoost,0.97,0.1597408493109236,0.6832164911211208
0.03042653831238838,0.06050582872816748,0.967741935483871,0.1138908925249611,38899,46582,100,3000,49582,LogisticRegression,HeavyCatBoost,0.97,0.1597408493109236,0.6832164911211208
0.029824721202364162,0.060210737581535376,0.967741935483871,0.11336797354747284,38656,46825,100,3000,49825,LogisticRegression,HeavyCatBoost,0.97,0.1597408493109236,0.6832164911211208
0.02925080548302566,0.059918510825277625,0.967741935483871,0.11284983448690943,38413,47068,100,3000,50068,LogisticRegression,HeavyCatBoost,0.97,0.1597408493109236,0.6832164911211208
0.028639728599528968,0.05962910695474151,0.967741935483871,0.11233641010278783,38170,47311,100,3000,50311,LogisticRegression,HeavyCatBoost,0.97,0.1597408493109236,0.6832164911211208
0.027996855602524295,0.05936226609170392,0.9680645161290322,0.11186491221530548,37928,47553,99,3001,50554,LogisticRegression,HeavyCatBoost,0.97,0.1597408493109236,0.6832164911211208
0.027308525294990945,0.05907829202511959,0.9680645161290322,0.11136055810156409,37685,47796,99,3001,50797,LogisticRegression,HeavyCatBoost,0.97,0.1597408493109236,0.6832164911211208
0.026657280376308243,0.05879702194357367,0.9680645161290322,0.11086073143701516,37442,48039,99,3001,51040,LogisticRegression,HeavyCatBoost,0.97,0.1597408493109236,0.6832164911211208
0.026015076449708824,0.05851841740927793,0.9680645161290322,0.11036537153154478,37199,48282,99,3001,51283,LogisticRegression,HeavyCatBoost,0.97,0.1597408493109236,0.6832164911211208
0.025367313030784055,0.05826184838722198,0.9683870967741935,0.10991103137699995,36957,48524,98,3002,51526,LogisticRegression,HeavyCatBoost,0.97,0.1597408493109236,0.6832164911211208
0.024744252562301148,0.05798837141918909,0.9683870967741935,0.10942426506770674,36714,48767,98,3002,51769,LogisticRegression,HeavyCatBoost,0.97,0.1597408493109236,0.6832164911211208
0.024158562597553036,0.05771744981927247,0.9683870967741935,0.10894179126143126,36471,49010,98,3002,52012,LogisticRegression,HeavyCatBoost,0.97,0.1597408493109236,0.6832164911211208
0.023530636104210537,0.057449047937996364,0.9683870967741935,0.10846355342787463,36228,49253,98,3002,52255,LogisticRegression,HeavyCatBoost,0.97,0.1597408493109236,0.6832164911211208
0.02295519040902526,0.057183130785934705,0.9683870967741935,0.10798949602503688,35985,49496,98,3002,52498,LogisticRegression,HeavyCatBoost,0.97,0.1597408493109236,0.6832164911211208
0.022340672329211067,0.056919664018505525,0.9683870967741935,0.1075195644777135,35742,49739,98,3002,52741,LogisticRegression,HeavyCatBoost,0.97,0.1597408493109236,0.6832164911211208
0.021791227523749207,0.05665861392118375,0.9683870967741935,0.10705370515655088,35499,49982,98,3002,52984,LogisticRegression,HeavyCatBoost,0.97,0.1597408493109236,0.6832164911211208
0.02122697681272042,0.05639994739511902,0.9683870967741935,0.10659186535764376,35256,50225,98,3002,53227,LogisticRegression,HeavyCatBoost,0.97,0.1597408493109236,0.6832164911211208
0.02065414359279924,0.056143631943145686,0.9683870967741935,0.10613399328265864,35013,50468,98,3002,53470,LogisticRegression,HeavyCatBoost,0.97,0.1597408493109236,0.6832164911211208
0.02000355709467848,0.05588963565617262,0.9683870967741935,0.10568003801946739,34770,50711,98,3002,53713,LogisticRegression,HeavyCatBoost,0.97,0.1597408493109236,0.6832164911211208
0.0194085698234181,0.05563792719994069,0.9683870967741935,0.10522994952327538,34527,50954,98,3002,53956,LogisticRegression,HeavyCatBoost,0.97,0.1597408493109236,0.6832164911211208
0.01883119840983805,0.05538847580213657,0.9683870967741935,0.10478367859823035,34284,51197,98,3002,54199,LogisticRegression,HeavyCatBoost,0.97,0.1597408493109236,0.6832164911211208
0.018288151247995356,0.055141251239851585,0.9683870967741935,0.10434117687949672,34041,51440,98,3002,54442,LogisticRegression,HeavyCatBoost,0.97,0.1597408493109236,0.6832164911211208
0.017726034920069803,0.054914510377617264,0.9687096774193549,0.10393700787401576,33799,51682,97,3003,54685,LogisticRegression,HeavyCatBoost,0.97,0.1597408493109236,0.6832164911211208
0.017173528514205148,0.05467157005534518,0.9687096774193549,0.10350175777211001,33556,51925,97,3003,54928,LogisticRegression,HeavyCatBoost,0.97,0.1597408493109236,0.6832164911211208
0.01662366385402833,0.054447908359312694,0.9690322580645161,0.10310269082921471,33313,52168,96,3004,55172,LogisticRegression,HeavyCatBoost,0.97,0.1597408493109236,0.6832164911211208
0.016001202269412165,0.054209149147342775,0.9690322580645161,0.10267452789882936,33070,52411,96,3004,55415,LogisticRegression,HeavyCatBoost,0.97,0.1597408493109236,0.6832164911211208
0.015419851344777427,0.053990441625642316,0.9693548387096774,0.10228394431396576,32828,52653,95,3005,55658,LogisticRegression,HeavyCatBoost,0.97,0.1597408493109236,0.6832164911211208
0.014830230835920923,0.05375574676660525,0.9693548387096774,0.10186268029355434,32585,52896,95,3005,55901,LogisticRegression,HeavyCatBoost,0.97,0.1597408493109236,0.6832164911211208
0.014232354714358394,0.05352308349957253,0.9693548387096774,0.10144487205455406,32342,53139,95,3005,56144,LogisticRegression,HeavyCatBoost,0.97,0.1597408493109236,0.6832164911211208
0.013677086731448417,0.05331016014329544,0.9696774193548388,0.10106409803822684,32100,53381,94,3006,56387,LogisticRegression,HeavyCatBoost,0.97,0.1597408493109236,0.6832164911211208
0.013051410780293544,0.053081405615398196,0.9696774193548388,0.100652938221999,31857,53624,94,3006,56630,LogisticRegression,HeavyCatBoost,0.97,0.1597408493109236,0.6832164911211208
0.012392624889022931,0.05285460587625059,0.9696774193548388,0.10024511029963483,31614,53867,94,3006,56873,LogisticRegression,HeavyCatBoost,0.97,0.1597408493109236,0.6832164911211208
0.011779740158535685,0.05262973597590868,0.9696774193548388,0.09984057393383818,31371,54110,94,3006,57116,LogisticRegression,HeavyCatBoost,0.97,0.1597408493109236,0.6832164911211208
0.011144368213704646,0.05240677138722781,0.9696774193548388,0.09943928943581601,31128,54353,94,3006,57359,LogisticRegression,HeavyCatBoost,0.97,0.1597408493109236,0.6832164911211208
0.010491888218354485,0.05218568799694455,0.9696774193548388,0.09904121775229813,30885,54596,94,3006,57602,LogisticRegression,HeavyCatBoost,0.97,0.1597408493109236,0.6832164911211208
0.009842405887864752,0.051966462096983315,0.9696774193548388,0.09864632045286734,30642,54839,94,3006,57845,LogisticRegression,HeavyCatBoost,0.97,0.1597408493109236,0.6832164911211208
0.009204800615786534,0.05174907037598127,0.9696774193548388,0.09825455971759169,30399,55082,94,3006,58088,LogisticRegression,HeavyCatBoost,0.97,0.1597408493109236,0.6832164911211208
0.008526109539276358,0.051533489911025014,0.9696774193548388,0.09786589832494996,30156,55325,94,3006,58331,LogisticRegression,HeavyCatBoost,0.97,0.1597408493109236,0.6832164911211208
0.007816265247722191,0.05131882202304738,0.9696774193548388,0.0974787190920146,29912,55569,94,3006,58575,LogisticRegression,HeavyCatBoost,0.97,0.1597408493109236,0.6832164911211208
0.007032839698356479,0.05110680403957972,0.9696774193548388,0.09709615943667431,29669,55812,94,3006,58818,LogisticRegression,HeavyCatBoost,0.97,0.1597408493109236,0.6832164911211208
0.0063077287912288275,0.050896530705541725,0.9696774193548388,0.09671659078843646,29426,56055,94,3006,59061,LogisticRegression,HeavyCatBoost,0.97,0.1597408493109236,0.6832164911211208
0.005611770979980435,0.05068798057466613,0.9696774193548388,0.09633997820652523,29183,56298,94,3006,59304,LogisticRegression,HeavyCatBoost,0.97,0.1597408493109236,0.6832164911211208
0.004758654185849826,0.05049792600802727,0.97,0.09599821220489409,28941,56540,93,3007,59547,LogisticRegression,HeavyCatBoost,0.97,0.1597408493109236,0.6832164911211208
0.004016318404043634,0.050292691085465795,0.97,0.0956272857370011,28698,56783,93,3007,59790,LogisticRegression,HeavyCatBoost,0.97,0.1597408493109236,0.6832164911211208
0.0030820615721676445,0.05008911765195809,0.97,0.09525921467378391,28455,57026,93,3007,60033,LogisticRegression,HeavyCatBoost,0.97,0.1597408493109236,0.6832164911211208
0.001992980036120553,0.049887185612847565,0.97,0.09489396617015905,28212,57269,93,3007,60276,LogisticRegression,HeavyCatBoost,0.97,0.1597408493109236,0.6832164911211208
9.61454121149934e-05,0.049686054196959685,0.97,0.09453002200565859,27968,57513,93,3007,60520,LogisticRegression,HeavyCatBoost,0.97,0.1597408493109236,0.6832164911211208
0.9998735189437866,1.0,0.0003225806451612903,0.0006449532408900355,85481,0,3099,1,1,LogisticRegression,XGBoost,0.97,0.1597408493109236,0.6832164911211208
0.9985213875770569,0.9959839357429718,0.08,0.1481039116154076,85480,1,2852,248,249,LogisticRegression,XGBoost,0.97,0.1597408493109236,0.6832164911211208
0.9960293769836426,0.9858012170385395,0.1567741935483871,0.2705260228221542,85474,7,2614,486,493,LogisticRegression,XGBoost,0.97,0.1597408493109236,0.6832164911211208
0.9920921325683594,0.9796472184531886,0.23290322580645162,0.3763356789158197,85466,15,2378,722,737,LogisticRegression,XGBoost,0.97,0.1597408493109236,0.6832164911211208
0.9842884540557861,0.9673469387755103,0.3058064516129032,0.4647058823529412,85449,32,2152,948,980,LogisticRegression,XGBoost,0.97,0.1597408493109236,0.6832164911211208
0.9705259203910828,0.9517579721995094,0.37548387096774194,0.5385149201943095,85422,59,1936,1164,1223,LogisticRegression,XGBoost,0.97,0.1597408493109236,0.6832164911211208
0.9483356475830078,0.9351978171896317,0.44225806451612903,0.6005256241787122,85386,95,1729,1371,1466,LogisticRegression,XGBoost,0.97,0.1597408493109236,0.6832164911211208
0.9228517413139343,0.9156908665105387,0.5045161290322581,0.6505823627287853,85337,144,1536,1564,1708,LogisticRegression,XGBoost,0.97,0.1597408493109236,0.6832164911211208
0.8897835612297058,0.8949256791389031,0.5632258064516129,0.6913482478717086,85276,205,1354,1746,1951,LogisticRegression,XGBoost,0.97,0.1597408493109236,0.6832164911211208
0.8492410778999329,0.854147675478578,0.604516129032258,0.70797128825085,85161,320,1226,1874,2194,LogisticRegression,XGBoost,0.97,0.1597408493109236,0.6832164911211208
0.8138624429702759,0.8103448275862069,0.636774193548387,0.713150289017341,85019,462,1126,1974,2436,LogisticRegression,XGBoost,0.97,0.1597408493109236,0.6832164911211208
0.7819404006004333,0.7700634565136245,0.665483870967742,0.7139643536944107,84865,616,1037,2063,2679,LogisticRegression,XGBoost,0.97,0.1597408493109236,0.6832164911211208
0.7509260773658752,0.7323750855578371,0.6903225806451613,0.7107273331119229,84699,782,960,2140,2922,LogisticRegression,XGBoost,0.97,0.1597408493109236,0.6832164911211208
0.7212530970573425,0.6947867298578199,0.7093548387096774,0.7019952114924183,84515,966,901,2199,3165,LogisticRegression,XGBoost,0.97,0.1597408493109236,0.6832164911211208
0.693572461605072,0.6599178403755869,0.7254838709677419,0.6911493546404426,84322,1159,851,2249,3408,LogisticRegression,XGBoost,0.97,0.1597408493109236,0.6832164911211208
0.6700251698493958,0.6299643933168995,0.7419354838709677,0.6813805362168567,84130,1351,800,2300,3651,LogisticRegression,XGBoost,0.97,0.1597408493109236,0.6832164911211208
0.6465616822242737,0.6011813045711351,0.7551612903225806,0.6694309408064054,83928,1553,759,2341,3894,LogisticRegression,XGBoost,0.97,0.1597408493109236,0.6832164911211208
0.6248965859413147,0.5723954556441866,0.7638709677419355,0.6544148127677214,83712,1769,732,2368,4137,LogisticRegression,XGBoost,0.97,0.1597408493109236,0.6832164911211208
0.6055822968482971,0.5477168949771689,0.7738709677419355,0.6414438502673796,83500,1981,701,2399,4380,LogisticRegression,XGBoost,0.97,0.1597408493109236,0.6832164911211208
0.5836073160171509,0.5247674670127622,0.7825806451612903,0.628253269454875,83284,2197,674,2426,4623,LogisticRegression,XGBoost,0.97,0.1597408493109236,0.6832164911211208
0.5674351453781128,0.5046248715313464,0.7919354838709678,0.6164469554300063,83071,2410,645,2455,4865,LogisticRegression,XGBoost,0.97,0.1597408493109236,0.6832164911211208
0.5501103401184082,0.4851213782302271,0.7993548387096774,0.6038011695906433,82851,2630,622,2478,5108,LogisticRegression,XGBoost,0.97,0.1597408493109236,0.6832164911211208
0.5335215926170349,0.4673892730330779,0.8067741935483871,0.5918826174417229,82631,2850,599,2501,5351,LogisticRegression,XGBoost,0.97,0.1597408493109236,0.6832164911211208
0.5165420770645142,0.449767608151591,0.8116129032258065,0.578789970094318,82403,3078,584,2516,5594,LogisticRegression,XGBoost,0.97,0.1597408493109236,0.6832164911211208
0.502286970615387,0.4330991947918451,0.8154838709677419,0.5657379433814478,82172,3309,572,2528,5837,LogisticRegression,XGBoost,0.97,0.1597408493109236,0.6832164911211208
0.48793455958366394,0.4175986842105263,0.8190322580645162,0.5531590413943356,81940,3541,561,2539,6080,LogisticRegression,XGBoost,0.97,0.1597408493109236,0.6832164911211208
0.475035160779953,0.40446061372983233,0.8248387096774193,0.5427722351942262,81716,3765,543,2557,6322,LogisticRegression,XGBoost,0.97,0.1597408493109236,0.6832164911211208
0.4624936878681183,0.391012947448591,0.8280645161290323,0.5311950336264872,81483,3998,533,2567,6565,LogisticRegression,XGBoost,0.97,0.1597408493109236,0.6832164911211208
0.4492183327674866,0.37911280846063455,0.8325806451612904,0.5209931368591039,81254,4227,519,2581,6808,LogisticRegression,XGBoost,0.97,0.1597408493109236,0.6832164911211208
0.4385952949523926,0.3676449737700269,0.8364516129032258,0.510784989658229,81021,4460,507,2593,7053,LogisticRegression,XGBoost,0.97,0.1597408493109236,0.6832164911211208
0.42754513025283813,0.35658489790324793,0.8393548387096774,0.5005289987496394,80786,4695,498,2602,7297,LogisticRegression,XGBoost,0.97,0.1597408493109236,0.6832164911211208
0.4178650677204132,0.346684350132626,0.8432258064516129,0.49135338345864665,80555,4926,486,2614,7540,LogisticRegression,XGBoost,0.97,0.1597408493109236,0.6832164911211208
0.40812429785728455,0.3373168851195065,0.8467741935483871,0.48244807939716966,80324,5157,475,2625,7782,LogisticRegression,XGBoost,0.97,0.1597408493109236,0.6832164911211208
0.39812302589416504,0.3285981308411215,0.8506451612903225,0.4740674157303371,80093,5388,463,2637,8025,LogisticRegression,XGBoost,0.97,0.1597408493109236,0.6832164911211208
0.388742595911026,0.3203918722786647,0.854516129032258,0.4660450387051372,79862,5619,451,2649,8268,LogisticRegression,XGBoost,0.97,0.1597408493109236,0.6832164911211208
0.37962043285369873,0.31203007518796994,0.8567741935483871,0.4574578022735102,79625,5856,444,2656,8512,LogisticRegression,XGBoost,0.97,0.1597408493109236,0.6832164911211208
0.3712647259235382,0.30408955905871604,0.8587096774193549,0.44913109498903325,79389,6092,438,2662,8754,LogisticRegression,XGBoost,0.97,0.1597408493109236,0.6832164911211208
0.36372143030166626,0.2977659219739913,0.8641935483870967,0.4429197321649995,79163,6318,421,2679,8997,LogisticRegression,XGBoost,0.97,0.1597408493109236,0.6832164911211208
0.3555651605129242,0.29123376623376623,0.8680645161290322,0.4361426256077796,78932,6549,409,2691,9240,LogisticRegression,XGBoost,0.97,0.1597408493109236,0.6832164911211208
0.34762951731681824,0.28453912676650495,0.8703225806451613,0.4288666348752186,78697,6784,402,2698,9482,LogisticRegression,XGBoost,0.97,0.1597408493109236,0.6832164911211208
0.33917325735092163,0.27825192802056553,0.8729032258064516,0.4219883040935673,78462,7019,394,2706,9725,LogisticRegression,XGBoost,0.97,0.1597408493109236,0.6832164911211208
0.3321121037006378,0.27164209048048954,0.8735483870967742,0.4144157930981713,78220,7261,392,2708,9969,LogisticRegression,XGBoost,0.97,0.1597408493109236,0.6832164911211208
0.3260166049003601,0.2654719937328633,0.8745161290322581,0.40730168269230765,77980,7501,389,2711,10212,LogisticRegression,XGBoost,0.97,0.1597408493109236,0.6832164911211208
0.31983184814453125,0.2601626016260163,0.8774193548387097,0.4013279232755441,77746,7735,380,2720,10455,LogisticRegression,XGBoost,0.97,0.1597408493109236,0.6832164911211208
0.3134855329990387,0.25509441017012524,0.8803225806451613,0.39556457457602556,77512,7969,371,2729,10698,LogisticRegression,XGBoost,0.97,0.1597408493109236,0.6832164911211208
0.30732816457748413,0.24990859232175502,0.8819354838709678,0.38945868945868944,77275,8206,366,2734,10940,LogisticRegression,XGBoost,0.97,0.1597408493109236,0.6832164911211208
0.30122315883636475,0.24519359742466243,0.8845161290322581,0.38395295106070154,77040,8441,358,2742,11183,LogisticRegression,XGBoost,0.97,0.1597408493109236,0.6832164911211208
0.29583895206451416,0.24065809048744202,0.8870967741935484,0.37860535554484753,76804,8677,350,2750,11427,LogisticRegression,XGBoost,0.97,0.1597408493109236,0.6832164911211208
0.2907489240169525,0.23600994086896906,0.8883870967741936,0.3729433272394881,76566,8915,346,2754,11669,LogisticRegression,XGBoost,0.97,0.1597408493109236,0.6832164911211208
0.28587445616722107,0.23169912693082606,0.8903225806451613,0.3677058353317346,76329,9152,340,2760,11912,LogisticRegression,XGBoost,0.97,0.1597408493109236,0.6832164911211208
0.28060203790664673,0.22797202797202798,0.8938709677419355,0.36329072435267123,76097,9384,329,2771,12155,LogisticRegression,XGBoost,0.97,0.1597408493109236,0.6832164911211208
0.2752762734889984,0.22350379093402162,0.8938709677419355,0.35759452832623567,75854,9627,329,2771,12398,LogisticRegression,XGBoost,0.97,0.1597408493109236,0.6832164911211208
0.2705512046813965,0.2194620253164557,0.8948387096774194,0.3524777636594663,75615,9866,326,2774,12640,LogisticRegression,XGBoost,0.97,0.1597408493109236,0.6832164911211208
0.2657892405986786,0.21584911518162062,0.8970967741935484,0.347972972972973,75378,10103,319,2781,12884,LogisticRegression,XGBoost,0.97,0.1597408493109236,0.6832164911211208
0.2617531418800354,0.21200578959396663,0.8977419354838709,0.3430085659702964,75137,10344,317,2783,13127,LogisticRegression,XGBoost,0.97,0.1597408493109236,0.6832164911211208
0.25696665048599243,0.2086169496596604,0.8996774193548387,0.33869694577691417,74901,10580,311,2789,13369,LogisticRegression,XGBoost,0.97,0.1597408493109236,0.6832164911211208
0.25245046615600586,0.20511313546870408,0.9006451612903226,0.33413116323599806,74661,10820,308,2792,13612,LogisticRegression,XGBoost,0.97,0.1597408493109236,0.6832164911211208
0.24852772057056427,0.2015878744135691,0.9009677419354839,0.3294603361840165,74419,11062,307,2793,13855,LogisticRegression,XGBoost,0.97,0.1597408493109236,0.6832164911211208
0.24478460848331451,0.1984819465134426,0.9025806451612903,0.3254055939989533,74182,11299,302,2798,14097,LogisticRegression,XGBoost,0.97,0.1597408493109236,0.6832164911211208
0.24118557572364807,0.19539748953974895,0.9038709677419355,0.3213302752293578,73943,11538,298,2802,14340,LogisticRegression,XGBoost,0.97,0.1597408493109236,0.6832164911211208
0.2372896373271942,0.1924026330224904,0.9051612903225806,0.31734901605971494,73703,11778,294,2806,14584,LogisticRegression,XGBoost,0.97,0.1597408493109236,0.6832164911211208
0.23360171914100647,0.18945167599649287,0.9061290322580645,0.3133820494226585,73463,12018,291,2809,14827,LogisticRegression,XGBoost,0.97,0.1597408493109236,0.6832164911211208
0.230315163731575,0.18678256253732334,0.9080645161290323,0.30983435143910626,73225,12256,285,2815,15071,LogisticRegression,XGBoost,0.97,0.1597408493109236,0.6832164911211208
0.22666586935520172,0.1841452265900483,0.9096774193548387,0.30628869338546755,72987,12494,280,2820,15314,LogisticRegression,XGBoost,0.97,0.1597408493109236,0.6832164911211208
0.2233557105064392,0.18153767035227564,0.9109677419354839,0.30274442538593477,72749,12732,276,2824,15556,LogisticRegression,XGBoost,0.97,0.1597408493109236,0.6832164911211208
0.22025898098945618,0.1790506329113924,0.9125806451612903,0.2993650793650794,72510,12971,271,2829,15800,LogisticRegression,XGBoost,0.97,0.1597408493109236,0.6832164911211208
0.2168560028076172,0.1766502524465499,0.9141935483870968,0.29608734263177133,72272,13209,266,2834,16043,LogisticRegression,XGBoost,0.97,0.1597408493109236,0.6832164911211208
0.2137325555086136,0.17431080002455945,0.9158064516129032,0.29287666993346056,72033,13448,261,2839,16287,LogisticRegression,XGBoost,0.97,0.1597408493109236,0.6832164911211208
0.2107354998588562,0.17181922681347933,0.9161290322580645,0.2893677721738244,71792,13689,260,2840,16529,LogisticRegression,XGBoost,0.97,0.1597408493109236,0.6832164911211208
0.20796740055084229,0.16930964588052938,0.9161290322580645,0.2858005434235685,71547,13934,260,2840,16774,LogisticRegression,XGBoost,0.97,0.1597408493109236,0.6832164911211208
0.2049354761838913,0.16718575542104955,0.917741935483871,0.2828453546751504,71309,14172,255,2845,17017,LogisticRegression,XGBoost,0.97,0.1597408493109236,0.6832164911211208
0.20239603519439697,0.16506373117033604,0.9190322580645162,0.27986247544204323,71070,14411,251,2849,17260,LogisticRegression,XGBoost,0.97,0.1597408493109236,0.6832164911211208
0.19935019314289093,0.16294349540078842,0.92,0.27685288550211135,70830,14651,248,2852,17503,LogisticRegression,XGBoost,0.97,0.1597408493109236,0.6832164911211208
0.19660797715187073,0.16093767609602164,0.9212903225806451,0.2740094022834117,70591,14890,244,2856,17746,LogisticRegression,XGBoost,0.97,0.1597408493109236,0.6832164911211208
0.19406740367412567,0.15881927844794042,0.9216129032258065,0.27094693916259666,70349,15132,243,2857,17989,LogisticRegression,XGBoost,0.97,0.1597408493109236,0.6832164911211208
0.1910683959722519,0.1569218955682317,0.9229032258064516,0.26823551471967,70110,15371,239,2861,18232,LogisticRegression,XGBoost,0.97,0.1597408493109236,0.6832164911211208
0.18846383690834045,0.1549661705006766,0.9235483870967742,0.26539976825028966,69869,15612,237,2863,18475,LogisticRegression,XGBoost,0.97,0.1597408493109236,0.6832164911211208
0.18586869537830353,0.1531228295132767,0.9245161290322581,0.2627308979236375,69630,15851,234,2866,18717,LogisticRegression,XGBoost,0.97,0.1597408493109236,0.6832164911211208
0.1836605966091156,0.1512051052159696,0.9248387096774193,0.25991568831875256,69387,16094,233,2867,18961,LogisticRegression,XGBoost,0.97,0.1597408493109236,0.6832164911211208
0.18100327253341675,0.14934388669027285,0.9251612903225807,0.25717360114777615,69145,16336,232,2868,19204,LogisticRegression,XGBoost,0.97,0.1597408493109236,0.6832164911211208
0.17856287956237793,0.1476396174020364,0.9261290322580645,0.2546793222744611,68906,16575,229,2871,19446,LogisticRegression,XGBoost,0.97,0.1597408493109236,0.6832164911211208
0.17651790380477905,0.14596983087002896,0.9270967741935484,0.2522269515994559,68666,16815,226,2874,19689,LogisticRegression,XGBoost,0.97,0.1597408493109236,0.6832164911211208
0.1738731861114502,0.14419024683925347,0.9270967741935484,0.24956582146578674,68423,17058,226,2874,19932,LogisticRegression,XGBoost,0.97,0.1597408493109236,0.6832164911211208
0.17152456939220428,0.14259516256938937,0.9280645161290323,0.24720742395600614,68182,17299,223,2877,20176,LogisticRegression,XGBoost,0.97,0.1597408493109236,0.6832164911211208
0.16956400871276855,0.1408981830647926,0.9280645161290323,0.24465325906713725,67939,17542,223,2877,20419,LogisticRegression,XGBoost,0.97,0.1597408493109236,0.6832164911211208
0.167234405875206,0.13933791501306747,0.9287096774193548,0.2423196700614427,67698,17783,221,2879,20662,LogisticRegression,XGBoost,0.97,0.1597408493109236,0.6832164911211208
0.16514812409877777,0.13776608466873955,0.9290322580645162,0.239950010414497,67456,18025,220,2880,20905,LogisticRegression,XGBoost,0.97,0.1597408493109236,0.6832164911211208
0.1630498468875885,0.13628410649264672,0.9296774193548387,0.23772013032540107,67216,18265,218,2882,21147,LogisticRegression,XGBoost,0.97,0.1597408493109236,0.6832164911211208
0.16083918511867523,0.13477630779299704,0.93,0.23543342452329427,66973,18508,217,2883,21391,LogisticRegression,XGBoost,0.97,0.1597408493109236,0.6832164911211208
0.15882693231105804,0.13325629766581928,0.93,0.23311097634930264,66729,18752,217,2883,21635,LogisticRegression,XGBoost,0.97,0.1597408493109236,0.6832164911211208
0.1569989174604416,0.13186762958222872,0.9306451612903226,0.23100328288894229,66488,18993,215,2885,21878,LogisticRegression,XGBoost,0.97,0.1597408493109236,0.6832164911211208
0.15520767867565155,0.13041905881289273,0.9306451612903226,0.22877760596328459,66245,19236,215,2885,22121,LogisticRegression,XGBoost,0.97,0.1597408493109236,0.6832164911211208
0.15350429713726044,0.12908562486027275,0.9312903225806451,0.22674258786569806,66003,19478,213,2887,22365,LogisticRegression,XGBoost,0.97,0.1597408493109236,0.6832164911211208
0.15174409747123718,0.1278807449020215,0.9325806451612904,0.2249192826856498,65765,19716,209,2891,22607,LogisticRegression,XGBoost,0.97,0.1597408493109236,0.6832164911211208
0.1499851644039154,0.1266027744956457,0.9332258064516129,0.22295865284574776,65523,19958,207,2893,22851,LogisticRegression,XGBoost,0.97,0.1597408493109236,0.6832164911211208
0.14803315699100494,0.12535723564562223,0.9338709677419355,0.22104298694357485,65282,20199,205,2895,23094,LogisticRegression,XGBoost,0.97,0.1597408493109236,0.6832164911211208
0.14626923203468323,0.12418580733630442,0.9348387096774193,0.21924648206990466,65043,20438,202,2898,23336,LogisticRegression,XGBoost,0.97,0.1597408493109236,0.6832164911211208
0.14446882903575897,0.12294838627592349,0.9351612903225807,0.21732448742456614,64801,20680,201,2899,23579,LogisticRegression,XGBoost,0.97,0.1597408493109236,0.6832164911211208
0.14278347790241241,0.12186214423642011,0.9364516129032258,0.2156600549736275,64562,20919,197,2903,23822,LogisticRegression,XGBoost,0.97,0.1597408493109236,0.6832164911211208
0.1409355252981186,0.12067819148936171,0.9367741935483871,0.21381239876306876,64321,21160,196,2904,24064,LogisticRegression,XGBoost,0.97,0.1597408493109236,0.6832164911211208
0.13923241198062897,0.11947175710700621,0.9367741935483871,0.21191666362608091,64078,21403,196,2904,24307,LogisticRegression,XGBoost,0.97,0.1597408493109236,0.6832164911211208
0.13762614130973816,0.11832993890020367,0.9370967741935484,0.21012658227848102,63836,21645,195,2905,24550,LogisticRegression,XGBoost,0.97,0.1597408493109236,0.6832164911211208
0.136032834649086,0.11725083692977857,0.937741935483871,0.20843939339619258,63595,21886,193,2907,24793,LogisticRegression,XGBoost,0.97,0.1597408493109236,0.6832164911211208
0.13438516855239868,0.11619732374675454,0.9383870967741935,0.2067886973520526,63355,22126,191,2909,25035,LogisticRegression,XGBoost,0.97,0.1597408493109236,0.6832164911211208
0.1327497810125351,0.11515942716987103,0.9390322580645162,0.2051589259285362,63114,22367,189,2911,25278,LogisticRegression,XGBoost,0.97,0.1597408493109236,0.6832164911211208
0.1311737298965454,0.11409764125068568,0.9393548387096774,0.20347984068199287,62871,22610,188,2912,25522,LogisticRegression,XGBoost,0.97,0.1597408493109236,0.6832164911211208
0.12976901233196259,0.11302592765098587,0.9393548387096774,0.2017738359201774,62629,22852,188,2912,25764,LogisticRegression,XGBoost,0.97,0.1597408493109236,0.6832164911211208
0.12830160558223724,0.11200830545622333,0.9396774193548387,0.20015803758546055,62387,23094,187,2913,26007,LogisticRegression,XGBoost,0.97,0.1597408493109236,0.6832164911211208
0.12668120861053467,0.11104761904761905,0.9403225806451613,0.19863713798977856,62146,23335,185,2915,26250,LogisticRegression,XGBoost,0.97,0.1597408493109236,0.6832164911211208
0.12518881261348724,0.11010871206401933,0.9409677419354838,0.1971478778048121,61906,23575,183,2917,26492,LogisticRegression,XGBoost,0.97,0.1597408493109236,0.6832164911211208
0.12391337007284164,0.10929493173742286,0.9425806451612904,0.19587732528909002,61668,23813,178,2922,26735,LogisticRegression,XGBoost,0.97,0.1597408493109236,0.6832164911211208
0.12246065586805344,0.1084216769219364,0.9435483870967742,0.19449431478156792,61428,24053,175,2925,26978,LogisticRegression,XGBoost,0.97,0.1597408493109236,0.6832164911211208
0.1210874617099762,0.10753122703894195,0.9441935483870968,0.19307387862796832,61188,24293,173,2927,27220,LogisticRegression,XGBoost,0.97,0.1597408493109236,0.6832164911211208
0.11965688318014145,0.10661617448931289,0.944516129032258,0.19160422733370414,60946,24535,172,2928,27463,LogisticRegression,XGBoost,0.97,0.1597408493109236,0.6832164911211208
0.11808562278747559,0.10568107991048871,0.944516129032258,0.1900928390573265,60703,24778,172,2928,27706,LogisticRegression,XGBoost,0.97,0.1597408493109236,0.6832164911211208
0.11634251475334167,0.10476599398883642,0.944516129032258,0.18861118268487503,60461,25020,172,2928,27948,LogisticRegression,XGBoost,0.97,0.1597408493109236,0.6832164911211208
0.11500577628612518,0.10385925085130533,0.944516129032258,0.18714048319059184,60217,25264,172,2928,28192,LogisticRegression,XGBoost,0.97,0.1597408493109236,0.6832164911211208
0.11349952220916748,0.10300685774573588,0.9448387096774193,0.18576185191057554,59975,25506,171,2929,28435,LogisticRegression,XGBoost,0.97,0.1597408493109236,0.6832164911211208
0.11211162805557251,0.10216890996582746,0.9451612903225807,0.18440430486500092,59733,25748,170,2930,28678,LogisticRegression,XGBoost,0.97,0.1597408493109236,0.6832164911211208
0.11088565737009048,0.10138312586445367,0.9458064516129032,0.1831355402873204,59493,25988,168,2932,28920,LogisticRegression,XGBoost,0.97,0.1597408493109236,0.6832164911211208
0.10961320251226425,0.10067551349312485,0.9470967741935484,0.1820041533645352,59254,26227,164,2936,29163,LogisticRegression,XGBoost,0.97,0.1597408493109236,0.6832164911211208
0.10841722041368484,0.09991158267020336,0.947741935483871,0.18076662769950166,59013,26468,162,2938,29406,LogisticRegression,XGBoost,0.97,0.1597408493109236,0.6832164911211208
0.10697346180677414,0.09916351861845656,0.9483870967741935,0.17955294979846095,58773,26708,160,2940,29648,LogisticRegression,XGBoost,0.97,0.1597408493109236,0.6832164911211208
0.10573872923851013,0.09839081997925797,0.9487096774193549,0.17829104907398988,58531,26950,159,2941,29891,LogisticRegression,XGBoost,0.97,0.1597408493109236,0.6832164911211208
0.10450460761785507,0.09762734362037498,0.9490322580645161,0.1770422747103957,58288,27193,158,2942,30135,LogisticRegression,XGBoost,0.97,0.1597408493109236,0.6832164911211208
0.10322530567646027,0.09691223912041609,0.9496774193548387,0.17587669514307905,58047,27434,156,2944,30378,LogisticRegression,XGBoost,0.97,0.1597408493109236,0.6832164911211208
0.10204509645700455,0.09614003004375939,0.9496774193548387,0.17460411600735423,57803,27678,156,2944,30622,LogisticRegression,XGBoost,0.97,0.1597408493109236,0.6832164911211208
0.10094287991523743,0.09540933683221564,0.95,0.17340359760944446,57559,27922,155,2945,30867,LogisticRegression,XGBoost,0.97,0.1597408493109236,0.6832164911211208
0.09985717386007309,0.09466713812723006,0.95,0.1721769125084042,57317,28164,155,2945,31109,LogisticRegression,XGBoost,0.97,0.1597408493109236,0.6832164911211208
0.09866264462471008,0.09396230025834848,0.9503225806451613,0.17101558645110732,57074,28407,154,2946,31353,LogisticRegression,XGBoost,0.97,0.1597408493109236,0.6832164911211208
0.09756998717784882,0.09323965058868211,0.9503225806451613,0.1698178464376297,56831,28650,154,2946,31596,LogisticRegression,XGBoost,0.97,0.1597408493109236,0.6832164911211208
0.0964200347661972,0.0925623468810855,0.9506451612903226,0.1686988379414964,56590,28891,153,2947,31838,LogisticRegression,XGBoost,0.97,0.1597408493109236,0.6832164911211208
0.09540165215730667,0.0919547395654749,0.9516129032258065,0.167704158494642,56350,29131,150,2950,32081,LogisticRegression,XGBoost,0.97,0.1597408493109236,0.6832164911211208
0.09428112953901291,0.09132250580046404,0.952258064516129,0.1666619618913197,56108,29373,148,2952,32325,LogisticRegression,XGBoost,0.97,0.1597408493109236,0.6832164911211208
0.09326190501451492,0.09064112011790715,0.952258064516129,0.1655265223729954,55865,29616,148,2952,32568,LogisticRegression,XGBoost,0.97,0.1597408493109236,0.6832164911211208
0.09209757298231125,0.09003352636391344,0.9529032258064516,0.16452241715399613,55625,29856,146,2954,32810,LogisticRegression,XGBoost,0.97,0.1597408493109236,0.6832164911211208
0.09100280702114105,0.08936891147818721,0.9529032258064516,0.16341207058693366,55381,30100,146,2954,33054,LogisticRegression,XGBoost,0.97,0.1597408493109236,0.6832164911211208
0.0898108184337616,0.08871403687909184,0.9529032258064516,0.1623166108027914,55137,30344,146,2954,33298,LogisticRegression,XGBoost,0.97,0.1597408493109236,0.6832164911211208
0.08885914087295532,0.08807131570316926,0.9529032258064516,0.16124014082585084,54894,30587,146,2954,33541,LogisticRegression,XGBoost,0.97,0.1597408493109236,0.6832164911211208
0.08767867088317871,0.08746744020838267,0.9532258064516129,0.16023207895022232,54652,30829,145,2955,33784,LogisticRegression,XGBoost,0.97,0.1597408493109236,0.6832164911211208
0.08659031242132187,0.08684280130484615,0.9532258064516129,0.1591833436582541,54409,31072,145,2955,34027,LogisticRegression,XGBoost,0.97,0.1597408493109236,0.6832164911211208
0.08550003170967102,0.08625871779159007,0.9535483870967741,0.15820599962535795,54168,31313,144,2956,34269,LogisticRegression,XGBoost,0.97,0.1597408493109236,0.6832164911211208
0.08448442071676254,0.08568034306907742,0.9538709677419355,0.15723705200467936,53926,31555,143,2957,34512,LogisticRegression,XGBoost,0.97,0.1597408493109236,0.6832164911211208
0.08346711844205856,0.08513882894547548,0.954516129032258,0.1563333773609827,53685,31796,141,2959,34755,LogisticRegression,XGBoost,0.97,0.1597408493109236,0.6832164911211208
0.0825100764632225,0.08457626150065718,0.9548387096774194,0.15538873431676203,53443,32038,140,2960,34998,LogisticRegression,XGBoost,0.97,0.1597408493109236,0.6832164911211208
0.08150894939899445,0.08399307624641753,0.9548387096774194,0.15440390182832997,53200,32281,140,2960,35241,LogisticRegression,XGBoost,0.97,0.1597408493109236,0.6832164911211208
0.08051515370607376,0.08347424191184759,0.9554838709677419,0.15353514410118183,52959,32522,138,2962,35484,LogisticRegression,XGBoost,0.97,0.1597408493109236,0.6832164911211208
0.07961668819189072,0.08290880591166097,0.9554838709677419,0.15257816926801626,52717,32764,138,2962,35726,LogisticRegression,XGBoost,0.97,0.1597408493109236,0.6832164911211208
0.07861208915710449,0.08234639977759244,0.9554838709677419,0.1516252879447146,52473,33008,138,2962,35970,LogisticRegression,XGBoost,0.97,0.1597408493109236,0.6832164911211208
0.07758612930774689,0.08189976529062543,0.9567741935483871,0.15088388655729362,52232,33249,134,2966,36215,LogisticRegression,XGBoost,0.97,0.1597408493109236,0.6832164911211208
0.07658684253692627,0.08138131548631301,0.9570967741935484,0.15000758380100104,51990,33491,133,2967,36458,LogisticRegression,XGBoost,0.97,0.1597408493109236,0.6832164911211208
0.07569616287946701,0.08089477412675058,0.957741935483871,0.1491884829908045,51748,33733,131,2969,36702,LogisticRegression,XGBoost,0.97,0.1597408493109236,0.6832164911211208
0.0747295469045639,0.08035835115164966,0.957741935483871,0.1482757759632432,51503,33978,131,2969,36947,LogisticRegression,XGBoost,0.97,0.1597408493109236,0.6832164911211208
0.07384231686592102,0.07983328851841894,0.957741935483871,0.14738148423926534,51260,34221,131,2969,37190,LogisticRegression,XGBoost,0.97,0.1597408493109236,0.6832164911211208
0.07296007871627808,0.07931292407971363,0.957741935483871,0.14649430108057432,51016,34465,131,2969,37434,LogisticRegression,XGBoost,0.97,0.1597408493109236,0.6832164911211208
0.07210893929004669,0.07879929932586656,0.957741935483871,0.14561773505321496,50772,34709,131,2969,37678,LogisticRegression,XGBoost,0.97,0.1597408493109236,0.6832164911211208
0.07123538851737976,0.07834502399662464,0.9583870967741935,0.14484910535810053,50530,34951,129,2971,37922,LogisticRegression,XGBoost,0.97,0.1597408493109236,0.6832164911211208
0.07048197090625763,0.07787443664186144,0.9587096774193549,0.14404808065141528,50289,35192,128,2972,38164,LogisticRegression,XGBoost,0.97,0.1597408493109236,0.6832164911211208
0.06963856518268585,0.07743178504478233,0.9593548387096774,0.14329767755613373,50047,35434,126,2974,38408,LogisticRegression,XGBoost,0.97,0.1597408493109236,0.6832164911211208
0.0687616690993309,0.07699671418592016,0.96,0.14255945965366099,49806,35675,124,2976,38651,LogisticRegression,XGBoost,0.97,0.1597408493109236,0.6832164911211208
0.06793493777513504,0.07651565794209904,0.96,0.1417345335047864,49563,35918,124,2976,38894,LogisticRegression,XGBoost,0.97,0.1597408493109236,0.6832164911211208
0.06700730323791504,0.07608973376258368,0.9606451612903226,0.14101046451063023,49321,36160,122,2978,39138,LogisticRegression,XGBoost,0.97,0.1597408493109236,0.6832164911211208
0.0661698654294014,0.07564177436965187,0.9609677419354838,0.14024433302732855,49077,36404,121,2979,39383,LogisticRegression,XGBoost,0.97,0.1597408493109236,0.6832164911211208
0.06532292813062668,0.07517791349114218,0.9609677419354838,0.13944670692318495,48834,36647,121,2979,39626,LogisticRegression,XGBoost,0.97,0.1597408493109236,0.6832164911211208
0.06443323194980621,0.07471970704055783,0.9609677419354838,0.13865810235285905,48591,36890,121,2979,39869,LogisticRegression,XGBoost,0.97,0.1597408493109236,0.6832164911211208
0.0636976882815361,0.07426705225368967,0.9609677419354838,0.13787836712024437,48348,37133,121,2979,40112,LogisticRegression,XGBoost,0.97,0.1597408493109236,0.6832164911211208
0.06290742754936218,0.07386574819733875,0.9616129032258065,0.13719308741974823,48105,37376,119,2981,40357,LogisticRegression,XGBoost,0.97,0.1597408493109236,0.6832164911211208
0.06213967874646187,0.07342545382891204,0.9616129032258065,0.13643332799377558,47863,37618,119,2981,40599,LogisticRegression,XGBoost,0.97,0.1597408493109236,0.6832164911211208
0.06138208881020546,0.07301307477596591,0.9619354838709677,0.135724363934277,47621,37860,118,2982,40842,LogisticRegression,XGBoost,0.97,0.1597408493109236,0.6832164911211208
0.06059568002820015,0.07257946745850168,0.9619354838709677,0.1349748789209252,47377,38104,118,2982,41086,LogisticRegression,XGBoost,0.97,0.1597408493109236,0.6832164911211208
0.059878069907426834,0.07217866821525358,0.962258064516129,0.13428468533357343,47136,38345,117,2983,41328,LogisticRegression,XGBoost,0.97,0.1597408493109236,0.6832164911211208
0.05906113609671593,0.07178080873685982,0.9625806451612903,0.1335989792035101,46894,38587,116,2984,41571,LogisticRegression,XGBoost,0.97,0.1597408493109236,0.6832164911211208
0.05829288810491562,0.07136365810494093,0.9625806451612903,0.13287616333437235,46651,38830,116,2984,41814,LogisticRegression,XGBoost,0.97,0.1597408493109236,0.6832164911211208
0.05743790045380592,0.07095301502758228,0.9625806451612903,0.13216405350341043,46409,39072,116,2984,42056,LogisticRegression,XGBoost,0.97,0.1597408493109236,0.6832164911211208
0.05670710653066635,0.0705454029646091,0.9625806451612903,0.1314566400140972,46166,39315,116,2984,42299,LogisticRegression,XGBoost,0.97,0.1597408493109236,0.6832164911211208
0.055868059396743774,0.07014244746368295,0.9625806451612903,0.13075675912536697,45923,39558,116,2984,42542,LogisticRegression,XGBoost,0.97,0.1597408493109236,0.6832164911211208
0.05511943995952606,0.06974406918312492,0.9625806451612903,0.13006429116268933,45680,39801,116,2984,42785,LogisticRegression,XGBoost,0.97,0.1597408493109236,0.6832164911211208
0.05444706603884697,0.06935019057358,0.9625806451612903,0.12937911897329174,45437,40044,116,2984,43028,LogisticRegression,XGBoost,0.97,0.1597408493109236,0.6832164911211208
0.05371405929327011,0.06895914217045665,0.9625806451612903,0.12869835245406713,45193,40288,116,2984,43272,LogisticRegression,XGBoost,0.97,0.1597408493109236,0.6832164911211208
0.05289396643638611,0.06859861194098452,0.9629032258064516,0.1280731110825074,44952,40529,115,2985,43514,LogisticRegression,XGBoost,0.97,0.1597408493109236,0.6832164911211208
0.05210166424512863,0.06826336357611354,0.9635483870967742,0.12749429114113153,44711,40770,113,2987,43757,LogisticRegression,XGBoost,0.97,0.1597408493109236,0.6832164911211208
0.05142363905906677,0.0679090909090909,0.9638709677419355,0.12687898089171976,44469,41012,112,2988,44000,LogisticRegression,XGBoost,0.97,0.1597408493109236,0.6832164911211208
0.050665419548749924,0.06753763392251706,0.9638709677419355,0.12623040851675044,44227,41254,112,2988,44242,LogisticRegression,XGBoost,0.97,0.1597408493109236,0.6832164911211208
0.049907486885786057,0.06719118804091266,0.9641935483870968,0.12562782389408425,43985,41496,111,2989,44485,LogisticRegression,XGBoost,0.97,0.1597408493109236,0.6832164911211208
0.04912368580698967,0.0668455175497429,0.964516129032258,0.12502613422538153,43741,41740,110,2990,44730,LogisticRegression,XGBoost,0.97,0.1597408493109236,0.6832164911211208
0.04839819297194481,0.06650657060903209,0.9648387096774194,0.12443575395752296,43499,41982,109,2991,44973,LogisticRegression,XGBoost,0.97,0.1597408493109236,0.6832164911211208
0.047697968780994415,0.0661491507430998,0.9648387096774194,0.12380991803957281,43256,42225,109,2991,45216,LogisticRegression,XGBoost,0.97,0.1597408493109236,0.6832164911211208
0.047020696103572845,0.06581754988011175,0.9651612903225807,0.1232315327745629,43014,42467,108,2992,45459,LogisticRegression,XGBoost,0.97,0.1597408493109236,0.6832164911211208
0.04633260890841484,0.0654675944159993,0.9651612903225807,0.12261792549485674,42771,42710,108,2992,45702,LogisticRegression,XGBoost,0.97,0.1597408493109236,0.6832164911211208
0.04555671289563179,0.06512275814034477,0.9651612903225807,0.12201288638773347,42529,42952,108,2992,45944,LogisticRegression,XGBoost,0.97,0.1597408493109236,0.6832164911211208
0.044811781495809555,0.06480038105135533,0.9654838709677419,0.12144944002596982,42286,43195,107,2993,46188,LogisticRegression,XGBoost,0.97,0.1597408493109236,0.6832164911211208
0.044144563376903534,0.06448278090069134,0.9658064516129032,0.12089398558478529,42044,43437,106,2994,46431,LogisticRegression,XGBoost,0.97,0.1597408493109236,0.6832164911211208
0.04336894676089287,0.06414843699783601,0.9658064516129032,0.12030619010306794,41802,43679,106,2994,46673,LogisticRegression,XGBoost,0.97,0.1597408493109236,0.6832164911211208
0.0427139475941658,0.06383749680279649,0.9661290322580646,0.11976167626359564,41560,43921,105,2995,46916,LogisticRegression,XGBoost,0.97,0.1597408493109236,0.6832164911211208
0.04198755696415901,0.06354961832061069,0.9667741935483871,0.11925984878631118,41318,44163,103,2997,47160,LogisticRegression,XGBoost,0.97,0.1597408493109236,0.6832164911211208
0.041337329894304276,0.0632251803721362,0.9667741935483871,0.11868836877747417,41076,44405,103,2997,47402,LogisticRegression,XGBoost,0.97,0.1597408493109236,0.6832164911211208
0.04070935398340225,0.0629013978088402,0.9667741935483871,0.11811768415244553,40832,44649,103,2997,47646,LogisticRegression,XGBoost,0.97,0.1597408493109236,0.6832164911211208
0.04009328410029411,0.06258222138695733,0.9667741935483871,0.11755476671438937,40589,44892,103,2997,47889,LogisticRegression,XGBoost,0.97,0.1597408493109236,0.6832164911211208
0.0393746942281723,0.06226626776364996,0.9667741935483871,0.11699718925671454,40346,45135,103,2997,48132,LogisticRegression,XGBoost,0.97,0.1597408493109236,0.6832164911211208
0.038669925183057785,0.061974160206718344,0.9670967741935483,0.11648372996600292,40104,45377,102,2998,48375,LogisticRegression,XGBoost,0.97,0.1597408493109236,0.6832164911211208
0.03801644593477249,0.06166313581110266,0.9670967741935483,0.11593418279549103,39860,45621,102,2998,48619,LogisticRegression,XGBoost,0.97,0.1597408493109236,0.6832164911211208
0.037301674485206604,0.061356473333060456,0.9670967741935483,0.11539201724337014,39617,45864,102,2998,48862,LogisticRegression,XGBoost,0.97,0.1597408493109236,0.6832164911211208
0.036520905792713165,0.06107445421961551,0.9674193548387097,0.11489541031338596,39376,46105,101,2999,49104,LogisticRegression,XGBoost,0.97,0.1597408493109236,0.6832164911211208
0.03583856672048569,0.06077370458183882,0.9674193548387097,0.11436307129101761,39133,46348,101,2999,49347,LogisticRegression,XGBoost,0.97,0.1597408493109236,0.6832164911211208
0.03516168147325516,0.06047590239967735,0.9674193548387097,0.11383564243689503,38890,46591,101,2999,49590,LogisticRegression,XGBoost,0.97,0.1597408493109236,0.6832164911211208
0.034467533230781555,0.06018221223310323,0.9674193548387097,0.113315196856344,38648,46833,101,2999,49832,LogisticRegression,XGBoost,0.97,0.1597408493109236,0.6832164911211208
0.03384073078632355,0.059908938413611314,0.967741935483871,0.11283285692793742,38405,47076,100,3000,50076,LogisticRegression,XGBoost,0.97,0.1597408493109236,0.6832164911211208
0.0332084596157074,0.05963831478537361,0.9680645161290322,0.1123549232497192,38162,47319,99,3001,50320,LogisticRegression,XGBoost,0.97,0.1597408493109236,0.6832164911211208
0.03254023194313049,0.05935287369961631,0.9680645161290322,0.1118482352502702,37920,47561,99,3001,50562,LogisticRegression,XGBoost,0.97,0.1597408493109236,0.6832164911211208
0.03184676915407181,0.05906898927270938,0.9680645161290322,0.11134403116594008,37677,47804,99,3001,50805,LogisticRegression,XGBoost,0.97,0.1597408493109236,0.6832164911211208
0.03110285848379135,0.05878780755367497,0.9680645161290322,0.11084435251532836,37434,48047,99,3001,51048,LogisticRegression,XGBoost,0.97,0.1597408493109236,0.6832164911211208
0.030416948720812798,0.0585104308832131,0.9680645161290322,0.11035116749402463,37192,48289,99,3001,51290,LogisticRegression,XGBoost,0.97,0.1597408493109236,0.6832164911211208
0.02974814362823963,0.05823339930919393,0.9680645161290322,0.1098583299776696,36948,48533,99,3001,51534,LogisticRegression,XGBoost,0.97,0.1597408493109236,0.6832164911211208
0.02911701798439026,0.057960098113061784,0.9680645161290322,0.10937186799569948,36705,48776,99,3001,51777,LogisticRegression,XGBoost,0.97,0.1597408493109236,0.6832164911211208
0.02838951349258423,0.057690459255272115,0.9680645161290322,0.10889167074874363,36463,49018,99,3001,52019,LogisticRegression,XGBoost,0.97,0.1597408493109236,0.6832164911211208
0.027801048010587692,0.05744135318204432,0.9683870967741935,0.10844983923991186,36221,49260,98,3002,52262,LogisticRegression,XGBoost,0.97,0.1597408493109236,0.6832164911211208
0.027185287326574326,0.05717550709456242,0.9683870967741935,0.10797590144771153,35978,49503,98,3002,52505,LogisticRegression,XGBoost,0.97,0.1597408493109236,0.6832164911211208
0.026500074192881584,0.05691211041176917,0.9683870967741935,0.10750608795301533,35735,49746,98,3002,52748,LogisticRegression,XGBoost,0.97,0.1597408493109236,0.6832164911211208
0.025842210277915,0.05665219852802415,0.9683870967741935,0.10704225352112677,35493,49988,98,3002,52990,LogisticRegression,XGBoost,0.97,0.1597408493109236,0.6832164911211208
0.025231674313545227,0.05639359044201905,0.9683870967741935,0.10658051231072373,35250,50231,98,3002,53233,LogisticRegression,XGBoost,0.97,0.1597408493109236,0.6832164911211208
0.024599377065896988,0.056156032612760864,0.9687096774193549,0.10615808823529413,35008,50473,97,3003,53476,LogisticRegression,XGBoost,0.97,0.1597408493109236,0.6832164911211208
0.02386951819062233,0.05590304925723221,0.9687096774193549,0.10570593825900243,34766,50715,97,3003,53718,LogisticRegression,XGBoost,0.97,0.1597408493109236,0.6832164911211208
0.023208703845739365,0.05565130371935287,0.9687096774193549,0.10525577890327895,34523,50958,97,3003,53961,LogisticRegression,XGBoost,0.97,0.1597408493109236,0.6832164911211208
0.022543832659721375,0.055436667527579975,0.9693548387096774,0.10487558021847625,34280,51201,95,3005,54206,LogisticRegression,XGBoost,0.97,0.1597408493109236,0.6832164911211208
0.021938040852546692,0.055190273288275055,0.9693548387096774,0.10443455897685411,34038,51443,95,3005,54448,LogisticRegression,XGBoost,0.97,0.1597408493109236,0.6832164911211208
0.021328987553715706,0.05496333948912984,0.9696774193548388,0.10403003927947259,33796,51685,94,3006,54691,LogisticRegression,XGBoost,0.97,0.1597408493109236,0.6832164911211208
0.02066727541387081,0.05472020970619289,0.9696774193548388,0.10359444463590309,33553,51928,94,3006,54934,LogisticRegression,XGBoost,0.97,0.1597408493109236,0.6832164911211208
0.019997384399175644,0.05448020878642888,0.9696774193548388,0.1031642528656737,33311,52170,94,3006,55176,LogisticRegression,XGBoost,0.97,0.1597408493109236,0.6832164911211208
0.019242873415350914,0.05424132517728577,0.9696774193548388,0.10273586356567953,33068,52413,94,3006,55419,LogisticRegression,XGBoost,0.97,0.1597408493109236,0.6832164911211208
0.018589673563838005,0.054004527325644064,0.9696774193548388,0.10231101732412104,32825,52656,94,3006,55662,LogisticRegression,XGBoost,0.97,0.1597408493109236,0.6832164911211208
0.01791079342365265,0.05377074985689754,0.9696774193548388,0.10189139719341062,32583,52898,94,3006,55904,LogisticRegression,XGBoost,0.97,0.1597408493109236,0.6832164911211208
0.01711754873394966,0.053538034089087576,0.9696774193548388,0.1014734923287255,32340,53141,94,3006,56147,LogisticRegression,XGBoost,0.97,0.1597408493109236,0.6832164911211208
0.01647518202662468,0.05330732399361589,0.9696774193548388,0.10105900151285929,32097,53384,94,3006,56390,LogisticRegression,XGBoost,0.97,0.1597408493109236,0.6832164911211208
0.015832703560590744,0.053096251302244275,0.97,0.10068136540940519,31855,53626,93,3007,56633,LogisticRegression,XGBoost,0.97,0.1597408493109236,0.6832164911211208
0.015184820629656315,0.05286940009845981,0.97,0.1002734427104175,31612,53869,93,3007,56876,LogisticRegression,XGBoost,0.97,0.1597408493109236,0.6832164911211208
0.014473464339971542,0.05264355742296919,0.97,0.0998671537695118,31368,54113,93,3007,57120,LogisticRegression,XGBoost,0.97,0.1597408493109236,0.6832164911211208
0.013781585730612278,0.05242054983177309,0.97,0.0994657889949225,31125,54356,93,3007,57363,LogisticRegression,XGBoost,0.97,0.1597408493109236,0.6832164911211208
0.012983730994164944,0.05219942367114537,0.97,0.09906763746581887,30882,54599,93,3007,57606,LogisticRegression,XGBoost,0.97,0.1597408493109236,0.6832164911211208
0.012344452552497387,0.051979256698357824,0.97,0.09867104183757178,30638,54843,93,3007,57850,LogisticRegression,XGBoost,0.97,0.1597408493109236,0.6832164911211208
0.011566934175789356,0.05176183016886716,0.97,0.09827921494288562,30395,55086,93,3007,58093,LogisticRegression,XGBoost,0.97,0.1597408493109236,0.6832164911211208
0.010790438391268253,0.051547098654324164,0.97,0.09789208106128428,30153,55328,93,3007,58335,LogisticRegression,XGBoost,0.97,0.1597408493109236,0.6832164911211208
0.009958278387784958,0.051333265048311656,0.97,0.09750640422841209,29910,55571,93,3007,58578,LogisticRegression,XGBoost,0.97,0.1597408493109236,0.6832164911211208
0.009167543612420559,0.0511211982115231,0.97,0.09712375446132976,29667,55814,93,3007,58821,LogisticRegression,XGBoost,0.97,0.1597408493109236,0.6832164911211208
0.008340205065906048,0.050911738313326446,0.97,0.09674565255859595,29425,56056,93,3007,59063,LogisticRegression,XGBoost,0.97,0.1597408493109236,0.6832164911211208
0.007365201599895954,0.05070313290392203,0.97,0.09636893888408167,29182,56299,93,3007,59306,LogisticRegression,XGBoost,0.97,0.1597408493109236,0.6832164911211208
0.006432943511754274,0.05049622999546592,0.97,0.09599514756819742,28939,56542,93,3007,59549,LogisticRegression,XGBoost,0.97,0.1597408493109236,0.6832164911211208
0.0054599447175860405,0.0502918499439715,0.97,0.09562576521282855,28697,56784,93,3007,59791,LogisticRegression,XGBoost,0.97,0.1597408493109236,0.6832164911211208
0.0043997494503855705,0.05008828330612653,0.97,0.0952577058320398,28454,57027,93,3007,60034,LogisticRegression,XGBoost,0.97,0.1597408493109236,0.6832164911211208
0.002932255854830146,0.04988635798065597,0.97,0.09489246887672186,28211,57270,93,3007,60277,LogisticRegression,XGBoost,0.97,0.1597408493109236,0.6832164911211208
9.150996629614383e-05,0.049686054196959685,0.97,0.09453002200565859,27968,57513,93,3007,60520,LogisticRegression,XGBoost,0.97,0.1597408493109236,0.6832164911211208
0.9999822212193916,1.0,0.0003225806451612903,0.0006449532408900355,85481,0,3099,1,1,LogisticRegression,HeavyCatBoost,0.99,0.0944786413452551,0.8391641548413317
0.9988467772744936,0.9899665551839465,0.09548387096774194,0.17416887319799942,85478,3,2804,296,299,LogisticRegression,HeavyCatBoost,0.99,0.0944786413452551,0.8391641548413317
0.9969804960525297,0.9849498327759197,0.19,0.31855056787452674,85472,9,2511,589,598,LogisticRegression,HeavyCatBoost,0.99,0.0944786413452551,0.8391641548413317
0.9941289693463529,0.9799107142857143,0.2832258064516129,0.43943943943943936,85463,18,2222,878,896,LogisticRegression,HeavyCatBoost,0.99,0.0944786413452551,0.8391641548413317
0.989051043715677,0.9715481171548117,0.37451612903225806,0.5406286379511059,85447,34,1939,1161,1195,LogisticRegression,HeavyCatBoost,0.99,0.0944786413452551,0.8391641548413317
0.9793611251078393,0.9645010046885466,0.4645161290322581,0.6270411495754409,85428,53,1660,1440,1493,LogisticRegression,HeavyCatBoost,0.99,0.0944786413452551,0.8391641548413317
0.9624947558106309,0.94921875,0.5487096774193548,0.6954210956663941,85390,91,1399,1701,1792,LogisticRegression,HeavyCatBoost,0.99,0.0944786413452551,0.8391641548413317
0.9330475330991772,0.9258373205741627,0.6241935483870967,0.745664739884393,85326,155,1165,1935,2090,LogisticRegression,HeavyCatBoost,0.99,0.0944786413452551,0.8391641548413317
0.8893653076921517,0.8903306822938468,0.6861290322580645,0.7750045545636729,85219,262,973,2127,2389,LogisticRegression,HeavyCatBoost,0.99,0.0944786413452551,0.8391641548413317
0.8485076445722435,0.8414588760699665,0.7293548387096774,0.7814066010022463,85055,426,839,2261,2687,LogisticRegression,HeavyCatBoost,0.99,0.0944786413452551,0.8391641548413317
0.8000847033969669,0.7940388479571333,0.7648387096774194,0.7791652974038779,84866,615,729,2371,2986,LogisticRegression,HeavyCatBoost,0.99,0.0944786413452551,0.8391641548413317
0.7554723277153147,0.7454323995127893,0.7896774193548387,0.7669172932330828,84645,836,652,2448,3284,LogisticRegression,HeavyCatBoost,0.99,0.0944786413452551,0.8391641548413317
0.7164799936919465,0.6980184203181692,0.8067741935483871,0.7484662576687116,84399,1082,599,2501,3583,LogisticRegression,HeavyCatBoost,0.99,0.0944786413452551,0.8391641548413317
0.6794867825150032,0.6578201494460191,0.8235483870967742,0.731413837559089,84153,1328,547,2553,3881,LogisticRegression,HeavyCatBoost,0.99,0.0944786413452551,0.8391641548413317
0.6439709354281244,0.6181818181818182,0.8335483870967741,0.7098901098901098,83885,1596,516,2584,4180,LogisticRegression,HeavyCatBoost,0.99,0.0944786413452551,0.8391641548413317
0.6145411255000656,0.5821795444394819,0.8409677419354838,0.6880443388756928,83610,1871,493,2607,4478,LogisticRegression,HeavyCatBoost,0.99,0.0944786413452551,0.8391641548413317
0.5875135429464209,0.5543227967343521,0.8541935483870968,0.6723371842071856,83352,2129,452,2648,4777,LogisticRegression,HeavyCatBoost,0.99,0.0944786413452551,0.8391641548413317
0.5618872752787685,0.5251231527093596,0.8596774193548387,0.6519877675840978,83071,2410,435,2665,5075,LogisticRegression,HeavyCatBoost,0.99,0.0944786413452551,0.8391641548413317
0.5380653787002708,0.5,0.8667741935483871,0.6341751239084258,82794,2687,413,2687,5374,LogisticRegression,HeavyCatBoost,0.99,0.0944786413452551,0.8391641548413317
0.5174476436625768,0.4763751763046544,0.8716129032258064,0.6160510715914272,82511,2970,398,2702,5672,LogisticRegression,HeavyCatBoost,0.99,0.0944786413452551,0.8391641548413317
0.4973785703405252,0.4548651817116061,0.8761290322580645,0.5988314408554735,82226,3255,384,2716,5971,LogisticRegression,HeavyCatBoost,0.99,0.0944786413452551,0.8391641548413317
0.4795655650916848,0.4357951826447599,0.8812903225806452,0.5831999146120184,81944,3537,368,2732,6269,LogisticRegression,HeavyCatBoost,0.99,0.0944786413452551,0.8391641548413317
0.46146243109429225,0.4174786845310597,0.8845161290322581,0.5672321059164254,81655,3826,358,2742,6568,LogisticRegression,HeavyCatBoost,0.99,0.0944786413452551,0.8391641548413317
0.44620339423006267,0.40104849279161203,0.8883870967741936,0.5526236580716364,81368,4113,346,2754,6867,LogisticRegression,HeavyCatBoost,0.99,0.0944786413452551,0.8391641548413317
0.4319383726126285,0.3863224005582694,0.8929032258064517,0.5393083292742329,81084,4397,332,2768,7165,LogisticRegression,HeavyCatBoost,0.99,0.0944786413452551,0.8391641548413317
0.4179779793788503,0.37232047159699894,0.8964516129032258,0.5261264672472548,80796,4685,321,2779,7464,LogisticRegression,HeavyCatBoost,0.99,0.0944786413452551,0.8391641548413317
0.4052818724246326,0.35892811131151764,0.8987096774193548,0.5129810348002208,80505,4976,314,2786,7762,LogisticRegression,HeavyCatBoost,0.99,0.0944786413452551,0.8391641548413317
0.3930119433150467,0.3462349584418807,0.9003225806451612,0.5001343965594481,80211,5270,309,2791,8061,LogisticRegression,HeavyCatBoost,0.99,0.0944786413452551,0.8391641548413317
0.3821401664277412,0.33544682378274915,0.9045161290322581,0.48939698053931413,79926,5555,296,2804,8359,LogisticRegression,HeavyCatBoost,0.99,0.0944786413452551,0.8391641548413317
0.37118172036248376,0.32547932547932545,0.9090322580645162,0.4793332199353631,79641,5840,282,2818,8658,LogisticRegression,HeavyCatBoost,0.99,0.0944786413452551,0.8391641548413317
0.3608698770173333,0.31554265297007594,0.9116129032258065,0.4688122096881221,79351,6130,274,2826,8956,LogisticRegression,HeavyCatBoost,0.99,0.0944786413452551,0.8391641548413317
0.350989053384425,0.3063209076175041,0.9145161290322581,0.45892351274787535,79061,6420,265,2835,9255,LogisticRegression,HeavyCatBoost,0.99,0.0944786413452551,0.8391641548413317
0.34134263635930584,0.29728880979796923,0.9161290322580645,0.44890539792934486,78768,6713,260,2840,9553,LogisticRegression,HeavyCatBoost,0.99,0.0944786413452551,0.8391641548413317
0.3322164624895373,0.28857084855866827,0.9170967741935484,0.43900555898702903,78472,7009,257,2843,9852,LogisticRegression,HeavyCatBoost,0.99,0.0944786413452551,0.8391641548413317
0.324440177077083,0.2805911330049261,0.9187096774193548,0.4298867924528301,78179,7302,252,2848,10150,LogisticRegression,HeavyCatBoost,0.99,0.0944786413452551,0.8391641548413317
0.31697493380583797,0.2727533735285673,0.9193548387096774,0.42069525426230714,77882,7599,250,2850,10449,LogisticRegression,HeavyCatBoost,0.99,0.0944786413452551,0.8391641548413317
0.30916444129900394,0.26574858099934867,0.9212903225806451,0.4125081245035026,77590,7891,244,2856,10747,LogisticRegression,HeavyCatBoost,0.99,0.0944786413452551,0.8391641548413317
0.3016538230734399,0.25918884664131814,0.9235483870967742,0.40477873603845616,77298,8183,237,2863,11046,LogisticRegression,HeavyCatBoost,0.99,0.0944786413452551,0.8391641548413317
0.2945213969015128,0.2527327221438646,0.9248387096774193,0.39698144558294096,77004,8477,233,2867,11344,LogisticRegression,HeavyCatBoost,0.99,0.0944786413452551,0.8391641548413317
0.2877780233730517,0.246671819977669,0.9264516129032258,0.3896086278233738,76710,8771,228,2872,11643,LogisticRegression,HeavyCatBoost,0.99,0.0944786413452551,0.8391641548413317
0.28124899656604513,0.2407671049325852,0.9274193548387096,0.3822884116747557,76415,9066,225,2875,11941,LogisticRegression,HeavyCatBoost,0.99,0.0944786413452551,0.8391641548413317
0.27483175447958785,0.23537581699346405,0.9293548387096774,0.37561929595827903,76122,9359,219,2881,12240,LogisticRegression,HeavyCatBoost,0.99,0.0944786413452551,0.8391641548413317
0.2689305665728837,0.2301802520338172,0.9309677419354838,0.369100908044507,75829,9652,214,2886,12538,LogisticRegression,HeavyCatBoost,0.99,0.0944786413452551,0.8391641548413317
0.26315618508835215,0.2248188829165693,0.9309677419354838,0.3621760682688084,75530,9951,214,2886,12837,LogisticRegression,HeavyCatBoost,0.99,0.0944786413452551,0.8391641548413317
0.25734686440584253,0.22009897221164826,0.9325806451612904,0.35614413304588854,75237,10244,209,2891,13135,LogisticRegression,HeavyCatBoost,0.99,0.0944786413452551,0.8391641548413317
0.2518974045512442,0.21527467619472979,0.9329032258064516,0.3498246038466191,74939,10542,208,2892,13434,LogisticRegression,HeavyCatBoost,0.99,0.0944786413452551,0.8391641548413317
0.2466305255441738,0.21073327022500546,0.9335483870967742,0.3438483930374859,74642,10839,206,2894,13733,LogisticRegression,HeavyCatBoost,0.99,0.0944786413452551,0.8391641548413317
0.2416130596816751,0.20675646782125293,0.9358064516129032,0.3386842566108224,74351,11130,199,2901,14031,LogisticRegression,HeavyCatBoost,0.99,0.0944786413452551,0.8391641548413317
0.23673612451067885,0.20279134682484298,0.9374193548387096,0.3334480780263913,74057,11424,194,2906,14330,LogisticRegression,HeavyCatBoost,0.99,0.0944786413452551,0.8391641548413317
0.23232516670649153,0.1987968280010938,0.9380645161290323,0.32806859205776173,73761,11720,192,2908,14628,LogisticRegression,HeavyCatBoost,0.99,0.0944786413452551,0.8391641548413317
0.22761182298280336,0.195082735981778,0.9393548387096774,0.32307094913185774,73466,12015,188,2912,14927,LogisticRegression,HeavyCatBoost,0.99,0.0944786413452551,0.8391641548413317
0.223314005878351,0.19146141215106732,0.9403225806451613,0.3181446111869032,73171,12310,185,2915,15225,LogisticRegression,HeavyCatBoost,0.99,0.0944786413452551,0.8391641548413317
0.2190526408280322,0.1881602679721721,0.942258064516129,0.3136812714776633,72878,12603,179,2921,15524,LogisticRegression,HeavyCatBoost,0.99,0.0944786413452551,0.8391641548413317
0.21473394744159283,0.18474276324105676,0.9429032258064516,0.3089525420145862,72582,12899,177,2923,15822,LogisticRegression,HeavyCatBoost,0.99,0.0944786413452551,0.8391641548413317
0.21083125233137306,0.1815644190807022,0.9441935483870968,0.30456271786067324,72287,13194,173,2927,16121,LogisticRegression,HeavyCatBoost,0.99,0.0944786413452551,0.8391641548413317
0.20703423349912692,0.1784517936536939,0.9451612903225807,0.30022029817101287,71992,13489,170,2930,16419,LogisticRegression,HeavyCatBoost,0.99,0.0944786413452551,0.8391641548413317
0.20318118785572137,0.17549946165809308,0.9464516129032258,0.296094459582198,71697,13784,166,2934,16718,LogisticRegression,HeavyCatBoost,0.99,0.0944786413452551,0.8391641548413317
0.19984066547255266,0.17248472026328163,0.9467741935483871,0.2918075164048519,71400,14081,165,2935,17016,LogisticRegression,HeavyCatBoost,0.99,0.0944786413452551,0.8391641548413317
0.1964664351953882,0.16962171527577244,0.9474193548387096,0.2877296105804555,71103,14378,163,2937,17315,LogisticRegression,HeavyCatBoost,0.99,0.0944786413452551,0.8391641548413317
0.19288829836519467,0.16686538352353375,0.9480645161290323,0.2837831313667745,70807,14674,161,2939,17613,LogisticRegression,HeavyCatBoost,0.99,0.0944786413452551,0.8391641548413317
0.18951408224168068,0.16424743188923627,0.9490322580645161,0.28003045878545596,70511,14970,158,2942,17912,LogisticRegression,HeavyCatBoost,0.99,0.0944786413452551,0.8391641548413317
0.18602693451031843,0.16155958264689732,0.9490322580645161,0.27611450023463163,70213,15268,158,2942,18210,LogisticRegression,HeavyCatBoost,0.99,0.0944786413452551,0.8391641548413317
0.18329567581676567,0.15911178345669674,0.95,0.27257161367948535,69917,15564,155,2945,18509,LogisticRegression,HeavyCatBoost,0.99,0.0944786413452551,0.8391641548413317
0.1801571893377751,0.15680331791354282,0.9512903225806452,0.2692290135573105,69623,15858,151,2949,18807,LogisticRegression,HeavyCatBoost,0.99,0.0944786413452551,0.8391641548413317
0.1771706082642534,0.15445409818905056,0.9519354838709677,0.2657840223363055,69326,16155,149,2951,19106,LogisticRegression,HeavyCatBoost,0.99,0.0944786413452551,0.8391641548413317
0.17409118820222927,0.15213358070500926,0.952258064516129,0.26235335940277277,69029,16452,148,2952,19404,LogisticRegression,HeavyCatBoost,0.99,0.0944786413452551,0.8391641548413317
0.17108163331120613,0.149977160838451,0.9532258064516129,0.2591764241547165,68733,16748,145,2955,19703,LogisticRegression,HeavyCatBoost,0.99,0.0944786413452551,0.8391641548413317
0.16847987916324805,0.14779261036948152,0.9535483870967741,0.2559196571576988,68436,17045,144,2956,20001,LogisticRegression,HeavyCatBoost,0.99,0.0944786413452551,0.8391641548413317
0.16590977216334335,0.14561576354679803,0.9535483870967741,0.25264957264957266,68137,17344,144,2956,20300,LogisticRegression,HeavyCatBoost,0.99,0.0944786413452551,0.8391641548413317
0.1632748541491194,0.14359920384484684,0.9541935483870968,0.2496307861091185,67840,17641,142,2958,20599,LogisticRegression,HeavyCatBoost,0.99,0.0944786413452551,0.8391641548413317
0.16111937470774174,0.14169498014069004,0.9551612903225807,0.24678084760595073,67545,17936,139,2961,20897,LogisticRegression,HeavyCatBoost,0.99,0.0944786413452551,0.8391641548413317
0.1588220427063612,0.1398377052274014,0.9561290322580646,0.24399078037537042,67249,18232,136,2964,21196,LogisticRegression,HeavyCatBoost,0.99,0.0944786413452551,0.8391641548413317
0.15635693699321088,0.13789894854377965,0.9561290322580646,0.2410343986338131,66951,18530,136,2964,21494,LogisticRegression,HeavyCatBoost,0.99,0.0944786413452551,0.8391641548413317
0.15399956142428528,0.13609874730418023,0.9567741935483871,0.23829992367332184,66654,18827,134,2966,21793,LogisticRegression,HeavyCatBoost,0.99,0.0944786413452551,0.8391641548413317
0.1516358176127147,0.13426282196369563,0.9567741935483871,0.23548092572744236,66356,19125,134,2966,22091,LogisticRegression,HeavyCatBoost,0.99,0.0944786413452551,0.8391641548413317
0.14948755886532822,0.13264850379633766,0.9580645161290322,0.23303256178893686,66061,19420,130,2970,22390,LogisticRegression,HeavyCatBoost,0.99,0.0944786413452551,0.8391641548413317
0.14737094028400588,0.1309502820874471,0.9583870967741935,0.23041724833255778,65764,19717,129,2971,22688,LogisticRegression,HeavyCatBoost,0.99,0.0944786413452551,0.8391641548413317
0.14521882565614222,0.12933397137512506,0.9590322580645161,0.22792962011729978,65467,20014,127,2973,22987,LogisticRegression,HeavyCatBoost,0.99,0.0944786413452551,0.8391641548413317
0.14315636600493112,0.12772170925488513,0.9593548387096774,0.2254311161644874,65170,20311,126,2974,23285,LogisticRegression,HeavyCatBoost,0.99,0.0944786413452551,0.8391641548413317
0.14119148446961513,0.12610244233378562,0.9593548387096774,0.22290511167740967,64871,20610,126,2974,23584,LogisticRegression,HeavyCatBoost,0.99,0.0944786413452551,0.8391641548413317
0.139136611273146,0.12457080646512017,0.9596774193548387,0.2205173819583426,64574,20907,125,2975,23882,LogisticRegression,HeavyCatBoost,0.99,0.0944786413452551,0.8391641548413317
0.13702798059525506,0.12307183325751624,0.96,0.21817382060774898,64276,21205,124,2976,24181,LogisticRegression,HeavyCatBoost,0.99,0.0944786413452551,0.8391641548413317
0.13514105124152512,0.12169614771845255,0.9609677419354838,0.21603393886652886,63981,21500,121,2979,24479,LogisticRegression,HeavyCatBoost,0.99,0.0944786413452551,0.8391641548413317
0.1332299960544082,0.12022762127693921,0.9609677419354838,0.21371690939091753,63682,21799,121,2979,24778,LogisticRegression,HeavyCatBoost,0.99,0.0944786413452551,0.8391641548413317
0.1314466178011234,0.11883873026000957,0.9612903225806452,0.2115275411697899,63385,22096,120,2980,25076,LogisticRegression,HeavyCatBoost,0.99,0.0944786413452551,0.8391641548413317
0.12942171208567627,0.11755665024630542,0.962258064516129,0.2095171202809482,63089,22392,117,2983,25375,LogisticRegression,HeavyCatBoost,0.99,0.0944786413452551,0.8391641548413317
0.12752915043718052,0.11630896272348382,0.9632258064516129,0.20755569457477496,62794,22687,114,2986,25673,LogisticRegression,HeavyCatBoost,0.99,0.0944786413452551,0.8391641548413317
0.12584818938327003,0.11508547666718004,0.9641935483870968,0.20562740781507982,62498,22983,111,2989,25972,LogisticRegression,HeavyCatBoost,0.99,0.0944786413452551,0.8391641548413317
0.12413143766558078,0.11381804339550819,0.964516129032258,0.20360912495743957,62201,23280,110,2990,26270,LogisticRegression,HeavyCatBoost,0.99,0.0944786413452551,0.8391641548413317
0.12234902033532959,0.11257480522413339,0.9648387096774194,0.20162459132427787,61903,23578,109,2991,26569,LogisticRegression,HeavyCatBoost,0.99,0.0944786413452551,0.8391641548413317
0.12063482851425604,0.11136338258830536,0.9651612903225807,0.19968632162044914,61606,23875,108,2992,26867,LogisticRegression,HeavyCatBoost,0.99,0.0944786413452551,0.8391641548413317
0.11906244652182334,0.11021129352867555,0.9658064516129032,0.1978457675279191,61309,24172,106,2994,27166,LogisticRegression,HeavyCatBoost,0.99,0.0944786413452551,0.8391641548413317
0.11753839196928861,0.10904787911887857,0.9661290322580646,0.19597578930148862,61011,24470,105,2995,27465,LogisticRegression,HeavyCatBoost,0.99,0.0944786413452551,0.8391641548413317
0.11598043872635307,0.10787739077189065,0.9661290322580646,0.19408353044098112,60713,24768,105,2995,27763,LogisticRegression,HeavyCatBoost,0.99,0.0944786413452551,0.8391641548413317
0.11448481387032187,0.10672795951820968,0.9661290322580646,0.19222129516719083,60414,25067,105,2995,28062,LogisticRegression,HeavyCatBoost,0.99,0.0944786413452551,0.8391641548413317
0.11297474548165498,0.10564174894217207,0.9664516129032258,0.19046408137317228,60117,25364,104,2996,28360,LogisticRegression,HeavyCatBoost,0.99,0.0944786413452551,0.8391641548413317
0.11167871956229994,0.10457447922118707,0.9667741935483871,0.18873390220095093,59819,25662,103,2997,28659,LogisticRegression,HeavyCatBoost,0.99,0.0944786413452551,0.8391641548413317
0.11009834204605892,0.10356735849708187,0.9674193548387097,0.1871042206070437,59523,25958,101,2999,28957,LogisticRegression,HeavyCatBoost,0.99,0.0944786413452551,0.8391641548413317
0.10851573581034032,0.10261143013398961,0.9683870967741935,0.18556063790332553,59227,26254,98,3002,29256,LogisticRegression,HeavyCatBoost,0.99,0.0944786413452551,0.8391641548413317
0.10698054502965522,0.10161061108479394,0.9687096774193549,0.1839284620567159,58930,26551,97,3003,29554,LogisticRegression,HeavyCatBoost,0.99,0.0944786413452551,0.8391641548413317
0.10573838129872262,0.10062640270659565,0.9690322580645161,0.1823202743301065,58632,26849,96,3004,29853,LogisticRegression,HeavyCatBoost,0.99,0.0944786413452551,0.8391641548413317
0.10433275822845532,0.09969818579814932,0.9696774193548388,0.18080659228293885,58336,27145,94,3006,30151,LogisticRegression,HeavyCatBoost,0.99,0.0944786413452551,0.8391641548413317
0.10293276627186601,0.0987192118226601,0.9696774193548388,0.17919523099850967,58037,27444,94,3006,30450,LogisticRegression,HeavyCatBoost,0.99,0.0944786413452551,0.8391641548413317
0.10164936515820744,0.09789254585664109,0.9709677419354839,0.177853935239896,57743,27738,90,3010,30748,LogisticRegression,HeavyCatBoost,0.99,0.0944786413452551,0.8391641548413317
0.10037103078522423,0.0969819950397784,0.9712903225806452,0.17635517029314435,57445,28036,89,3011,31047,LogisticRegression,HeavyCatBoost,0.99,0.0944786413452551,0.8391641548413317
0.09917092970768743,0.09609188068272452,0.9716129032258064,0.17488750181448687,57148,28333,88,3012,31345,LogisticRegression,HeavyCatBoost,0.99,0.0944786413452551,0.8391641548413317
0.09787653449109043,0.09524712425736316,0.9722580645161291,0.17349758231637116,56851,28630,86,3014,31644,LogisticRegression,HeavyCatBoost,0.99,0.0944786413452551,0.8391641548413317
0.09662731411255904,0.09445244505666521,0.9732258064516129,0.17219336795844986,56556,28925,83,3017,31942,LogisticRegression,HeavyCatBoost,0.99,0.0944786413452551,0.8391641548413317
0.09534795388721518,0.09360751837722155,0.9735483870967742,0.17079312979259217,56258,29223,82,3018,32241,LogisticRegression,HeavyCatBoost,0.99,0.0944786413452551,0.8391641548413317
0.09406787263616603,0.09281170287962137,0.9741935483870968,0.16947725805999048,55962,29519,80,3020,32539,LogisticRegression,HeavyCatBoost,0.99,0.0944786413452551,0.8391641548413317
0.09302030390967449,0.09199707655764663,0.974516129032258,0.16812287829038902,55664,29817,79,3021,32838,LogisticRegression,HeavyCatBoost,0.99,0.0944786413452551,0.8391641548413317
0.09184643809582833,0.09119990342829551,0.9748387096774194,0.16679545203664864,55367,30114,78,3022,33136,LogisticRegression,HeavyCatBoost,0.99,0.0944786413452551,0.8391641548413317
0.09068736168318692,0.09044414535666218,0.9754838709677419,0.16553989325304502,55070,30411,76,3024,33435,LogisticRegression,HeavyCatBoost,0.99,0.0944786413452551,0.8391641548413317
0.08958622433431872,0.08967479915809445,0.9758064516129032,0.16425488013466188,54773,30708,75,3025,33733,LogisticRegression,HeavyCatBoost,0.99,0.0944786413452551,0.8391641548413317
0.08837690745926392,0.08891631405735778,0.9761290322580645,0.16298610363029195,54475,31006,74,3026,34032,LogisticRegression,HeavyCatBoost,0.99,0.0944786413452551,0.8391641548413317
0.08725377529800837,0.08814191255716408,0.9761290322580645,0.16168416553124418,54176,31305,74,3026,34331,LogisticRegression,HeavyCatBoost,0.99,0.0944786413452551,0.8391641548413317
0.08611874718788756,0.08738340697103583,0.9761290322580645,0.16040711389117127,53878,31603,74,3026,34629,LogisticRegression,HeavyCatBoost,0.99,0.0944786413452551,0.8391641548413317
0.08504692050510324,0.08663536417773705,0.9761290322580645,0.15914589250026295,53579,31902,74,3026,34928,LogisticRegression,HeavyCatBoost,0.99,0.0944786413452551,0.8391641548413317
0.0840306103205823,0.08590245841140066,0.9761290322580645,0.15790846944632883,53281,32200,74,3026,35226,LogisticRegression,HeavyCatBoost,0.99,0.0944786413452551,0.8391641548413317
0.08293661418155832,0.08520760028149191,0.9764516129032258,0.1567378640776699,52983,32498,73,3027,35525,LogisticRegression,HeavyCatBoost,0.99,0.0944786413452551,0.8391641548413317
0.08182505967288665,0.08449878569634034,0.9764516129032258,0.1555378567941834,52685,32796,73,3027,35823,LogisticRegression,HeavyCatBoost,0.99,0.0944786413452551,0.8391641548413317
0.08085252225840657,0.08379934665854603,0.9764516129032258,0.15435214930396207,52386,33095,73,3027,36122,LogisticRegression,HeavyCatBoost,0.99,0.0944786413452551,0.8391641548413317
0.07991599322261363,0.08314113124656781,0.9767741935483871,0.15323886639676115,52089,33392,72,3028,36420,LogisticRegression,HeavyCatBoost,0.99,0.0944786413452551,0.8391641548413317
0.07886806041878791,0.08246411939322966,0.9767741935483871,0.15208819910093171,51790,33691,72,3028,36719,LogisticRegression,HeavyCatBoost,0.99,0.0944786413452551,0.8391641548413317
0.07788401735924286,0.08182726855228678,0.9770967741935483,0.15100830072039284,51493,33988,71,3029,37017,LogisticRegression,HeavyCatBoost,0.99,0.0944786413452551,0.8391641548413317
0.07685443295733903,0.08119841354914782,0.9774193548387097,0.14994061757719715,51195,34286,70,3030,37316,LogisticRegression,HeavyCatBoost,0.99,0.0944786413452551,0.8391641548413317
0.07580044337987543,0.08063486999521455,0.9783870967741936,0.1489905192317139,50900,34581,67,3033,37614,LogisticRegression,HeavyCatBoost,0.99,0.0944786413452551,0.8391641548413317
0.07495488439051937,0.07999894495291852,0.9783870967741936,0.1479043230195304,50601,34880,67,3033,37913,LogisticRegression,HeavyCatBoost,0.99,0.0944786413452551,0.8391641548413317
0.07396199747922931,0.07937504906963963,0.9783870967741936,0.14683740408123744,50303,35178,67,3033,38211,LogisticRegression,HeavyCatBoost,0.99,0.0944786413452551,0.8391641548413317
0.0730451414033456,0.07875876395741366,0.9783870967741936,0.1457822638788753,50004,35477,67,3033,38510,LogisticRegression,HeavyCatBoost,0.99,0.0944786413452551,0.8391641548413317
0.07208602142664929,0.07815398886827458,0.9783870967741936,0.1447456332919729,49706,35775,67,3033,38808,LogisticRegression,HeavyCatBoost,0.99,0.0944786413452551,0.8391641548413317
0.07122093956033441,0.07760758943411665,0.9790322580645161,0.14381500698936195,49409,36072,65,3035,39107,LogisticRegression,HeavyCatBoost,0.99,0.0944786413452551,0.8391641548413317
0.07042614188386151,0.07704606014465169,0.9793548387096774,0.14285378190801082,49112,36369,64,3036,39405,LogisticRegression,HeavyCatBoost,0.99,0.0944786413452551,0.8391641548413317
0.06958935195894043,0.0764658472697965,0.9793548387096774,0.14185590131763387,48813,36668,64,3036,39704,LogisticRegression,HeavyCatBoost,0.99,0.0944786413452551,0.8391641548413317
0.06876453343337195,0.0759462026898655,0.98,0.14096793652266718,48517,36964,62,3038,40002,LogisticRegression,HeavyCatBoost,0.99,0.0944786413452551,0.8391641548413317
0.0678698654727608,0.07538274484504107,0.98,0.13999677426787402,48218,37263,62,3038,40301,LogisticRegression,HeavyCatBoost,0.99,0.0944786413452551,0.8391641548413317
0.06699323176505313,0.07482758620689656,0.98,0.1390389016018307,47919,37562,62,3038,40600,LogisticRegression,HeavyCatBoost,0.99,0.0944786413452551,0.8391641548413317
0.06622930076551152,0.07428236099564771,0.98,0.13809718623573797,47621,37860,62,3038,40898,LogisticRegression,HeavyCatBoost,0.99,0.0944786413452551,0.8391641548413317
0.06539118658208708,0.07374323373061145,0.98,0.13716504503690993,47322,38159,62,3038,41197,LogisticRegression,HeavyCatBoost,0.99,0.0944786413452551,0.8391641548413317
0.06459167687276177,0.07321364019761417,0.98,0.13624845834734836,47024,38457,62,3038,41495,LogisticRegression,HeavyCatBoost,0.99,0.0944786413452551,0.8391641548413317
0.06382967426382181,0.07268985978848638,0.98,0.13534102552679644,46725,38756,62,3038,41794,LogisticRegression,HeavyCatBoost,0.99,0.0944786413452551,0.8391641548413317
0.06303596233988062,0.07217523519908771,0.98,0.13444857496902107,46427,39054,62,3038,42092,LogisticRegression,HeavyCatBoost,0.99,0.0944786413452551,0.8391641548413317
0.06222100433373318,0.07166615555188602,0.98,0.1335648809654657,46128,39353,62,3038,42391,LogisticRegression,HeavyCatBoost,0.99,0.0944786413452551,0.8391641548413317
0.06140456520767685,0.0711658741127691,0.98,0.13269562558693135,45830,39651,62,3038,42689,LogisticRegression,HeavyCatBoost,0.99,0.0944786413452551,0.8391641548413317
0.060612432353844926,0.07069414720387085,0.9803225806451613,0.1318781461551814,45532,39949,61,3039,42988,LogisticRegression,HeavyCatBoost,0.99,0.0944786413452551,0.8391641548413317
0.059917527846004535,0.07025366169200203,0.9809677419354839,0.1311171474151684,45236,40245,59,3041,43286,LogisticRegression,HeavyCatBoost,0.99,0.0944786413452551,0.8391641548413317
0.05916549931448754,0.06977171045084318,0.9809677419354839,0.13027739102495448,44937,40544,59,3041,43585,LogisticRegression,HeavyCatBoost,0.99,0.0944786413452551,0.8391641548413317
0.05848458617412357,0.06929790579495476,0.9809677419354839,0.12945107804950726,44639,40842,59,3041,43883,LogisticRegression,HeavyCatBoost,0.99,0.0944786413452551,0.8391641548413317
0.057729206441609615,0.0688742021637771,0.9816129032258064,0.12871705934605135,44342,41139,57,3043,44182,LogisticRegression,HeavyCatBoost,0.99,0.0944786413452551,0.8391641548413317
0.057026372129844634,0.06845773381294964,0.9822580645161291,0.12799495586380832,44046,41435,55,3045,44480,LogisticRegression,HeavyCatBoost,0.99,0.0944786413452551,0.8391641548413317
0.05622976055830659,0.06802295718975412,0.9825806451612903,0.1272374109734957,43748,41733,54,3046,44779,LogisticRegression,HeavyCatBoost,0.99,0.0944786413452551,0.8391641548413317
0.055567517108775465,0.06757326352685405,0.9825806451612903,0.12645038088714533,43450,42031,54,3046,45077,LogisticRegression,HeavyCatBoost,0.99,0.0944786413452551,0.8391641548413317
0.05482406309457337,0.06712799717912553,0.9825806451612903,0.1256704348543609,43151,42330,54,3046,45376,LogisticRegression,HeavyCatBoost,0.99,0.0944786413452551,0.8391641548413317
0.054160076144751025,0.06671191487498358,0.9829032258064516,0.12494361750112765,42854,42627,53,3047,45674,LogisticRegression,HeavyCatBoost,0.99,0.0944786413452551,0.8391641548413317
0.05339637142167188,0.06627803275835817,0.9829032258064516,0.12418234059462435,42555,42926,53,3047,45973,LogisticRegression,HeavyCatBoost,0.99,0.0944786413452551,0.8391641548413317
0.052744962430921645,0.06585118108534503,0.9829032258064516,0.12343278442810555,42257,43224,53,3047,46271,LogisticRegression,HeavyCatBoost,0.99,0.0944786413452551,0.8391641548413317
0.05207012034143566,0.06544986042516641,0.983225806451613,0.1227300181195893,41959,43522,52,3048,46570,LogisticRegression,HeavyCatBoost,0.99,0.0944786413452551,0.8391641548413317
0.05136398461434157,0.06503371170094734,0.983225806451613,0.12199807877041305,41661,43820,52,3048,46868,LogisticRegression,HeavyCatBoost,0.99,0.0944786413452551,0.8391641548413317
0.05074647509081808,0.06462145143850573,0.983225806451613,0.12127240535540217,41362,44119,52,3048,47167,LogisticRegression,HeavyCatBoost,0.99,0.0944786413452551,0.8391641548413317
0.050098993286742825,0.06421438503349766,0.983225806451613,0.12055531384724913,41063,44418,52,3048,47466,LogisticRegression,HeavyCatBoost,0.99,0.0944786413452551,0.8391641548413317
0.049365344161291756,0.06381375094213215,0.983225806451613,0.1198490091223655,40765,44716,52,3048,47764,LogisticRegression,HeavyCatBoost,0.99,0.0944786413452551,0.8391641548413317
0.048652697871241865,0.06341676549528744,0.983225806451613,0.11914860348298575,40466,45015,52,3048,48063,LogisticRegression,HeavyCatBoost,0.99,0.0944786413452551,0.8391641548413317
0.04792603914272399,0.06304666983726556,0.9835483870967742,0.11849750296340919,40169,45312,51,3049,48361,LogisticRegression,HeavyCatBoost,0.99,0.0944786413452551,0.8391641548413317
0.047322960738418685,0.06267981915330867,0.9838709677419355,0.1178516228748068,39871,45610,50,3050,48660,LogisticRegression,HeavyCatBoost,0.99,0.0944786413452551,0.8391641548413317
0.046687631672152216,0.06231872217002329,0.9841935483870968,0.11721541357716393,39574,45907,49,3051,48958,LogisticRegression,HeavyCatBoost,0.99,0.0944786413452551,0.8391641548413317
0.04606390468345334,0.06196073654505958,0.984516129032258,0.11658421987508835,39276,46205,48,3052,49257,LogisticRegression,HeavyCatBoost,0.99,0.0944786413452551,0.8391641548413317
0.04538542447147831,0.06158813439612552,0.984516129032258,0.11592441363593202,38978,46503,48,3052,49555,LogisticRegression,HeavyCatBoost,0.99,0.0944786413452551,0.8391641548413317
0.044663549201671426,0.061218758775624826,0.984516129032258,0.11526985685689466,38679,46802,48,3052,49854,LogisticRegression,HeavyCatBoost,0.99,0.0944786413452551,0.8391641548413317
0.04407083312482037,0.06085500079757537,0.984516129032258,0.11462480282430708,38381,47100,48,3052,50152,LogisticRegression,HeavyCatBoost,0.99,0.0944786413452551,0.8391641548413317
0.04341883417369361,0.06049434104378506,0.984516129032258,0.11398479953689006,38082,47399,48,3052,50451,LogisticRegression,HeavyCatBoost,0.99,0.0944786413452551,0.8391641548413317
0.04281973309661784,0.060139116041695403,0.984516129032258,0.11335400843098294,37784,47697,48,3052,50749,LogisticRegression,HeavyCatBoost,0.99,0.0944786413452551,0.8391641548413317
0.0421810884686052,0.05978686726218461,0.984516129032258,0.11272807859939425,37485,47996,48,3052,51048,LogisticRegression,HeavyCatBoost,0.99,0.0944786413452551,0.8391641548413317
0.04161009227946256,0.059459354185330895,0.9848387096774194,0.1121478161848437,37188,48293,47,3053,51346,LogisticRegression,HeavyCatBoost,0.99,0.0944786413452551,0.8391641548413317
0.04099889516233876,0.05913447574789428,0.9851612903225806,0.11157183304411362,36890,48591,46,3054,51645,LogisticRegression,HeavyCatBoost,0.99,0.0944786413452551,0.8391641548413317
0.040423850685266605,0.058814469707179025,0.9854838709677419,0.1110041240484712,36593,48888,45,3055,51943,LogisticRegression,HeavyCatBoost,0.99,0.0944786413452551,0.8391641548413317
0.03983736066444557,0.05847785306841239,0.9854838709677419,0.1104043944924289,36294,49187,45,3055,52242,LogisticRegression,HeavyCatBoost,0.99,0.0944786413452551,0.8391641548413317
0.03928520634344246,0.05814617434335744,0.9854838709677419,0.10981308411214953,35996,49485,45,3055,52540,LogisticRegression,HeavyCatBoost,0.99,0.0944786413452551,0.8391641548413317
0.03873141455803477,0.0578171426408524,0.9854838709677419,0.10922612131071345,35697,49784,45,3055,52839,LogisticRegression,HeavyCatBoost,0.99,0.0944786413452551,0.8391641548413317
0.03816961827257674,0.05749289572237801,0.9854838709677419,0.10864733182780022,35399,50082,45,3055,53137,LogisticRegression,HeavyCatBoost,0.99,0.0944786413452551,0.8391641548413317
0.03761101727464217,0.05717119544876113,0.9854838709677419,0.10807273241828215,35100,50381,45,3055,53436,LogisticRegression,HeavyCatBoost,0.99,0.0944786413452551,0.8391641548413317
0.037058482522206615,0.0568541333234079,0.9854838709677419,0.10750607031002568,34802,50679,45,3055,53734,LogisticRegression,HeavyCatBoost,0.99,0.0944786413452551,0.8391641548413317
0.03645334238862814,0.05657653656099051,0.9861290322580645,0.10701345982181927,34505,50976,43,3057,54033,LogisticRegression,HeavyCatBoost,0.99,0.0944786413452551,0.8391641548413317
0.03595509987726032,0.0562651844217036,0.9861290322580645,0.10645633096531548,34206,51275,43,3057,54332,LogisticRegression,HeavyCatBoost,0.99,0.0944786413452551,0.8391641548413317
0.03542008234281324,0.05597656965037525,0.9864516129032258,0.1059414515849645,33909,51572,42,3058,54630,LogisticRegression,HeavyCatBoost,0.99,0.0944786413452551,0.8391641548413317
0.034856451984676476,0.055671867319630794,0.9864516129032258,0.10539557807303246,33610,51871,42,3058,54929,LogisticRegression,HeavyCatBoost,0.99,0.0944786413452551,0.8391641548413317
0.03429647576216511,0.05537146685498035,0.9864516129032258,0.10485709877072366,33312,52169,42,3058,55227,LogisticRegression,HeavyCatBoost,0.99,0.0944786413452551,0.8391641548413317
0.033719246254629215,0.05509130857616252,0.9867741935483871,0.10435642888820659,33014,52467,41,3059,55526,LogisticRegression,HeavyCatBoost,0.99,0.0944786413452551,0.8391641548413317
0.033177341773233615,0.054797219833763254,0.9867741935483871,0.10382866064761388,32716,52765,41,3059,55824,LogisticRegression,HeavyCatBoost,0.99,0.0944786413452551,0.8391641548413317
0.03259322324691423,0.05450528303903925,0.9867741935483871,0.10330445941610522,32417,53064,41,3059,56123,LogisticRegression,HeavyCatBoost,0.99,0.0944786413452551,0.8391641548413317
0.03203870558234481,0.05421740132220273,0.9867741935483871,0.10278725155827355,32119,53362,41,3059,56421,LogisticRegression,HeavyCatBoost,0.99,0.0944786413452551,0.8391641548413317
0.031541778695477495,0.053931593794076166,0.9867741935483871,0.10227348712805083,31820,53661,41,3059,56720,LogisticRegression,HeavyCatBoost,0.99,0.0944786413452551,0.8391641548413317
0.031071388169152267,0.053649724648356656,0.9867741935483871,0.10176652583252935,31522,53959,41,3059,57018,LogisticRegression,HeavyCatBoost,0.99,0.0944786413452551,0.8391641548413317
0.03055993846850259,0.05336985536577281,0.9867741935483871,0.10126288958405746,31223,54258,41,3059,57317,LogisticRegression,HeavyCatBoost,0.99,0.0944786413452551,0.8391641548413317
0.03003423118485648,0.0530938123752495,0.9867741935483871,0.10076587334266655,30925,54556,41,3059,57615,LogisticRegression,HeavyCatBoost,0.99,0.0944786413452551,0.8391641548413317
0.029550380000326313,0.052819698173153296,0.9867741935483871,0.100272068705543,30626,54855,41,3059,57914,LogisticRegression,HeavyCatBoost,0.99,0.0944786413452551,0.8391641548413317
0.02905817906252945,0.05254930254930255,0.9867741935483871,0.0997847077244259,30328,55153,41,3059,58212,LogisticRegression,HeavyCatBoost,0.99,0.0944786413452551,0.8391641548413317
0.02854505570399126,0.05228076771889047,0.9867741935483871,0.09930044959503984,30029,55452,41,3059,58511,LogisticRegression,HeavyCatBoost,0.99,0.0944786413452551,0.8391641548413317
0.028019713457900428,0.05204985631450968,0.9874193548387097,0.09888707619247605,29733,55748,39,3061,58809,LogisticRegression,HeavyCatBoost,0.99,0.0944786413452551,0.8391641548413317
0.027472151176920374,0.051786560194897475,0.9874193548387097,0.09841177983539094,29434,56047,39,3061,59108,LogisticRegression,HeavyCatBoost,0.99,0.0944786413452551,0.8391641548413317
0.02693376702309992,0.05152678180655153,0.9874193548387097,0.09794259751063898,29136,56345,39,3061,59406,LogisticRegression,HeavyCatBoost,0.99,0.0944786413452551,0.8391641548413317
0.026379942643718533,0.05126873796164475,0.9874193548387097,0.09747631557996975,28837,56644,39,3061,59705,LogisticRegression,HeavyCatBoost,0.99,0.0944786413452551,0.8391641548413317
0.025913287694878103,0.051014115960868626,0.9874193548387097,0.09701598973107459,28539,56942,39,3061,60003,LogisticRegression,HeavyCatBoost,0.99,0.0944786413452551,0.8391641548413317
0.025383175094248298,0.05077775198169215,0.987741935483871,0.09659001293334596,28241,57240,38,3062,60302,LogisticRegression,HeavyCatBoost,0.99,0.0944786413452551,0.8391641548413317
0.024853357179102576,0.05052805280528053,0.987741935483871,0.09613814756671898,27943,57538,38,3062,60600,LogisticRegression,HeavyCatBoost,0.99,0.0944786413452551,0.8391641548413317
0.02441225617773376,0.05029639238739552,0.9880645161290322,0.09572024562883794,27645,57836,37,3063,60899,LogisticRegression,HeavyCatBoost,0.99,0.0944786413452551,0.8391641548413317
0.023890575290136332,0.05005065525017158,0.9880645161290322,0.09527512519829544,27346,58135,37,3063,61198,LogisticRegression,HeavyCatBoost,0.99,0.0944786413452551,0.8391641548413317
0.023412421467837008,0.04980811760114479,0.9880645161290322,0.09483559353520342,27048,58433,37,3063,61496,LogisticRegression,HeavyCatBoost,0.99,0.0944786413452551,0.8391641548413317
0.022934710053613784,0.04956711708066996,0.9880645161290322,0.09439864396332537,26749,58732,37,3063,61795,LogisticRegression,HeavyCatBoost,0.99,0.0944786413452551,0.8391641548413317
0.02241566324054889,0.04932923195851384,0.9880645161290322,0.09396714371174818,26451,59030,37,3063,62093,LogisticRegression,HeavyCatBoost,0.99,0.0944786413452551,0.8391641548413317
0.02193662486215913,0.049092832414412105,0.9880645161290322,0.09353814206315274,26152,59329,37,3063,62392,LogisticRegression,HeavyCatBoost,0.99,0.0944786413452551,0.8391641548413317
0.02148097065080323,0.04885946721965226,0.9880645161290322,0.09311445508435932,25854,59627,37,3063,62690,LogisticRegression,HeavyCatBoost,0.99,0.0944786413452551,0.8391641548413317
0.020995324104426852,0.04862753814158027,0.9880645161290322,0.09269318646068182,25555,59926,37,3063,62989,LogisticRegression,HeavyCatBoost,0.99,0.0944786413452551,0.8391641548413317
0.020530330738502026,0.048398565266168404,0.9880645161290322,0.09227710244475575,25257,60224,37,3063,63287,LogisticRegression,HeavyCatBoost,0.99,0.0944786413452551,0.8391641548413317
0.020039243148347964,0.04817098103356085,0.9880645161290322,0.09186335962570855,24958,60523,37,3063,63586,LogisticRegression,HeavyCatBoost,0.99,0.0944786413452551,0.8391641548413317
0.019580471788609576,0.04794627762820111,0.9880645161290322,0.09145467574346113,24660,60821,37,3063,63884,LogisticRegression,HeavyCatBoost,0.99,0.0944786413452551,0.8391641548413317
0.019116562280239162,0.0477229172833928,0.9880645161290322,0.09104825884695986,24361,61120,37,3063,64183,LogisticRegression,HeavyCatBoost,0.99,0.0944786413452551,0.8391641548413317
0.018661845485391116,0.04750236503776306,0.9880645161290322,0.09064677942025125,24063,61418,37,3063,64481,LogisticRegression,HeavyCatBoost,0.99,0.0944786413452551,0.8391641548413317
0.018224485831808083,0.04728311207162705,0.9880645161290322,0.09024749558043607,23764,61717,37,3063,64780,LogisticRegression,HeavyCatBoost,0.99,0.0944786413452551,0.8391641548413317
0.017800984460715433,0.04708196318264237,0.9883870967741936,0.0898823667458711,23467,62014,36,3064,65078,LogisticRegression,HeavyCatBoost,0.99,0.0944786413452551,0.8391641548413317
0.01738833021789313,0.046866635055141714,0.9883870967741936,0.08948990171882529,23168,62313,36,3064,65377,LogisticRegression,HeavyCatBoost,0.99,0.0944786413452551,0.8391641548413317
0.016935471806811306,0.04666920441568329,0.9887096774193549,0.08913122500908761,22871,62610,35,3065,65675,LogisticRegression,HeavyCatBoost,0.99,0.0944786413452551,0.8391641548413317
0.016457193161993705,0.04645769545578561,0.9887096774193549,0.08874540348032545,22572,62909,35,3065,65974,LogisticRegression,HeavyCatBoost,0.99,0.0944786413452551,0.8391641548413317
0.0159840334255691,0.04624879285369387,0.9887096774193549,0.08836418151415558,22274,63207,35,3065,66272,LogisticRegression,HeavyCatBoost,0.99,0.0944786413452551,0.8391641548413317
0.015553868018073135,0.04605609048985294,0.9890322580645161,0.08801366422184265,21976,63505,34,3066,66571,LogisticRegression,HeavyCatBoost,0.99,0.0944786413452551,0.8391641548413317
0.015102717622465785,0.04585084269242848,0.9890322580645161,0.08763881147365263,21678,63803,34,3066,66869,LogisticRegression,HeavyCatBoost,0.99,0.0944786413452551,0.8391641548413317
0.014623790261199861,0.0456467365412101,0.9890322580645161,0.08726589628280298,21379,64102,34,3066,67168,LogisticRegression,HeavyCatBoost,0.99,0.0944786413452551,0.8391641548413317
0.014164809842545215,0.04545993537485548,0.9893548387096774,0.0869257149335374,21082,64399,33,3067,67466,LogisticRegression,HeavyCatBoost,0.99,0.0944786413452551,0.8391641548413317
0.013733980178111987,0.045274109053346126,0.9896774193548387,0.08658717279333947,20784,64697,32,3068,67765,LogisticRegression,HeavyCatBoost,0.99,0.0944786413452551,0.8391641548413317
0.01328095971434689,0.04507522331922896,0.9896774193548387,0.08622337136754539,20485,64996,32,3068,68064,LogisticRegression,HeavyCatBoost,0.99,0.0944786413452551,0.8391641548413317
0.012777665849446049,0.044878733799479244,0.9896774193548387,0.08586381573423638,20187,65294,32,3068,68362,LogisticRegression,HeavyCatBoost,0.99,0.0944786413452551,0.8391641548413317
0.012291504819981836,0.04468329910720788,0.9896774193548387,0.08550605482086371,19888,65593,32,3068,68661,LogisticRegression,HeavyCatBoost,0.99,0.0944786413452551,0.8391641548413317
0.011819571789629953,0.04449020432430865,0.9896774193548387,0.08515244452462567,19590,65891,32,3068,68959,LogisticRegression,HeavyCatBoost,0.99,0.0944786413452551,0.8391641548413317
0.011333204683674367,0.044298131623783536,0.9896774193548387,0.084800574919152,19291,66190,32,3068,69258,LogisticRegression,HeavyCatBoost,0.99,0.0944786413452551,0.8391641548413317
0.01081684246077438,0.04410834435562712,0.9896774193548387,0.08445276370843427,18993,66488,32,3068,69556,LogisticRegression,HeavyCatBoost,0.99,0.0944786413452551,0.8391641548413317
0.010296526965084832,0.04391954763438551,0.9896774193548387,0.08410664108011788,18694,66787,32,3068,69855,LogisticRegression,HeavyCatBoost,0.99,0.0944786413452551,0.8391641548413317
0.009818489049476941,0.043732983621512976,0.9896774193548387,0.08376448746126439,18396,67085,32,3068,70153,LogisticRegression,HeavyCatBoost,0.99,0.0944786413452551,0.8391641548413317
0.009319587555909219,0.0435473797763016,0.9896774193548387,0.08342397215575376,18097,67384,32,3068,70452,LogisticRegression,HeavyCatBoost,0.99,0.0944786413452551,0.8391641548413317
0.008777239664823742,0.043363957597173146,0.9896774193548387,0.08308733920108329,17799,67682,32,3068,70750,LogisticRegression,HeavyCatBoost,0.99,0.0944786413452551,0.8391641548413317
0.008282206156728394,0.04318146631198187,0.9896774193548387,0.08275229605254285,17500,67981,32,3068,71049,LogisticRegression,HeavyCatBoost,0.99,0.0944786413452551,0.8391641548413317
0.007729511042905427,0.043000504569154004,0.9896774193548387,0.08241994412207178,17201,68280,32,3068,71348,LogisticRegression,HeavyCatBoost,0.99,0.0944786413452551,0.8391641548413317
0.007193765177324929,0.042821053219255514,0.9896774193548387,0.08209025111375706,16902,68579,32,3068,71647,LogisticRegression,HeavyCatBoost,0.99,0.0944786413452551,0.8391641548413317
0.006631014149462932,0.042643686149141706,0.9896774193548387,0.08176427476847226,16604,68877,32,3068,71945,LogisticRegression,HeavyCatBoost,0.99,0.0944786413452551,0.8391641548413317
0.006079335579543518,0.04246719450750235,0.9896774193548387,0.08143979613506053,16305,69176,32,3068,72244,LogisticRegression,HeavyCatBoost,0.99,0.0944786413452551,0.8391641548413317
0.005478652517207892,0.04229274075707866,0.9896774193548387,0.08111895507786679,16007,69474,32,3068,72542,LogisticRegression,HeavyCatBoost,0.99,0.0944786413452551,0.8391641548413317
0.004771282593895737,0.042132864732774125,0.99,0.08082590432045932,15709,69772,31,3069,72841,LogisticRegression,HeavyCatBoost,0.99,0.0944786413452551,0.8391641548413317
0.0042408269483595685,0.041961197172507146,0.99,0.08050997520953844,15411,70070,31,3069,73139,LogisticRegression,HeavyCatBoost,0.99,0.0944786413452551,0.8391641548413317
0.003501359911893958,0.041790353767804135,0.99,0.08019545846507617,15112,70369,31,3069,73438,LogisticRegression,HeavyCatBoost,0.99,0.0944786413452551,0.8391641548413317
0.002729279947657875,0.04162146034501465,0.99,0.07988442917382477,14814,70667,31,3069,73736,LogisticRegression,HeavyCatBoost,0.99,0.0944786413452551,0.8391641548413317
0.0017608639332113787,0.04145336665090835,0.99,0.07957477150450509,14515,70966,31,3069,74035,LogisticRegression,HeavyCatBoost,0.99,0.0944786413452551,0.8391641548413317
9.61454121149934e-05,0.0412866252320607,0.99,0.0792675052302606,14216,71265,31,3069,74334,LogisticRegression,HeavyCatBoost,0.99,0.0944786413452551,0.8391641548413317
0.9998735189437866,1.0,0.0003225806451612903,0.0006449532408900355,85481,0,3099,1,1,LogisticRegression,XGBoost,0.99,0.0944786413452551,0.8391641548413317
0.9981523156166077,0.9967213114754099,0.09806451612903226,0.17856093979441998,85480,1,2796,304,305,LogisticRegression,XGBoost,0.99,0.0944786413452551,0.8391641548413317
0.9944934844970703,0.9850993377483444,0.19193548387096773,0.3212742980561555,85472,9,2505,595,604,LogisticRegression,XGBoost,0.99,0.0944786413452551,0.8391641548413317
0.9874998927116394,0.9689922480620154,0.28225806451612906,0.43717212090931806,85453,28,2225,875,903,LogisticRegression,XGBoost,0.99,0.0944786413452551,0.8391641548413317
0.9721391201019287,0.951706910907577,0.36870967741935484,0.5315043013252732,85423,58,1957,1143,1201,LogisticRegression,XGBoost,0.99,0.0944786413452551,0.8391641548413317
0.9451730251312256,0.933288859239493,0.45129032258064516,0.6083931289410742,85381,100,1701,1399,1499,LogisticRegression,XGBoost,0.99,0.0944786413452551,0.8391641548413317
0.9122788906097412,0.9131886477462438,0.5293548387096774,0.6702062487237084,85325,156,1459,1641,1797,LogisticRegression,XGBoost,0.99,0.0944786413452551,0.8391641548413317
0.8681254982948303,0.8725536992840095,0.5896774193548387,0.7037536092396536,85214,267,1272,1828,2095,LogisticRegression,XGBoost,0.99,0.0944786413452551,0.8391641548413317
0.8219208717346191,0.819891349770163,0.6329032258064516,0.7143637356635717,85050,431,1138,1962,2393,LogisticRegression,XGBoost,0.99,0.0944786413452551,0.8391641548413317
0.7819404006004333,0.7710888145670755,0.6693548387096774,0.7166292522880332,84865,616,1025,2075,2691,LogisticRegression,XGBoost,0.99,0.0944786413452551,0.8391641548413317
0.7450586557388306,0.725660756105721,0.6996774193548387,0.7124322548858598,84661,820,931,2169,2989,LogisticRegression,XGBoost,0.99,0.0944786413452551,0.8391641548413317
0.7099931836128235,0.6821776155717761,0.7235483870967742,0.7022542266750157,84436,1045,857,2243,3288,LogisticRegression,XGBoost,0.99,0.0944786413452551,0.8391641548413317
0.6783974766731262,0.6430563301728945,0.7438709677419355,0.6897995812144779,84201,1280,794,2306,3586,LogisticRegression,XGBoost,0.99,0.0944786413452551,0.8391641548413317
0.6495020985603333,0.6066924066924066,0.7603225806451613,0.674874731567645,83953,1528,743,2357,3885,LogisticRegression,XGBoost,0.99,0.0944786413452551,0.8391641548413317
0.6227685809135437,0.5723165192445613,0.772258064516129,0.6574213922833998,83692,1789,706,2394,4183,LogisticRegression,XGBoost,0.99,0.0944786413452551,0.8391641548413317
0.5987322926521301,0.5420665030127204,0.7835483870967742,0.6408125577100647,83429,2052,671,2429,4481,LogisticRegression,XGBoost,0.99,0.0944786413452551,0.8391641548413317
0.5733439922332764,0.5151705377694078,0.7941935483870968,0.6249524051275542,83164,2317,638,2462,4779,LogisticRegression,XGBoost,0.99,0.0944786413452551,0.8391641548413317
0.5533832907676697,0.4920228481386646,0.8058064516129032,0.6109820227467287,82902,2579,602,2498,5077,LogisticRegression,XGBoost,0.99,0.0944786413452551,0.8391641548413317
0.533558189868927,0.469953488372093,0.8148387096774193,0.5961061946902655,82632,2849,574,2526,5375,LogisticRegression,XGBoost,0.99,0.0944786413452551,0.8391641548413317
0.5136979818344116,0.4487134296792386,0.8212903225806452,0.5803510371552314,82353,3128,554,2546,5674,LogisticRegression,XGBoost,0.99,0.0944786413452551,0.8391641548413317
0.49564915895462036,0.42799732083054254,0.824516129032258,0.5634920634920635,82065,3416,544,2556,5972,LogisticRegression,XGBoost,0.99,0.0944786413452551,0.8391641548413317
0.4790838062763214,0.4113237639553429,0.8319354838709677,0.5504802561366062,81790,3691,521,2579,6270,LogisticRegression,XGBoost,0.99,0.0944786413452551,0.8391641548413317
0.4638850688934326,0.3946406820950061,0.8361290322580646,0.5362019031857674,81505,3976,508,2592,6568,LogisticRegression,XGBoost,0.99,0.0944786413452551,0.8391641548413317
0.4482613205909729,0.3798427031750655,0.8412903225806452,0.5233794902669074,81223,4258,492,2608,6866,LogisticRegression,XGBoost,0.99,0.0944786413452551,0.8391641548413317
0.43518850207328796,0.36584344914190037,0.8458064516129032,0.510762637576702,80936,4545,478,2622,7167,LogisticRegression,XGBoost,0.99,0.0944786413452551,0.8391641548413317
0.422711580991745,0.35266541655504957,0.8493548387096774,0.49839106568237745,80648,4833,467,2633,7466,LogisticRegression,XGBoost,0.99,0.0944786413452551,0.8391641548413317
0.41030439734458923,0.34093250901597116,0.8538709677419355,0.4872974963181148,80364,5117,453,2647,7764,LogisticRegression,XGBoost,0.99,0.0944786413452551,0.8391641548413317
0.3983069062232971,0.33043909699826346,0.8593548387096774,0.47733381114495615,80083,5398,436,2664,8062,LogisticRegression,XGBoost,0.99,0.0944786413452551,0.8391641548413317
0.387220174074173,0.3203349282296651,0.8638709677419355,0.46736474694589875,79799,5682,422,2678,8360,LogisticRegression,XGBoost,0.99,0.0944786413452551,0.8391641548413317
0.3760329484939575,0.31019748238826655,0.8664516129032258,0.45684156816055793,79508,5973,414,2686,8659,LogisticRegression,XGBoost,0.99,0.0944786413452551,0.8391641548413317
0.3665819764137268,0.30132856983364964,0.8706451612903225,0.447706726383014,79223,6258,401,2699,8957,LogisticRegression,XGBoost,0.99,0.0944786413452551,0.8391641548413317
0.357048362493515,0.29357104267963263,0.8764516129032258,0.43982193443949813,78943,6538,383,2717,9255,LogisticRegression,XGBoost,0.99,0.0944786413452551,0.8391641548413317
0.3473472595214844,0.28535538574269864,0.8793548387096775,0.43088595589978657,78654,6827,374,2726,9553,LogisticRegression,XGBoost,0.99,0.0944786413452551,0.8391641548413317
0.3372616469860077,0.27750710515631344,0.8819354838709678,0.4221741815935762,78363,7118,366,2734,9852,LogisticRegression,XGBoost,0.99,0.0944786413452551,0.8391641548413317
0.3294733762741089,0.26955665024630543,0.8825806451612903,0.4129811320754717,78067,7414,364,2736,10150,LogisticRegression,XGBoost,0.99,0.0944786413452551,0.8391641548413317
0.3219500780105591,0.26308737678246724,0.886774193548387,0.4057864049007307,77781,7700,351,2749,10449,LogisticRegression,XGBoost,0.99,0.0944786413452551,0.8391641548413317
0.31407591700553894,0.25662975714152786,0.8896774193548387,0.3983534339568137,77492,7989,342,2758,10747,LogisticRegression,XGBoost,0.99,0.0944786413452551,0.8391641548413317
0.30672308802604675,0.25033952014486194,0.8919354838709678,0.39095086603039947,77201,8280,335,2765,11045,LogisticRegression,XGBoost,0.99,0.0944786413452551,0.8391641548413317
0.29960501194000244,0.24462270803949224,0.8951612903225806,0.3842425920797563,76912,8569,325,2775,11344,LogisticRegression,XGBoost,0.99,0.0944786413452551,0.8391641548413317
0.2932009696960449,0.23904827349252705,0.8977419354838709,0.37756071089404425,76622,8859,317,2783,11642,LogisticRegression,XGBoost,0.99,0.0944786413452551,0.8391641548413317
0.28698819875717163,0.23366834170854273,0.9,0.37101063829787234,76331,9150,310,2790,11940,LogisticRegression,XGBoost,0.99,0.0944786413452551,0.8391641548413317
0.28090447187423706,0.22895898022552705,0.9038709677419355,0.3653670621984614,76045,9436,298,2802,12238,LogisticRegression,XGBoost,0.99,0.0944786413452551,0.8391641548413317
0.27453795075416565,0.22369365775827682,0.9045161290322581,0.35868244323632875,75750,9731,296,2804,12535,LogisticRegression,XGBoost,0.99,0.0944786413452551,0.8391641548413317
0.2687300145626068,0.21904465051040287,0.9067741935483871,0.3528525701374506,75459,10022,289,2811,12833,LogisticRegression,XGBoost,0.99,0.0944786413452551,0.8391641548413317
0.2631630301475525,0.21443801401157478,0.9083870967741936,0.34696895022178414,75165,10316,284,2816,13132,LogisticRegression,XGBoost,0.99,0.0944786413452551,0.8391641548413317
0.2582240700721741,0.21012658227848102,0.9103225806451613,0.34143980641258315,74873,10608,278,2822,13430,LogisticRegression,XGBoost,0.99,0.0944786413452551,0.8391641548413317
0.2525806725025177,0.20585664335664336,0.9116129032258065,0.3358687901117186,74579,10902,274,2826,13728,LogisticRegression,XGBoost,0.99,0.0944786413452551,0.8391641548413317
0.2478950023651123,0.20169684870953944,0.9125806451612903,0.3303748686208105,74284,11197,271,2829,14026,LogisticRegression,XGBoost,0.99,0.0944786413452551,0.8391641548413317
0.24327391386032104,0.19798938843898353,0.9148387096774193,0.32552800734618914,73993,11488,264,2836,14324,LogisticRegression,XGBoost,0.99,0.0944786413452551,0.8391641548413317
0.2387993335723877,0.19435136428913355,0.9167741935483871,0.3207131975399199,73700,11781,258,2842,14623,LogisticRegression,XGBoost,0.99,0.0944786413452551,0.8391641548413317
0.23430630564689636,0.19065808872805254,0.917741935483871,0.3157252247253357,73404,12077,255,2845,14922,LogisticRegression,XGBoost,0.99,0.0944786413452551,0.8391641548413317
0.2302665114402771,0.18730701005190198,0.9196774193548387,0.31122755308116373,73111,12370,249,2851,15221,LogisticRegression,XGBoost,0.99,0.0944786413452551,0.8391641548413317
0.2259909063577652,0.18416135060248728,0.9219354838709677,0.30699822761695045,72820,12661,242,2858,15519,LogisticRegression,XGBoost,0.99,0.0944786413452551,0.8391641548413317
0.22197216749191284,0.18105955240864838,0.9238709677419354,0.3027804207632942,72527,12954,236,2864,15818,LogisticRegression,XGBoost,0.99,0.0944786413452551,0.8391641548413317
0.21811139583587646,0.17802184164805163,0.925483870967742,0.2986053288925895,72234,13247,231,2869,16116,LogisticRegression,XGBoost,0.99,0.0944786413452551,0.8391641548413317
0.21445652842521667,0.17533812599000853,0.9283870967741935,0.2949677154863175,71945,13536,222,2878,16414,LogisticRegression,XGBoost,0.99,0.0944786413452551,0.8391641548413317
0.21068701148033142,0.17226111410279424,0.9287096774193548,0.2906172714884167,71647,13834,221,2879,16713,LogisticRegression,XGBoost,0.99,0.0944786413452551,0.8391641548413317
0.2072312980890274,0.16934109210603657,0.9293548387096774,0.2864813802018595,71349,14132,219,2881,17013,LogisticRegression,XGBoost,0.99,0.0944786413452551,0.8391641548413317
0.2038675844669342,0.16658964879852126,0.9303225806451613,0.28257887517146774,71053,14428,216,2884,17312,LogisticRegression,XGBoost,0.99,0.0944786413452551,0.8391641548413317
0.20046761631965637,0.1641113003975014,0.932258064516129,0.27909222597778854,70761,14720,210,2890,17610,LogisticRegression,XGBoost,0.99,0.0944786413452551,0.8391641548413317
0.19699545204639435,0.1616595934777753,0.9338709677419355,0.2756092916984006,70468,15013,205,2895,17908,LogisticRegression,XGBoost,0.99,0.0944786413452551,0.8391641548413317
0.19397582113742828,0.15905096660808435,0.9341935483870968,0.27182278956260564,70169,15312,204,2896,18208,LogisticRegression,XGBoost,0.99,0.0944786413452551,0.8391641548413317
0.19044537842273712,0.15675996973954393,0.9358064516129032,0.2685365176339906,69876,15605,199,2901,18506,LogisticRegression,XGBoost,0.99,0.0944786413452551,0.8391641548413317
0.18745753169059753,0.15443522654754308,0.9367741935483871,0.26515704894083275,69581,15900,196,2904,18804,LogisticRegression,XGBoost,0.99,0.0944786413452551,0.8391641548413317
0.1845199167728424,0.15212270324032875,0.9374193548387096,0.26176642796018557,69284,16197,194,2906,19103,LogisticRegression,XGBoost,0.99,0.0944786413452551,0.8391641548413317
0.181538388133049,0.14983763723519405,0.937741935483871,0.25838851606595264,68987,16494,193,2907,19401,LogisticRegression,XGBoost,0.99,0.0944786413452551,0.8391641548413317
0.17856287956237793,0.14777399868013605,0.9390322580645162,0.25536207728409144,68693,16788,189,2911,19699,LogisticRegression,XGBoost,0.99,0.0944786413452551,0.8391641548413317
0.1761477291584015,0.14572185827874182,0.94,0.2523271420530805,68398,17083,186,2914,19997,LogisticRegression,XGBoost,0.99,0.0944786413452551,0.8391641548413317
0.17310570180416107,0.14368070953436807,0.9406451612903226,0.24928403505022437,68102,17379,184,2916,20295,LogisticRegression,XGBoost,0.99,0.0944786413452551,0.8391641548413317
0.17048124969005585,0.1416431970476838,0.9409677419354838,0.24622267240651646,67804,17677,183,2917,20594,LogisticRegression,XGBoost,0.99,0.0944786413452551,0.8391641548413317
0.16788062453269958,0.1397118652180156,0.9416129032258065,0.2433209686158463,67507,17974,181,2919,20893,LogisticRegression,XGBoost,0.99,0.0944786413452551,0.8391641548413317
0.16536740958690643,0.13778784446961118,0.9419354838709677,0.24040836489379216,67209,18272,180,2920,21192,LogisticRegression,XGBoost,0.99,0.0944786413452551,0.8391641548413317
0.16278906166553497,0.136063285248953,0.9432258064516129,0.2378202521350142,66915,18566,176,2924,21490,LogisticRegression,XGBoost,0.99,0.0944786413452551,0.8391641548413317
0.16022203862667084,0.134196154022672,0.9432258064516129,0.2349632367712644,66616,18865,176,2924,21789,LogisticRegression,XGBoost,0.99,0.0944786413452551,0.8391641548413317
0.15806594491004944,0.1323735796097605,0.9432258064516129,0.23216483385604825,66316,19165,176,2924,22089,LogisticRegression,XGBoost,0.99,0.0944786413452551,0.8391641548413317
0.15595145523548126,0.13070085317371688,0.9438709677419355,0.229607250755287,66020,19461,174,2926,22387,LogisticRegression,XGBoost,0.99,0.0944786413452551,0.8391641548413317
0.1538330465555191,0.1290663845543507,0.944516129032258,0.22709997673155977,65723,19758,172,2928,22686,LogisticRegression,XGBoost,0.99,0.0944786413452551,0.8391641548413317
0.15171730518341064,0.127567003132614,0.9458064516129032,0.224812145376476,65429,20052,168,2932,22984,LogisticRegression,XGBoost,0.99,0.0944786413452551,0.8391641548413317
0.14955976605415344,0.1260576386204527,0.9467741935483871,0.22249175605503543,65133,20348,165,2935,23283,LogisticRegression,XGBoost,0.99,0.0944786413452551,0.8391641548413317
0.14735834300518036,0.12454942538484373,0.9474193548387096,0.22015666579213672,64837,20644,163,2937,23581,LogisticRegression,XGBoost,0.99,0.0944786413452551,0.8391641548413317
0.14529336988925934,0.12312073369906612,0.9483870967741935,0.21794729233848548,64542,20939,160,2940,23879,LogisticRegression,XGBoost,0.99,0.0944786413452551,0.8391641548413317
0.143362358212471,0.12172726144682963,0.9493548387096774,0.21578619349635228,64247,21234,157,2943,24177,LogisticRegression,XGBoost,0.99,0.0944786413452551,0.8391641548413317
0.14122319221496582,0.12032686414708886,0.95,0.21359927470534903,63951,21530,155,2945,24475,LogisticRegression,XGBoost,0.99,0.0944786413452551,0.8391641548413317
0.1392606794834137,0.11895535642205537,0.9506451612903226,0.21145153189352084,63654,21827,153,2947,24774,LogisticRegression,XGBoost,0.99,0.0944786413452551,0.8391641548413317
0.13743887841701508,0.11758605560209007,0.9509677419354838,0.20929324482623976,63358,22123,152,2948,25071,LogisticRegression,XGBoost,0.99,0.0944786413452551,0.8391641548413317
0.13560321927070618,0.1162836532776223,0.9516129032258065,0.20724296603322911,63062,22419,150,2950,25369,LogisticRegression,XGBoost,0.99,0.0944786413452551,0.8391641548413317
0.13360926508903503,0.11505045389020922,0.9525806451612904,0.20530468940104982,62767,22714,147,2953,25667,LogisticRegression,XGBoost,0.99,0.0944786413452551,0.8391641548413317
0.13179734349250793,0.11379828243539877,0.9532258064516129,0.20332335638352772,62469,23012,145,2955,25967,LogisticRegression,XGBoost,0.99,0.0944786413452551,0.8391641548413317
0.13012133538722992,0.11250285540242139,0.9532258064516129,0.20125314990124638,62170,23311,145,2955,26266,LogisticRegression,XGBoost,0.99,0.0944786413452551,0.8391641548413317
0.12846171855926514,0.11127842192440897,0.9535483870967741,0.19929881337648325,61873,23608,144,2956,26564,LogisticRegression,XGBoost,0.99,0.0944786413452551,0.8391641548413317
0.12659747898578644,0.11011838284565557,0.9541935483870968,0.1974501034643882,61577,23904,142,2958,26862,LogisticRegression,XGBoost,0.99,0.0944786413452551,0.8391641548413317
0.12494230270385742,0.10898379970544919,0.9548387096774194,0.19563780568407138,61281,24200,140,2960,27160,LogisticRegression,XGBoost,0.99,0.0944786413452551,0.8391641548413317
0.12344582378864288,0.10801952072255809,0.9567741935483871,0.19412265200602133,60989,24492,134,2966,27458,LogisticRegression,XGBoost,0.99,0.0944786413452551,0.8391641548413317
0.12179021537303925,0.10696400907879093,0.957741935483871,0.19243607609294489,60693,24788,131,2969,27757,LogisticRegression,XGBoost,0.99,0.0944786413452551,0.8391641548413317
0.12019409984350204,0.1058991267153805,0.9583870967741935,0.19072380035307335,60397,25084,129,2971,28055,LogisticRegression,XGBoost,0.99,0.0944786413452551,0.8391641548413317
0.11853556334972382,0.10478608965541565,0.9583870967741935,0.18891679649000093,60099,25382,129,2971,28353,LogisticRegression,XGBoost,0.99,0.0944786413452551,0.8391641548413317
0.1165526956319809,0.10369258690492811,0.9583870967741935,0.18713781809019905,59800,25681,129,2971,28652,LogisticRegression,XGBoost,0.99,0.0944786413452551,0.8391641548413317
0.11499655991792679,0.10262167109944388,0.9583870967741935,0.18539203144987673,59501,25980,129,2971,28951,LogisticRegression,XGBoost,0.99,0.0944786413452551,0.8391641548413317
0.11332131922245026,0.10167868986973913,0.9593548387096774,0.18386967139633373,59206,26275,126,2974,29249,LogisticRegression,XGBoost,0.99,0.0944786413452551,0.8391641548413317
0.1117897480726242,0.10065319660202389,0.9593548387096774,0.1821913192636383,58908,26573,126,2974,29547,LogisticRegression,XGBoost,0.99,0.0944786413452551,0.8391641548413317
0.11036484688520432,0.09974535951216243,0.9603225806451613,0.18071996600497786,58612,26869,123,2977,29846,LogisticRegression,XGBoost,0.99,0.0944786413452551,0.8391641548413317
0.10896182060241699,0.09889198513800425,0.9616129032258065,0.1793406328961617,58318,27163,119,2981,30144,LogisticRegression,XGBoost,0.99,0.0944786413452551,0.8391641548413317
0.10760094225406647,0.09795677025162604,0.9619354838709677,0.17780692862679626,58021,27460,118,2982,30442,LogisticRegression,XGBoost,0.99,0.0944786413452551,0.8391641548413317
0.10616017132997513,0.09713728041639558,0.9632258064516129,0.1764775413711584,57727,27754,114,2986,30740,LogisticRegression,XGBoost,0.99,0.0944786413452551,0.8391641548413317
0.10478562116622925,0.09626598795064274,0.9638709677419355,0.17504906412021443,57430,28051,112,2988,31039,LogisticRegression,XGBoost,0.99,0.0944786413452551,0.8391641548413317
0.1033591628074646,0.09534750143595634,0.9638709677419355,0.17352924095475927,57131,28350,112,2988,31338,LogisticRegression,XGBoost,0.99,0.0944786413452551,0.8391641548413317
0.1020791158080101,0.09450959319783797,0.964516129032258,0.17215073264818492,56834,28647,110,2990,31637,LogisticRegression,XGBoost,0.99,0.0944786413452551,0.8391641548413317
0.10090198367834091,0.09365312959889784,0.9648387096774194,0.17073379570168679,56535,28946,109,2991,31937,LogisticRegression,XGBoost,0.99,0.0944786413452551,0.8391641548413317
0.09969834238290787,0.09278446457376846,0.9648387096774194,0.16928911025582974,56236,29245,109,2991,32236,LogisticRegression,XGBoost,0.99,0.0944786413452551,0.8391641548413317
0.09847080707550049,0.09199323805132933,0.9654838709677419,0.16798091763715448,55939,29542,107,2993,32535,LogisticRegression,XGBoost,0.99,0.0944786413452551,0.8391641548413317
0.09731193631887436,0.09115550953280137,0.9654838709677419,0.16658318027494853,55640,29841,107,2993,32834,LogisticRegression,XGBoost,0.99,0.0944786413452551,0.8391641548413317
0.09611478447914124,0.0903959917904141,0.9661290322580646,0.16532347096489292,55344,30137,105,2995,33132,LogisticRegression,XGBoost,0.99,0.0944786413452551,0.8391641548413317
0.09494832903146744,0.08964733331339177,0.9667741935483871,0.164079822616408,55047,30434,103,2997,33431,LogisticRegression,XGBoost,0.99,0.0944786413452551,0.8391641548413317
0.09384056180715561,0.08891458388923479,0.9674193548387097,0.1628607890521057,54751,30730,101,2999,33729,LogisticRegression,XGBoost,0.99,0.0944786413452551,0.8391641548413317
0.09269744157791138,0.08813589208569665,0.9674193548387097,0.1615535863387831,54453,31028,101,2999,34027,LogisticRegression,XGBoost,0.99,0.0944786413452551,0.8391641548413317
0.09149929881095886,0.08742898761835396,0.9680645161290322,0.16037408149632595,54157,31324,99,3001,34325,LogisticRegression,XGBoost,0.99,0.0944786413452551,0.8391641548413317
0.09024256467819214,0.08666897706925432,0.9680645161290322,0.15909452367067803,53856,31625,99,3001,34626,LogisticRegression,XGBoost,0.99,0.0944786413452551,0.8391641548413317
0.0891808494925499,0.08592698639942735,0.9680645161290322,0.15784352399737014,53557,31924,99,3001,34925,LogisticRegression,XGBoost,0.99,0.0944786413452551,0.8391641548413317
0.08793791383504868,0.08519759255053373,0.9680645161290322,0.15661204467174616,53258,32223,99,3001,35224,LogisticRegression,XGBoost,0.99,0.0944786413452551,0.8391641548413317
0.08681432902812958,0.08451100726310455,0.9683870967741935,0.15545543990471752,52961,32520,98,3002,35522,LogisticRegression,XGBoost,0.99,0.0944786413452551,0.8391641548413317
0.08571832627058029,0.08380792853154662,0.9683870967741935,0.1542651593011305,52663,32818,98,3002,35820,LogisticRegression,XGBoost,0.99,0.0944786413452551,0.8391641548413317
0.0845429003238678,0.08317182568248518,0.9690322580645161,0.15319496149727166,52367,33114,96,3004,36118,LogisticRegression,XGBoost,0.99,0.0944786413452551,0.8391641548413317
0.0834982693195343,0.0825438668753604,0.9696774193548388,0.15213705493838095,52070,33411,94,3006,36417,LogisticRegression,XGBoost,0.99,0.0944786413452551,0.8391641548413317
0.08250323683023453,0.08189889966227258,0.97,0.15104480610809726,51772,33709,93,3007,36716,LogisticRegression,XGBoost,0.99,0.0944786413452551,0.8391641548413317
0.08147553354501724,0.0812395309882747,0.97,0.1499227202472952,51474,34007,93,3007,37014,LogisticRegression,XGBoost,0.99,0.0944786413452551,0.8391641548413317
0.08046922087669373,0.08064645814907132,0.9706451612903226,0.1489198485560862,51179,34302,91,3009,37311,LogisticRegression,XGBoost,0.99,0.0944786413452551,0.8391641548413317
0.07948469370603561,0.08000744502645643,0.9706451612903226,0.1478297182441229,50881,34600,91,3009,37609,LogisticRegression,XGBoost,0.99,0.0944786413452551,0.8391641548413317
0.07846252620220184,0.07945342794587038,0.9716129032258064,0.14689458411568193,50584,34897,88,3012,37909,LogisticRegression,XGBoost,0.99,0.0944786413452551,0.8391641548413317
0.07739826291799545,0.07885576696589809,0.9719354838709677,0.14587620131206275,50285,35196,87,3013,38209,LogisticRegression,XGBoost,0.99,0.0944786413452551,0.8391641548413317
0.07635269314050674,0.07827148310696756,0.9722580645161291,0.14487946739731294,49988,35493,86,3014,38507,LogisticRegression,XGBoost,0.99,0.0944786413452551,0.8391641548413317
0.07540462166070938,0.07771793748550519,0.9729032258064516,0.14393776696017369,49690,35791,84,3016,38807,LogisticRegression,XGBoost,0.99,0.0944786413452551,0.8391641548413317
0.07448120415210724,0.07712174291047638,0.9729032258064516,0.14291468239865424,49390,36091,84,3016,39107,LogisticRegression,XGBoost,0.99,0.0944786413452551,0.8391641548413317
0.073545441031456,0.07656388783149347,0.9732258064516129,0.14195976943888955,49093,36388,83,3017,39405,LogisticRegression,XGBoost,0.99,0.0944786413452551,0.8391641548413317
0.07262419909238815,0.07598539226797632,0.9732258064516129,0.14096484055600977,48793,36688,83,3017,39705,LogisticRegression,XGBoost,0.99,0.0944786413452551,0.8391641548413317
0.07182253897190094,0.07544245575442456,0.9735483870967742,0.14003340757238308,48495,36986,82,3018,40004,LogisticRegression,XGBoost,0.99,0.0944786413452551,0.8391641548413317
0.07095325738191605,0.0749323871672084,0.9741935483870968,0.13916088749625605,48198,37283,80,3020,40303,LogisticRegression,XGBoost,0.99,0.0944786413452551,0.8391641548413317
0.07013467699289322,0.07443166424472304,0.9748387096774194,0.13830347131644583,47902,37579,78,3022,40601,LogisticRegression,XGBoost,0.99,0.0944786413452551,0.8391641548413317
0.06924384087324142,0.07393643031784841,0.9754838709677419,0.13745454545454547,47605,37876,76,3024,40900,LogisticRegression,XGBoost,0.99,0.0944786413452551,0.8391641548413317
0.06838135421276093,0.07342411223573388,0.9758064516129032,0.13657193164631254,47307,38174,75,3025,41199,LogisticRegression,XGBoost,0.99,0.0944786413452551,0.8391641548413317
0.06747548282146454,0.07294151666305213,0.9764516129032258,0.13574295387788965,47009,38472,73,3027,41499,LogisticRegression,XGBoost,0.99,0.0944786413452551,0.8391641548413317
0.06662002205848694,0.0724401913875598,0.9767741935483871,0.1348775055679287,46709,38772,72,3028,41800,LogisticRegression,XGBoost,0.99,0.0944786413452551,0.8391641548413317
0.06579843163490295,0.07194603453599677,0.9770967741935483,0.1340235835490365,46409,39072,71,3029,42101,LogisticRegression,XGBoost,0.99,0.0944786413452551,0.8391641548413317
0.06497771292924881,0.07144036415953206,0.9770967741935483,0.1331457834238115,46111,39370,71,3029,42399,LogisticRegression,XGBoost,0.99,0.0944786413452551,0.8391641548413317
0.06409969180822372,0.07094175234794013,0.9770967741935483,0.13227940694805337,45813,39668,71,3029,42697,LogisticRegression,XGBoost,0.99,0.0944786413452551,0.8391641548413317
0.06337769329547882,0.07049656936853123,0.977741935483871,0.13151100987091874,45517,39964,69,3031,42995,LogisticRegression,XGBoost,0.99,0.0944786413452551,0.8391641548413317
0.06259740889072418,0.0700311814297263,0.9780645161290322,0.13070373962711498,45218,40263,68,3032,43295,LogisticRegression,XGBoost,0.99,0.0944786413452551,0.8391641548413317
0.06184269115328789,0.06957539054435345,0.9783870967741936,0.12991240657057804,44921,40560,67,3033,43593,LogisticRegression,XGBoost,0.99,0.0944786413452551,0.8391641548413317
0.06108398362994194,0.06910300517190313,0.9783870967741936,0.12908854887106042,44623,40858,67,3033,43891,LogisticRegression,XGBoost,0.99,0.0944786413452551,0.8391641548413317
0.06033303216099739,0.06863543788187372,0.9783870967741936,0.12827236202156903,44324,41157,67,3033,44190,LogisticRegression,XGBoost,0.99,0.0944786413452551,0.8391641548413317
0.059562161564826965,0.06824312174069412,0.9793548387096774,0.12759519206522654,44029,41452,64,3036,44488,LogisticRegression,XGBoost,0.99,0.0944786413452551,0.8391641548413317
0.05881743133068085,0.06778752763078572,0.9793548387096774,0.12679850481341493,43730,41751,64,3036,44787,LogisticRegression,XGBoost,0.99,0.0944786413452551,0.8391641548413317
0.058063805103302,0.06733946989020739,0.9793548387096774,0.12601431980906921,43432,42049,64,3036,45085,LogisticRegression,XGBoost,0.99,0.0944786413452551,0.8391641548413317
0.057323429733514786,0.06691933102703655,0.9796774193548388,0.12528102633912916,43135,42346,63,3037,45383,LogisticRegression,XGBoost,0.99,0.0944786413452551,0.8391641548413317
0.05659943073987961,0.06648278277620892,0.9796774193548388,0.12451569258522785,42837,42644,63,3037,45681,LogisticRegression,XGBoost,0.99,0.0944786413452551,0.8391641548413317
0.055844999849796295,0.06607220530665507,0.98,0.12379788101059494,42539,42942,62,3038,45980,LogisticRegression,XGBoost,0.99,0.0944786413452551,0.8391641548413317
0.05512092635035515,0.06564674359306798,0.98,0.12305075134675361,42241,43240,62,3038,46278,LogisticRegression,XGBoost,0.99,0.0944786413452551,0.8391641548413317
0.05447991564869881,0.06522672621092408,0.98,0.12231258555439246,41943,43538,62,3038,46576,LogisticRegression,XGBoost,0.99,0.0944786413452551,0.8391641548413317
0.05378515273332596,0.06480928406860653,0.98,0.12157835761165359,41643,43838,62,3038,46876,LogisticRegression,XGBoost,0.99,0.0944786413452551,0.8391641548413317
0.05304856598377228,0.06442107940814856,0.9803225806451613,0.12089748179973747,41346,44135,61,3039,47174,LogisticRegression,XGBoost,0.99,0.0944786413452551,0.8391641548413317
0.05238497629761696,0.0640588136164476,0.9809677419354839,0.12026417780590053,41050,44431,59,3041,47472,LogisticRegression,XGBoost,0.99,0.0944786413452551,0.8391641548413317
0.051711518317461014,0.06365920033493824,0.9809677419354839,0.11955966188323175,40752,44729,59,3041,47770,LogisticRegression,XGBoost,0.99,0.0944786413452551,0.8391641548413317
0.05102335661649704,0.06328534576017308,0.9812903225806452,0.11890243902439022,40455,45026,58,3042,48068,LogisticRegression,XGBoost,0.99,0.0944786413452551,0.8391641548413317
0.050340548157691956,0.0629147972791366,0.9816129032258064,0.11825052946548273,40157,45324,57,3043,48367,LogisticRegression,XGBoost,0.99,0.0944786413452551,0.8391641548413317
0.04961312189698219,0.06252825381169605,0.9816129032258064,0.1175675153575706,39858,45623,57,3043,48666,LogisticRegression,XGBoost,0.99,0.0944786413452551,0.8391641548413317
0.04895920306444168,0.06216558428297186,0.9819354838709677,0.11692851380939577,39559,45922,56,3044,48966,LogisticRegression,XGBoost,0.99,0.0944786413452551,0.8391641548413317
0.04830222949385643,0.06180733162830349,0.9822580645161291,0.11629683382347324,39260,46221,55,3045,49266,LogisticRegression,XGBoost,0.99,0.0944786413452551,0.8391641548413317
0.047671765089035034,0.061434479975789366,0.9822580645161291,0.11563657077755624,38961,46520,55,3045,49565,LogisticRegression,XGBoost,0.99,0.0944786413452551,0.8391641548413317
0.04705546051263809,0.06108860454855401,0.9825806451612903,0.1150258676031872,38665,46816,54,3046,49862,LogisticRegression,XGBoost,0.99,0.0944786413452551,0.8391641548413317
0.04641326144337654,0.060744403022268294,0.9829032258064516,0.11441767897711269,38367,47114,53,3047,50161,LogisticRegression,XGBoost,0.99,0.0944786413452551,0.8391641548413317
0.045713890343904495,0.060385659644463824,0.9829032258064516,0.11378106387348531,38069,47412,53,3047,50459,LogisticRegression,XGBoost,0.99,0.0944786413452551,0.8391641548413317
0.04504632204771042,0.06004964734623114,0.983225806451613,0.11318652753537078,37771,47710,52,3048,50758,LogisticRegression,XGBoost,0.99,0.0944786413452551,0.8391641548413317
0.04450361058115959,0.05971757055839552,0.9835483870967742,0.11259855605000278,37473,48008,51,3049,51057,LogisticRegression,XGBoost,0.99,0.0944786413452551,0.8391641548413317
0.04386333376169205,0.059371044688929994,0.9835483870967742,0.1119823707648517,37175,48306,51,3049,51355,LogisticRegression,XGBoost,0.99,0.0944786413452551,0.8391641548413317
0.043246328830718994,0.05902851722068418,0.9835483870967742,0.11137289280952642,36877,48604,51,3049,51653,LogisticRegression,XGBoost,0.99,0.0944786413452551,0.8391641548413317
0.04269266501069069,0.05872841716232604,0.9841935483870968,0.11084267315761749,36581,48900,49,3051,51951,LogisticRegression,XGBoost,0.99,0.0944786413452551,0.8391641548413317
0.042067307978868484,0.058429503741555186,0.9848387096774194,0.11031417679897382,36283,49198,47,3053,52251,LogisticRegression,XGBoost,0.99,0.0944786413452551,0.8391641548413317
0.04150589182972908,0.05809815600677463,0.9848387096774194,0.10972344516523208,35985,49496,47,3053,52549,LogisticRegression,XGBoost,0.99,0.0944786413452551,0.8391641548413317
0.04091447964310646,0.057768358909345494,0.9848387096774194,0.10913510518507928,35685,49796,47,3053,52849,LogisticRegression,XGBoost,0.99,0.0944786413452551,0.8391641548413317
0.04040040820837021,0.05744336569579288,0.9848387096774194,0.10855497084340776,35386,50095,47,3053,53148,LogisticRegression,XGBoost,0.99,0.0944786413452551,0.8391641548413317
0.03985565900802612,0.05712307749878382,0.9848387096774194,0.1079828811940721,35088,50393,47,3053,53446,LogisticRegression,XGBoost,0.99,0.0944786413452551,0.8391641548413317
0.039304524660110474,0.056842496976462924,0.9854838709677419,0.10748526695399771,34791,50690,45,3055,53745,LogisticRegression,XGBoost,0.99,0.0944786413452551,0.8391641548413317
0.03871923312544823,0.05652906019280943,0.9854838709677419,0.10692473268816828,34493,50988,45,3055,54043,LogisticRegression,XGBoost,0.99,0.0944786413452551,0.8391641548413317
0.03820106014609337,0.05621906111407593,0.9854838709677419,0.10637001444960917,34195,51286,45,3055,54341,LogisticRegression,XGBoost,0.99,0.0944786413452551,0.8391641548413317
0.03768821060657501,0.05591142020497804,0.9854838709677419,0.1058191894700381,33896,51585,45,3055,54640,LogisticRegression,XGBoost,0.99,0.0944786413452551,0.8391641548413317
0.03711890056729317,0.05560611576265016,0.9854838709677419,0.10527222605099933,33596,51885,45,3055,54940,LogisticRegression,XGBoost,0.99,0.0944786413452551,0.8391641548413317
0.036524586379528046,0.05532323177465197,0.9858064516129033,0.10476696549478051,33298,52183,44,3056,55239,LogisticRegression,XGBoost,0.99,0.0944786413452551,0.8391641548413317
0.035984430462121964,0.05502637881052271,0.9858064516129033,0.10423452768729641,33000,52481,44,3056,55537,LogisticRegression,XGBoost,0.99,0.0944786413452551,0.8391641548413317
0.03541477769613266,0.05473171430618239,0.9858064516129033,0.1037057146735442,32701,52780,44,3056,55836,LogisticRegression,XGBoost,0.99,0.0944786413452551,0.8391641548413317
0.034854039549827576,0.054458973171340005,0.9861290322580645,0.10321774656447309,32404,53077,43,3057,56134,LogisticRegression,XGBoost,0.99,0.0944786413452551,0.8391641548413317
0.0343347042798996,0.05417139211794726,0.9861290322580645,0.10270106833299739,32106,53375,43,3057,56432,LogisticRegression,XGBoost,0.99,0.0944786413452551,0.8391641548413317
0.03381509333848953,0.053902559402101105,0.9864516129032258,0.10221954806792351,31807,53674,42,3058,56732,LogisticRegression,XGBoost,0.99,0.0944786413452551,0.8391641548413317
0.03327424079179764,0.053637495397240095,0.9867741935483871,0.10174452445494005,31509,53972,41,3059,57031,LogisticRegression,XGBoost,0.99,0.0944786413452551,0.8391641548413317
0.032710228115320206,0.05335868408658794,0.9867741935483871,0.10124278078406064,31211,54270,41,3059,57329,LogisticRegression,XGBoost,0.99,0.0944786413452551,0.8391641548413317
0.03215117007493973,0.05308183521899077,0.9867741935483871,0.10074430246344356,30912,54569,41,3059,57628,LogisticRegression,XGBoost,0.99,0.0944786413452551,0.8391641548413317
0.03163914754986763,0.05280784435582716,0.9867741935483871,0.10025070870270537,30613,54868,41,3059,57927,LogisticRegression,XGBoost,0.99,0.0944786413452551,0.8391641548413317
0.03107433207333088,0.05253756977243452,0.9867741935483871,0.09976355483081939,30315,55166,41,3059,58225,LogisticRegression,XGBoost,0.99,0.0944786413452551,0.8391641548413317
0.03056388907134533,0.05228713497257489,0.9870967741935484,0.09931356798597928,30018,55463,40,3060,58523,LogisticRegression,XGBoost,0.99,0.0944786413452551,0.8391641548413317
0.030046170577406883,0.052022236956189113,0.9870967741935484,0.09883561311994314,29720,55761,40,3060,58821,LogisticRegression,XGBoost,0.99,0.0944786413452551,0.8391641548413317
0.02957996353507042,0.05175913396481732,0.9870967741935484,0.09836065573770492,29421,56060,40,3060,59120,LogisticRegression,XGBoost,0.99,0.0944786413452551,0.8391641548413317
0.029060684144496918,0.051499545592244775,0.9870967741935484,0.09789180715953806,29123,56358,40,3060,59418,LogisticRegression,XGBoost,0.99,0.0944786413452551,0.8391641548413317
0.028522981330752373,0.05124254806082122,0.9870967741935484,0.09742740703005605,28825,56656,40,3060,59716,LogisticRegression,XGBoost,0.99,0.0944786413452551,0.8391641548413317
0.028052913025021553,0.0510047655547039,0.9874193548387097,0.09699908102798112,28528,56953,39,3061,60014,LogisticRegression,XGBoost,0.99,0.0944786413452551,0.8391641548413317
0.027567368000745773,0.05075275235442366,0.9874193548387097,0.09654324102693497,28230,57251,39,3061,60312,LogisticRegression,XGBoost,0.99,0.0944786413452551,0.8391641548413317
0.027105266228318214,0.05050155084801689,0.9874193548387097,0.09608864892014062,27930,57551,39,3061,60612,LogisticRegression,XGBoost,0.99,0.0944786413452551,0.8391641548413317
0.026584116742014885,0.050254473813823676,0.9874193548387097,0.09564130604593034,27632,57849,39,3061,60910,LogisticRegression,XGBoost,0.99,0.0944786413452551,0.8391641548413317
0.02604834921658039,0.05000980264017776,0.9874193548387097,0.09519810909995646,27334,58147,39,3061,61208,LogisticRegression,XGBoost,0.99,0.0944786413452551,0.8391641548413317
0.025588029995560646,0.049767502357493575,0.9874193548387097,0.09475900071200817,27036,58445,39,3061,61506,LogisticRegression,XGBoost,0.99,0.0944786413452551,0.8391641548413317
0.02513052523136139,0.04954371885314866,0.987741935483871,0.09435473930728461,26739,58742,38,3062,61804,LogisticRegression,XGBoost,0.99,0.0944786413452551,0.8391641548413317
0.024623626843094826,0.04930677444807652,0.987741935483871,0.0939249398015368,26442,59039,38,3062,62101,LogisticRegression,XGBoost,0.99,0.0944786413452551,0.8391641548413317
0.024115920066833496,0.049071299219538775,0.987741935483871,0.09349761065054428,26144,59337,38,3062,62399,LogisticRegression,XGBoost,0.99,0.0944786413452551,0.8391641548413317
0.023629825562238693,0.04883806242722937,0.987741935483871,0.09307415231697494,25846,59635,38,3062,62697,LogisticRegression,XGBoost,0.99,0.0944786413452551,0.8391641548413317
0.02313343621790409,0.04860703230415112,0.987741935483871,0.0926545124442091,25548,59933,38,3062,62995,LogisticRegression,XGBoost,0.99,0.0944786413452551,0.8391641548413317
0.022626366466283798,0.048409011912661545,0.9883870967741936,0.09229749676175558,25251,60230,36,3064,63294,LogisticRegression,XGBoost,0.99,0.0944786413452551,0.8391641548413317
0.022192001342773438,0.04818140361360527,0.9883870967741936,0.0918837059361552,24952,60529,36,3064,63593,LogisticRegression,XGBoost,0.99,0.0944786413452551,0.8391641548413317
0.02174905687570572,0.047972327870905135,0.9887096774193549,0.09150482900688152,24655,60826,35,3065,63891,LogisticRegression,XGBoost,0.99,0.0944786413452551,0.8391641548413317
0.021282389760017395,0.04774961441991619,0.9887096774193549,0.09109958537056577,24357,61124,35,3065,64189,LogisticRegression,XGBoost,0.99,0.0944786413452551,0.8391641548413317
0.020831530913710594,0.047528959325135296,0.9887096774193549,0.0906979152795656,24059,61422,35,3065,64487,LogisticRegression,XGBoost,0.99,0.0944786413452551,0.8391641548413317
0.02032826468348503,0.047310334182295286,0.9887096774193549,0.09029977167268174,23761,61720,35,3065,64785,LogisticRegression,XGBoost,0.99,0.0944786413452551,0.8391641548413317
0.01982366107404232,0.047093711107355225,0.9887096774193549,0.08990510831145593,23463,62018,35,3065,65083,LogisticRegression,XGBoost,0.99,0.0944786413452551,0.8391641548413317
0.019320432096719742,0.046879062724644774,0.9887096774193549,0.08951387976226984,23165,62316,35,3065,65381,LogisticRegression,XGBoost,0.99,0.0944786413452551,0.8391641548413317
0.01884985715150833,0.04666636215533123,0.9887096774193549,0.08912604137890927,22867,62614,35,3065,65679,LogisticRegression,XGBoost,0.99,0.0944786413452551,0.8391641548413317
0.01835091970860958,0.04645487889902695,0.9887096774193549,0.0887402646283911,22568,62913,35,3065,65978,LogisticRegression,XGBoost,0.99,0.0944786413452551,0.8391641548413317
0.017862820997834206,0.04624530380071518,0.9887096774193549,0.0883578131080906,22269,63212,35,3065,66277,LogisticRegression,XGBoost,0.99,0.0944786413452551,0.8391641548413317
0.017350435256958008,0.046052631578947366,0.9890322580645161,0.0880073482978357,21971,63510,34,3066,66576,LogisticRegression,XGBoost,0.99,0.0944786413452551,0.8391641548413317
0.016892194747924805,0.04584741454077818,0.9890322580645161,0.0876325492325721,21673,63808,34,3066,66874,LogisticRegression,XGBoost,0.99,0.0944786413452551,0.8391641548413317
0.01639229618012905,0.04565822577523707,0.9893548387096774,0.0872881476527258,21375,64106,33,3067,67173,LogisticRegression,XGBoost,0.99,0.0944786413452551,0.8391641548413317
0.01591329649090767,0.04545589281479725,0.9893548387096774,0.08691832454797936,21076,64405,33,3067,67472,LogisticRegression,XGBoost,0.99,0.0944786413452551,0.8391641548413317
0.015468825586140156,0.045255345206651816,0.9893548387096774,0.08655162196102778,20777,64704,33,3067,67771,LogisticRegression,XGBoost,0.99,0.0944786413452551,0.8391641548413317
0.015005281195044518,0.04505589751876717,0.9893548387096774,0.08618678956316478,20477,65004,33,3067,68071,LogisticRegression,XGBoost,0.99,0.0944786413452551,0.8391641548413317
0.014528312720358372,0.04485885622348983,0.9893548387096774,0.08582622079194067,20178,65303,33,3067,68370,LogisticRegression,XGBoost,0.99,0.0944786413452551,0.8391641548413317
0.014027448371052742,0.04466353085089342,0.9893548387096774,0.0854686563836754,19879,65602,33,3067,68669,LogisticRegression,XGBoost,0.99,0.0944786413452551,0.8391641548413317
0.013522063381969929,0.044470543883306506,0.9893548387096774,0.08511523998501394,19581,65900,33,3067,68967,LogisticRegression,XGBoost,0.99,0.0944786413452551,0.8391641548413317
0.013010394759476185,0.0442779389897065,0.9893548387096774,0.08476239169787335,19281,66200,33,3067,69267,LogisticRegression,XGBoost,0.99,0.0944786413452551,0.8391641548413317
0.012540224939584732,0.04408762901417359,0.9893548387096774,0.08441361847356399,18982,66499,33,3067,69566,LogisticRegression,XGBoost,0.99,0.0944786413452551,0.8391641548413317
0.012044617906212807,0.04389957631970686,0.9893548387096774,0.08406885587412971,18684,66797,33,3067,69864,LogisticRegression,XGBoost,0.99,0.0944786413452551,0.8391641548413317
0.011494210921227932,0.043713121062683505,0.9893548387096774,0.08372689798258307,18386,67095,33,3067,70162,LogisticRegression,XGBoost,0.99,0.0944786413452551,0.8391641548413317
0.010992933064699173,0.04352824297473744,0.9893548387096774,0.08338771071234366,18088,67393,33,3067,70460,LogisticRegression,XGBoost,0.99,0.0944786413452551,0.8391641548413317
0.010430015623569489,0.04335905480652364,0.9896774193548387,0.08307833951636924,17791,67690,32,3068,70758,LogisticRegression,XGBoost,0.99,0.0944786413452551,0.8391641548413317
0.009866240434348583,0.04317721233956316,0.9896774193548387,0.08274448460003236,17493,67988,32,3068,71056,LogisticRegression,XGBoost,0.99,0.0944786413452551,0.8391641548413317
0.009301458485424519,0.04299688875185694,0.9896774193548387,0.0824133021731539,17195,68286,32,3068,71354,LogisticRegression,XGBoost,0.99,0.0944786413452551,0.8391641548413317
0.00872083567082882,0.042818065092391,0.9896774193548387,0.0820847602739726,16897,68584,32,3068,71652,LogisticRegression,XGBoost,0.99,0.0944786413452551,0.8391641548413317
0.008125262334942818,0.04264072272411397,0.9896774193548387,0.08175882744836775,16599,68882,32,3068,71950,LogisticRegression,XGBoost,0.99,0.0944786413452551,0.8391641548413317
0.0074285841546952724,0.04246484331746207,0.9896774193548387,0.08143547273982057,16301,69180,32,3068,72248,LogisticRegression,XGBoost,0.99,0.0944786413452551,0.8391641548413317
0.006793505046516657,0.04229040884404378,0.9896774193548387,0.08111466567961294,16003,69478,32,3068,72546,LogisticRegression,XGBoost,0.99,0.0944786413452551,0.8391641548413317
0.006083741784095764,0.04211740157047938,0.9896774193548387,0.08079637627725691,15705,69776,32,3068,72844,LogisticRegression,XGBoost,0.99,0.0944786413452551,0.8391641548413317
0.005393955856561661,0.04194580405239124,0.9896774193548387,0.0804805750111487,15407,70074,32,3068,73142,LogisticRegression,XGBoost,0.99,0.0944786413452551,0.8391641548413317
0.004629871807992458,0.04177559912854031,0.9896774193548387,0.08016723281944081,15109,70372,32,3068,73440,LogisticRegression,XGBoost,0.99,0.0944786413452551,0.8391641548413317
0.0037952722050249577,0.041606769915104834,0.9896774193548387,0.07985632109112678,14811,70670,32,3068,73738,LogisticRegression,XGBoost,0.99,0.0944786413452551,0.8391641548413317
0.0026124874129891396,0.04145280674266573,0.99,0.07957373988799003,14514,70967,31,3069,74036,LogisticRegression,XGBoost,0.99,0.0944786413452551,0.8391641548413317
9.150996629614383e-05,0.0412866252320607,0.99,0.0792675052302606,14216,71265,31,3069,74334,LogisticRegression,XGBoost,0.99,0.0944786413452551,0.8391641548413317
0.9999822212193916,1.0,0.0003225806451612903,0.0006449532408900355,85481,0,3099,1,1,SmallRandomForest,HeavyCatBoost,0.9,0.3148207624435623,0.45641841929984983
0.9993896105700424,0.9877300613496932,0.05193548387096774,0.09868219429972418,85479,2,2939,161,163,SmallRandomForest,HeavyCatBoost,0.9,0.3148207624435623,0.45641841929984983
0.998709877980846,0.9907692307692307,0.10387096774193548,0.18802919708029195,85478,3,2778,322,325,SmallRandomForest,HeavyCatBoost,0.9,0.3148207624435623,0.45641841929984983
0.9977477161978455,0.9897540983606558,0.1558064516129032,0.2692307692307692,85476,5,2617,483,488,SmallRandomForest,HeavyCatBoost,0.9,0.3148207624435623,0.45641841929984983
0.9965365995560621,0.9846153846153847,0.2064516129032258,0.34133333333333327,85471,10,2460,640,650,SmallRandomForest,HeavyCatBoost,0.9,0.3148207624435623,0.45641841929984983
0.9951822359352892,0.9815270935960592,0.25709677419354837,0.4074642126789366,85466,15,2303,797,812,SmallRandomForest,HeavyCatBoost,0.9,0.3148207624435623,0.45641841929984983
0.9930863892834275,0.9794871794871794,0.30806451612903224,0.4687116564417178,85461,20,2145,955,975,SmallRandomForest,HeavyCatBoost,0.9,0.3148207624435623,0.45641841929984983
0.9900122814991389,0.9736147757255936,0.3570967741935484,0.5225395326882228,85451,30,1993,1107,1137,SmallRandomForest,HeavyCatBoost,0.9,0.3148207624435623,0.45641841929984983
0.9859861812342966,0.968437259430331,0.40580645161290324,0.5719481700386452,85440,41,1842,1258,1299,SmallRandomForest,HeavyCatBoost,0.9,0.3148207624435623,0.45641841929984983
0.9802368702917796,0.9651162790697675,0.4551612903225806,0.6185883384480491,85430,51,1689,1411,1462,SmallRandomForest,HeavyCatBoost,0.9,0.3148207624435623,0.45641841929984983
0.9730832469777083,0.958128078817734,0.5019354838709678,0.6587637595258256,85413,68,1544,1556,1624,SmallRandomForest,HeavyCatBoost,0.9,0.3148207624435623,0.45641841929984983
0.9622606830111343,0.948488241881299,0.5464516129032259,0.6934097421203438,85389,92,1406,1694,1786,SmallRandomForest,HeavyCatBoost,0.9,0.3148207624435623,0.45641841929984983
0.9457443543868057,0.9358645459209851,0.5883870967741935,0.7225193107546048,85356,125,1276,1824,1949,SmallRandomForest,HeavyCatBoost,0.9,0.3148207624435623,0.45641841929984983
0.9267473239624565,0.9180483183325439,0.6251612903225806,0.7438111686816349,85308,173,1162,1938,2111,SmallRandomForest,HeavyCatBoost,0.9,0.3148207624435623,0.45641841929984983
0.9003482847589169,0.8984168865435356,0.6590322580645162,0.760327502791217,85250,231,1057,2043,2274,SmallRandomForest,HeavyCatBoost,0.9,0.3148207624435623,0.45641841929984983
0.877869271666393,0.8739737274220033,0.6867741935483871,0.7691473988439308,85174,307,971,2129,2436,SmallRandomForest,HeavyCatBoost,0.9,0.3148207624435623,0.45641841929984983
0.8517335701688183,0.8460354118552733,0.7090322580645161,0.7714987714987716,85081,400,902,2198,2598,SmallRandomForest,HeavyCatBoost,0.9,0.3148207624435623,0.45641841929984983
0.8250700497840159,0.8181818181818182,0.7287096774193549,0.7708582153216176,84979,502,841,2259,2761,SmallRandomForest,HeavyCatBoost,0.9,0.3148207624435623,0.45641841929984983
0.7984220571804729,0.7902839548409168,0.7451612903225806,0.7670596048480823,84868,613,790,2310,2923,SmallRandomForest,HeavyCatBoost,0.9,0.3148207624435623,0.45641841929984983
0.7714097259480523,0.760453808752026,0.756774193548387,0.7586095392077606,84742,739,754,2346,3085,SmallRandomForest,HeavyCatBoost,0.9,0.3148207624435623,0.45641841929984983
0.7486458736162641,0.7321428571428571,0.7670967741935484,0.7492123503465657,84611,870,722,2378,3248,SmallRandomForest,HeavyCatBoost,0.9,0.3148207624435623,0.45641841929984983
0.7254436787412821,0.7049853372434017,0.775483870967742,0.7385560675883256,84475,1006,696,2404,3410,SmallRandomForest,HeavyCatBoost,0.9,0.3148207624435623,0.45641841929984983
0.7044655412505939,0.6808510638297872,0.7845161290322581,0.7290167865707433,84341,1140,668,2432,3572,SmallRandomForest,HeavyCatBoost,0.9,0.3148207624435623,0.45641841929984983
0.6832159105457661,0.6562248995983936,0.7906451612903226,0.7171909290416972,84197,1284,649,2451,3735,SmallRandomForest,HeavyCatBoost,0.9,0.3148207624435623,0.45641841929984983
0.6622238784909188,0.6335642802155504,0.7964516129032259,0.70573102758325,84053,1428,631,2469,3897,SmallRandomForest,HeavyCatBoost,0.9,0.3148207624435623,0.45641841929984983
0.6423302264634847,0.6118226600985222,0.8012903225806451,0.693854748603352,83905,1576,616,2484,4060,SmallRandomForest,HeavyCatBoost,0.9,0.3148207624435623,0.45641841929984983
0.6247669078918524,0.5902415916627191,0.8038709677419354,0.6806883365200765,83751,1730,608,2492,4222,SmallRandomForest,HeavyCatBoost,0.9,0.3148207624435623,0.45641841929984983
0.6091488340256057,0.5720802919708029,0.8090322580645162,0.6702298236237307,83605,1876,592,2508,4384,SmallRandomForest,HeavyCatBoost,0.9,0.3148207624435623,0.45641841929984983
0.592870364583939,0.5555311194193974,0.8148387096774193,0.6606512357787367,83460,2021,574,2526,4547,SmallRandomForest,HeavyCatBoost,0.9,0.3148207624435623,0.45641841929984983
0.5782078441798708,0.5400297303036738,0.8203225806451613,0.6512997823024715,83315,2166,557,2543,4709,SmallRandomForest,HeavyCatBoost,0.9,0.3148207624435623,0.45641841929984983
0.5640695242666719,0.5233011701909259,0.822258064516129,0.6395684355789738,83159,2322,551,2549,4871,SmallRandomForest,HeavyCatBoost,0.9,0.3148207624435623,0.45641841929984983
0.5484094808855118,0.5083432657926102,0.8254838709677419,0.6292107204327513,83006,2475,541,2559,5034,SmallRandomForest,HeavyCatBoost,0.9,0.3148207624435623,0.45641841929984983
0.5357760515717384,0.4942263279445728,0.8283870967741935,0.6190935390549662,82853,2628,532,2568,5196,SmallRandomForest,HeavyCatBoost,0.9,0.3148207624435623,0.45641841929984983
0.5231743580304441,0.48077640910787606,0.8309677419354838,0.6091274532986521,82699,2782,524,2576,5358,SmallRandomForest,HeavyCatBoost,0.9,0.3148207624435623,0.45641841929984983
0.5116276650486644,0.46766890056149246,0.8329032258064516,0.5990024359123072,82542,2939,518,2582,5521,SmallRandomForest,HeavyCatBoost,0.9,0.3148207624435623,0.45641841929984983
0.4997429219665448,0.455041351398909,0.8341935483870968,0.5888648525560742,82384,3097,514,2586,5683,SmallRandomForest,HeavyCatBoost,0.9,0.3148207624435623,0.45641841929984983
0.488444163690435,0.44389326034895654,0.8370967741935483,0.5801475519785378,82230,3251,505,2595,5846,SmallRandomForest,HeavyCatBoost,0.9,0.3148207624435623,0.45641841929984983
0.47801631929495036,0.43325565912117175,0.8396774193548387,0.5715854194115063,82076,3405,497,2603,6008,SmallRandomForest,HeavyCatBoost,0.9,0.3148207624435623,0.45641841929984983
0.46661169045852724,0.42252836304700164,0.8409677419354838,0.5624595469255663,81918,3563,493,2607,6170,SmallRandomForest,HeavyCatBoost,0.9,0.3148207624435623,0.45641841929984983
0.4570276400526875,0.41260066319279964,0.8429032258064516,0.5540125092759461,81761,3720,487,2613,6333,SmallRandomForest,HeavyCatBoost,0.9,0.3148207624435623,0.45641841929984983
0.4479024088709678,0.40277136258660506,0.8438709677419355,0.545284002084419,81602,3879,484,2616,6495,SmallRandomForest,HeavyCatBoost,0.9,0.3148207624435623,0.45641841929984983
0.43874475749823355,0.39342045966651645,0.8448387096774194,0.536845341805883,81443,4038,481,2619,6657,SmallRandomForest,HeavyCatBoost,0.9,0.3148207624435623,0.45641841929984983
0.4302021635272644,0.38519061583577713,0.8474193548387097,0.5296370967741936,81288,4193,473,2627,6820,SmallRandomForest,HeavyCatBoost,0.9,0.3148207624435623,0.45641841929984983
0.42164950560583614,0.37696934975651675,0.8490322580645161,0.5221186272564967,81131,4350,468,2632,6982,SmallRandomForest,HeavyCatBoost,0.9,0.3148207624435623,0.45641841929984983
0.41355586859169285,0.36898096304591266,0.8503225806451613,0.514642717688403,80973,4508,464,2636,7144,SmallRandomForest,HeavyCatBoost,0.9,0.3148207624435623,0.45641841929984983
0.4053306809844006,0.3612973860681538,0.8516129032258064,0.50735082156241,80814,4667,460,2640,7307,SmallRandomForest,HeavyCatBoost,0.9,0.3148207624435623,0.45641841929984983
0.3975077206624071,0.3538626322131477,0.8525806451612903,0.500141924496168,80655,4826,457,2643,7469,SmallRandomForest,HeavyCatBoost,0.9,0.3148207624435623,0.45641841929984983
0.3907679684538491,0.34674354606211505,0.8535483870967742,0.4931506849315068,80496,4985,454,2646,7631,SmallRandomForest,HeavyCatBoost,0.9,0.3148207624435623,0.45641841929984983
0.3834387373508586,0.3401334359763921,0.8551612903225806,0.48668992105746284,80338,5143,449,2651,7794,SmallRandomForest,HeavyCatBoost,0.9,0.3148207624435623,0.45641841929984983
0.37628272744110824,0.33433886375062843,0.8580645161290322,0.4811866859623733,80185,5296,440,2660,7956,SmallRandomForest,HeavyCatBoost,0.9,0.3148207624435623,0.45641841929984983
0.3692820304289498,0.3281192265057273,0.8593548387096774,0.4749086371334343,80026,5455,436,2664,8119,SmallRandomForest,HeavyCatBoost,0.9,0.3148207624435623,0.45641841929984983
0.3629090056478771,0.321941794469267,0.86,0.4685001317986117,79866,5615,434,2666,8281,SmallRandomForest,HeavyCatBoost,0.9,0.3148207624435623,0.45641841929984983
0.3558181031224712,0.31588297998341824,0.8603225806451613,0.4620982413583991,79705,5776,433,2667,8443,SmallRandomForest,HeavyCatBoost,0.9,0.3148207624435623,0.45641841929984983
0.35009099044251735,0.3101324657215896,0.8609677419354839,0.4560054672817359,79544,5937,431,2669,8606,SmallRandomForest,HeavyCatBoost,0.9,0.3148207624435623,0.45641841929984983
0.34345043111226836,0.3045164233576642,0.8612903225806452,0.44994944388270974,79383,6098,430,2670,8768,SmallRandomForest,HeavyCatBoost,0.9,0.3148207624435623,0.45641841929984983
0.3378746262575574,0.2994400895856663,0.8625806451612903,0.4445552784704904,79225,6256,426,2674,8930,SmallRandomForest,HeavyCatBoost,0.9,0.3148207624435623,0.45641841929984983
0.3312851477605617,0.294072363356428,0.8625806451612903,0.4386123185434266,79062,6419,426,2674,9093,SmallRandomForest,HeavyCatBoost,0.9,0.3148207624435623,0.45641841929984983
0.3260352258367205,0.2892490545651,0.8635483870967742,0.43334682314852285,78903,6578,423,2677,9255,SmallRandomForest,HeavyCatBoost,0.9,0.3148207624435623,0.45641841929984983
0.32092663359505497,0.28427312307528935,0.8635483870967742,0.42773827594471514,78741,6740,423,2677,9417,SmallRandomForest,HeavyCatBoost,0.9,0.3148207624435623,0.45641841929984983
0.3156400549265476,0.27954070981210855,0.8638709677419355,0.422397476340694,78579,6902,422,2678,9580,SmallRandomForest,HeavyCatBoost,0.9,0.3148207624435623,0.45641841929984983
0.31036631636449385,0.2749948675836584,0.8641935483870967,0.41722473135025695,78418,7063,421,2679,9742,SmallRandomForest,HeavyCatBoost,0.9,0.3148207624435623,0.45641841929984983
0.30466952052251395,0.270570418980313,0.864516129032258,0.41214917339484813,78256,7225,420,2680,9905,SmallRandomForest,HeavyCatBoost,0.9,0.3148207624435623,0.45641841929984983
0.29991666405415035,0.2665143538293434,0.8654838709677419,0.40753398648135497,78097,7384,417,2683,10067,SmallRandomForest,HeavyCatBoost,0.9,0.3148207624435623,0.45641841929984983
0.295292440457371,0.2624890018574641,0.8661290322580645,0.40288093630429894,77937,7544,415,2685,10229,SmallRandomForest,HeavyCatBoost,0.9,0.3148207624435623,0.45641841929984983
0.29044635720820405,0.25846805234795994,0.8664516129032258,0.39816187370293504,77775,7706,414,2686,10392,SmallRandomForest,HeavyCatBoost,0.9,0.3148207624435623,0.45641841929984983
0.2856743839455301,0.25459541406101954,0.8667741935483871,0.39358429764171676,77614,7867,413,2687,10554,SmallRandomForest,HeavyCatBoost,0.9,0.3148207624435623,0.45641841929984983
0.2813791898401304,0.25093318402388953,0.8674193548387097,0.3892588303416329,77454,8027,411,2689,10716,SmallRandomForest,HeavyCatBoost,0.9,0.3148207624435623,0.45641841929984983
0.27645243163810984,0.24754113429543156,0.8687096774193548,0.3852922240503612,77295,8186,407,2693,10879,SmallRandomForest,HeavyCatBoost,0.9,0.3148207624435623,0.45641841929984983
0.2723725772639271,0.24418078072638347,0.8696774193548387,0.38130259529029065,77136,8345,404,2696,11041,SmallRandomForest,HeavyCatBoost,0.9,0.3148207624435623,0.45641841929984983
0.26747490090644926,0.24073908774435418,0.87,0.3771236803467804,76975,8506,403,2697,11203,SmallRandomForest,HeavyCatBoost,0.9,0.3148207624435623,0.45641841929984983
0.2634637951965754,0.23728664437796937,0.87,0.37287432600580667,76812,8669,403,2697,11366,SmallRandomForest,HeavyCatBoost,0.9,0.3148207624435623,0.45641841929984983
0.25921683471597606,0.23421235253296321,0.8709677419354839,0.3691550451189499,76653,8828,400,2700,11528,SmallRandomForest,HeavyCatBoost,0.9,0.3148207624435623,0.45641841929984983
0.25514213448262063,0.23111795398169532,0.8716129032258064,0.36535731187884524,76492,8989,398,2702,11691,SmallRandomForest,HeavyCatBoost,0.9,0.3148207624435623,0.45641841929984983
0.25129825826798313,0.2279591664557496,0.8716129032258064,0.36139905035778774,76330,9151,398,2702,11853,SmallRandomForest,HeavyCatBoost,0.9,0.3148207624435623,0.45641841929984983
0.24761830830378395,0.22505201831044527,0.8722580645161291,0.3577902745616937,76170,9311,396,2704,12015,SmallRandomForest,HeavyCatBoost,0.9,0.3148207624435623,0.45641841929984983
0.24373907908877124,0.22220397438002956,0.8729032258064516,0.3542348474931274,76009,9472,394,2706,12178,SmallRandomForest,HeavyCatBoost,0.9,0.3148207624435623,0.45641841929984983
0.23977670697711392,0.2193679092382496,0.8732258064516129,0.35064766839378236,75848,9633,393,2707,12340,SmallRandomForest,HeavyCatBoost,0.9,0.3148207624435623,0.45641841929984983
0.236043740948219,0.21668533034714446,0.8738709677419355,0.34726317138828355,75688,9793,391,2709,12502,SmallRandomForest,HeavyCatBoost,0.9,0.3148207624435623,0.45641841929984983
0.23241392106481226,0.21389656533754442,0.8738709677419355,0.3436726926736441,75525,9956,391,2709,12665,SmallRandomForest,HeavyCatBoost,0.9,0.3148207624435623,0.45641841929984983
0.22855083227003814,0.2114290169174398,0.8748387096774194,0.3405537766057638,75366,10115,388,2712,12827,SmallRandomForest,HeavyCatBoost,0.9,0.3148207624435623,0.45641841929984983
0.2251057343550887,0.20886904303641543,0.8751612903225806,0.33724905214742995,75205,10276,387,2713,12989,SmallRandomForest,HeavyCatBoost,0.9,0.3148207624435623,0.45641841929984983
0.22195353144170651,0.20628041362530414,0.8751612903225806,0.3338666010337189,75042,10439,387,2713,13152,SmallRandomForest,HeavyCatBoost,0.9,0.3148207624435623,0.45641841929984983
0.21845700306813712,0.20399579390115669,0.8761290322580645,0.33093700499573536,74883,10598,384,2716,13314,SmallRandomForest,HeavyCatBoost,0.9,0.3148207624435623,0.45641841929984983
0.21491358924069695,0.2016027305780218,0.8764516129032258,0.32780358327803577,74721,10760,383,2717,13477,SmallRandomForest,HeavyCatBoost,0.9,0.3148207624435623,0.45641841929984983
0.21187736874019397,0.19935479140699464,0.8770967741935484,0.32487006392257606,74561,10920,381,2719,13639,SmallRandomForest,HeavyCatBoost,0.9,0.3148207624435623,0.45641841929984983
0.20835991835513384,0.19708716759655098,0.8774193548387097,0.3218744452990947,74400,11081,380,2720,13801,SmallRandomForest,HeavyCatBoost,0.9,0.3148207624435623,0.45641841929984983
0.20526991822123591,0.1948582068175308,0.8777419354838709,0.3189170182841069,74238,11243,379,2721,13964,SmallRandomForest,HeavyCatBoost,0.9,0.3148207624435623,0.45641841929984983
0.20240131969249858,0.19283590542262494,0.8787096774193548,0.3162661093695576,74079,11402,376,2724,14126,SmallRandomForest,HeavyCatBoost,0.9,0.3148207624435623,0.45641841929984983
0.19960201258683044,0.1906494960806271,0.8787096774193548,0.31331953071083507,73917,11564,376,2724,14288,SmallRandomForest,HeavyCatBoost,0.9,0.3148207624435623,0.45641841929984983
0.1965419061854825,0.1886374645353263,0.8793548387096775,0.3106375705088029,73756,11725,374,2726,14451,SmallRandomForest,HeavyCatBoost,0.9,0.3148207624435623,0.45641841929984983
0.1938290743965473,0.18654622596318346,0.8793548387096775,0.30779653361937565,73594,11887,374,2726,14613,SmallRandomForest,HeavyCatBoost,0.9,0.3148207624435623,0.45641841929984983
0.19062157602361457,0.1847715736040609,0.8806451612903226,0.3054545454545454,73436,12045,370,2730,14775,SmallRandomForest,HeavyCatBoost,0.9,0.3148207624435623,0.45641841929984983
0.18755967293204412,0.18275538894095594,0.8806451612903226,0.30269431200798314,73273,12208,370,2730,14938,SmallRandomForest,HeavyCatBoost,0.9,0.3148207624435623,0.45641841929984983
0.18482138825363004,0.18086092715231789,0.8809677419354839,0.3001098901098901,73112,12369,369,2731,15100,SmallRandomForest,HeavyCatBoost,0.9,0.3148207624435623,0.45641841929984983
0.1821227179034305,0.17907220547765693,0.8816129032258064,0.2976799912863522,72952,12529,367,2733,15262,SmallRandomForest,HeavyCatBoost,0.9,0.3148207624435623,0.45641841929984983
0.17952233580622806,0.1773095623987034,0.882258064516129,0.29527665317139,72791,12690,365,2735,15425,SmallRandomForest,HeavyCatBoost,0.9,0.3148207624435623,0.45641841929984983
0.17683779439009056,0.1755308911272214,0.8825806451612903,0.29282388826456895,72630,12851,364,2736,15587,SmallRandomForest,HeavyCatBoost,0.9,0.3148207624435623,0.45641841929984983
0.17409118820222927,0.17377777777777778,0.8829032258064516,0.2903978779840849,72468,13013,363,2737,15750,SmallRandomForest,HeavyCatBoost,0.9,0.3148207624435623,0.45641841929984983
0.17142316156649987,0.17207139265962795,0.8832258064516129,0.28802861350725856,72307,13174,362,2738,15912,SmallRandomForest,HeavyCatBoost,0.9,0.3148207624435623,0.45641841929984983
0.16916646039723665,0.1703994027622247,0.8835483870967742,0.28569938458328986,72146,13335,361,2739,16074,SmallRandomForest,HeavyCatBoost,0.9,0.3148207624435623,0.45641841929984983
0.16693594717180396,0.16868879719159943,0.8835483870967742,0.2832910999638,71983,13498,361,2739,16237,SmallRandomForest,HeavyCatBoost,0.9,0.3148207624435623,0.45641841929984983
0.1645640790133423,0.16702237941337886,0.8835483870967742,0.28093748397353707,71821,13660,361,2739,16399,SmallRandomForest,HeavyCatBoost,0.9,0.3148207624435623,0.45641841929984983
0.16243612730543805,0.16550932914679065,0.8841935483870967,0.2788261024362952,71661,13820,359,2741,16561,SmallRandomForest,HeavyCatBoost,0.9,0.3148207624435623,0.45641841929984983
0.1603634083859437,0.16413537431236547,0.885483870967742,0.27693704600484265,71502,13979,355,2745,16724,SmallRandomForest,HeavyCatBoost,0.9,0.3148207624435623,0.45641841929984983
0.15799920630147213,0.16261992182873386,0.8858064516129033,0.27479235464825374,71341,14140,354,2746,16886,SmallRandomForest,HeavyCatBoost,0.9,0.3148207624435623,0.45641841929984983
0.15581194428539932,0.16107461285781324,0.8858064516129033,0.27258288663887237,71179,14302,354,2746,17048,SmallRandomForest,HeavyCatBoost,0.9,0.3148207624435623,0.45641841929984983
0.15352521162022756,0.15960722793562257,0.8861290322580645,0.27049382108217224,71017,14464,353,2747,17211,SmallRandomForest,HeavyCatBoost,0.9,0.3148207624435623,0.45641841929984983
0.1512158904631137,0.15817648074598514,0.8864516129032258,0.26845113075758315,70856,14625,352,2748,17373,SmallRandomForest,HeavyCatBoost,0.9,0.3148207624435623,0.45641841929984983
0.14915637683317298,0.15682025547445255,0.8870967741935484,0.26652452025586354,70695,14786,350,2750,17536,SmallRandomForest,HeavyCatBoost,0.9,0.3148207624435623,0.45641841929984983
0.14702280215268046,0.1554412928014465,0.8874193548387097,0.26454466775651503,70534,14947,349,2751,17698,SmallRandomForest,HeavyCatBoost,0.9,0.3148207624435623,0.45641841929984983
0.14506172734277925,0.1540313549832027,0.8874193548387097,0.26250000000000007,70372,15109,349,2751,17860,SmallRandomForest,HeavyCatBoost,0.9,0.3148207624435623,0.45641841929984983
0.14293215521104974,0.15263829551129113,0.8874193548387097,0.2604743644368698,70209,15272,349,2751,18023,SmallRandomForest,HeavyCatBoost,0.9,0.3148207624435623,0.45641841929984983
0.141016339844839,0.15127852625790486,0.8874193548387097,0.258491895701198,70047,15434,349,2751,18185,SmallRandomForest,HeavyCatBoost,0.9,0.3148207624435623,0.45641841929984983
0.13891415377762187,0.14994276993513925,0.8874193548387097,0.2565393761365226,69885,15596,349,2751,18347,SmallRandomForest,HeavyCatBoost,0.9,0.3148207624435623,0.45641841929984983
0.13670511694878276,0.14867639113992437,0.8877419354838709,0.2546968995835261,69723,15758,348,2752,18510,SmallRandomForest,HeavyCatBoost,0.9,0.3148207624435623,0.45641841929984983
0.13468790942539977,0.1474935732647815,0.8883870967741936,0.2529854859452508,69563,15918,346,2754,18672,SmallRandomForest,HeavyCatBoost,0.9,0.3148207624435623,0.45641841929984983
0.13269175671513955,0.14622491239248167,0.8883870967741936,0.25111698732561316,69401,16080,346,2754,18834,SmallRandomForest,HeavyCatBoost,0.9,0.3148207624435623,0.45641841929984983
0.13078193821185422,0.14502289835237142,0.8887096774193548,0.24935511607910577,69239,16242,345,2755,18997,SmallRandomForest,HeavyCatBoost,0.9,0.3148207624435623,0.45641841929984983
0.12888782186954612,0.14395323346729996,0.8896774193548387,0.24780987465744195,69080,16401,342,2758,19159,SmallRandomForest,HeavyCatBoost,0.9,0.3148207624435623,0.45641841929984983
0.12695360753423116,0.14273884691025773,0.8896774193548387,0.246008384622246,68917,16564,342,2758,19322,SmallRandomForest,HeavyCatBoost,0.9,0.3148207624435623,0.45641841929984983
0.12527602150940528,0.14155204270170396,0.8896774193548387,0.24424371236273473,68755,16726,342,2758,19484,SmallRandomForest,HeavyCatBoost,0.9,0.3148207624435623,0.45641841929984983
0.12354332736760926,0.14038481115748752,0.8896774193548387,0.24250417655851578,68593,16888,342,2758,19646,SmallRandomForest,HeavyCatBoost,0.9,0.3148207624435623,0.45641841929984983
0.12154991971488127,0.13928012519561817,0.89,0.2408660351826793,68431,17050,341,2759,19809,SmallRandomForest,HeavyCatBoost,0.9,0.3148207624435623,0.45641841929984983
0.1199145293198768,0.13815031796104352,0.89,0.2391747215118547,68269,17212,341,2759,19971,SmallRandomForest,HeavyCatBoost,0.9,0.3148207624435623,0.45641841929984983
0.11810411045065382,0.13713803208662395,0.8906451612903226,0.23767916325915722,68109,17372,339,2761,20133,SmallRandomForest,HeavyCatBoost,0.9,0.3148207624435623,0.45641841929984983
0.11641474821272753,0.13608592826172644,0.8909677419354839,0.23610873653616002,67947,17534,338,2762,20296,SmallRandomForest,HeavyCatBoost,0.9,0.3148207624435623,0.45641841929984983
0.11491521957394171,0.1350083097076938,0.8909677419354839,0.23448510060276764,67785,17696,338,2762,20458,SmallRandomForest,HeavyCatBoost,0.9,0.3148207624435623,0.45641841929984983
0.11321364421300455,0.13394762366634336,0.8909677419354839,0.23288364249578414,67623,17858,338,2762,20620,SmallRandomForest,HeavyCatBoost,0.9,0.3148207624435623,0.45641841929984983
0.11182627438889632,0.13289707934369435,0.8909677419354839,0.23129422601850683,67460,18021,338,2762,20783,SmallRandomForest,HeavyCatBoost,0.9,0.3148207624435623,0.45641841929984983
0.10998395287239389,0.13191692528049653,0.8912903225806451,0.2298190892077355,67299,18182,337,2763,20945,SmallRandomForest,HeavyCatBoost,0.9,0.3148207624435623,0.45641841929984983
0.10822306293549161,0.1309518169327711,0.8916129032258064,0.22836369645143967,67138,18343,336,2764,21107,SmallRandomForest,HeavyCatBoost,0.9,0.3148207624435623,0.45641841929984983
0.10656651256881321,0.1299482839680301,0.8916129032258064,0.22683627410750923,66975,18506,336,2764,21270,SmallRandomForest,HeavyCatBoost,0.9,0.3148207624435623,0.45641841929984983
0.10484118431367946,0.12901269130272489,0.8919354838709678,0.22541985977498777,66814,18667,335,2765,21432,SmallRandomForest,HeavyCatBoost,0.9,0.3148207624435623,0.45641841929984983
0.10340613473268521,0.1280388978930308,0.8919354838709678,0.22393197003441995,66651,18830,335,2765,21595,SmallRandomForest,HeavyCatBoost,0.9,0.3148207624435623,0.45641841929984983
0.1018284135239588,0.12713149790871903,0.892258064516129,0.2225530031781792,66490,18991,334,2766,21757,SmallRandomForest,HeavyCatBoost,0.9,0.3148207624435623,0.45641841929984983
0.10036153817850864,0.1261918883160728,0.892258064516129,0.22111195491426516,66328,19153,334,2766,21919,SmallRandomForest,HeavyCatBoost,0.9,0.3148207624435623,0.45641841929984983
0.0990286125482775,0.125305678833439,0.8925806451612903,0.21976014613612896,66166,19315,333,2767,22082,SmallRandomForest,HeavyCatBoost,0.9,0.3148207624435623,0.45641841929984983
0.09738805066117717,0.12439309476712822,0.8925806451612903,0.2183554292929293,66004,19477,333,2767,22244,SmallRandomForest,HeavyCatBoost,0.9,0.3148207624435623,0.45641841929984983
0.09597733727579806,0.12353833794519326,0.8929032258064517,0.21704696934054735,65843,19638,332,2768,22406,SmallRandomForest,HeavyCatBoost,0.9,0.3148207624435623,0.45641841929984983
0.09445568188014371,0.12273472462226949,0.8935483870967742,0.21582453543184388,65682,19799,330,2770,22569,SmallRandomForest,HeavyCatBoost,0.9,0.3148207624435623,0.45641841929984983
0.0931274883204063,0.12186001495754696,0.8935483870967742,0.21447098447601715,65520,19961,330,2770,22731,SmallRandomForest,HeavyCatBoost,0.9,0.3148207624435623,0.45641841929984983
0.0917397622142509,0.12099768488184161,0.8935483870967742,0.21313430538991265,65358,20123,330,2770,22893,SmallRandomForest,HeavyCatBoost,0.9,0.3148207624435623,0.45641841929984983
0.09042592447077973,0.12018563497571132,0.8938709677419355,0.21188255084875365,65196,20285,329,2771,23056,SmallRandomForest,HeavyCatBoost,0.9,0.3148207624435623,0.45641841929984983
0.08906237263133313,0.11934705831682316,0.8938709677419355,0.21057831142184058,65034,20447,329,2771,23218,SmallRandomForest,HeavyCatBoost,0.9,0.3148207624435623,0.45641841929984983
0.08765112154571397,0.11851503357426971,0.8938709677419355,0.20928212680790004,64871,20610,329,2771,23381,SmallRandomForest,HeavyCatBoost,0.9,0.3148207624435623,0.45641841929984983
0.08611874718788756,0.11769952852227838,0.8938709677419355,0.2080096085275682,64709,20772,329,2771,23543,SmallRandomForest,HeavyCatBoost,0.9,0.3148207624435623,0.45641841929984983
0.08480242288608893,0.11689516979540181,0.8938709677419355,0.2067524715538146,64547,20934,329,2771,23705,SmallRandomForest,HeavyCatBoost,0.9,0.3148207624435623,0.45641841929984983
0.08357127209031956,0.11609686609686609,0.8938709677419355,0.2055028181548502,64384,21097,329,2771,23868,SmallRandomForest,HeavyCatBoost,0.9,0.3148207624435623,0.45641841929984983
0.08216841655730787,0.11531419059508947,0.8938709677419355,0.20427570954662733,64222,21259,329,2771,24030,SmallRandomForest,HeavyCatBoost,0.9,0.3148207624435623,0.45641841929984983
0.08087928722681924,0.11454199735449735,0.8938709677419355,0.20306316869412283,64060,21421,329,2771,24192,SmallRandomForest,HeavyCatBoost,0.9,0.3148207624435623,0.45641841929984983
0.07956767160770707,0.11377540546089099,0.8938709677419355,0.2018575851393189,63897,21584,329,2771,24355,SmallRandomForest,HeavyCatBoost,0.9,0.3148207624435623,0.45641841929984983
0.07837833291331617,0.11306440429090019,0.8941935483870967,0.20074591736973602,63736,21745,328,2772,24517,SmallRandomForest,HeavyCatBoost,0.9,0.3148207624435623,0.45641841929984983
0.07712046086602653,0.11236273755014385,0.8945161290322581,0.199647215522517,63575,21906,327,2773,24679,SmallRandomForest,HeavyCatBoost,0.9,0.3148207624435623,0.45641841929984983
0.07592993113102732,0.11170598180500765,0.8951612903225806,0.1986257247154821,63414,22067,325,2775,24842,SmallRandomForest,HeavyCatBoost,0.9,0.3148207624435623,0.45641841929984983
0.07494456541505427,0.11098224284114541,0.8951612903225806,0.19748078565328778,63252,22229,325,2775,25004,SmallRandomForest,HeavyCatBoost,0.9,0.3148207624435623,0.45641841929984983
0.07375320263864271,0.11026344021933485,0.8951612903225806,0.19634202426858174,63089,22392,325,2775,25167,SmallRandomForest,HeavyCatBoost,0.9,0.3148207624435623,0.45641841929984983
0.07253026501789046,0.10955821390501007,0.8951612903225806,0.19522318759013682,62927,22554,325,2775,25329,SmallRandomForest,HeavyCatBoost,0.9,0.3148207624435623,0.45641841929984983
0.07140655411348922,0.10894041034090464,0.8958064516129032,0.19425693400020988,62767,22714,323,2777,25491,SmallRandomForest,HeavyCatBoost,0.9,0.3148207624435623,0.45641841929984983
0.07037783355042465,0.10824822639744289,0.8958064516129032,0.19315573485428114,62604,22877,323,2777,25654,SmallRandomForest,HeavyCatBoost,0.9,0.3148207624435623,0.45641841929984983
0.0692328555310188,0.10756894948868918,0.8958064516129032,0.19207359247475447,62442,23039,323,2777,25816,SmallRandomForest,HeavyCatBoost,0.9,0.3148207624435623,0.45641841929984983
0.06793519672132384,0.10693663869427977,0.8961290322580645,0.19107228832794554,62281,23200,322,2778,25978,SmallRandomForest,HeavyCatBoost,0.9,0.3148207624435623,0.45641841929984983
0.06683103420064573,0.10626984430587966,0.8961290322580645,0.1900071816969324,62118,23363,322,2778,26141,SmallRandomForest,HeavyCatBoost,0.9,0.3148207624435623,0.45641841929984983
0.06581454950248777,0.10561532904991826,0.8961290322580645,0.18896031017243137,61956,23525,322,2778,26303,SmallRandomForest,HeavyCatBoost,0.9,0.3148207624435623,0.45641841929984983
0.06480185440843103,0.10496882675231438,0.8961290322580645,0.18792491121258242,61794,23687,322,2778,26465,SmallRandomForest,HeavyCatBoost,0.9,0.3148207624435623,0.45641841929984983
0.06383000754238508,0.10432627309598919,0.8961290322580645,0.18689451022604953,61631,23850,322,2778,26628,SmallRandomForest,HeavyCatBoost,0.9,0.3148207624435623,0.45641841929984983
0.06278941596470053,0.10369540873460246,0.8961290322580645,0.18588156574105053,61469,24012,322,2778,26790,SmallRandomForest,HeavyCatBoost,0.9,0.3148207624435623,0.45641841929984983
0.06168136187248783,0.10306830408488851,0.8961290322580645,0.18487339034372607,61306,24175,322,2778,26953,SmallRandomForest,HeavyCatBoost,0.9,0.3148207624435623,0.45641841929984983
0.06062582593912062,0.10245251705697953,0.8961290322580645,0.18388217772629487,61144,24337,322,2778,27115,SmallRandomForest,HeavyCatBoost,0.9,0.3148207624435623,0.45641841929984983
0.05967409071399148,0.10184404443303882,0.8961290322580645,0.18290153734733514,60982,24499,322,2778,27277,SmallRandomForest,HeavyCatBoost,0.9,0.3148207624435623,0.45641841929984983
0.05869221010446837,0.10123906705539358,0.8961290322580645,0.1819253438113949,60819,24662,322,2778,27440,SmallRandomForest,HeavyCatBoost,0.9,0.3148207624435623,0.45641841929984983
0.057721129120663094,0.10064488080573872,0.8961290322580645,0.18096540941958178,60657,24824,322,2778,27602,SmallRandomForest,HeavyCatBoost,0.9,0.3148207624435623,0.45641841929984983
0.05674540372466591,0.10005762858377755,0.8961290322580645,0.18001555209953343,60495,24986,322,2778,27764,SmallRandomForest,HeavyCatBoost,0.9,0.3148207624435623,0.45641841929984983
0.05573393982559961,0.09947362767214524,0.8961290322580645,0.1790698423953331,60332,25149,322,2778,27927,SmallRandomForest,HeavyCatBoost,0.9,0.3148207624435623,0.45641841929984983
0.054762131186687935,0.0988999252376375,0.8961290322580645,0.178139728750521,60170,25311,322,2778,28089,SmallRandomForest,HeavyCatBoost,0.9,0.3148207624435623,0.45641841929984983
0.053841142928896815,0.09833280237867686,0.8961290322580645,0.17721922745685945,60008,25473,322,2778,28251,SmallRandomForest,HeavyCatBoost,0.9,0.3148207624435623,0.45641841929984983
0.05289778545419698,0.0977687055676779,0.8961290322580645,0.17630259567176493,59845,25636,322,2778,28414,SmallRandomForest,HeavyCatBoost,0.9,0.3148207624435623,0.45641841929984983
0.05193172410333243,0.09724944008958566,0.8964516129032258,0.17546407374668518,59684,25797,321,2779,28576,SmallRandomForest,HeavyCatBoost,0.9,0.3148207624435623,0.45641841929984983
0.05101150463660046,0.09670123181849816,0.8964516129032258,0.1745712670393869,59522,25959,321,2779,28738,SmallRandomForest,HeavyCatBoost,0.9,0.3148207624435623,0.45641841929984983
0.050163857945412296,0.0961558423583959,0.8964516129032258,0.1736820724352364,59359,26122,321,2779,28901,SmallRandomForest,HeavyCatBoost,0.9,0.3148207624435623,0.45641841929984983
0.04914364132854701,0.09561986030347865,0.8964516129032258,0.172807263004073,59197,26284,321,2779,29063,SmallRandomForest,HeavyCatBoost,0.9,0.3148207624435623,0.45641841929984983
0.048127691781359644,0.09512078286457264,0.896774193548387,0.17199777269071334,59035,26446,320,2780,29226,SmallRandomForest,HeavyCatBoost,0.9,0.3148207624435623,0.45641841929984983
0.04734312077852045,0.09463046141282155,0.8970967741935484,0.1712016744644176,58874,26607,319,2781,29388,SmallRandomForest,HeavyCatBoost,0.9,0.3148207624435623,0.45641841929984983
0.04637469379402167,0.09411167512690355,0.8970967741935484,0.1703522205206738,58712,26769,319,2781,29550,SmallRandomForest,HeavyCatBoost,0.9,0.3148207624435623,0.45641841929984983
0.04548357397042259,0.09359539595463265,0.8970967741935484,0.16950598848017553,58549,26932,319,2781,29713,SmallRandomForest,HeavyCatBoost,0.9,0.3148207624435623,0.45641841929984983
0.04450403982308792,0.09308786610878661,0.8970967741935484,0.1686732373009856,58387,27094,319,2781,29875,SmallRandomForest,HeavyCatBoost,0.9,0.3148207624435623,0.45641841929984983
0.04356120923404222,0.0925858108333056,0.8970967741935484,0.16784862842140205,58225,27256,319,2781,30037,SmallRandomForest,HeavyCatBoost,0.9,0.3148207624435623,0.45641841929984983
0.04272347544496921,0.09208609271523178,0.8970967741935484,0.16702702702702701,58062,27419,319,2781,30200,SmallRandomForest,HeavyCatBoost,0.9,0.3148207624435623,0.45641841929984983
0.041876588338294954,0.0915947566036493,0.8970967741935484,0.16621839698762772,57900,27581,319,2781,30362,SmallRandomForest,HeavyCatBoost,0.9,0.3148207624435623,0.45641841929984983
0.04108178371891292,0.09114139693356048,0.8974193548387097,0.16547704020937426,57739,27742,318,2782,30524,SmallRandomForest,HeavyCatBoost,0.9,0.3148207624435623,0.45641841929984983
0.040295233290693885,0.09068986867403135,0.8977419354838709,0.16473791695030635,57577,27904,317,2783,30687,SmallRandomForest,HeavyCatBoost,0.9,0.3148207624435623,0.45641841929984983
0.03948620826537492,0.09021362118707252,0.8977419354838709,0.16395181006804324,57415,28066,317,2783,30849,SmallRandomForest,HeavyCatBoost,0.9,0.3148207624435623,0.45641841929984983
0.03872951323808271,0.08973945569456984,0.8977419354838709,0.1631683864915572,57252,28229,317,2783,31012,SmallRandomForest,HeavyCatBoost,0.9,0.3148207624435623,0.45641841929984983
0.03794738884131224,0.08927311220889203,0.8977419354838709,0.16239715236038982,57090,28391,317,2783,31174,SmallRandomForest,HeavyCatBoost,0.9,0.3148207624435623,0.45641841929984983
0.03715925973769235,0.08881159050293592,0.8977419354838709,0.1616331745847369,56928,28553,317,2783,31336,SmallRandomForest,HeavyCatBoost,0.9,0.3148207624435623,0.45641841929984983
0.03642488824304549,0.0883837582145465,0.8980645161290323,0.16092950663313968,56766,28715,316,2784,31499,SmallRandomForest,HeavyCatBoost,0.9,0.3148207624435623,0.45641841929984983
0.035685112550651696,0.08793152458861059,0.8980645161290323,0.16017951152153273,56604,28877,316,2784,31661,SmallRandomForest,HeavyCatBoost,0.9,0.3148207624435623,0.45641841929984983
0.0349212075860821,0.0874838952958552,0.8980645161290323,0.15943647452967957,56442,29039,316,2784,31823,SmallRandomForest,HeavyCatBoost,0.9,0.3148207624435623,0.45641841929984983
0.03406118325960213,0.08703807915963234,0.8980645161290323,0.15869577609302854,56279,29202,316,2784,31986,SmallRandomForest,HeavyCatBoost,0.9,0.3148207624435623,0.45641841929984983
0.03330661319588252,0.08659947741694662,0.8980645161290323,0.15796640944167045,56117,29364,316,2784,32148,SmallRandomForest,HeavyCatBoost,0.9,0.3148207624435623,0.45641841929984983
0.03254010818229251,0.0861652739090065,0.8980645161290323,0.15724371646427562,55955,29526,316,2784,32310,SmallRandomForest,HeavyCatBoost,0.9,0.3148207624435623,0.45641841929984983
0.03184217034780548,0.08573276260277769,0.8980645161290323,0.15652320580215331,55792,29689,316,2784,32473,SmallRandomForest,HeavyCatBoost,0.9,0.3148207624435623,0.45641841929984983
0.031239028431990373,0.08530718553700015,0.8980645161290323,0.15581362809570448,55630,29851,316,2784,32635,SmallRandomForest,HeavyCatBoost,0.9,0.3148207624435623,0.45641841929984983
0.03058063985117431,0.08488322458686505,0.8980645161290323,0.15510613404646498,55467,30014,316,2784,32798,SmallRandomForest,HeavyCatBoost,0.9,0.3148207624435623,0.45641841929984983
0.029843197016528676,0.08446601941747572,0.8980645161290323,0.15440931780366057,55305,30176,316,2784,32960,SmallRandomForest,HeavyCatBoost,0.9,0.3148207624435623,0.45641841929984983
0.0291817349237648,0.08405289535656059,0.8980645161290323,0.15371873447076362,55143,30338,316,2784,33122,SmallRandomForest,HeavyCatBoost,0.9,0.3148207624435623,0.45641841929984983
0.02848651278129366,0.0836412798557909,0.8980645161290323,0.15303009481929364,54980,30501,316,2784,33285,SmallRandomForest,HeavyCatBoost,0.9,0.3148207624435623,0.45641841929984983
0.027700740311542415,0.08326606272610398,0.8983870967741936,0.15240649027279943,54819,30662,315,2785,33447,SmallRandomForest,HeavyCatBoost,0.9,0.3148207624435623,0.45641841929984983
0.02700783240524766,0.08286470885774644,0.8983870967741936,0.151733907216214,54657,30824,315,2785,33609,SmallRandomForest,HeavyCatBoost,0.9,0.3148207624435623,0.45641841929984983
0.026224388615362047,0.0824647637095819,0.8983870967741936,0.15106313733998697,54494,30987,315,2785,33772,SmallRandomForest,HeavyCatBoost,0.9,0.3148207624435623,0.45641841929984983
0.02558944065360403,0.08207107915365121,0.8983870967741936,0.15040233299130532,54332,31149,315,2785,33934,SmallRandomForest,HeavyCatBoost,0.9,0.3148207624435623,0.45641841929984983
0.024888936162347993,0.08168113561708118,0.8983870967741936,0.14974728465426387,54170,31311,315,2785,34096,SmallRandomForest,HeavyCatBoost,0.9,0.3148207624435623,0.45641841929984983
0.024232076758712515,0.08129250707843194,0.8983870967741936,0.1490939264969619,54007,31474,315,2785,34259,SmallRandomForest,HeavyCatBoost,0.9,0.3148207624435623,0.45641841929984983
0.023591068729765036,0.08090990964817989,0.8983870967741936,0.14845020122064978,53845,31636,315,2785,34421,SmallRandomForest,HeavyCatBoost,0.9,0.3148207624435623,0.45641841929984983
0.02294634561726454,0.08053089668334153,0.8983870967741936,0.14781201072101477,53683,31798,315,2785,34583,SmallRandomForest,HeavyCatBoost,0.9,0.3148207624435623,0.45641841929984983
0.022225481445177896,0.08015311114948483,0.8983870967741936,0.14717539502193097,53520,31961,315,2785,34746,SmallRandomForest,HeavyCatBoost,0.9,0.3148207624435623,0.45641841929984983
0.021641743726683257,0.07978113899392689,0.8983870967741936,0.1465480951378657,53358,32123,315,2785,34908,SmallRandomForest,HeavyCatBoost,0.9,0.3148207624435623,0.45641841929984983
0.020945260546589684,0.07941033902654615,0.8983870967741936,0.14592229703177806,53195,32286,315,2785,35071,SmallRandomForest,HeavyCatBoost,0.9,0.3148207624435623,0.45641841929984983
0.020279020332851845,0.07904521329435472,0.8983870967741936,0.14530561135314218,53033,32448,315,2785,35233,SmallRandomForest,HeavyCatBoost,0.9,0.3148207624435623,0.45641841929984983
0.0196271338256718,0.078683429862975,0.8983870967741936,0.14469411611897648,52871,32610,315,2785,35395,SmallRandomForest,HeavyCatBoost,0.9,0.3148207624435623,0.45641841929984983
0.019041746649107804,0.07832274031160358,0.8983870967741936,0.14408401883180713,52708,32773,315,2785,35558,SmallRandomForest,HeavyCatBoost,0.9,0.3148207624435623,0.45641841929984983
0.018460129634442046,0.07796752519596864,0.8983870967741936,0.14348274085522927,52546,32935,315,2785,35720,SmallRandomForest,HeavyCatBoost,0.9,0.3148207624435623,0.45641841929984983
0.017842687215729406,0.07761551752968061,0.8983870967741936,0.14288646041762865,52384,33097,315,2785,35882,SmallRandomForest,HeavyCatBoost,0.9,0.3148207624435623,0.45641841929984983
0.017339504759153808,0.07726453044805105,0.8983870967741936,0.1422914803934091,52221,33260,315,2785,36045,SmallRandomForest,HeavyCatBoost,0.9,0.3148207624435623,0.45641841929984983
0.016778527791306418,0.07691882785096804,0.8983870967741936,0.14170503981479124,52059,33422,315,2785,36207,SmallRandomForest,HeavyCatBoost,0.9,0.3148207624435623,0.45641841929984983
0.016115774448315735,0.07657620500976106,0.8983870967741936,0.141123413311713,51897,33584,315,2785,36369,SmallRandomForest,HeavyCatBoost,0.9,0.3148207624435623,0.45641841929984983
0.015433885149327092,0.07626190736888208,0.8987096774193548,0.14059345983044005,51735,33746,314,2786,36532,SmallRandomForest,HeavyCatBoost,0.9,0.3148207624435623,0.45641841929984983
0.014819115627718841,0.0759252193819153,0.8987096774193548,0.14002110870985573,51573,33908,314,2786,36694,SmallRandomForest,HeavyCatBoost,0.9,0.3148207624435623,0.45641841929984983
0.014183879708758899,0.07561657215725642,0.8990322580645161,0.13949996245964413,51411,34070,313,2787,36857,SmallRandomForest,HeavyCatBoost,0.9,0.3148207624435623,0.45641841929984983
0.013608149402597454,0.07531267727383235,0.8993548387096775,0.13898651511752536,51250,34231,312,2788,37019,SmallRandomForest,HeavyCatBoost,0.9,0.3148207624435623,0.45641841929984983
0.012984674340801762,0.07498453511201958,0.8993548387096775,0.1384275464859363,51088,34393,312,2788,37181,SmallRandomForest,HeavyCatBoost,0.9,0.3148207624435623,0.45641841929984983
0.01235627322012223,0.07468401885175664,0.8996774193548387,0.13791909801206606,50926,34555,311,2789,37344,SmallRandomForest,HeavyCatBoost,0.9,0.3148207624435623,0.45641841929984983
0.011811200321772086,0.07436143550365275,0.8996774193548387,0.13736886174456978,50764,34717,311,2789,37506,SmallRandomForest,HeavyCatBoost,0.9,0.3148207624435623,0.45641841929984983
0.011206219065426955,0.07404162684506743,0.8996774193548387,0.13682299843014128,50602,34879,311,2789,37668,SmallRandomForest,HeavyCatBoost,0.9,0.3148207624435623,0.45641841929984983
0.010597859130812013,0.07372260844281145,0.8996774193548387,0.13627812660330801,50439,35042,311,2789,37831,SmallRandomForest,HeavyCatBoost,0.9,0.3148207624435623,0.45641841929984983
0.010001349788142289,0.07340825941620825,0.8996774193548387,0.13574088044192442,50277,35204,311,2789,37993,SmallRandomForest,HeavyCatBoost,0.9,0.3148207624435623,0.45641841929984983
0.009417192230462166,0.07309657974053205,0.8996774193548387,0.13520785359350382,50115,35366,311,2789,38155,SmallRandomForest,HeavyCatBoost,0.9,0.3148207624435623,0.45641841929984983
0.008844962982338134,0.07278563599352784,0.8996774193548387,0.13467574484523637,49952,35529,311,2789,38318,SmallRandomForest,HeavyCatBoost,0.9,0.3148207624435623,0.45641841929984983
0.008275680440661418,0.07247920997920998,0.8996774193548387,0.13415103415103416,49790,35691,311,2789,38480,SmallRandomForest,HeavyCatBoost,0.9,0.3148207624435623,0.45641841929984983
0.007627151271238708,0.07217161784494358,0.8996774193548387,0.13362399386738213,49626,35855,311,2789,38644,SmallRandomForest,HeavyCatBoost,0.9,0.3148207624435623,0.45641841929984983
0.007039862488284715,0.0718703293305159,0.8996774193548387,0.13310743091681382,49464,36017,311,2789,38806,SmallRandomForest,HeavyCatBoost,0.9,0.3148207624435623,0.45641841929984983
0.006423000208536728,0.07157154588380209,0.8996774193548387,0.13259484643909858,49302,36179,311,2789,38968,SmallRandomForest,HeavyCatBoost,0.9,0.3148207624435623,0.45641841929984983
0.005857033433882439,0.07127341493956199,0.8996774193548387,0.13208306694134642,49139,36342,311,2789,39131,SmallRandomForest,HeavyCatBoost,0.9,0.3148207624435623,0.45641841929984983
0.005261493053257732,0.07097956378998804,0.8996774193548387,0.13157832661052535,48977,36504,311,2789,39293,SmallRandomForest,HeavyCatBoost,0.9,0.3148207624435623,0.45641841929984983
0.004603875051539921,0.07071347104296033,0.9,0.13112442721184348,48816,36665,310,2790,39455,SmallRandomForest,HeavyCatBoost,0.9,0.3148207624435623,0.45641841929984983
0.004095225076880872,0.07042253521126761,0.9,0.13062409288824384,48653,36828,310,2790,39618,SmallRandomForest,HeavyCatBoost,0.9,0.3148207624435623,0.45641841929984983
0.0034556090721744896,0.07013574660633484,0.9,0.13013059701492538,48491,36990,310,2790,39780,SmallRandomForest,HeavyCatBoost,0.9,0.3148207624435623,0.45641841929984983
0.0028250248603012814,0.06985128436232538,0.9,0.12964081594721438,48329,37152,310,2790,39942,SmallRandomForest,HeavyCatBoost,0.9,0.3148207624435623,0.45641841929984983
0.0021049046725881665,0.06956738561276649,0.9,0.12915171855109364,48166,37315,310,2790,40105,SmallRandomForest,HeavyCatBoost,0.9,0.3148207624435623,0.45641841929984983
0.001142488529496925,0.06928750589812999,0.9,0.12866926464823483,48004,37477,310,2790,40267,SmallRandomForest,HeavyCatBoost,0.9,0.3148207624435623,0.45641841929984983
3.670016085608963e-05,0.06900816225575068,0.9,0.12818745692625774,47841,37640,310,2790,40430,SmallRandomForest,HeavyCatBoost,0.9,0.3148207624435623,0.45641841929984983
0.9998735189437866,1.0,0.0003225806451612903,0.0006449532408900355,85481,0,3099,1,1,SmallRandomForest,XGBoost,0.9,0.3148207624435623,0.45641841929984983
0.9990618824958801,1.0,0.053870967741935484,0.1022344658708295,85481,0,2933,167,167,SmallRandomForest,XGBoost,0.9,0.3148207624435623,0.45641841929984983
0.9979325532913208,0.9969879518072289,0.1067741935483871,0.19289044289044294,85480,1,2769,331,332,SmallRandomForest,XGBoost,0.9,0.3148207624435623,0.45641841929984983
0.9960033297538757,0.9858585858585859,0.15741935483870967,0.2714881780250348,85474,7,2612,488,495,SmallRandomForest,XGBoost,0.9,0.3148207624435623,0.45641841929984983
0.9936426877975464,0.9832572298325722,0.20838709677419354,0.3438914027149321,85470,11,2454,646,657,SmallRandomForest,XGBoost,0.9,0.3148207624435623,0.45641841929984983
0.9900013208389282,0.975609756097561,0.25806451612903225,0.40816326530612246,85461,20,2300,800,820,SmallRandomForest,XGBoost,0.9,0.3148207624435623,0.45641841929984983
0.9841892123222351,0.9664292980671414,0.3064516129032258,0.4653441097232428,85448,33,2150,950,983,SmallRandomForest,XGBoost,0.9,0.3148207624435623,0.45641841929984983
0.9756303429603577,0.9545851528384279,0.35258064516129034,0.5149587750294464,85429,52,2007,1093,1145,SmallRandomForest,XGBoost,0.9,0.3148207624435623,0.45641841929984983
0.9625378847122192,0.946442234123948,0.39903225806451614,0.561379623326526,85411,70,1863,1237,1307,SmallRandomForest,XGBoost,0.9,0.3148207624435623,0.45641841929984983
0.9482802152633667,0.9353301565690946,0.4432258064516129,0.6014445173998686,85386,95,1726,1374,1469,SmallRandomForest,XGBoost,0.9,0.3148207624435623,0.45641841929984983
0.9310494065284729,0.9215686274509803,0.48516129032258065,0.6356720202874049,85353,128,1596,1504,1632,SmallRandomForest,XGBoost,0.9,0.3148207624435623,0.45641841929984983
0.9117353558540344,0.9124860646599777,0.5280645161290323,0.6689824274621986,85324,157,1463,1637,1794,SmallRandomForest,XGBoost,0.9,0.3148207624435623,0.45641841929984983
0.8864189386367798,0.8931492842535788,0.5635483870967742,0.6910601265822786,85272,209,1353,1747,1956,SmallRandomForest,XGBoost,0.9,0.3148207624435623,0.45641841929984983
0.8605080842971802,0.8649669499527857,0.5909677419354838,0.7021847451130703,85195,286,1268,1832,2118,SmallRandomForest,XGBoost,0.9,0.3148207624435623,0.45641841929984983
0.8360073566436768,0.8359649122807018,0.6148387096774194,0.708550185873606,85107,374,1194,1906,2280,SmallRandomForest,XGBoost,0.9,0.3148207624435623,0.45641841929984983
0.811688244342804,0.8063855914858781,0.635483870967742,0.7108064225148837,85008,473,1130,1970,2443,SmallRandomForest,XGBoost,0.9,0.3148207624435623,0.45641841929984983
0.7883382439613342,0.7792706333973128,0.6548387096774193,0.7116564417177914,84906,575,1070,2030,2605,SmallRandomForest,XGBoost,0.9,0.3148207624435623,0.45641841929984983
0.7687322497367859,0.7538850740874593,0.6729032258064516,0.7110959604567922,84800,681,1014,2086,2767,SmallRandomForest,XGBoost,0.9,0.3148207624435623,0.45641841929984983
0.7473362684249878,0.7275520655513827,0.6874193548387096,0.7069165699120915,84683,798,969,2131,2929,SmallRandomForest,XGBoost,0.9,0.3148207624435623,0.45641841929984983
0.7264649868011475,0.702457956015524,0.7006451612903226,0.7015503875968992,84561,920,928,2172,3092,SmallRandomForest,XGBoost,0.9,0.3148207624435623,0.45641841929984983
0.7091577053070068,0.6792626728110599,0.7132258064516129,0.6958300550747443,84437,1044,889,2211,3255,SmallRandomForest,XGBoost,0.9,0.3148207624435623,0.45641841929984983
0.6900339722633362,0.6549604916593503,0.7219354838709677,0.6868190885376707,84302,1179,862,2238,3417,SmallRandomForest,XGBoost,0.9,0.3148207624435623,0.45641841929984983
0.6729647517204285,0.633696563285834,0.7316129032258064,0.6791435843689175,84170,1311,832,2268,3579,SmallRandomForest,XGBoost,0.9,0.3148207624435623,0.45641841929984983
0.6574551463127136,0.6129377171879177,0.7396774193548387,0.6703698289723725,84033,1448,807,2293,3741,SmallRandomForest,XGBoost,0.9,0.3148207624435623,0.45641841929984983
0.641772449016571,0.5927254098360656,0.7464516129032258,0.6607652769845803,83891,1590,786,2314,3904,SmallRandomForest,XGBoost,0.9,0.3148207624435623,0.45641841929984983
0.6270092129707336,0.573641504794689,0.7525806451612903,0.65103948653551,83747,1734,767,2333,4067,SmallRandomForest,XGBoost,0.9,0.3148207624435623,0.45641841929984983
0.6121537089347839,0.5568692362260582,0.7596774193548387,0.6426524764633648,83607,1874,745,2355,4229,SmallRandomForest,XGBoost,0.9,0.3148207624435623,0.45641841929984983
0.5995506644248962,0.5401958551582783,0.7651612903225806,0.6332932852756642,83462,2019,728,2372,4391,SmallRandomForest,XGBoost,0.9,0.3148207624435623,0.45641841929984983
0.584253191947937,0.5253678893037558,0.7716129032258064,0.6251143342480073,83320,2161,708,2392,4553,SmallRandomForest,XGBoost,0.9,0.3148207624435623,0.45641841929984983
0.5716438293457031,0.5104984093319194,0.7764516129032258,0.6159948816378759,83173,2308,693,2407,4715,SmallRandomForest,XGBoost,0.9,0.3148207624435623,0.45641841929984983
0.5599707961082458,0.4973349733497335,0.7825806451612903,0.6081724743043369,83029,2452,674,2426,4878,SmallRandomForest,XGBoost,0.9,0.3148207624435623,0.45641841929984983
0.5496891736984253,0.48392857142857143,0.7867741935483871,0.5992628992628992,82880,2601,661,2439,5040,SmallRandomForest,XGBoost,0.9,0.3148207624435623,0.45641841929984983
0.5379660129547119,0.471357170319108,0.7909677419354839,0.5907010358949651,82731,2750,648,2452,5202,SmallRandomForest,XGBoost,0.9,0.3148207624435623,0.45641841929984983
0.5268760919570923,0.459545115585384,0.7951612903225806,0.5824669187145558,82582,2899,635,2465,5364,SmallRandomForest,XGBoost,0.9,0.3148207624435623,0.45641841929984983
0.5154179334640503,0.4470779808214221,0.7970967741935484,0.5728526718442101,82425,3056,629,2471,5527,SmallRandomForest,XGBoost,0.9,0.3148207624435623,0.45641841929984983
0.5056161284446716,0.4358523725834798,0.8,0.5642775881683731,82271,3210,620,2480,5690,SmallRandomForest,XGBoost,0.9,0.3148207624435623,0.45641841929984983
0.4950818717479706,0.424812030075188,0.8019354838709677,0.5554066130473637,82115,3366,614,2486,5852,SmallRandomForest,XGBoost,0.9,0.3148207624435623,0.45641841929984983
0.485103964805603,0.414865314266711,0.8048387096774193,0.5475093263111697,81962,3519,605,2495,6014,SmallRandomForest,XGBoost,0.9,0.3148207624435623,0.45641841929984983
0.47664377093315125,0.405440414507772,0.807741935483871,0.5398878827080639,81809,3672,596,2504,6176,SmallRandomForest,XGBoost,0.9,0.3148207624435623,0.45641841929984983
0.46675771474838257,0.39570842537077944,0.8090322580645162,0.5314685314685316,81651,3830,592,2508,6338,SmallRandomForest,XGBoost,0.9,0.3148207624435623,0.45641841929984983
0.45830193161964417,0.3870173819412398,0.8116129032258065,0.5241120716592022,81496,3985,584,2516,6501,SmallRandomForest,XGBoost,0.9,0.3148207624435623,0.45641841929984983
0.4482711851596832,0.3789584271349242,0.8145161290322581,0.517259039229745,81343,4138,575,2525,6663,SmallRandomForest,XGBoost,0.9,0.3148207624435623,0.45641841929984983
0.4409078061580658,0.37108116026955756,0.8170967741935484,0.5103767882329235,81188,4293,567,2533,6826,SmallRandomForest,XGBoost,0.9,0.3148207624435623,0.45641841929984983
0.43348097801208496,0.36351931330472104,0.8196774193548387,0.5036669970267591,81032,4449,559,2541,6990,SmallRandomForest,XGBoost,0.9,0.3148207624435623,0.45641841929984983
0.42523935437202454,0.3557947714245771,0.8209677419354838,0.49644006632205206,80873,4608,555,2545,7153,SmallRandomForest,XGBoost,0.9,0.3148207624435623,0.45641841929984983
0.4182837903499603,0.3490088858509911,0.8235483870967742,0.49025444071051366,80719,4762,547,2553,7315,SmallRandomForest,XGBoost,0.9,0.3148207624435623,0.45641841929984983
0.4113329350948334,0.34224956533369,0.8254838709677419,0.48388011723551094,80563,4918,541,2559,7477,SmallRandomForest,XGBoost,0.9,0.3148207624435623,0.45641841929984983
0.40345481038093567,0.33630056290090327,0.8287096774193549,0.4784430580128504,80411,5070,531,2569,7639,SmallRandomForest,XGBoost,0.9,0.3148207624435623,0.45641841929984983
0.39583203196525574,0.33021407511857453,0.8309677419354838,0.47261719108338685,80256,5225,524,2576,7801,SmallRandomForest,XGBoost,0.9,0.3148207624435623,0.45641841929984983
0.38975152373313904,0.324585635359116,0.8338709677419355,0.46728127259580615,80102,5379,515,2585,7964,SmallRandomForest,XGBoost,0.9,0.3148207624435623,0.45641841929984983
0.3826287090778351,0.31832164390303924,0.834516129032258,0.46085330008016395,79941,5540,513,2587,8127,SmallRandomForest,XGBoost,0.9,0.3148207624435623,0.45641841929984983
0.3761240839958191,0.31282422487634215,0.8364516129032258,0.4553516551058039,79785,5696,507,2593,8289,SmallRandomForest,XGBoost,0.9,0.3148207624435623,0.45641841929984983
0.37010326981544495,0.3071825819429653,0.8374193548387097,0.4494848930828499,79626,5855,504,2596,8451,SmallRandomForest,XGBoost,0.9,0.3148207624435623,0.45641841929984983
0.3644780218601227,0.30268199233716475,0.8409677419354838,0.4451464185093486,79475,6006,493,2607,8613,SmallRandomForest,XGBoost,0.9,0.3148207624435623,0.45641841929984983
0.3582560420036316,0.2977438468550593,0.8429032258064516,0.4400471539238801,79318,6163,487,2613,8776,SmallRandomForest,XGBoost,0.9,0.3148207624435623,0.45641841929984983
0.352113276720047,0.29301857238755874,0.8448387096774194,0.43512211330785844,79162,6319,481,2619,8938,SmallRandomForest,XGBoost,0.9,0.3148207624435623,0.45641841929984983
0.3462562561035156,0.28824175824175824,0.8461290322580645,0.43,79004,6477,477,2623,9100,SmallRandomForest,XGBoost,0.9,0.3148207624435623,0.45641841929984983
0.3394046723842621,0.28363204491470523,0.8474193548387097,0.4250121339589063,78846,6635,473,2627,9262,SmallRandomForest,XGBoost,0.9,0.3148207624435623,0.45641841929984983
0.33379825949668884,0.2789685908319185,0.8480645161290322,0.41983391887575855,78686,6795,471,2629,9424,SmallRandomForest,XGBoost,0.9,0.3148207624435623,0.45641841929984983
0.32908788323402405,0.27422551371649106,0.8480645161290322,0.4144399779301646,78523,6958,471,2629,9587,SmallRandomForest,XGBoost,0.9,0.3148207624435623,0.45641841929984983
0.3240867555141449,0.27015384615384613,0.8496774193548388,0.40996108949416343,78365,7116,466,2634,9750,SmallRandomForest,XGBoost,0.9,0.3148207624435623,0.45641841929984983
0.3190561830997467,0.26634382566585957,0.8516129032258064,0.40577928066400243,78209,7272,460,2640,9912,SmallRandomForest,XGBoost,0.9,0.3148207624435623,0.45641841929984983
0.3137398064136505,0.26235854675402026,0.8525806451612903,0.4012448762714438,78050,7431,457,2643,10074,SmallRandomForest,XGBoost,0.9,0.3148207624435623,0.45641841929984983
0.30828729271888733,0.2585971082454084,0.8538709677419355,0.3969706058788243,77892,7589,453,2647,10236,SmallRandomForest,XGBoost,0.9,0.3148207624435623,0.45641841929984983
0.3027895987033844,0.2547360323107991,0.854516129032258,0.3924735165567819,77731,7750,451,2649,10399,SmallRandomForest,XGBoost,0.9,0.3148207624435623,0.45641841929984983
0.29819220304489136,0.2513728460518841,0.8564516129032258,0.38866930171277997,77574,7907,445,2655,10562,SmallRandomForest,XGBoost,0.9,0.3148207624435623,0.45641841929984983
0.2938160300254822,0.24785527788138753,0.8574193548387097,0.3845486111111111,77415,8066,442,2658,10724,SmallRandomForest,XGBoost,0.9,0.3148207624435623,0.45641841929984983
0.2894867956638336,0.24435054198052544,0.8580645161290322,0.38038038038038036,77255,8226,440,2660,10886,SmallRandomForest,XGBoost,0.9,0.3148207624435623,0.45641841929984983
0.28532111644744873,0.24112961622013035,0.8593548387096774,0.37659033078880405,77097,8384,436,2664,11048,SmallRandomForest,XGBoost,0.9,0.3148207624435623,0.45641841929984983
0.2809711694717407,0.23798055481223798,0.8606451612903225,0.3728600377332122,76938,8543,432,2668,11211,SmallRandomForest,XGBoost,0.9,0.3148207624435623,0.45641841929984983
0.2762780785560608,0.23467862481315396,0.8609677419354839,0.36882470807710915,76777,8704,431,2669,11373,SmallRandomForest,XGBoost,0.9,0.3148207624435623,0.45641841929984983
0.2724060118198395,0.23138274815778068,0.8609677419354839,0.3647420567133584,76615,8866,431,2669,11535,SmallRandomForest,XGBoost,0.9,0.3148207624435623,0.45641841929984983
0.26818016171455383,0.22841511369464865,0.8619354838709677,0.36112988241654276,76455,9026,428,2672,11698,SmallRandomForest,XGBoost,0.9,0.3148207624435623,0.45641841929984983
0.2636098265647888,0.22554806070826308,0.8629032258064516,0.357620320855615,76296,9185,425,2675,11860,SmallRandomForest,XGBoost,0.9,0.3148207624435623,0.45641841929984983
0.2603433132171631,0.22273974881477168,0.8638709677419355,0.3541625338887787,76136,9345,422,2678,12023,SmallRandomForest,XGBoost,0.9,0.3148207624435623,0.45641841929984983
0.25549745559692383,0.2199425523184243,0.864516129032258,0.35067059208374224,75976,9505,420,2680,12185,SmallRandomForest,XGBoost,0.9,0.3148207624435623,0.45641841929984983
0.25211596488952637,0.2171377662590103,0.8648387096774194,0.347122418592607,75815,9666,419,2681,12347,SmallRandomForest,XGBoost,0.9,0.3148207624435623,0.45641841929984983
0.24842874705791473,0.21432568550643535,0.8648387096774194,0.34351976423858027,75653,9828,419,2681,12509,SmallRandomForest,XGBoost,0.9,0.3148207624435623,0.45641841929984983
0.24502766132354736,0.2118222713282298,0.8658064516129033,0.3403715680679729,75494,9987,416,2684,12671,SmallRandomForest,XGBoost,0.9,0.3148207624435623,0.45641841929984983
0.24148879945278168,0.20928782920367772,0.8664516129032258,0.3371407054098155,75333,10148,414,2686,12834,SmallRandomForest,XGBoost,0.9,0.3148207624435623,0.45641841929984983
0.2378826141357422,0.20690981840566328,0.8674193548387097,0.3341202783300199,75174,10307,411,2689,12996,SmallRandomForest,XGBoost,0.9,0.3148207624435623,0.45641841929984983
0.23452383279800415,0.2045748157154799,0.8683870967741936,0.3311396764868688,75014,10467,408,2692,13159,SmallRandomForest,XGBoost,0.9,0.3148207624435623,0.45641841929984983
0.23134225606918335,0.2022370692890924,0.8690322580645161,0.3281164362706291,74854,10627,406,2694,13321,SmallRandomForest,XGBoost,0.9,0.3148207624435623,0.45641841929984983
0.22776295244693756,0.19994067042420646,0.8696774193548387,0.32513265798359864,74693,10788,404,2696,13484,SmallRandomForest,XGBoost,0.9,0.3148207624435623,0.45641841929984983
0.22442768514156342,0.19764033416385754,0.87,0.32210677176639196,74532,10949,403,2697,13646,SmallRandomForest,XGBoost,0.9,0.3148207624435623,0.45641841929984983
0.2213514745235443,0.1955246578318488,0.8709677419354839,0.3193565556804069,74372,11109,400,2700,13809,SmallRandomForest,XGBoost,0.9,0.3148207624435623,0.45641841929984983
0.21833644807338715,0.19332903872306922,0.8712903225806452,0.31644309062152187,74211,11270,399,2701,13971,SmallRandomForest,XGBoost,0.9,0.3148207624435623,0.45641841929984983
0.21515600383281708,0.19139602349112006,0.8725806451612903,0.31393257122961754,74053,11428,395,2705,14133,SmallRandomForest,XGBoost,0.9,0.3148207624435623,0.45641841929984983
0.21195457875728607,0.18927047632370428,0.8729032258064516,0.31108811864114505,73890,11591,394,2706,14297,SmallRandomForest,XGBoost,0.9,0.3148207624435623,0.45641841929984983
0.2092578113079071,0.1872060857538036,0.8732258064516129,0.3083143507972665,73728,11753,393,2707,14460,SmallRandomForest,XGBoost,0.9,0.3148207624435623,0.45641841929984983
0.20629332959651947,0.18540555327588565,0.8745161290322581,0.30594740999887143,73570,11911,389,2711,14622,SmallRandomForest,XGBoost,0.9,0.3148207624435623,0.45641841929984983
0.20374946296215057,0.1833615150490362,0.8745161290322581,0.30315907184791724,73407,12074,389,2711,14785,SmallRandomForest,XGBoost,0.9,0.3148207624435623,0.45641841929984983
0.2007368803024292,0.18150799491536762,0.8751612903225806,0.30065938937219483,73247,12234,387,2713,14947,SmallRandomForest,XGBoost,0.9,0.3148207624435623,0.45641841929984983
0.19786012172698975,0.17961614824619457,0.8754838709677419,0.29807797913234485,73085,12396,386,2714,15110,SmallRandomForest,XGBoost,0.9,0.3148207624435623,0.45641841929984983
0.19541572034358978,0.17777632268203247,0.8758064516129033,0.2955584585238406,72924,12557,385,2715,15272,SmallRandomForest,XGBoost,0.9,0.3148207624435623,0.45641841929984983
0.19231562316417694,0.17603991188285603,0.8764516129032258,0.293190892413942,72764,12717,383,2717,15434,SmallRandomForest,XGBoost,0.9,0.3148207624435623,0.45641841929984983
0.1898249387741089,0.17433957424980764,0.8770967741935484,0.2908643560119812,72604,12877,381,2719,15596,SmallRandomForest,XGBoost,0.9,0.3148207624435623,0.45641841929984983
0.18720930814743042,0.17267419723315142,0.8777419354838709,0.28857779191854915,72444,13037,379,2721,15758,SmallRandomForest,XGBoost,0.9,0.3148207624435623,0.45641841929984983
0.18446411192417145,0.17096916022862885,0.8780645161290322,0.28620997844487667,72282,13199,378,2722,15921,SmallRandomForest,XGBoost,0.9,0.3148207624435623,0.45641841929984983
0.18156705796718597,0.16930920848100478,0.8783870967741936,0.2838972006464056,72121,13360,377,2723,16083,SmallRandomForest,XGBoost,0.9,0.3148207624435623,0.45641841929984983
0.1787170171737671,0.1677439212065251,0.8790322580645161,0.2817265443266994,71961,13520,375,2725,16245,SmallRandomForest,XGBoost,0.9,0.3148207624435623,0.45641841929984983
0.17674237489700317,0.1662704943012129,0.88,0.27969446865227865,71802,13679,372,2728,16407,SmallRandomForest,XGBoost,0.9,0.3148207624435623,0.45641841929984983
0.1739887148141861,0.16464481863721409,0.88,0.27739081803853777,71640,13841,372,2728,16569,SmallRandomForest,XGBoost,0.9,0.3148207624435623,0.45641841929984983
0.17160090804100037,0.16309089822506426,0.8803225806451613,0.2751979024857561,71477,14004,371,2729,16733,SmallRandomForest,XGBoost,0.9,0.3148207624435623,0.45641841929984983
0.16939233243465424,0.16151751893939395,0.8803225806451613,0.27295459091818364,71314,14167,371,2729,16896,SmallRandomForest,XGBoost,0.9,0.3148207624435623,0.45641841929984983
0.16691088676452637,0.1600422089342244,0.8806451612903226,0.27086020438535574,71153,14328,370,2730,17058,SmallRandomForest,XGBoost,0.9,0.3148207624435623,0.45641841929984983
0.1647680699825287,0.1585946573751452,0.8809677419354839,0.2687992125984252,70992,14489,369,2731,17220,SmallRandomForest,XGBoost,0.9,0.3148207624435623,0.45641841929984983
0.16241224110126495,0.1572316189161201,0.8816129032258064,0.26686846987598867,70832,14649,367,2733,17382,SmallRandomForest,XGBoost,0.9,0.3148207624435623,0.45641841929984983
0.15985727310180664,0.15577087489313193,0.8816129032258064,0.26476144344877695,70669,14812,367,2733,17545,SmallRandomForest,XGBoost,0.9,0.3148207624435623,0.45641841929984983
0.15773624181747437,0.15445868865420456,0.882258064516129,0.26289229586196955,70509,14972,365,2735,17707,SmallRandomForest,XGBoost,0.9,0.3148207624435623,0.45641841929984983
0.15580947697162628,0.15305836924282276,0.882258064516129,0.260861271400639,70347,15134,365,2735,17869,SmallRandomForest,XGBoost,0.9,0.3148207624435623,0.45641841929984983
0.15383753180503845,0.1517386722866175,0.8825806451612903,0.2589560361554115,70186,15295,364,2736,18031,SmallRandomForest,XGBoost,0.9,0.3148207624435623,0.45641841929984983
0.15184687077999115,0.1503875116803166,0.8825806451612903,0.2569858638989339,70024,15457,364,2736,18193,SmallRandomForest,XGBoost,0.9,0.3148207624435623,0.45641841929984983
0.14968043565750122,0.14910655916321638,0.8829032258064516,0.25512677106636833,69862,15619,363,2737,18356,SmallRandomForest,XGBoost,0.9,0.3148207624435623,0.45641841929984983
0.1476764678955078,0.1478561399719192,0.8832258064516129,0.25330742899435654,69701,15780,362,2738,18518,SmallRandomForest,XGBoost,0.9,0.3148207624435623,0.45641841929984983
0.14556501805782318,0.14668094218415417,0.8838709677419355,0.2516069788797062,69541,15940,360,2740,18680,SmallRandomForest,XGBoost,0.9,0.3148207624435623,0.45641841929984983
0.14386668801307678,0.1455259526589534,0.8845161290322581,0.2499316379546076,69381,16100,358,2742,18842,SmallRandomForest,XGBoost,0.9,0.3148207624435623,0.45641841929984983
0.1416957825422287,0.1443380340980846,0.8848387096774194,0.24819037278320666,69220,16261,357,2743,19004,SmallRandomForest,XGBoost,0.9,0.3148207624435623,0.45641841929984983
0.13955673575401306,0.14311055459905045,0.8848387096774194,0.24637355728207663,69057,16424,357,2743,19167,SmallRandomForest,XGBoost,0.9,0.3148207624435623,0.45641841929984983
0.13762405514717102,0.14196285374308035,0.8851612903225806,0.24468322261358064,68896,16585,356,2744,19329,SmallRandomForest,XGBoost,0.9,0.3148207624435623,0.45641841929984983
0.13555827736854553,0.14078292545277307,0.8851612903225806,0.2429285998849099,68734,16747,356,2744,19491,SmallRandomForest,XGBoost,0.9,0.3148207624435623,0.45641841929984983
0.13355761766433716,0.139673332315677,0.885483870967742,0.2412868632707775,68573,16908,355,2745,19653,SmallRandomForest,XGBoost,0.9,0.3148207624435623,0.45641841929984983
0.1315697878599167,0.13853141559424678,0.885483870967742,0.23958106044075936,68411,17070,355,2745,19815,SmallRandomForest,XGBoost,0.9,0.3148207624435623,0.45641841929984983
0.12976813316345215,0.13740114125538092,0.885483870967742,0.2378888985180692,68248,17233,355,2745,19978,SmallRandomForest,XGBoost,0.9,0.3148207624435623,0.45641841929984983
0.12811799347400665,0.13634558093346574,0.8858064516129033,0.23631669535283992,68087,17394,354,2746,20140,SmallRandomForest,XGBoost,0.9,0.3148207624435623,0.45641841929984983
0.12617172300815582,0.1353068663185893,0.8861290322580645,0.2347662592940774,67926,17555,353,2747,20302,SmallRandomForest,XGBoost,0.9,0.3148207624435623,0.45641841929984983
0.12436505407094955,0.13443119624706804,0.8874193548387097,0.23349176710235953,67768,17713,349,2751,20464,SmallRandomForest,XGBoost,0.9,0.3148207624435623,0.45641841929984983
0.12268979102373123,0.13346584573617104,0.8880645161290323,0.23205630716061867,67607,17874,347,2753,20627,SmallRandomForest,XGBoost,0.9,0.3148207624435623,0.45641841929984983
0.12107910215854645,0.1324739044687094,0.8883870967741936,0.23056636945874673,67446,18035,346,2754,20789,SmallRandomForest,XGBoost,0.9,0.3148207624435623,0.45641841929984983
0.1194082573056221,0.13144957281275357,0.8883870967741936,0.2290133466383934,67284,18197,346,2754,20951,SmallRandomForest,XGBoost,0.9,0.3148207624435623,0.45641841929984983
0.11719764769077301,0.1304409605456354,0.8883870967741936,0.22748110519142611,67122,18359,346,2754,21113,SmallRandomForest,XGBoost,0.9,0.3148207624435623,0.45641841929984983
0.11544109880924225,0.12944770857814336,0.8883870967741936,0.22596923076923076,66960,18521,346,2754,21275,SmallRandomForest,XGBoost,0.9,0.3148207624435623,0.45641841929984983
0.11354707181453705,0.12851012221289299,0.8887096774193548,0.22454967805037082,66798,18683,345,2755,21438,SmallRandomForest,XGBoost,0.9,0.3148207624435623,0.45641841929984983
0.11181504279375076,0.1275925925925926,0.8890322580645161,0.2231578947368421,66637,18844,344,2756,21600,SmallRandomForest,XGBoost,0.9,0.3148207624435623,0.45641841929984983
0.11035876721143723,0.126688723462917,0.8893548387096775,0.2217842490547824,66476,19005,343,2757,21762,SmallRandomForest,XGBoost,0.9,0.3148207624435623,0.45641841929984983
0.1087908148765564,0.12579821200510855,0.8896774193548387,0.22042838874680304,66315,19166,342,2758,21924,SmallRandomForest,XGBoost,0.9,0.3148207624435623,0.45641841929984983
0.10714417695999146,0.12492076428506746,0.89,0.21908997061859764,66154,19327,341,2759,22086,SmallRandomForest,XGBoost,0.9,0.3148207624435623,0.45641841929984983
0.10537657141685486,0.12400557328419255,0.89,0.21768117085486607,65991,19490,341,2759,22249,SmallRandomForest,XGBoost,0.9,0.3148207624435623,0.45641841929984983
0.10401652008295059,0.12315380839766187,0.8903225806451613,0.2163772490298303,65830,19651,340,2760,22411,SmallRandomForest,XGBoost,0.9,0.3148207624435623,0.45641841929984983
0.10256712138652802,0.12235314964118012,0.8909677419354839,0.21515930513359818,65669,19812,338,2762,22574,SmallRandomForest,XGBoost,0.9,0.3148207624435623,0.45641841929984983
0.10115229338407516,0.1214760082684611,0.8909677419354839,0.21380191198668577,65506,19975,338,2762,22737,SmallRandomForest,XGBoost,0.9,0.3148207624435623,0.45641841929984983
0.09968295693397522,0.12066029084239487,0.8912903225806451,0.21254663640909263,65345,20136,337,2763,22899,SmallRandomForest,XGBoost,0.9,0.3148207624435623,0.45641841929984983
0.09824790060520172,0.11980747550082387,0.8912903225806451,0.21122238360981574,65182,20299,337,2763,23062,SmallRandomForest,XGBoost,0.9,0.3148207624435623,0.45641841929984983
0.09694670885801315,0.11897175335859456,0.8912903225806451,0.2099225041786962,65020,20461,337,2763,23224,SmallRandomForest,XGBoost,0.9,0.3148207624435623,0.45641841929984983
0.09545612335205078,0.1181903703070213,0.8916129032258064,0.20871403760477233,64859,20622,336,2764,23386,SmallRandomForest,XGBoost,0.9,0.3148207624435623,0.45641841929984983
0.09401487559080124,0.11737727195515543,0.8916129032258064,0.20744521164815372,64697,20784,336,2764,23548,SmallRandomForest,XGBoost,0.9,0.3148207624435623,0.45641841929984983
0.09271693974733353,0.11657528469000422,0.8916129032258064,0.20619171950764642,64535,20946,336,2764,23710,SmallRandomForest,XGBoost,0.9,0.3148207624435623,0.45641841929984983
0.09122083336114883,0.11577933230008797,0.8916129032258064,0.2049456864271679,64372,21109,336,2764,23873,SmallRandomForest,XGBoost,0.9,0.3148207624435623,0.45641841929984983
0.08973411470651627,0.11499895985021844,0.8916129032258064,0.20372213009028933,64210,21271,336,2764,24035,SmallRandomForest,XGBoost,0.9,0.3148207624435623,0.45641841929984983
0.08846072107553482,0.11422903665743687,0.8916129032258064,0.2025130966772906,64048,21433,336,2764,24197,SmallRandomForest,XGBoost,0.9,0.3148207624435623,0.45641841929984983
0.08730810135602951,0.11350574712643678,0.8919354838709678,0.2013838310269483,63886,21595,335,2765,24360,SmallRandomForest,XGBoost,0.9,0.3148207624435623,0.45641841929984983
0.08596990257501602,0.1127558926678085,0.8919354838709678,0.20020273694880888,63724,21757,335,2765,24522,SmallRandomForest,XGBoost,0.9,0.3148207624435623,0.45641841929984983
0.08459396660327911,0.1120518533522382,0.892258064516129,0.1991002339391758,63562,21919,334,2766,24685,SmallRandomForest,XGBoost,0.9,0.3148207624435623,0.45641841929984983
0.08339430391788483,0.11136153257938584,0.8925806451612903,0.19801767631588366,63401,22080,333,2767,24847,SmallRandomForest,XGBoost,0.9,0.3148207624435623,0.45641841929984983
0.08217698335647583,0.11064016953896597,0.8925806451612903,0.19687644526664053,63239,22242,333,2767,25009,SmallRandomForest,XGBoost,0.9,0.3148207624435623,0.45641841929984983
0.0808083787560463,0.10992809185173413,0.8925806451612903,0.19574829330409252,63077,22404,333,2767,25171,SmallRandomForest,XGBoost,0.9,0.3148207624435623,0.45641841929984983
0.07974448800086975,0.1092251213831761,0.8925806451612903,0.19463299686983435,62915,22566,333,2767,25333,SmallRandomForest,XGBoost,0.9,0.3148207624435623,0.45641841929984983
0.07849051058292389,0.10860527141512394,0.8932258064516129,0.1936634494334872,62754,22727,331,2769,25496,SmallRandomForest,XGBoost,0.9,0.3148207624435623,0.45641841929984983
0.07724291831254959,0.10791955725309844,0.8932258064516129,0.19257250156478195,62592,22889,331,2769,25658,SmallRandomForest,XGBoost,0.9,0.3148207624435623,0.45641841929984983
0.0760129988193512,0.10727702257852136,0.8935483870967742,0.19155630856471076,62430,23051,330,2770,25821,SmallRandomForest,XGBoost,0.9,0.3148207624435623,0.45641841929984983
0.07472614198923111,0.10664254926108374,0.8938709677419355,0.19055150598267087,62268,23213,329,2771,25984,SmallRandomForest,XGBoost,0.9,0.3148207624435623,0.45641841929984983
0.073560431599617,0.10598179453836151,0.8938709677419355,0.18949599945291665,62106,23375,329,2771,26146,SmallRandomForest,XGBoost,0.9,0.3148207624435623,0.45641841929984983
0.07246269285678864,0.10532117065754466,0.8938709677419355,0.18843930635838152,61942,23539,329,2771,26310,SmallRandomForest,XGBoost,0.9,0.3148207624435623,0.45641841929984983
0.07142423838376999,0.10471441523118767,0.8941935483870967,0.18747463817124307,61781,23700,328,2772,26472,SmallRandomForest,XGBoost,0.9,0.3148207624435623,0.45641841929984983
0.07052592188119888,0.10411504092513328,0.8945161290322581,0.18652048160355147,61620,23861,327,2773,26634,SmallRandomForest,XGBoost,0.9,0.3148207624435623,0.45641841929984983
0.06949114799499512,0.10348173302981677,0.8945161290322581,0.1855035622303241,61457,24024,327,2773,26797,SmallRandomForest,XGBoost,0.9,0.3148207624435623,0.45641841929984983
0.06835626810789108,0.10285608308605342,0.8945161290322581,0.18449767132401862,61294,24187,327,2773,26960,SmallRandomForest,XGBoost,0.9,0.3148207624435623,0.45641841929984983
0.0672619491815567,0.10227859302411327,0.8948387096774194,0.18357487922705315,61133,24348,326,2774,27122,SmallRandomForest,XGBoost,0.9,0.3148207624435623,0.45641841929984983
0.06621605157852173,0.10170796070957337,0.8951612903225806,0.18266192733017378,60972,24509,325,2775,27284,SmallRandomForest,XGBoost,0.9,0.3148207624435623,0.45641841929984983
0.06507792323827744,0.10110394578642475,0.8951612903225806,0.18168723606246112,60809,24672,325,2775,27447,SmallRandomForest,XGBoost,0.9,0.3148207624435623,0.45641841929984983
0.06400769203901291,0.10051070303162013,0.8951612903225806,0.18072877658015568,60647,24834,325,2775,27609,SmallRandomForest,XGBoost,0.9,0.3148207624435623,0.45641841929984983
0.0631670281291008,0.09992078352297278,0.8951612903225806,0.17977455299300338,60484,24997,325,2775,27772,SmallRandomForest,XGBoost,0.9,0.3148207624435623,0.45641841929984983
0.06225708872079849,0.09934130450347248,0.8951612903225806,0.17883611522845913,60322,25159,325,2775,27934,SmallRandomForest,XGBoost,0.9,0.3148207624435623,0.45641841929984983
0.06124255433678627,0.09876850797266515,0.8951612903225806,0.17790742402872162,60160,25321,325,2775,28096,SmallRandomForest,XGBoost,0.9,0.3148207624435623,0.45641841929984983
0.06016167998313904,0.098202279000637,0.8951612903225806,0.17698832833726638,59998,25483,325,2775,28258,SmallRandomForest,XGBoost,0.9,0.3148207624435623,0.45641841929984983
0.05915927514433861,0.09767769176636172,0.895483870967742,0.17614213197969544,59837,25644,324,2776,28420,SmallRandomForest,XGBoost,0.9,0.3148207624435623,0.45641841929984983
0.05820862576365471,0.09712066613021726,0.895483870967742,0.1752359309408831,59674,25807,324,2776,28583,SmallRandomForest,XGBoost,0.9,0.3148207624435623,0.45641841929984983
0.057178109884262085,0.09657331709862585,0.895483870967742,0.17434448108023237,59512,25969,324,2776,28745,SmallRandomForest,XGBoost,0.9,0.3148207624435623,0.45641841929984983
0.05630912259221077,0.09603210295084236,0.895483870967742,0.17346205517543037,59350,26131,324,2776,28907,SmallRandomForest,XGBoost,0.9,0.3148207624435623,0.45641841929984983
0.05524758622050285,0.09549363605091159,0.895483870967742,0.17258315200497357,59187,26294,324,2776,29070,SmallRandomForest,XGBoost,0.9,0.3148207624435623,0.45641841929984983
0.054404065012931824,0.09496442255062945,0.895483870967742,0.17171842137820117,59025,26456,324,2776,29232,SmallRandomForest,XGBoost,0.9,0.3148207624435623,0.45641841929984983
0.05345647782087326,0.09443461695468772,0.895483870967742,0.17085179714426393,58861,26620,324,2776,29396,SmallRandomForest,XGBoost,0.9,0.3148207624435623,0.45641841929984983
0.05247219279408455,0.09395087624331822,0.8958064516129032,0.17006552758895216,58700,26781,323,2777,29558,SmallRandomForest,XGBoost,0.9,0.3148207624435623,0.45641841929984983
0.05159247666597366,0.09343876177658143,0.8958064516129032,0.16922608165752592,58538,26943,323,2777,29720,SmallRandomForest,XGBoost,0.9,0.3148207624435623,0.45641841929984983
0.050734203308820724,0.09296566494879861,0.8961290322580645,0.1684555211933782,58377,27104,322,2778,29882,SmallRandomForest,XGBoost,0.9,0.3148207624435623,0.45641841929984983
0.04975125193595886,0.09246438556783385,0.8961290322580645,0.16763215061549602,58215,27266,322,2778,30044,SmallRandomForest,XGBoost,0.9,0.3148207624435623,0.45641841929984983
0.04889937862753868,0.0919623940677966,0.8961290322580645,0.16680677314759218,58051,27430,322,2778,30208,SmallRandomForest,XGBoost,0.9,0.3148207624435623,0.45641841929984983
0.04785909876227379,0.09146883540219287,0.8961290322580645,0.16599444295061394,57888,27593,322,2778,30371,SmallRandomForest,XGBoost,0.9,0.3148207624435623,0.45641841929984983
0.04695956036448479,0.09101627747027806,0.8964516129032258,0.16525436327416523,57727,27754,321,2779,30533,SmallRandomForest,XGBoost,0.9,0.3148207624435623,0.45641841929984983
0.0460684560239315,0.09056849649780095,0.896774193548387,0.16452137890220447,57566,27915,320,2780,30695,SmallRandomForest,XGBoost,0.9,0.3148207624435623,0.45641841929984983
0.04523799568414688,0.09009300968985967,0.896774193548387,0.16373649026710252,57404,28077,320,2780,30857,SmallRandomForest,XGBoost,0.9,0.3148207624435623,0.45641841929984983
0.04448588192462921,0.08965183752417795,0.8970967741935484,0.16301289566236812,57242,28239,319,2781,31020,SmallRandomForest,XGBoost,0.9,0.3148207624435623,0.45641841929984983
0.043618690222501755,0.08918606888589571,0.8970967741935484,0.16224257627909688,57080,28401,319,2781,31182,SmallRandomForest,XGBoost,0.9,0.3148207624435623,0.45641841929984983
0.042783260345458984,0.08872511485451762,0.8970967741935484,0.16147950296132854,56918,28563,319,2781,31344,SmallRandomForest,XGBoost,0.9,0.3148207624435623,0.45641841929984983
0.04187164828181267,0.08830064114771789,0.8974193548387097,0.16078136739293764,56757,28724,318,2782,31506,SmallRandomForest,XGBoost,0.9,0.3148207624435623,0.45641841929984983
0.0411016084253788,0.08784893267651889,0.8974193548387097,0.1600322135296825,56595,28886,318,2782,31668,SmallRandomForest,XGBoost,0.9,0.3148207624435623,0.45641841929984983
0.040369484573602676,0.0873990763720901,0.8974193548387097,0.1592854484555266,56432,29049,318,2782,31831,SmallRandomForest,XGBoost,0.9,0.3148207624435623,0.45641841929984983
0.039631642401218414,0.08695652173913043,0.8974193548387097,0.15855013820420027,56270,29211,318,2782,31993,SmallRandomForest,XGBoost,0.9,0.3148207624435623,0.45641841929984983
0.0387895330786705,0.08654952573472244,0.8977419354838709,0.1578783151326053,56109,29372,317,2783,32155,SmallRandomForest,XGBoost,0.9,0.3148207624435623,0.45641841929984983
0.03806845843791962,0.08611566667698116,0.8977419354838709,0.1571561679419488,55947,29534,317,2783,32317,SmallRandomForest,XGBoost,0.9,0.3148207624435623,0.45641841929984983
0.037072088569402695,0.08568613565688599,0.8977419354838709,0.15644059698136542,55785,29696,317,2783,32479,SmallRandomForest,XGBoost,0.9,0.3148207624435623,0.45641841929984983
0.03620976209640503,0.08525825623429936,0.8977419354838709,0.15572715572715573,55622,29859,317,2783,32642,SmallRandomForest,XGBoost,0.9,0.3148207624435623,0.45641841929984983
0.03539252653717995,0.08483721497378369,0.8977419354838709,0.15502450980392157,55460,30021,317,2783,32804,SmallRandomForest,XGBoost,0.9,0.3148207624435623,0.45641841929984983
0.034574564546346664,0.08442031183643754,0.8977419354838709,0.15432817612155494,55298,30183,317,2783,32966,SmallRandomForest,XGBoost,0.9,0.3148207624435623,0.45641841929984983
0.033752039074897766,0.08400748611446511,0.8977419354838709,0.15363807000110413,55136,30345,317,2783,33128,SmallRandomForest,XGBoost,0.9,0.3148207624435623,0.45641841929984983
0.03299568220973015,0.08359616713225797,0.8977419354838709,0.15294990519633977,54973,30508,317,2783,33291,SmallRandomForest,XGBoost,0.9,0.3148207624435623,0.45641841929984983
0.0322529636323452,0.08318885634004902,0.8977419354838709,0.15226787766044755,54810,30671,317,2783,33454,SmallRandomForest,XGBoost,0.9,0.3148207624435623,0.45641841929984983
0.03134632110595703,0.08278795811518325,0.8977419354838709,0.1515960344264081,54648,30833,317,2783,33616,SmallRandomForest,XGBoost,0.9,0.3148207624435623,0.45641841929984983
0.030548175796866417,0.0823909053229913,0.8977419354838709,0.15093009382287542,54486,30995,317,2783,33778,SmallRandomForest,XGBoost,0.9,0.3148207624435623,0.45641841929984983
0.029772819951176643,0.08199764289923395,0.8977419354838709,0.15026997840172787,54324,31157,317,2783,33940,SmallRandomForest,XGBoost,0.9,0.3148207624435623,0.45641841929984983
0.029026810079813004,0.08160572383661262,0.8977419354838709,0.1496115904631347,54161,31320,317,2783,34103,SmallRandomForest,XGBoost,0.9,0.3148207624435623,0.45641841929984983
0.02832862176001072,0.08121990369181381,0.8977419354838709,0.1489629332262813,53999,31482,317,2783,34265,SmallRandomForest,XGBoost,0.9,0.3148207624435623,0.45641841929984983
0.027639862149953842,0.08086676155343189,0.8980645161290323,0.148373171316652,53838,31643,316,2784,34427,SmallRandomForest,XGBoost,0.9,0.3148207624435623,0.45641841929984983
0.026838140562176704,0.08048801642140566,0.8980645161290323,0.14773541351587996,53676,31805,316,2784,34589,SmallRandomForest,XGBoost,0.9,0.3148207624435623,0.45641841929984983
0.026095859706401825,0.08011280250928031,0.8980645161290323,0.14710311484505034,53514,31967,316,2784,34751,SmallRandomForest,XGBoost,0.9,0.3148207624435623,0.45641841929984983
0.025375839322805405,0.07973878673311566,0.8980645161290323,0.14647235229126113,53351,32130,316,2784,34914,SmallRandomForest,XGBoost,0.9,0.3148207624435623,0.45641841929984983
0.024649614468216896,0.07937050975025658,0.8980645161290323,0.14585079631181894,53189,32292,316,2784,35076,SmallRandomForest,XGBoost,0.9,0.3148207624435623,0.45641841929984983
0.02389666996896267,0.07900561893410522,0.8980645161290323,0.14523449319213314,53027,32454,316,2784,35238,SmallRandomForest,XGBoost,0.9,0.3148207624435623,0.45641841929984983
0.023178162053227425,0.07864406779661016,0.8980645161290323,0.14462337662337663,52865,32616,316,2784,35400,SmallRandomForest,XGBoost,0.9,0.3148207624435623,0.45641841929984983
0.02245139516890049,0.07834205050334626,0.8987096774193548,0.14412084217060678,52705,32776,314,2786,35562,SmallRandomForest,XGBoost,0.9,0.3148207624435623,0.45641841929984983
0.02185862883925438,0.07798460461861442,0.8987096774193548,0.14351577591757889,52542,32939,314,2786,35725,SmallRandomForest,XGBoost,0.9,0.3148207624435623,0.45641841929984983
0.021151237189769745,0.07766043414049656,0.8990322580645161,0.14297073383435502,52381,33100,313,2787,35887,SmallRandomForest,XGBoost,0.9,0.3148207624435623,0.45641841929984983
0.02038564905524254,0.07731143721046353,0.8990322580645161,0.1423791156862244,52219,33262,313,2787,36049,SmallRandomForest,XGBoost,0.9,0.3148207624435623,0.45641841929984983
0.01972554437816143,0.07696556295048466,0.8990322580645161,0.14179237363587802,52057,33424,313,2787,36211,SmallRandomForest,XGBoost,0.9,0.3148207624435623,0.45641841929984983
0.018978413194417953,0.07662276963681852,0.8990322580645161,0.14121044764775922,51895,33586,313,2787,36373,SmallRandomForest,XGBoost,0.9,0.3148207624435623,0.45641841929984983
0.018251560628414154,0.07628092839938691,0.8990322580645161,0.1406297305479867,51732,33749,313,2787,36536,SmallRandomForest,XGBoost,0.9,0.3148207624435623,0.45641841929984983
0.01751326583325863,0.07594419314404055,0.8990322580645161,0.14005728931102068,51570,33911,313,2787,36698,SmallRandomForest,XGBoost,0.9,0.3148207624435623,0.45641841929984983
0.016815602779388428,0.07561041779706999,0.8990322580645161,0.13948948948948947,51408,34073,313,2787,36860,SmallRandomForest,XGBoost,0.9,0.3148207624435623,0.45641841929984983
0.016082925722002983,0.07527956350278213,0.8990322580645161,0.1389262748616719,51246,34235,313,2787,37022,SmallRandomForest,XGBoost,0.9,0.3148207624435623,0.45641841929984983
0.015495548956096172,0.07495159208261618,0.8990322580645161,0.13836759011021746,51084,34397,313,2787,37184,SmallRandomForest,XGBoost,0.9,0.3148207624435623,0.45641841929984983
0.014791492372751236,0.07462446782874127,0.8990322580645161,0.13780997354562763,50921,34560,313,2787,37347,SmallRandomForest,XGBoost,0.9,0.3148207624435623,0.45641841929984983
0.01409518625587225,0.07430216747980485,0.8990322580645161,0.13726021325321972,50759,34722,313,2787,37509,SmallRandomForest,XGBoost,0.9,0.3148207624435623,0.45641841929984983
0.013470879755914211,0.07398263916540575,0.8990322580645161,0.13671482180961958,50597,34884,313,2787,37671,SmallRandomForest,XGBoost,0.9,0.3148207624435623,0.45641841929984983
0.01273326575756073,0.07366584727618745,0.8990322580645161,0.1361737473432194,50435,35046,313,2787,37833,SmallRandomForest,XGBoost,0.9,0.3148207624435623,0.45641841929984983
0.012189154513180256,0.073349826297505,0.8990322580645161,0.13563363831029784,50272,35209,313,2787,37996,SmallRandomForest,XGBoost,0.9,0.3148207624435623,0.45641841929984983
0.011466401629149914,0.07303650514950602,0.8990322580645161,0.13509779684432488,50109,35372,313,2787,38159,SmallRandomForest,XGBoost,0.9,0.3148207624435623,0.45641841929984983
0.010800006799399853,0.07275384254064352,0.8993548387096775,0.13461770599454384,49948,35533,312,2788,38321,SmallRandomForest,XGBoost,0.9,0.3148207624435623,0.45641841929984983
0.010023999027907848,0.07244757425356652,0.8993548387096775,0.13409325926460333,49786,35695,312,2788,38483,SmallRandomForest,XGBoost,0.9,0.3148207624435623,0.45641841929984983
0.009342729113996029,0.07214387372234442,0.8993548387096775,0.13357288297999761,49624,35857,312,2788,38645,SmallRandomForest,XGBoost,0.9,0.3148207624435623,0.45641841929984983
0.008671404793858528,0.07184270878965135,0.8993548387096775,0.133056529935333,49462,36019,312,2788,38807,SmallRandomForest,XGBoost,0.9,0.3148207624435623,0.45641841929984983
0.007979693822562695,0.07154221195791635,0.8993548387096775,0.13254100309008798,49299,36182,312,2788,38970,SmallRandomForest,XGBoost,0.9,0.3148207624435623,0.45641841929984983
0.007190669421106577,0.071246039047327,0.8993548387096775,0.13203258192839554,49137,36344,312,2788,39132,SmallRandomForest,XGBoost,0.9,0.3148207624435623,0.45641841929984983
0.006574322935193777,0.07095230824044384,0.8993548387096775,0.13152804642166344,48975,36506,312,2788,39294,SmallRandomForest,XGBoost,0.9,0.3148207624435623,0.45641841929984983
0.005812536925077438,0.0706609894566099,0.8993548387096775,0.13102735219475514,48813,36668,312,2788,39456,SmallRandomForest,XGBoost,0.9,0.3148207624435623,0.45641841929984983
0.0051422081887722015,0.07039729415922055,0.8996774193548387,0.13057727421695772,48652,36829,311,2789,39618,SmallRandomForest,XGBoost,0.9,0.3148207624435623,0.45641841929984983
0.004428199026733637,0.07010884593147483,0.8996774193548387,0.13008092162029802,48489,36992,311,2789,39781,SmallRandomForest,XGBoost,0.9,0.3148207624435623,0.45641841929984983
0.0037103716749697924,0.06982449991237513,0.8996774193548387,0.12959133889366448,48327,37154,311,2789,39943,SmallRandomForest,XGBoost,0.9,0.3148207624435623,0.45641841929984983
0.0027774095069617033,0.06956738561276649,0.9,0.12915171855109364,48166,37315,310,2790,40105,SmallRandomForest,XGBoost,0.9,0.3148207624435623,0.45641841929984983
0.0017117050010710955,0.06928750589812999,0.9,0.12866926464823483,48004,37477,310,2790,40267,SmallRandomForest,XGBoost,0.9,0.3148207624435623,0.45641841929984983
9.150996629614383e-05,0.06900816225575068,0.9,0.12818745692625774,47841,37640,310,2790,40430,SmallRandomForest,XGBoost,0.9,0.3148207624435623,0.45641841929984983
0.9999822212193916,1.0,0.0003225806451612903,0.0006449532408900355,85481,0,3099,1,1,SmallRandomForest,HeavyCatBoost,0.95,0.27434694395220305,0.6378004312437204
0.9991398174227284,0.986784140969163,0.07225806451612904,0.13465584610760445,85478,3,2876,224,227,SmallRandomForest,HeavyCatBoost,0.95,0.27434694395220305,0.6378004312437204
0.9979260996740911,0.9911894273127754,0.14516129032258066,0.25323579065841306,85477,4,2650,450,454,SmallRandomForest,HeavyCatBoost,0.95,0.27434694395220305,0.6378004312437204
0.9963164616626607,0.9823788546255506,0.21580645161290324,0.35387463633959276,85469,12,2431,669,681,SmallRandomForest,HeavyCatBoost,0.95,0.27434694395220305,0.6378004312437204
0.9939269217260481,0.9801762114537445,0.2870967741935484,0.44411177644710575,85463,18,2210,890,908,SmallRandomForest,HeavyCatBoost,0.95,0.27434694395220305,0.6378004312437204
0.990026271537386,0.973568281938326,0.3564516129032258,0.5218417945690673,85451,30,1995,1105,1135,SmallRandomForest,HeavyCatBoost,0.95,0.27434694395220305,0.6378004312437204
0.9841261502268185,0.9676945668135095,0.42516129032258065,0.5907664724338861,85437,44,1782,1318,1362,SmallRandomForest,HeavyCatBoost,0.95,0.27434694395220305,0.6378004312437204
0.9750239083640745,0.9609817495280051,0.4925806451612903,0.6513115802943059,85419,62,1573,1527,1589,SmallRandomForest,HeavyCatBoost,0.95,0.27434694395220305,0.6378004312437204
0.9605668972392214,0.9465859030837004,0.5545161290322581,0.6993490642799023,85384,97,1381,1719,1816,SmallRandomForest,HeavyCatBoost,0.95,0.27434694395220305,0.6378004312437204
0.9360314130498585,0.930460333006856,0.6129032258064516,0.7390120575651498,85339,142,1200,1900,2042,SmallRandomForest,HeavyCatBoost,0.95,0.27434694395220305,0.6378004312437204
0.9044338868333847,0.9017188188629353,0.66,0.7621531011361521,85258,223,1054,2046,2269,SmallRandomForest,HeavyCatBoost,0.95,0.27434694395220305,0.6378004312437204
0.8707587811354547,0.8685897435897436,0.6993548387096774,0.7748391708363117,85153,328,932,2168,2496,SmallRandomForest,HeavyCatBoost,0.95,0.27434694395220305,0.6378004312437204
0.8378661159623445,0.82959970620639,0.7287096774193549,0.7758887171561052,85017,464,841,2259,2723,SmallRandomForest,HeavyCatBoost,0.95,0.27434694395220305,0.6378004312437204
0.8004660079076884,0.7935593220338983,0.7551612903225806,0.7738842975206612,84872,609,759,2341,2950,SmallRandomForest,HeavyCatBoost,0.95,0.27434694395220305,0.6378004312437204
0.7641632010096572,0.7544853635505193,0.7732258064516129,0.763740640433328,84701,780,703,2397,3177,SmallRandomForest,HeavyCatBoost,0.95,0.27434694395220305,0.6378004312437204
0.733859041315511,0.7162162162162162,0.7864516129032258,0.7496924969249692,84515,966,662,2438,3404,SmallRandomForest,HeavyCatBoost,0.95,0.27434694395220305,0.6378004312437204
0.7041556087999495,0.6824566235196915,0.7993548387096774,0.736294755608379,84328,1153,622,2478,3631,SmallRandomForest,HeavyCatBoost,0.95,0.27434694395220305,0.6378004312437204
0.6754736911901386,0.6513737687921203,0.8106451612903226,0.7223340040241449,84136,1345,587,2513,3858,SmallRandomForest,HeavyCatBoost,0.95,0.27434694395220305,0.6378004312437204
0.6489892713846486,0.6199804113614104,0.8167741935483871,0.7048997772828508,83929,1552,568,2532,4084,SmallRandomForest,HeavyCatBoost,0.95,0.27434694395220305,0.6378004312437204
0.6246654591693553,0.5915100904662491,0.8225806451612904,0.6881662393739036,83720,1761,550,2550,4311,SmallRandomForest,HeavyCatBoost,0.95,0.27434694395220305,0.6378004312437204
0.6023578159430919,0.5676509475539886,0.8309677419354838,0.67452212621105,83519,1962,524,2576,4538,SmallRandomForest,HeavyCatBoost,0.95,0.27434694395220305,0.6378004312437204
0.5829629788957849,0.5460650577124869,0.8393548387096774,0.6616656071201527,83318,2163,498,2602,4765,SmallRandomForest,HeavyCatBoost,0.95,0.27434694395220305,0.6378004312437204
0.5630580215489432,0.5232371794871795,0.8425806451612903,0.6455758774097875,83101,2380,488,2612,4992,SmallRandomForest,HeavyCatBoost,0.95,0.27434694395220305,0.6378004312437204
0.5448568061233823,0.5037363479593792,0.8480645161290322,0.6320471210482029,82891,2590,471,2629,5219,SmallRandomForest,HeavyCatBoost,0.95,0.27434694395220305,0.6378004312437204
0.5270759586982475,0.4847594564818215,0.8516129032258064,0.6178329042827052,82675,2806,460,2640,5446,SmallRandomForest,HeavyCatBoost,0.95,0.27434694395220305,0.6378004312437204
0.5116531404489691,0.46712497796580293,0.8548387096774194,0.6041262965918158,82458,3023,450,2650,5673,SmallRandomForest,HeavyCatBoost,0.95,0.27434694395220305,0.6378004312437204
0.49659779931115344,0.45101694915254237,0.8583870967741936,0.5913333333333334,82242,3239,439,2661,5900,SmallRandomForest,HeavyCatBoost,0.95,0.27434694395220305,0.6378004312437204
0.48301456300021917,0.4356839699640875,0.8609677419354839,0.5785822675048775,82024,3457,431,2669,6126,SmallRandomForest,HeavyCatBoost,0.95,0.27434694395220305,0.6378004312437204
0.4678085180425086,0.4215331339524634,0.8638709677419355,0.5665926161007088,81806,3675,422,2678,6353,SmallRandomForest,HeavyCatBoost,0.95,0.27434694395220305,0.6378004312437204
0.4555966851248343,0.4085106382978723,0.8670967741935484,0.5553719008264462,81589,3892,412,2688,6580,SmallRandomForest,HeavyCatBoost,0.95,0.27434694395220305,0.6378004312437204
0.44308690917076377,0.3956221536653445,0.8687096774193548,0.5436560008075099,81367,4114,407,2693,6807,SmallRandomForest,HeavyCatBoost,0.95,0.27434694395220305,0.6378004312437204
0.4313856986631023,0.3844185385271538,0.8722580645161291,0.533649102032761,81151,4330,396,2704,7034,SmallRandomForest,HeavyCatBoost,0.95,0.27434694395220305,0.6378004312437204
0.4206981257324213,0.37350227241426803,0.8748387096774194,0.5235015925103755,80932,4549,388,2712,7261,SmallRandomForest,HeavyCatBoost,0.95,0.27434694395220305,0.6378004312437204
0.4104649259231343,0.3631143162393162,0.8770967741935484,0.5136003022289384,80712,4769,381,2719,7488,SmallRandomForest,HeavyCatBoost,0.95,0.27434694395220305,0.6378004312437204
0.39980796310461414,0.35294880103694104,0.8783870967741936,0.5035598705501618,80489,4992,377,2723,7715,SmallRandomForest,HeavyCatBoost,0.95,0.27434694395220305,0.6378004312437204
0.3908815771358853,0.34336439184084616,0.8796774193548387,0.4939322586487955,80266,5215,373,2727,7942,SmallRandomForest,HeavyCatBoost,0.95,0.27434694395220305,0.6378004312437204
0.3819688043892243,0.3353330068560235,0.8835483870967742,0.4861554845580405,80052,5429,361,2739,8168,SmallRandomForest,HeavyCatBoost,0.95,0.27434694395220305,0.6378004312437204
0.37276762981421946,0.3275759380583681,0.8870967741935484,0.4784688995215311,79836,5645,350,2750,8395,SmallRandomForest,HeavyCatBoost,0.95,0.27434694395220305,0.6378004312437204
0.3647157577385809,0.31941544885177453,0.8883870967741936,0.4698856850366832,79613,5868,346,2754,8622,SmallRandomForest,HeavyCatBoost,0.95,0.27434694395220305,0.6378004312437204
0.3558724904357777,0.31167363543903265,0.8896774193548387,0.46162858816637375,79390,6091,342,2758,8849,SmallRandomForest,HeavyCatBoost,0.95,0.27434694395220305,0.6378004312437204
0.34839720958219267,0.30442926399294845,0.8912903225806451,0.4538436268068331,79168,6313,337,2763,9076,SmallRandomForest,HeavyCatBoost,0.95,0.27434694395220305,0.6378004312437204
0.34109831564621657,0.29743093625712136,0.8925806451612903,0.44618237523179866,78945,6536,333,2767,9303,SmallRandomForest,HeavyCatBoost,0.95,0.27434694395220305,0.6378004312437204
0.33357822666455483,0.2906610703043022,0.8935483870967742,0.43863816310372133,78721,6760,330,2770,9530,SmallRandomForest,HeavyCatBoost,0.95,0.27434694395220305,0.6378004312437204
0.32689407449012403,0.28420621092548937,0.8945161290322581,0.43136034844831606,78497,6984,327,2773,9757,SmallRandomForest,HeavyCatBoost,0.95,0.27434694395220305,0.6378004312437204
0.32091632875587245,0.27814503205128205,0.8958064516129032,0.4244879241822072,78274,7207,323,2777,9984,SmallRandomForest,HeavyCatBoost,0.95,0.27434694395220305,0.6378004312437204
0.31470490785006183,0.27208619000979434,0.8961290322580645,0.41743050338091664,78049,7432,322,2778,10210,SmallRandomForest,HeavyCatBoost,0.95,0.27434694395220305,0.6378004312437204
0.3084060894265193,0.26645587812589827,0.8970967741935484,0.41087390115978434,77825,7656,319,2781,10437,SmallRandomForest,HeavyCatBoost,0.95,0.27434694395220305,0.6378004312437204
0.3020137588956489,0.26115903975994,0.8983870967741936,0.40467887242080797,77602,7879,315,2785,10664,SmallRandomForest,HeavyCatBoost,0.95,0.27434694395220305,0.6378004312437204
0.2962646661830446,0.25608300431548986,0.8996774193548387,0.3986848688442571,77379,8102,311,2789,10891,SmallRandomForest,HeavyCatBoost,0.95,0.27434694395220305,0.6378004312437204
0.2906738218225786,0.2509444144630329,0.9,0.39246026164017433,77153,8328,310,2790,11118,SmallRandomForest,HeavyCatBoost,0.95,0.27434694395220305,0.6378004312437204
0.2852454693150477,0.24627589246364037,0.9012903225806451,0.38684665974385596,76930,8551,306,2794,11345,SmallRandomForest,HeavyCatBoost,0.95,0.27434694395220305,0.6378004312437204
0.28011440699998025,0.24179052886277222,0.9025806451612903,0.3814067611777536,76707,8774,302,2798,11572,SmallRandomForest,HeavyCatBoost,0.95,0.27434694395220305,0.6378004312437204
0.2747656191848633,0.23756250529705908,0.9041935483870968,0.37626686354788913,76485,8996,297,2803,11799,SmallRandomForest,HeavyCatBoost,0.95,0.27434694395220305,0.6378004312437204
0.26955709241324094,0.23332778978879096,0.9051612903225806,0.37101679227819645,76261,9220,294,2806,12026,SmallRandomForest,HeavyCatBoost,0.95,0.27434694395220305,0.6378004312437204
0.26481800314548776,0.22902383284361738,0.9051612903225806,0.36555497655028657,76035,9446,294,2806,12252,SmallRandomForest,HeavyCatBoost,0.95,0.27434694395220305,0.6378004312437204
0.2599962080229123,0.22501803029088868,0.9058064516129032,0.36048526863084923,75810,9671,292,2808,12479,SmallRandomForest,HeavyCatBoost,0.95,0.27434694395220305,0.6378004312437204
0.2552928688050478,0.22131276562254054,0.9070967741935484,0.3558142477540175,75587,9894,288,2812,12706,SmallRandomForest,HeavyCatBoost,0.95,0.27434694395220305,0.6378004312437204
0.25087721183346523,0.21742828423412974,0.9070967741935484,0.3507765234204454,75360,10121,288,2812,12933,SmallRandomForest,HeavyCatBoost,0.95,0.27434694395220305,0.6378004312437204
0.2463337322262249,0.21390577507598785,0.9080645161290323,0.3462484624846248,75136,10345,285,2815,13160,SmallRandomForest,HeavyCatBoost,0.95,0.27434694395220305,0.6378004312437204
0.2421746171986768,0.21057742586090983,0.9093548387096774,0.34196639776793836,74913,10568,281,2819,13387,SmallRandomForest,HeavyCatBoost,0.95,0.27434694395220305,0.6378004312437204
0.23784069086585094,0.20713970912296165,0.9096774193548387,0.3374416656694986,74687,10794,280,2820,13614,SmallRandomForest,HeavyCatBoost,0.95,0.27434694395220305,0.6378004312437204
0.2338572156493963,0.20395925149916913,0.9106451612903226,0.3332743049406765,74463,11018,277,2823,13841,SmallRandomForest,HeavyCatBoost,0.95,0.27434694395220305,0.6378004312437204
0.2299226649594141,0.20088143303952233,0.9116129032258065,0.3292171481826654,74239,11242,274,2826,14068,SmallRandomForest,HeavyCatBoost,0.95,0.27434694395220305,0.6378004312437204
0.22618833074189545,0.197845249755142,0.912258064516129,0.3251695987121996,74015,11466,272,2828,14294,SmallRandomForest,HeavyCatBoost,0.95,0.27434694395220305,0.6378004312437204
0.22238718540802785,0.19489015907995316,0.9129032258064517,0.32120764996311224,73790,11691,270,2830,14521,SmallRandomForest,HeavyCatBoost,0.95,0.27434694395220305,0.6378004312437204
0.21892130391442977,0.19216164903715757,0.9141935483870968,0.31757059614522637,73567,11914,266,2834,14748,SmallRandomForest,HeavyCatBoost,0.95,0.27434694395220305,0.6378004312437204
0.21528391519832568,0.18931552587646078,0.9145161290322581,0.3136929460580913,73341,12140,265,2835,14975,SmallRandomForest,HeavyCatBoost,0.95,0.27434694395220305,0.6378004312437204
0.21183065494566145,0.18668596237337193,0.915483870967742,0.3101300404327396,73117,12364,262,2838,15202,SmallRandomForest,HeavyCatBoost,0.95,0.27434694395220305,0.6378004312437204
0.20812663227814238,0.18413377406183162,0.9164516129032259,0.30665443359058775,72893,12588,259,2841,15429,SmallRandomForest,HeavyCatBoost,0.95,0.27434694395220305,0.6378004312437204
0.20495305305425002,0.18165559529892694,0.9174193548387096,0.3032629558541267,72669,12812,256,2844,15656,SmallRandomForest,HeavyCatBoost,0.95,0.27434694395220305,0.6378004312437204
0.20187451949418023,0.17918529245104828,0.9180645161290323,0.2998472317336564,72444,13037,254,2846,15883,SmallRandomForest,HeavyCatBoost,0.95,0.27434694395220305,0.6378004312437204
0.19887969184357374,0.17678460583488517,0.9187096774193548,0.2965122332118688,72219,13262,252,2848,16110,SmallRandomForest,HeavyCatBoost,0.95,0.27434694395220305,0.6378004312437204
0.19612868402123249,0.17440009794319294,0.9190322580645162,0.29316731837826715,71994,13487,251,2849,16336,SmallRandomForest,HeavyCatBoost,0.95,0.27434694395220305,0.6378004312437204
0.19299250169897023,0.1720099015878766,0.9190322580645162,0.28978284086863654,71767,13714,251,2849,16563,SmallRandomForest,HeavyCatBoost,0.95,0.27434694395220305,0.6378004312437204
0.19010615367477285,0.1699225729600953,0.9203225806451613,0.2868778280542986,71544,13937,247,2853,16790,SmallRandomForest,HeavyCatBoost,0.95,0.27434694395220305,0.6378004312437204
0.18696983378038826,0.16765587353822647,0.9203225806451613,0.2836407018939206,71317,14164,247,2853,17017,SmallRandomForest,HeavyCatBoost,0.95,0.27434694395220305,0.6378004312437204
0.18440541425955043,0.16562282533054976,0.9212903225806451,0.2807707432166732,71093,14388,244,2856,17244,SmallRandomForest,HeavyCatBoost,0.95,0.27434694395220305,0.6378004312437204
0.1816328133317247,0.16358537004178353,0.9219354838709677,0.2778669000048612,70868,14613,242,2858,17471,SmallRandomForest,HeavyCatBoost,0.95,0.27434694395220305,0.6378004312437204
0.1788309831993248,0.16160018081139113,0.9225806451612903,0.2750264448504664,70643,14838,240,2860,17698,SmallRandomForest,HeavyCatBoost,0.95,0.27434694395220305,0.6378004312437204
0.1762916903303575,0.1596094839609484,0.9229032258064516,0.2721521997621879,70417,15064,239,2861,17925,SmallRandomForest,HeavyCatBoost,0.95,0.27434694395220305,0.6378004312437204
0.17345335625641134,0.15766857646540325,0.9232258064516129,0.269339356295878,70191,15290,238,2862,18152,SmallRandomForest,HeavyCatBoost,0.95,0.27434694395220305,0.6378004312437204
0.17072347369411495,0.15578408967243443,0.9235483870967742,0.2665983797374057,69966,15515,237,2863,18378,SmallRandomForest,HeavyCatBoost,0.95,0.27434694395220305,0.6378004312437204
0.16860231681993773,0.15393711367911853,0.9238709677419354,0.26390232665284497,69740,15741,236,2864,18605,SmallRandomForest,HeavyCatBoost,0.95,0.27434694395220305,0.6378004312437204
0.16619846873048663,0.15208156329651656,0.9238709677419354,0.26117089184752873,69513,15968,236,2864,18832,SmallRandomForest,HeavyCatBoost,0.95,0.27434694395220305,0.6378004312437204
0.16384947590507284,0.1502702135474054,0.9238709677419354,0.2584954194683875,69286,16195,236,2864,19059,SmallRandomForest,HeavyCatBoost,0.95,0.27434694395220305,0.6378004312437204
0.16170692900147626,0.1486570569324899,0.9248387096774193,0.25614223175198786,69062,16419,233,2867,19286,SmallRandomForest,HeavyCatBoost,0.95,0.27434694395220305,0.6378004312437204
0.15970905096793234,0.14713268077691796,0.9261290322580645,0.2539247335603414,68839,16642,229,2871,19513,SmallRandomForest,HeavyCatBoost,0.95,0.27434694395220305,0.6378004312437204
0.15749456580007334,0.14549138804457953,0.9264516129032258,0.25148861646234677,68613,16868,228,2872,19740,SmallRandomForest,HeavyCatBoost,0.95,0.27434694395220305,0.6378004312437204
0.15525872129168009,0.14383733159713527,0.9264516129032258,0.24901374257597436,68386,17095,228,2872,19967,SmallRandomForest,HeavyCatBoost,0.95,0.27434694395220305,0.6378004312437204
0.15306967464221252,0.14227702669241815,0.9267741935483871,0.246683552998755,68161,17320,227,2873,20193,SmallRandomForest,HeavyCatBoost,0.95,0.27434694395220305,0.6378004312437204
0.15102498146939658,0.1407443682664055,0.9270967741935484,0.24438775510204083,67935,17546,226,2874,20420,SmallRandomForest,HeavyCatBoost,0.95,0.27434694395220305,0.6378004312437204
0.14901151229620904,0.1392938441420061,0.927741935483871,0.24222006990356676,67710,17771,224,2876,20647,SmallRandomForest,HeavyCatBoost,0.95,0.27434694395220305,0.6378004312437204
0.1470125644980003,0.13782696177062373,0.9280645161290323,0.24001001084508214,67484,17997,223,2877,20874,SmallRandomForest,HeavyCatBoost,0.95,0.27434694395220305,0.6378004312437204
0.14506300894483756,0.13634424908772097,0.9280645161290323,0.237758770298748,67257,18224,223,2877,21101,SmallRandomForest,HeavyCatBoost,0.95,0.27434694395220305,0.6378004312437204
0.14309601656886833,0.13493998499624907,0.9283870967741935,0.23563124283608972,67031,18450,222,2878,21328,SmallRandomForest,HeavyCatBoost,0.95,0.27434694395220305,0.6378004312437204
0.1412446989044506,0.13351890512642078,0.9283870967741935,0.23346177245994726,66804,18677,222,2878,21555,SmallRandomForest,HeavyCatBoost,0.95,0.27434694395220305,0.6378004312437204
0.139357068160963,0.13212744467909282,0.9283870967741935,0.23133188650430028,66577,18904,222,2878,21782,SmallRandomForest,HeavyCatBoost,0.95,0.27434694395220305,0.6378004312437204
0.13751622319022305,0.13076468717342904,0.9283870967741935,0.22924051137042495,66350,19131,222,2878,22009,SmallRandomForest,HeavyCatBoost,0.95,0.27434694395220305,0.6378004312437204
0.13566093083307396,0.12957049696424555,0.9293548387096774,0.22743240576277873,66127,19354,219,2881,22235,SmallRandomForest,HeavyCatBoost,0.95,0.27434694395220305,0.6378004312437204
0.13375221683921432,0.12830558276199805,0.9296774193548387,0.22549096314842343,65901,19580,218,2882,22462,SmallRandomForest,HeavyCatBoost,0.95,0.27434694395220305,0.6378004312437204
0.13201632527802007,0.12706597910881925,0.93,0.22358369847609447,65675,19806,217,2883,22689,SmallRandomForest,HeavyCatBoost,0.95,0.27434694395220305,0.6378004312437204
0.13014464126895303,0.12589457147844302,0.9306451612903226,0.22178659286592867,65450,20031,215,2885,22916,SmallRandomForest,HeavyCatBoost,0.95,0.27434694395220305,0.6378004312437204
0.12834947640418515,0.12474614354232381,0.9312903225806451,0.220020576915749,65225,20256,213,2887,23143,SmallRandomForest,HeavyCatBoost,0.95,0.27434694395220305,0.6378004312437204
0.1266433136974279,0.12362002567394095,0.9319354838709677,0.21828485077446164,65000,20481,211,2889,23370,SmallRandomForest,HeavyCatBoost,0.95,0.27434694395220305,0.6378004312437204
0.12494080695009617,0.1224308174767979,0.9319354838709677,0.21642881222609284,64773,20708,211,2889,23597,SmallRandomForest,HeavyCatBoost,0.95,0.27434694395220305,0.6378004312437204
0.12325125803347536,0.12130624580255205,0.932258064516129,0.21467835388500964,64547,20934,210,2890,23824,SmallRandomForest,HeavyCatBoost,0.95,0.27434694395220305,0.6378004312437204
0.1215241252484651,0.12016132385347802,0.932258064516129,0.2128835033700416,64320,21161,210,2890,24051,SmallRandomForest,HeavyCatBoost,0.95,0.27434694395220305,0.6378004312437204
0.12000478161101794,0.11904271532726449,0.932258064516129,0.21112612777148698,64094,21387,210,2890,24277,SmallRandomForest,HeavyCatBoost,0.95,0.27434694395220305,0.6378004312437204
0.11835738623819309,0.11802154750244857,0.9329032258064516,0.20953485002173597,63869,21612,208,2892,24504,SmallRandomForest,HeavyCatBoost,0.95,0.27434694395220305,0.6378004312437204
0.116888795548207,0.11697869071206178,0.9332258064516129,0.20789766806798177,63643,21838,207,2893,24731,SmallRandomForest,HeavyCatBoost,0.95,0.27434694395220305,0.6378004312437204
0.1154364053007951,0.11591473675775303,0.9332258064516129,0.20621569605816523,63416,22065,207,2893,24958,SmallRandomForest,HeavyCatBoost,0.95,0.27434694395220305,0.6378004312437204
0.11400733658444259,0.1148699622791344,0.9332258064516129,0.2045607212303341,63189,22292,207,2893,25185,SmallRandomForest,HeavyCatBoost,0.95,0.27434694395220305,0.6378004312437204
0.11257561807111681,0.11384385329765465,0.9332258064516129,0.2029320987654321,62962,22519,207,2893,25412,SmallRandomForest,HeavyCatBoost,0.95,0.27434694395220305,0.6378004312437204
0.11116789427581569,0.11287491711845236,0.9335483870967742,0.20139879606110161,62736,22745,206,2894,25639,SmallRandomForest,HeavyCatBoost,0.95,0.27434694395220305,0.6378004312437204
0.10947899919689472,0.11192298770586871,0.9338709677419355,0.19988952565076298,62510,22971,205,2895,25866,SmallRandomForest,HeavyCatBoost,0.95,0.27434694395220305,0.6378004312437204
0.10796294764900119,0.11102594565592304,0.9345161290322581,0.19847223649505016,62285,23196,203,2897,26093,SmallRandomForest,HeavyCatBoost,0.95,0.27434694395220305,0.6378004312437204
0.10651435351827401,0.11011056651088567,0.9348387096774193,0.19701553417859208,62060,23421,202,2898,26319,SmallRandomForest,HeavyCatBoost,0.95,0.27434694395220305,0.6378004312437204
0.10504470362847831,0.10920666013712046,0.9351612903225807,0.19557444511907168,61834,23647,201,2899,26546,SmallRandomForest,HeavyCatBoost,0.95,0.27434694395220305,0.6378004312437204
0.10374228653337737,0.1082807305867852,0.9351612903225807,0.194088307167007,61607,23874,201,2899,26773,SmallRandomForest,HeavyCatBoost,0.95,0.27434694395220305,0.6378004312437204
0.10219623543655676,0.10737037037037037,0.9351612903225807,0.19262458471760793,61380,24101,201,2899,27000,SmallRandomForest,HeavyCatBoost,0.95,0.27434694395220305,0.6378004312437204
0.10101687665988458,0.10654864656407242,0.9358064516129032,0.1913146700959541,61155,24326,199,2901,27227,SmallRandomForest,HeavyCatBoost,0.95,0.27434694395220305,0.6378004312437204
0.09971485845327725,0.10566766227143586,0.9358064516129032,0.18989330365909537,60928,24553,199,2901,27454,SmallRandomForest,HeavyCatBoost,0.95,0.27434694395220305,0.6378004312437204
0.09851346737720344,0.10483725298941513,0.9361290322580645,0.18855787661219583,60702,24779,198,2902,27681,SmallRandomForest,HeavyCatBoost,0.95,0.27434694395220305,0.6378004312437204
0.09716754560316747,0.10398452056757919,0.9361290322580645,0.18717750257997937,60475,25006,198,2902,27908,SmallRandomForest,HeavyCatBoost,0.95,0.27434694395220305,0.6378004312437204
0.09589616553777261,0.10321663408565843,0.9367741935483871,0.18594525372178647,60250,25231,196,2904,28135,SmallRandomForest,HeavyCatBoost,0.95,0.27434694395220305,0.6378004312437204
0.0945603763728725,0.10246465216318183,0.9374193548387096,0.18473665808461268,60026,25455,194,2906,28361,SmallRandomForest,HeavyCatBoost,0.95,0.27434694395220305,0.6378004312437204
0.09337821742723877,0.10175598153071219,0.9383870967741935,0.1836026255995961,59802,25679,191,2909,28588,SmallRandomForest,HeavyCatBoost,0.95,0.27434694395220305,0.6378004312437204
0.09222063694391104,0.10098906819364914,0.9387096774193548,0.18235939213535954,59576,25905,190,2910,28815,SmallRandomForest,HeavyCatBoost,0.95,0.27434694395220305,0.6378004312437204
0.09104001472036523,0.10023414365401832,0.9390322580645162,0.1811337191213988,59350,26131,189,2911,29042,SmallRandomForest,HeavyCatBoost,0.95,0.27434694395220305,0.6378004312437204
0.08993638799894264,0.09949092896921657,0.9393548387096774,0.17992523710958014,59124,26357,188,2912,29269,SmallRandomForest,HeavyCatBoost,0.95,0.27434694395220305,0.6378004312437204
0.08869644520165695,0.09872525088147545,0.9393548387096774,0.1786722297214382,58897,26584,188,2912,29496,SmallRandomForest,HeavyCatBoost,0.95,0.27434694395220305,0.6378004312437204
0.08758547843417618,0.09797126804158396,0.9393548387096774,0.17743655363616978,58670,26811,188,2912,29723,SmallRandomForest,HeavyCatBoost,0.95,0.27434694395220305,0.6378004312437204
0.08642840177057844,0.097228714524207,0.9393548387096774,0.1762178517397882,58443,27038,188,2912,29950,SmallRandomForest,HeavyCatBoost,0.95,0.27434694395220305,0.6378004312437204
0.08521602595463854,0.09649733240547437,0.9393548387096774,0.1750157766625597,58216,27265,188,2912,30177,SmallRandomForest,HeavyCatBoost,0.95,0.27434694395220305,0.6378004312437204
0.08424952988249615,0.09578002170838404,0.9393548387096774,0.17383517893919948,57990,27491,188,2912,30403,SmallRandomForest,HeavyCatBoost,0.95,0.27434694395220305,0.6378004312437204
0.08302563175522919,0.0950701926216128,0.9393548387096774,0.17266528313074417,57763,27718,188,2912,30630,SmallRandomForest,HeavyCatBoost,0.95,0.27434694395220305,0.6378004312437204
0.08192349109724123,0.09437080727225589,0.9393548387096774,0.1715110286538858,57536,27945,188,2912,30857,SmallRandomForest,HeavyCatBoost,0.95,0.27434694395220305,0.6378004312437204
0.0807547254226322,0.09368163685497362,0.9393548387096774,0.17037210390826119,57309,28172,188,2912,31084,SmallRandomForest,HeavyCatBoost,0.95,0.27434694395220305,0.6378004312437204
0.07972001897634401,0.09303439685733449,0.9396774193548387,0.16930632646537447,57083,28398,187,2913,31311,SmallRandomForest,HeavyCatBoost,0.95,0.27434694395220305,0.6378004312437204
0.078678931041196,0.09236476631365337,0.9396774193548387,0.1681967781049714,56856,28625,187,2913,31538,SmallRandomForest,HeavyCatBoost,0.95,0.27434694395220305,0.6378004312437204
0.07753824984912208,0.09176766881788131,0.9403225806451613,0.1672164061379607,56631,28850,185,2915,31765,SmallRandomForest,HeavyCatBoost,0.95,0.27434694395220305,0.6378004312437204
0.07650461504304605,0.09114778694673668,0.9406451612903226,0.1661917246095976,56405,29076,184,2916,31992,SmallRandomForest,HeavyCatBoost,0.95,0.27434694395220305,0.6378004312437204
0.07544925676105133,0.09056767745740091,0.9412903225806452,0.16523684136017439,56180,29301,182,2918,32219,SmallRandomForest,HeavyCatBoost,0.95,0.27434694395220305,0.6378004312437204
0.0745022284377962,0.08993681615040838,0.9412903225806452,0.1641862427908285,55954,29527,182,2918,32445,SmallRandomForest,HeavyCatBoost,0.95,0.27434694395220305,0.6378004312437204
0.07340968583502454,0.08931194906953967,0.9412903225806452,0.1631443587163144,55727,29754,182,2918,32672,SmallRandomForest,HeavyCatBoost,0.95,0.27434694395220305,0.6378004312437204
0.07245061740518353,0.08869570503662726,0.9412903225806452,0.1621156143226201,55500,29981,182,2918,32899,SmallRandomForest,HeavyCatBoost,0.95,0.27434694395220305,0.6378004312437204
0.07149369717809484,0.08808790678017267,0.9412903225806452,0.16109976260144646,55273,30208,182,2918,33126,SmallRandomForest,HeavyCatBoost,0.95,0.27434694395220305,0.6378004312437204
0.07062110682211822,0.08757832878601625,0.942258064516129,0.16026115820371437,55049,30432,179,2921,33353,SmallRandomForest,HeavyCatBoost,0.95,0.27434694395220305,0.6378004312437204
0.06965416751558638,0.08698630136986302,0.942258064516129,0.1592693565976009,54822,30659,179,2921,33580,SmallRandomForest,HeavyCatBoost,0.95,0.27434694395220305,0.6378004312437204
0.06873547477119277,0.08643180406424705,0.9425806451612904,0.15834394559297696,54596,30885,178,2922,33807,SmallRandomForest,HeavyCatBoost,0.95,0.27434694395220305,0.6378004312437204
0.06769177356093033,0.08585532114943879,0.9425806451612904,0.15737598965907254,54369,31112,178,2922,34034,SmallRandomForest,HeavyCatBoost,0.95,0.27434694395220305,0.6378004312437204
0.06675989954311055,0.08528647733574618,0.9425806451612904,0.1564197960440031,54142,31339,178,2922,34261,SmallRandomForest,HeavyCatBoost,0.95,0.27434694395220305,0.6378004312437204
0.06588124384148919,0.08472757850784353,0.9425806451612904,0.15547928805171998,53916,31565,178,2922,34487,SmallRandomForest,HeavyCatBoost,0.95,0.27434694395220305,0.6378004312437204
0.06489709570495891,0.08417353229244685,0.9425806451612904,0.15454593536785316,53689,31792,178,2922,34714,SmallRandomForest,HeavyCatBoost,0.95,0.27434694395220305,0.6378004312437204
0.06404990027767832,0.0836266849832575,0.9425806451612904,0.15362372177387557,53462,32019,178,2922,34941,SmallRandomForest,HeavyCatBoost,0.95,0.27434694395220305,0.6378004312437204
0.06320029912859224,0.08308689717925387,0.9425806451612904,0.15271244904358733,53235,32246,178,2922,35168,SmallRandomForest,HeavyCatBoost,0.95,0.27434694395220305,0.6378004312437204
0.06229218443680228,0.08255403305551631,0.9425806451612904,0.15181192362644497,53008,32473,178,2922,35395,SmallRandomForest,HeavyCatBoost,0.95,0.27434694395220305,0.6378004312437204
0.06133629006747825,0.08202796024928415,0.9425806451612904,0.15092195651051082,52781,32700,178,2922,35622,SmallRandomForest,HeavyCatBoost,0.95,0.27434694395220305,0.6378004312437204
0.0604952608123277,0.0815922340930012,0.9435483870967742,0.15019641069090348,52557,32924,175,2925,35849,SmallRandomForest,HeavyCatBoost,0.95,0.27434694395220305,0.6378004312437204
0.059653638048372766,0.08107883357356692,0.9435483870967742,0.14932611803144785,52330,33151,175,2925,36076,SmallRandomForest,HeavyCatBoost,0.95,0.27434694395220305,0.6378004312437204
0.05879559964918683,0.080571853565821,0.9435483870967742,0.1484658528538436,52103,33378,175,2925,36303,SmallRandomForest,HeavyCatBoost,0.95,0.27434694395220305,0.6378004312437204
0.05790692167369744,0.08010074187631745,0.9438709677419355,0.14766963587271947,51878,33603,174,2926,36529,SmallRandomForest,HeavyCatBoost,0.95,0.27434694395220305,0.6378004312437204
0.05708645716711626,0.07963325715529437,0.9441935483870968,0.14687876354877558,51652,33829,173,2927,36756,SmallRandomForest,HeavyCatBoost,0.95,0.27434694395220305,0.6378004312437204
0.05618978440985852,0.0791715112348917,0.944516129032258,0.14609684903824563,51426,34055,172,2928,36983,SmallRandomForest,HeavyCatBoost,0.95,0.27434694395220305,0.6378004312437204
0.05537314252914763,0.07868852459016394,0.944516129032258,0.14527412552716448,51199,34282,172,2928,37210,SmallRandomForest,HeavyCatBoost,0.95,0.27434694395220305,0.6378004312437204
0.05452012036285038,0.07821139514384165,0.944516129032258,0.1444606162271505,50972,34509,172,2928,37437,SmallRandomForest,HeavyCatBoost,0.95,0.27434694395220305,0.6378004312437204
0.053658871020905635,0.07774001699235344,0.944516129032258,0.14365616720635854,50745,34736,172,2928,37664,SmallRandomForest,HeavyCatBoost,0.95,0.27434694395220305,0.6378004312437204
0.05286736410550033,0.07727428676994537,0.944516129032258,0.14286062794271914,50518,34963,172,2928,37891,SmallRandomForest,HeavyCatBoost,0.95,0.27434694395220305,0.6378004312437204
0.05202681849010621,0.07684033789810588,0.9448387096774193,0.14212237372021932,50292,35189,171,2929,38118,SmallRandomForest,HeavyCatBoost,0.95,0.27434694395220305,0.6378004312437204
0.05121329863871915,0.07638744001669101,0.9448387096774193,0.14134736029340797,50066,35415,171,2929,38344,SmallRandomForest,HeavyCatBoost,0.95,0.27434694395220305,0.6378004312437204
0.05047712783438453,0.07593788079126805,0.9448387096774193,0.14057737995248493,49839,35642,171,2929,38571,SmallRandomForest,HeavyCatBoost,0.95,0.27434694395220305,0.6378004312437204
0.04967149436384474,0.07549358214340945,0.9448387096774193,0.13981574299489236,49612,35869,171,2929,38798,SmallRandomForest,HeavyCatBoost,0.95,0.27434694395220305,0.6378004312437204
0.04879849803063067,0.07505445227418321,0.9448387096774193,0.13906231454005935,49385,36096,171,2929,39025,SmallRandomForest,HeavyCatBoost,0.95,0.27434694395220305,0.6378004312437204
0.04795873068569205,0.07464587791704881,0.9451612903225807,0.13836418587079713,49159,36322,170,2930,39252,SmallRandomForest,HeavyCatBoost,0.95,0.27434694395220305,0.6378004312437204
0.047192545175841275,0.07424200207705363,0.9454838709677419,0.13767350102163037,48933,36548,169,2931,39479,SmallRandomForest,HeavyCatBoost,0.95,0.27434694395220305,0.6378004312437204
0.04641811146271057,0.07384274416964691,0.9458064516129032,0.13699014156893893,48707,36774,168,2932,39706,SmallRandomForest,HeavyCatBoost,0.95,0.27434694395220305,0.6378004312437204
0.04563236639316979,0.07342298349735807,0.9458064516129032,0.13626751562754164,48480,37001,168,2932,39933,SmallRandomForest,HeavyCatBoost,0.95,0.27434694395220305,0.6378004312437204
0.04471383626635836,0.07300796812749004,0.9458064516129032,0.13555247341655108,48253,37228,168,2932,40160,SmallRandomForest,HeavyCatBoost,0.95,0.27434694395220305,0.6378004312437204
0.04400903558767258,0.07259941563908286,0.9458064516129032,0.13484799705652398,48027,37454,168,2932,40386,SmallRandomForest,HeavyCatBoost,0.95,0.27434694395220305,0.6378004312437204
0.043202408292095804,0.07219363258070076,0.9458064516129032,0.1341477363713312,47800,37681,168,2932,40613,SmallRandomForest,HeavyCatBoost,0.95,0.27434694395220305,0.6378004312437204
0.04244870044653373,0.07179236043095005,0.9458064516129032,0.13345471096950387,47573,37908,168,2932,40840,SmallRandomForest,HeavyCatBoost,0.95,0.27434694395220305,0.6378004312437204
0.041774247723030636,0.07141987483867826,0.9461290322580646,0.13281409196911723,47347,38134,167,2933,41067,SmallRandomForest,HeavyCatBoost,0.95,0.27434694395220305,0.6378004312437204
0.041059171905497904,0.07105148447716375,0.9464516129032258,0.13218002432761183,47121,38360,166,2934,41294,SmallRandomForest,HeavyCatBoost,0.95,0.27434694395220305,0.6378004312437204
0.04038567968043705,0.07068712217913826,0.9467741935483871,0.13155240805898566,46895,38586,165,2935,41521,SmallRandomForest,HeavyCatBoost,0.95,0.27434694395220305,0.6378004312437204
0.03967351354827685,0.07030276899492191,0.9467741935483871,0.13088655012486622,46668,38813,165,2935,41748,SmallRandomForest,HeavyCatBoost,0.95,0.27434694395220305,0.6378004312437204
0.03896517206631638,0.0699225729600953,0.9467741935483871,0.1302273987798114,46441,39040,165,2935,41975,SmallRandomForest,HeavyCatBoost,0.95,0.27434694395220305,0.6378004312437204
0.03832130186048788,0.06954646699208568,0.9467741935483871,0.1295748532073639,46214,39267,165,2935,42202,SmallRandomForest,HeavyCatBoost,0.95,0.27434694395220305,0.6378004312437204
0.037641327769462045,0.06917601583859716,0.9467741935483871,0.12893164645932173,45988,39493,165,2935,42428,SmallRandomForest,HeavyCatBoost,0.95,0.27434694395220305,0.6378004312437204
0.03694783544005806,0.06880787715390928,0.9467741935483871,0.12829198994645394,45761,39720,165,2935,42655,SmallRandomForest,HeavyCatBoost,0.95,0.27434694395220305,0.6378004312437204
0.03626046658178105,0.06846695583228395,0.9470967741935484,0.12770214431734156,45535,39946,164,2936,42882,SmallRandomForest,HeavyCatBoost,0.95,0.27434694395220305,0.6378004312437204
0.03562053216292856,0.0681064278920875,0.9470967741935484,0.12707481226600878,45308,40173,164,2936,43109,SmallRandomForest,HeavyCatBoost,0.95,0.27434694395220305,0.6378004312437204
0.03496273579072208,0.06774967694295736,0.9470967741935484,0.12645361357567406,45081,40400,164,2936,43336,SmallRandomForest,HeavyCatBoost,0.95,0.27434694395220305,0.6378004312437204
0.034282945892193654,0.06739664394095907,0.9470967741935484,0.12583845873604355,44854,40627,164,2936,43563,SmallRandomForest,HeavyCatBoost,0.95,0.27434694395220305,0.6378004312437204
0.03362410056700045,0.06707010733044073,0.9474193548387096,0.12527191298784388,44628,40853,163,2937,43790,SmallRandomForest,HeavyCatBoost,0.95,0.27434694395220305,0.6378004312437204
0.032964451750717244,0.06672422018765477,0.9474193548387096,0.12466837871681134,44401,41080,163,2937,44017,SmallRandomForest,HeavyCatBoost,0.95,0.27434694395220305,0.6378004312437204
0.0322538183953573,0.06638188228912395,0.9474193548387096,0.12407063197026022,44174,41307,163,2937,44244,SmallRandomForest,HeavyCatBoost,0.95,0.27434694395220305,0.6378004312437204
0.031657846707608676,0.06604452439847087,0.9474193548387096,0.1234811856211898,43948,41533,163,2937,44470,SmallRandomForest,HeavyCatBoost,0.95,0.27434694395220305,0.6378004312437204
0.031116406777918645,0.0657091079938251,0.9474193548387096,0.12289474234784611,43721,41760,163,2937,44697,SmallRandomForest,HeavyCatBoost,0.95,0.27434694395220305,0.6378004312437204
0.030545639482652657,0.06537708129285015,0.9474193548387096,0.12231384307846078,43494,41987,163,2937,44924,SmallRandomForest,HeavyCatBoost,0.95,0.27434694395220305,0.6378004312437204
0.029917356127029216,0.0650483931695865,0.9474193548387096,0.1217384095666411,43267,42214,163,2937,45151,SmallRandomForest,HeavyCatBoost,0.95,0.27434694395220305,0.6378004312437204
0.029345102790094408,0.06472299352108951,0.9474193548387096,0.12116836503156071,43040,42441,163,2937,45378,SmallRandomForest,HeavyCatBoost,0.95,0.27434694395220305,0.6378004312437204
0.0287156394603412,0.06440083324196909,0.9474193548387096,0.1206036341238066,42813,42668,163,2937,45605,SmallRandomForest,HeavyCatBoost,0.95,0.27434694395220305,0.6378004312437204
0.028119309975495697,0.0641255018327806,0.9480645161290323,0.1201258889888008,42588,42893,161,2939,45832,SmallRandomForest,HeavyCatBoost,0.95,0.27434694395220305,0.6378004312437204
0.02744406102566874,0.06380946177728565,0.9480645161290323,0.11957118737159014,42361,43120,161,2939,46059,SmallRandomForest,HeavyCatBoost,0.95,0.27434694395220305,0.6378004312437204
0.026799175008697315,0.06349652162640972,0.9480645161290323,0.1190215850645932,42134,43347,161,2939,46286,SmallRandomForest,HeavyCatBoost,0.95,0.27434694395220305,0.6378004312437204
0.026155444912454535,0.06318799449604404,0.9480645161290323,0.1184794001451262,41908,43573,161,2939,46512,SmallRandomForest,HeavyCatBoost,0.95,0.27434694395220305,0.6378004312437204
0.02558944065360403,0.06288110571471363,0.9480645161290323,0.11793976604667027,41681,43800,161,2939,46739,SmallRandomForest,HeavyCatBoost,0.95,0.27434694395220305,0.6378004312437204
0.0249863172003638,0.06257718349444279,0.9480645161290323,0.1174050253665162,41454,44027,161,2939,46966,SmallRandomForest,HeavyCatBoost,0.95,0.27434694395220305,0.6378004312437204
0.024372410554017798,0.06229737461064141,0.9483870967741935,0.1169148788101724,41228,44253,160,2940,47193,SmallRandomForest,HeavyCatBoost,0.95,0.27434694395220305,0.6378004312437204
0.023750572600654003,0.061999156474061574,0.9483870967741935,0.1163895486935867,41001,44480,160,2940,47420,SmallRandomForest,HeavyCatBoost,0.95,0.27434694395220305,0.6378004312437204
0.023172806692094625,0.06170377988120973,0.9483870967741935,0.11586891835970599,40774,44707,160,2940,47647,SmallRandomForest,HeavyCatBoost,0.95,0.27434694395220305,0.6378004312437204
0.02262675305322805,0.0614112044115804,0.9483870967741935,0.11535292502059874,40547,44934,160,2940,47874,SmallRandomForest,HeavyCatBoost,0.95,0.27434694395220305,0.6378004312437204
0.02200614004581369,0.06112139040768383,0.9483870967741935,0.11484150700181636,40320,45161,160,2940,48101,SmallRandomForest,HeavyCatBoost,0.95,0.27434694395220305,0.6378004312437204
0.02148466041952584,0.060834298957126304,0.9483870967741935,0.11433460371781909,40093,45388,160,2940,48328,SmallRandomForest,HeavyCatBoost,0.95,0.27434694395220305,0.6378004312437204
0.02089077674158427,0.06055113893808955,0.9483870967741935,0.11383435939133464,39867,45614,160,2940,48554,SmallRandomForest,HeavyCatBoost,0.95,0.27434694395220305,0.6378004312437204
0.0202786378105215,0.060269367171644696,0.9483870967741935,0.11333628881478769,39640,45841,160,2940,48781,SmallRandomForest,HeavyCatBoost,0.95,0.27434694395220305,0.6378004312437204
0.019716293670798208,0.05999020568070519,0.9483870967741935,0.11284255776464265,39413,46068,160,2940,49008,SmallRandomForest,HeavyCatBoost,0.95,0.27434694395220305,0.6378004312437204
0.019174516407686353,0.05971361836092211,0.9483870967741935,0.1123531097735741,39186,46295,160,2940,49235,SmallRandomForest,HeavyCatBoost,0.95,0.27434694395220305,0.6378004312437204
0.01863887002048294,0.059439569770733086,0.9483870967741935,0.11186788934972032,38959,46522,160,2940,49462,SmallRandomForest,HeavyCatBoost,0.95,0.27434694395220305,0.6378004312437204
0.018123052160098768,0.059168025116222905,0.9483870967741935,0.11138684195571047,38732,46749,160,2940,49689,SmallRandomForest,HeavyCatBoost,0.95,0.27434694395220305,0.6378004312437204
0.017653650904394403,0.05889895023639715,0.9483870967741935,0.11090991398822997,38505,46976,160,2940,49916,SmallRandomForest,HeavyCatBoost,0.95,0.27434694395220305,0.6378004312437204
0.017130221689304646,0.05863231158885587,0.9483870967741935,0.11043705275810904,38278,47203,160,2940,50143,SmallRandomForest,HeavyCatBoost,0.95,0.27434694395220305,0.6378004312437204
0.01657426210228228,0.058368076235854674,0.9483870967741935,0.10996820647091828,38051,47430,160,2940,50370,SmallRandomForest,HeavyCatBoost,0.95,0.27434694395220305,0.6378004312437204
0.0159922949804101,0.058107360265633644,0.9483870967741935,0.10950536352800955,37825,47656,160,2940,50596,SmallRandomForest,HeavyCatBoost,0.95,0.27434694395220305,0.6378004312437204
0.015402757899092578,0.05786750093461622,0.9487096774193549,0.1090814680192126,37599,47882,159,2941,50823,SmallRandomForest,HeavyCatBoost,0.95,0.27434694395220305,0.6378004312437204
0.01484795369059025,0.0576101860920666,0.9487096774193549,0.1086241920590951,37372,48109,159,2941,51050,SmallRandomForest,HeavyCatBoost,0.95,0.27434694395220305,0.6378004312437204
0.014270468515569441,0.05737465140316321,0.9490322580645161,0.10820751420637402,37146,48335,158,2942,51277,SmallRandomForest,HeavyCatBoost,0.95,0.27434694395220305,0.6378004312437204
0.013760055724640249,0.05714119291705499,0.9493548387096774,0.10779430078382536,36920,48561,157,2943,51504,SmallRandomForest,HeavyCatBoost,0.95,0.27434694395220305,0.6378004312437204
0.013243673700378846,0.05689045253329725,0.9493548387096774,0.10734803304699896,36693,48788,157,2943,51731,SmallRandomForest,HeavyCatBoost,0.95,0.27434694395220305,0.6378004312437204
0.01267405994894045,0.05664190307556103,0.9493548387096774,0.10690544516691489,36466,49015,157,2943,51958,SmallRandomForest,HeavyCatBoost,0.95,0.27434694395220305,0.6378004312437204
0.012156820506646284,0.056414678547475325,0.9496774193548387,0.10650266799312652,36240,49241,156,2944,52185,SmallRandomForest,HeavyCatBoost,0.95,0.27434694395220305,0.6378004312437204
0.01163238630702566,0.056170342669617644,0.9496774193548387,0.10606715665081423,36013,49468,156,2944,52412,SmallRandomForest,HeavyCatBoost,0.95,0.27434694395220305,0.6378004312437204
0.011051659500026548,0.055929176640449864,0.9496774193548387,0.1056370878036528,35787,49694,156,2944,52638,SmallRandomForest,HeavyCatBoost,0.95,0.27434694395220305,0.6378004312437204
0.01045583284578608,0.05568901919984867,0.9496774193548387,0.1052086125256857,35560,49921,156,2944,52865,SmallRandomForest,HeavyCatBoost,0.95,0.27434694395220305,0.6378004312437204
0.009867465998987511,0.055450915392149476,0.9496774193548387,0.10478359908883828,35333,50148,156,2944,53092,SmallRandomForest,HeavyCatBoost,0.95,0.27434694395220305,0.6378004312437204
0.009371468494279597,0.05521483898797802,0.9496774193548387,0.10436200570729719,35106,50375,156,2944,53319,SmallRandomForest,HeavyCatBoost,0.95,0.27434694395220305,0.6378004312437204
0.008807009138029722,0.05498076420274157,0.9496774193548387,0.1039437912650496,34879,50602,156,2944,53546,SmallRandomForest,HeavyCatBoost,0.95,0.27434694395220305,0.6378004312437204
0.008270637924802156,0.05474866568724081,0.9496774193548387,0.10352891530251612,34652,50829,156,2944,53773,SmallRandomForest,HeavyCatBoost,0.95,0.27434694395220305,0.6378004312437204
0.007672484845128446,0.05451750893501972,0.9496774193548387,0.10311553212728325,34424,51057,156,2944,54001,SmallRandomForest,HeavyCatBoost,0.95,0.27434694395220305,0.6378004312437204
0.007101433577011012,0.05428929704211846,0.9496774193548387,0.10270722857940273,34197,51284,156,2944,54228,SmallRandomForest,HeavyCatBoost,0.95,0.27434694395220305,0.6378004312437204
0.006511731221061201,0.054062987788081905,0.9496774193548387,0.10230214577360787,33970,51511,156,2944,54455,SmallRandomForest,HeavyCatBoost,0.95,0.27434694395220305,0.6378004312437204
0.005956982907586175,0.05383954207128619,0.9496774193548387,0.1019020093110192,33744,51737,156,2944,54681,SmallRandomForest,HeavyCatBoost,0.95,0.27434694395220305,0.6378004312437204
0.005363950766874204,0.05361695927733664,0.9496774193548387,0.10150324093228522,33517,51964,156,2944,54908,SmallRandomForest,HeavyCatBoost,0.95,0.27434694395220305,0.6378004312437204
0.0047139375013234034,0.05341434660379069,0.95,0.10114192495921696,33291,52190,155,2945,55135,SmallRandomForest,HeavyCatBoost,0.95,0.27434694395220305,0.6378004312437204
0.0041884172364478585,0.05319533253856436,0.95,0.10074920461154255,33064,52417,155,2945,55362,SmallRandomForest,HeavyCatBoost,0.95,0.27434694395220305,0.6378004312437204
0.0035224354600069487,0.05297810717947796,0.95,0.10035952222733392,32837,52644,155,2945,55589,SmallRandomForest,HeavyCatBoost,0.95,0.27434694395220305,0.6378004312437204
0.0028677281959727063,0.052762648702880895,0.95,0.09997284269128928,32610,52871,155,2945,55816,SmallRandomForest,HeavyCatBoost,0.95,0.27434694395220305,0.6378004312437204
0.00215221137461526,0.052548935638705996,0.95,0.09958913142721877,32383,53098,155,2945,56043,SmallRandomForest,HeavyCatBoost,0.95,0.27434694395220305,0.6378004312437204
0.0011963747431974964,0.05233694686333748,0.95,0.09920835438773792,32156,53325,155,2945,56270,SmallRandomForest,HeavyCatBoost,0.95,0.27434694395220305,0.6378004312437204
3.670016085608963e-05,0.05212666159265094,0.95,0.09883047804419685,31929,53552,155,2945,56497,SmallRandomForest,HeavyCatBoost,0.95,0.27434694395220305,0.6378004312437204
0.9998735189437866,1.0,0.0003225806451612903,0.0006449532408900355,85481,0,3099,1,1,SmallRandomForest,XGBoost,0.95,0.27434694395220305,0.6378004312437204
0.9986764788627625,0.9957081545064378,0.07483870967741936,0.13921392139213923,85480,1,2868,232,233,SmallRandomForest,XGBoost,0.95,0.27434694395220305,0.6378004312437204
0.9963493347167969,0.9869848156182213,0.14677419354838708,0.2555461948890761,85475,6,2645,455,461,SmallRandomForest,XGBoost,0.95,0.27434694395220305,0.6378004312437204
0.9931200742721558,0.9811046511627907,0.21774193548387097,0.35638859556494196,85468,13,2425,675,688,SmallRandomForest,XGBoost,0.95,0.27434694395220305,0.6378004312437204
0.9870418310165405,0.9683406113537117,0.2861290322580645,0.44173306772908366,85452,29,2213,887,916,SmallRandomForest,XGBoost,0.95,0.27434694395220305,0.6378004312437204
0.9757630825042725,0.9544658493870403,0.35161290322580646,0.5139085337105138,85429,52,2010,1090,1142,SmallRandomForest,XGBoost,0.95,0.27434694395220305,0.6378004312437204
0.9581422209739685,0.9422936449963477,0.4161290322580645,0.577310360259566,85402,79,1810,1290,1369,SmallRandomForest,XGBoost,0.95,0.27434694395220305,0.6378004312437204
0.935627281665802,0.9266457680250784,0.47677419354838707,0.6296059637912672,85364,117,1622,1478,1595,SmallRandomForest,XGBoost,0.95,0.27434694395220305,0.6378004312437204
0.9088848233222961,0.9110867178924259,0.535483870967742,0.6745225518082081,85319,162,1440,1660,1822,SmallRandomForest,XGBoost,0.95,0.27434694395220305,0.6378004312437204
0.8732799291610718,0.879453391898487,0.5812903225806452,0.6999417362594679,85234,247,1298,1802,2049,SmallRandomForest,XGBoost,0.95,0.27434694395220305,0.6378004312437204
0.838651716709137,0.84,0.6164516129032258,0.7110697674418605,85117,364,1189,1911,2275,SmallRandomForest,XGBoost,0.95,0.27434694395220305,0.6378004312437204
0.8048436045646667,0.8009592326139089,0.6464516129032258,0.7154587647268833,84983,498,1096,2004,2502,SmallRandomForest,XGBoost,0.95,0.27434694395220305,0.6378004312437204
0.775603175163269,0.7617302052785924,0.6703225806451613,0.7131091283459162,84831,650,1022,2078,2728,SmallRandomForest,XGBoost,0.95,0.27434694395220305,0.6378004312437204
0.7469326853752136,0.7272419627749577,0.6932258064516129,0.7098265895953757,84675,806,951,2149,2955,SmallRandomForest,XGBoost,0.95,0.27434694395220305,0.6378004312437204
0.7190219759941101,0.6929604022627278,0.7112903225806452,0.7020057306590257,84504,977,895,2205,3182,SmallRandomForest,XGBoost,0.95,0.27434694395220305,0.6378004312437204
0.6927545666694641,0.6591375770020534,0.7248387096774194,0.6904286372714703,84319,1162,853,2247,3409,SmallRandomForest,XGBoost,0.95,0.27434694395220305,0.6378004312437204
0.6703931093215942,0.6309130913091309,0.74,0.6811163895486937,84139,1342,806,2294,3636,SmallRandomForest,XGBoost,0.95,0.27434694395220305,0.6378004312437204
0.648478627204895,0.6036758995599275,0.752258064516129,0.669826224328594,83950,1531,768,2332,3863,SmallRandomForest,XGBoost,0.95,0.27434694395220305,0.6378004312437204
0.628426730632782,0.5753056234718826,0.7590322580645161,0.6545201668984701,83744,1737,747,2353,4090,SmallRandomForest,XGBoost,0.95,0.27434694395220305,0.6378004312437204
0.6090905070304871,0.5521316033364226,0.7687096774193548,0.6426645091693635,83548,1933,717,2383,4316,SmallRandomForest,XGBoost,0.95,0.27434694395220305,0.6378004312437204
0.5904185771942139,0.5309267004182259,0.7780645161290323,0.6311657726023813,83350,2131,688,2412,4543,SmallRandomForest,XGBoost,0.95,0.27434694395220305,0.6378004312437204
0.5715073943138123,0.5105892220591319,0.785483870967742,0.6188842292540347,83147,2334,665,2435,4769,SmallRandomForest,XGBoost,0.95,0.27434694395220305,0.6378004312437204
0.5555166006088257,0.4923939151321057,0.7935483870967742,0.607707509881423,82945,2536,640,2460,4996,SmallRandomForest,XGBoost,0.95,0.27434694395220305,0.6378004312437204
0.5397791862487793,0.47482289871721234,0.8,0.5959389643157516,82738,2743,620,2480,5223,SmallRandomForest,XGBoost,0.95,0.27434694395220305,0.6378004312437204
0.5251393914222717,0.45843273995228484,0.8058064516129032,0.5843958357702655,82530,2951,602,2498,5449,SmallRandomForest,XGBoost,0.95,0.27434694395220305,0.6378004312437204
0.511197030544281,0.442134930420997,0.8096774193548387,0.5719494132391477,82314,3167,590,2510,5677,SmallRandomForest,XGBoost,0.95,0.27434694395220305,0.6378004312437204
0.49668464064598083,0.4267321700830086,0.8125806451612904,0.5595912473619905,82097,3384,581,2519,5903,SmallRandomForest,XGBoost,0.95,0.27434694395220305,0.6378004312437204
0.4833398163318634,0.4130505709624796,0.8167741935483871,0.5486457204767065,81883,3598,568,2532,6130,SmallRandomForest,XGBoost,0.95,0.27434694395220305,0.6378004312437204
0.4712076485157013,0.40040906230333545,0.8209677419354838,0.5382825719120136,81670,3811,555,2545,6356,SmallRandomForest,XGBoost,0.95,0.27434694395220305,0.6378004312437204
0.4599402844905853,0.38781710466352726,0.8235483870967742,0.5273159144893111,81451,4030,547,2553,6583,SmallRandomForest,XGBoost,0.95,0.27434694395220305,0.6378004312437204
0.44740474224090576,0.3770010280511088,0.8280645161290323,0.5181148450903219,81239,4242,533,2567,6809,SmallRandomForest,XGBoost,0.95,0.27434694395220305,0.6378004312437204
0.4375079572200775,0.3662452052848416,0.8316129032258065,0.5085314133543742,81020,4461,522,2578,7039,SmallRandomForest,XGBoost,0.95,0.27434694395220305,0.6378004312437204
0.42685654759407043,0.3558552359983487,0.8341935483870968,0.498890710909617,80800,4681,514,2586,7267,SmallRandomForest,XGBoost,0.95,0.27434694395220305,0.6378004312437204
0.41747817397117615,0.34685706659548915,0.8383870967741935,0.49070140658925715,80587,4894,501,2599,7493,SmallRandomForest,XGBoost,0.95,0.27434694395220305,0.6378004312437204
0.4079330563545227,0.3378238341968912,0.8412903225806452,0.4820702402957486,80369,5112,492,2608,7720,SmallRandomForest,XGBoost,0.95,0.27434694395220305,0.6378004312437204
0.398458331823349,0.32959979864082556,0.8448387096774194,0.47419880499728406,80154,5327,481,2619,7946,SmallRandomForest,XGBoost,0.95,0.27434694395220305,0.6378004312437204
0.3895186483860016,0.32179126391777807,0.8483870967741935,0.46660161447706916,79938,5543,470,2630,8173,SmallRandomForest,XGBoost,0.95,0.27434694395220305,0.6378004312437204
0.38062360882759094,0.31357142857142856,0.8496774193548388,0.4580869565217392,79715,5766,466,2634,8400,SmallRandomForest,XGBoost,0.95,0.27434694395220305,0.6378004312437204
0.372601717710495,0.3060159962907152,0.8516129032258064,0.450243028907649,79494,5987,460,2640,8627,SmallRandomForest,XGBoost,0.95,0.27434694395220305,0.6378004312437204
0.36512425541877747,0.29952563812965893,0.8554838709677419,0.44370085327087166,79279,6202,448,2652,8854,SmallRandomForest,XGBoost,0.95,0.27434694395220305,0.6378004312437204
0.3575918972492218,0.29306167400881056,0.8583870967741936,0.43694581280788175,79062,6419,439,2661,9080,SmallRandomForest,XGBoost,0.95,0.27434694395220305,0.6378004312437204
0.34978002309799194,0.2868808423767057,0.8612903225806452,0.4304021923107923,78844,6637,430,2670,9307,SmallRandomForest,XGBoost,0.95,0.27434694395220305,0.6378004312437204
0.34126633405685425,0.2807091157033463,0.863225806451613,0.4236523391118499,78624,6857,424,2676,9533,SmallRandomForest,XGBoost,0.95,0.27434694395220305,0.6378004312437204
0.3344637155532837,0.27435713553939145,0.8638709677419355,0.4164528419252002,78398,7083,422,2678,9761,SmallRandomForest,XGBoost,0.95,0.27434694395220305,0.6378004312437204
0.32850393652915955,0.26834885350956245,0.864516129032258,0.4095667456254299,78174,7307,420,2680,9987,SmallRandomForest,XGBoost,0.95,0.27434694395220305,0.6378004312437204
0.32218652963638306,0.2633382280959373,0.867741935483871,0.40405557641757417,77956,7525,410,2690,10215,SmallRandomForest,XGBoost,0.95,0.27434694395220305,0.6378004312437204
0.3165525197982788,0.258092319479027,0.8693548387096774,0.3980209717914636,77734,7747,405,2695,10442,SmallRandomForest,XGBoost,0.95,0.27434694395220305,0.6378004312437204
0.3100357949733734,0.25346831646044243,0.8722580645161291,0.3927948866937827,77517,7964,396,2704,10668,SmallRandomForest,XGBoost,0.95,0.27434694395220305,0.6378004312437204
0.3034854233264923,0.24855438274437816,0.8735483870967742,0.38699535548410147,77294,8187,392,2708,10895,SmallRandomForest,XGBoost,0.95,0.27434694395220305,0.6378004312437204
0.29804864525794983,0.24420068333033626,0.8761290322580645,0.3819434678666854,77075,8406,384,2716,11122,SmallRandomForest,XGBoost,0.95,0.27434694395220305,0.6378004312437204
0.29293152689933777,0.23975680676711605,0.8777419354838709,0.37663506124991347,76853,8628,379,2721,11349,SmallRandomForest,XGBoost,0.95,0.27434694395220305,0.6378004312437204
0.2879605293273926,0.2355939524838013,0.8796774193548387,0.3716524701873935,76633,8848,373,2727,11575,SmallRandomForest,XGBoost,0.95,0.27434694395220305,0.6378004312437204
0.2827053368091583,0.23157092018301983,0.8816129032258064,0.3667964031673601,76412,9069,367,2733,11802,SmallRandomForest,XGBoost,0.95,0.27434694395220305,0.6378004312437204
0.2774885892868042,0.2276165932330202,0.8832258064516129,0.36195386344107344,76190,9291,362,2738,12029,SmallRandomForest,XGBoost,0.95,0.27434694395220305,0.6378004312437204
0.2728859782218933,0.22350061199510404,0.8835483870967742,0.3567567567567568,75965,9516,361,2739,12255,SmallRandomForest,XGBoost,0.95,0.27434694395220305,0.6378004312437204
0.26801013946533203,0.2198990627253064,0.885483870967742,0.35230700121927744,75743,9738,355,2745,12483,SmallRandomForest,XGBoost,0.95,0.27434694395220305,0.6378004312437204
0.26322829723358154,0.21630340703438508,0.886774193548387,0.347776582959074,75521,9960,351,2749,12709,SmallRandomForest,XGBoost,0.95,0.27434694395220305,0.6378004312437204
0.25917139649391174,0.21273964131106987,0.8877419354838709,0.3432277375904215,75297,10184,348,2752,12936,SmallRandomForest,XGBoost,0.95,0.27434694395220305,0.6378004312437204
0.2540448307991028,0.20939067011092538,0.8890322580645161,0.3389496986840486,75075,10406,344,2756,13162,SmallRandomForest,XGBoost,0.95,0.27434694395220305,0.6378004312437204
0.25007206201553345,0.20591530360743895,0.8893548387096775,0.33440475468494146,74849,10632,343,2757,13389,SmallRandomForest,XGBoost,0.95,0.27434694395220305,0.6378004312437204
0.24625903367996216,0.20279103929489534,0.8906451612903226,0.33036195034400245,74627,10854,339,2761,13615,SmallRandomForest,XGBoost,0.95,0.27434694395220305,0.6378004312437204
0.24228297173976898,0.19975437075567115,0.8919354838709678,0.3264077440679967,74404,11077,335,2765,13842,SmallRandomForest,XGBoost,0.95,0.27434694395220305,0.6378004312437204
0.23861755430698395,0.19694385216773277,0.8938709677419355,0.3227722772277228,74182,11299,329,2771,14070,SmallRandomForest,XGBoost,0.95,0.27434694395220305,0.6378004312437204
0.23485739529132843,0.19404029099048684,0.8948387096774194,0.3189238905495516,73959,11522,326,2774,14296,SmallRandomForest,XGBoost,0.95,0.27434694395220305,0.6378004312437204
0.23138003051280975,0.1912564543889845,0.8961290322580645,0.31523404255319154,73734,11747,322,2778,14525,SmallRandomForest,XGBoost,0.95,0.27434694395220305,0.6378004312437204
0.22761404514312744,0.18866517524235646,0.8977419354838709,0.3118032603215506,73513,11968,317,2783,14751,SmallRandomForest,XGBoost,0.95,0.27434694395220305,0.6378004312437204
0.22425110638141632,0.18593937775403926,0.8983870967741936,0.30810930412656273,73288,12193,315,2785,14978,SmallRandomForest,XGBoost,0.95,0.27434694395220305,0.6378004312437204
0.22096310555934906,0.18342650443932917,0.8996774193548387,0.3047254848402076,73065,12416,311,2789,15205,SmallRandomForest,XGBoost,0.95,0.27434694395220305,0.6378004312437204
0.21746371686458588,0.1809227579056506,0.9006451612903226,0.30131664148499887,72841,12640,308,2792,15432,SmallRandomForest,XGBoost,0.95,0.27434694395220305,0.6378004312437204
0.21421821415424347,0.1787470464269749,0.9029032258064517,0.2984167599552215,72621,12860,301,2799,15659,SmallRandomForest,XGBoost,0.95,0.27434694395220305,0.6378004312437204
0.21120142936706543,0.17625582273700113,0.9032258064516129,0.2949541767618245,72395,13086,300,2800,15886,SmallRandomForest,XGBoost,0.95,0.27434694395220305,0.6378004312437204
0.20828860998153687,0.1737619461337967,0.9032258064516129,0.2914541480170709,72167,13314,300,2800,16114,SmallRandomForest,XGBoost,0.95,0.27434694395220305,0.6378004312437204
0.20519869029521942,0.17160342717258262,0.9045161290322581,0.28847736625514403,71945,13536,296,2804,16340,SmallRandomForest,XGBoost,0.95,0.27434694395220305,0.6378004312437204
0.20237956941127777,0.16936262675036215,0.9051612903225806,0.2853365873500102,71719,13762,294,2806,16568,SmallRandomForest,XGBoost,0.95,0.27434694395220305,0.6378004312437204
0.19925430417060852,0.16720257234726688,0.9058064516129032,0.28229616969940685,71495,13986,292,2808,16794,SmallRandomForest,XGBoost,0.95,0.27434694395220305,0.6378004312437204
0.19634759426116943,0.16514893367017214,0.9067741935483871,0.2794095720888624,71271,14210,289,2811,17021,SmallRandomForest,XGBoost,0.95,0.27434694395220305,0.6378004312437204
0.19355620443820953,0.1630819177923358,0.9074193548387097,0.27647550248169445,71045,14436,287,2813,17249,SmallRandomForest,XGBoost,0.95,0.27434694395220305,0.6378004312437204
0.1905658096075058,0.1611444921316166,0.9083870967741936,0.27373025516403404,70822,14659,284,2816,17475,SmallRandomForest,XGBoost,0.95,0.27434694395220305,0.6378004312437204
0.1879320591688156,0.15919105185854707,0.9090322580645162,0.27093548697240655,70597,14884,282,2818,17702,SmallRandomForest,XGBoost,0.95,0.27434694395220305,0.6378004312437204
0.18510469794273376,0.1572400713966979,0.9093548387096774,0.2681186988776869,70372,15109,281,2819,17928,SmallRandomForest,XGBoost,0.95,0.27434694395220305,0.6378004312437204
0.18277734518051147,0.1553291104378959,0.9096774193548387,0.265349329569513,70146,15335,280,2820,18155,SmallRandomForest,XGBoost,0.95,0.27434694395220305,0.6378004312437204
0.17978344857692719,0.15352809966813558,0.9103225806451613,0.26274382012010616,69922,15559,278,2822,18381,SmallRandomForest,XGBoost,0.95,0.27434694395220305,0.6378004312437204
0.1775127500295639,0.15192390369733447,0.9119354838709678,0.2604569743873226,69700,15781,273,2827,18608,SmallRandomForest,XGBoost,0.95,0.27434694395220305,0.6378004312437204
0.17518620193004608,0.1501460047783382,0.912258064516129,0.2578527467517666,69474,16007,272,2828,18835,SmallRandomForest,XGBoost,0.95,0.27434694395220305,0.6378004312437204
0.17242372035980225,0.14852316247835895,0.9132258064516129,0.25549388565497944,69251,16230,269,2831,19061,SmallRandomForest,XGBoost,0.95,0.27434694395220305,0.6378004312437204
0.17017923295497894,0.14676758774431023,0.9132258064516129,0.2528920452007682,69023,16458,269,2831,19289,SmallRandomForest,XGBoost,0.95,0.27434694395220305,0.6378004312437204
0.16785547137260437,0.14516294322607093,0.9138709677419354,0.25053059780686243,68798,16683,267,2833,19516,SmallRandomForest,XGBoost,0.95,0.27434694395220305,0.6378004312437204
0.16559191048145294,0.14354454743453376,0.9141935483870968,0.24812852952764525,68572,16909,266,2834,19743,SmallRandomForest,XGBoost,0.95,0.27434694395220305,0.6378004312437204
0.16333264112472534,0.1420201312033652,0.9148387096774193,0.245871082404959,68348,17133,264,2836,19969,SmallRandomForest,XGBoost,0.95,0.27434694395220305,0.6378004312437204
0.1609148532152176,0.14041689359805912,0.9148387096774193,0.24346482379705542,68120,17361,264,2836,20197,SmallRandomForest,XGBoost,0.95,0.27434694395220305,0.6378004312437204
0.15878164768218994,0.13886304656514714,0.9148387096774193,0.24112570675509074,67894,17587,264,2836,20423,SmallRandomForest,XGBoost,0.95,0.27434694395220305,0.6378004312437204
0.15680085122585297,0.13742675899472181,0.915483870967742,0.2389794113932045,67668,17813,262,2838,20651,SmallRandomForest,XGBoost,0.95,0.27434694395220305,0.6378004312437204
0.15493714809417725,0.1359260500981848,0.915483870967742,0.2367071187288878,67440,18041,262,2838,20879,SmallRandomForest,XGBoost,0.95,0.27434694395220305,0.6378004312437204
0.15308856964111328,0.1345652688936271,0.9161290322580645,0.23466225986366454,67216,18265,260,2840,21105,SmallRandomForest,XGBoost,0.95,0.27434694395220305,0.6378004312437204
0.15108413994312286,0.13318019876242265,0.9164516129032259,0.2325638506876228,66990,18491,259,2841,21332,SmallRandomForest,XGBoost,0.95,0.27434694395220305,0.6378004312437204
0.14892606437206268,0.13191706479892387,0.9174193548387096,0.2306662881706476,66766,18715,256,2844,21559,SmallRandomForest,XGBoost,0.95,0.27434694395220305,0.6378004312437204
0.14702996611595154,0.13058845129899935,0.917741935483871,0.22864261030298155,66540,18941,255,2845,21786,SmallRandomForest,XGBoost,0.95,0.27434694395220305,0.6378004312437204
0.14513233304023743,0.1293385426131201,0.9183870967741935,0.22674418604651164,66316,19165,253,2847,22012,SmallRandomForest,XGBoost,0.95,0.27434694395220305,0.6378004312437204
0.14336244761943817,0.12815324430055308,0.9193548387096774,0.22494968230790482,66092,19389,250,2850,22239,SmallRandomForest,XGBoost,0.95,0.27434694395220305,0.6378004312437204
0.14126305282115936,0.12690287545624498,0.9196774193548387,0.22303058749902216,65866,19615,249,2851,22466,SmallRandomForest,XGBoost,0.95,0.27434694395220305,0.6378004312437204
0.13943509757518768,0.12568306010928962,0.92,0.22115384615384615,65641,19840,248,2852,22692,SmallRandomForest,XGBoost,0.95,0.27434694395220305,0.6378004312437204
0.13780255615711212,0.12448187093677734,0.9203225806451613,0.2193012798339675,65415,20066,247,2853,22919,SmallRandomForest,XGBoost,0.95,0.27434694395220305,0.6378004312437204
0.13596346974372864,0.12335277597753294,0.9209677419354839,0.21756525052390932,65191,20290,245,2855,23145,SmallRandomForest,XGBoost,0.95,0.27434694395220305,0.6378004312437204
0.13412441313266754,0.12224028752353243,0.9216129032258065,0.2158507101843457,64966,20515,243,2857,23372,SmallRandomForest,XGBoost,0.95,0.27434694395220305,0.6378004312437204
0.13234591484069824,0.12115433511314518,0.922258064516129,0.21417334631807625,64742,20739,241,2859,23598,SmallRandomForest,XGBoost,0.95,0.27434694395220305,0.6378004312437204
0.13082663714885712,0.1199949634852682,0.922258064516129,0.21235980093589837,64514,20967,241,2859,23826,SmallRandomForest,XGBoost,0.95,0.27434694395220305,0.6378004312437204
0.12921226024627686,0.11886251195277096,0.922258064516129,0.21058446580488344,64287,21194,241,2859,24053,SmallRandomForest,XGBoost,0.95,0.27434694395220305,0.6378004312437204
0.1276119500398636,0.11787964907945138,0.9232258064516129,0.2090653420504766,64064,21417,238,2862,24279,SmallRandomForest,XGBoost,0.95,0.27434694395220305,0.6378004312437204
0.12589362263679504,0.11678772545499061,0.9232258064516129,0.20734622908063463,63837,21644,238,2862,24506,SmallRandomForest,XGBoost,0.95,0.27434694395220305,0.6378004312437204
0.12443149834871292,0.11592269125020217,0.9248387096774193,0.20602184535786144,63616,21865,233,2867,24732,SmallRandomForest,XGBoost,0.95,0.27434694395220305,0.6378004312437204
0.12286043912172318,0.11494391025641025,0.925483870967742,0.2044903777619387,63390,22091,231,2869,24960,SmallRandomForest,XGBoost,0.95,0.27434694395220305,0.6378004312437204
0.12135498225688934,0.11407130945763519,0.9267741935483871,0.20313936222866438,63168,22313,227,2873,25186,SmallRandomForest,XGBoost,0.95,0.27434694395220305,0.6378004312437204
0.11983700841665268,0.1130917247078267,0.9270967741935484,0.20159225616385507,62942,22539,226,2874,25413,SmallRandomForest,XGBoost,0.95,0.27434694395220305,0.6378004312437204
0.1181860864162445,0.11209485549358399,0.9270967741935484,0.20000695918438358,62716,22765,226,2874,25639,SmallRandomForest,XGBoost,0.95,0.27434694395220305,0.6378004312437204
0.11628177016973495,0.1111111111111111,0.9270967741935484,0.19843954981702686,62489,22992,226,2874,25866,SmallRandomForest,XGBoost,0.95,0.27434694395220305,0.6378004312437204
0.11470290273427963,0.11014448319472656,0.9270967741935484,0.19689651628815127,62262,23219,226,2874,26093,SmallRandomForest,XGBoost,0.95,0.27434694395220305,0.6378004312437204
0.1131041869521141,0.10927466849044416,0.927741935483871,0.19551990210408238,62038,23443,224,2876,26319,SmallRandomForest,XGBoost,0.95,0.27434694395220305,0.6378004312437204
0.11167388409376144,0.10837791004294432,0.9280645161290323,0.1940902651285165,61812,23669,223,2877,26546,SmallRandomForest,XGBoost,0.95,0.27434694395220305,0.6378004312437204
0.1102924719452858,0.10753772598236964,0.9287096774193548,0.19275575790037494,61588,23893,221,2879,26772,SmallRandomForest,XGBoost,0.95,0.27434694395220305,0.6378004312437204
0.10897907614707947,0.1067446942479351,0.9296774193548387,0.19150137878334828,61364,24117,218,2882,26999,SmallRandomForest,XGBoost,0.95,0.27434694395220305,0.6378004312437204
0.10764182358980179,0.10589531680440771,0.93,0.1901401483924155,61139,24342,217,2883,27225,SmallRandomForest,XGBoost,0.95,0.27434694395220305,0.6378004312437204
0.10617803782224655,0.10512895235319832,0.9309677419354838,0.18892380204241946,60915,24566,214,2886,27452,SmallRandomForest,XGBoost,0.95,0.27434694395220305,0.6378004312437204
0.10478564351797104,0.10429913294797688,0.9312903225806451,0.1875893437296946,60688,24793,213,2887,27680,SmallRandomForest,XGBoost,0.95,0.27434694395220305,0.6378004312437204
0.10338053107261658,0.10345074712437739,0.9312903225806451,0.18621601573838165,60461,25020,213,2887,27907,SmallRandomForest,XGBoost,0.95,0.27434694395220305,0.6378004312437204
0.1020943745970726,0.10268714011516315,0.9319354838709677,0.18499071524620606,60236,25245,211,2889,28134,SmallRandomForest,XGBoost,0.95,0.27434694395220305,0.6378004312437204
0.10100186616182327,0.1018969043085819,0.932258064516129,0.18371368635178947,60009,25472,210,2890,28362,SmallRandomForest,XGBoost,0.95,0.27434694395220305,0.6378004312437204
0.09973113238811493,0.10108783098394487,0.932258064516129,0.18239767742749852,59782,25699,210,2890,28589,SmallRandomForest,XGBoost,0.95,0.27434694395220305,0.6378004312437204
0.09847825020551682,0.10029498525073746,0.932258064516129,0.18110606297979007,59556,25925,210,2890,28815,SmallRandomForest,XGBoost,0.95,0.27434694395220305,0.6378004312437204
0.0972495824098587,0.09951105295778527,0.932258064516129,0.17982701760935846,59329,26152,210,2890,29042,SmallRandomForest,XGBoost,0.95,0.27434694395220305,0.6378004312437204
0.09605314582586288,0.09877344630838088,0.9325806451612904,0.178627699341963,59103,26378,209,2891,29269,SmallRandomForest,XGBoost,0.95,0.27434694395220305,0.6378004312437204
0.09490440040826797,0.09804719283970707,0.9329032258064516,0.1774450852865382,58877,26604,208,2892,29496,SmallRandomForest,XGBoost,0.95,0.27434694395220305,0.6378004312437204
0.09377399832010269,0.09736567641220603,0.9335483870967742,0.1763397617524297,58652,26829,206,2894,29723,SmallRandomForest,XGBoost,0.95,0.27434694395220305,0.6378004312437204
0.09260624647140503,0.09663093926341447,0.9335483870967742,0.17513389209960967,58426,27055,206,2894,29949,SmallRandomForest,XGBoost,0.95,0.27434694395220305,0.6378004312437204
0.09136710315942764,0.09597030752916225,0.9341935483870968,0.1740593821372761,58201,27280,204,2896,30176,SmallRandomForest,XGBoost,0.95,0.27434694395220305,0.6378004312437204
0.09009512513875961,0.09525689099401355,0.9341935483870968,0.17288520088352935,57975,27506,204,2896,30402,SmallRandomForest,XGBoost,0.95,0.27434694395220305,0.6378004312437204
0.08898624032735825,0.09455091579875281,0.9341935483870968,0.1717216638500993,57748,27733,204,2896,30629,SmallRandomForest,XGBoost,0.95,0.27434694395220305,0.6378004312437204
0.08770199865102768,0.09388469391061996,0.9345161290322581,0.17062755838266042,57521,27960,203,2897,30857,SmallRandomForest,XGBoost,0.95,0.27434694395220305,0.6378004312437204
0.08655703067779541,0.09320207187208442,0.9345161290322581,0.1694994587953076,57295,28186,203,2897,31083,SmallRandomForest,XGBoost,0.95,0.27434694395220305,0.6378004312437204
0.0853937566280365,0.0925582880868732,0.9348387096774193,0.16843940714908456,57069,28412,202,2898,31310,SmallRandomForest,XGBoost,0.95,0.27434694395220305,0.6378004312437204
0.0842430517077446,0.09189206329073786,0.9348387096774193,0.16733550827150157,56842,28639,202,2898,31537,SmallRandomForest,XGBoost,0.95,0.27434694395220305,0.6378004312437204
0.08316498249769211,0.09129832514796625,0.9354838709677419,0.1663607159247361,56617,28864,200,2900,31764,SmallRandomForest,XGBoost,0.95,0.27434694395220305,0.6378004312437204
0.08212929219007492,0.09065049545184584,0.9354838709677419,0.16528454589495883,56390,29091,200,2900,31991,SmallRandomForest,XGBoost,0.95,0.27434694395220305,0.6378004312437204
0.08103187382221222,0.09001179464895401,0.9354838709677419,0.16422220963814488,56163,29318,200,2900,32218,SmallRandomForest,XGBoost,0.95,0.27434694395220305,0.6378004312437204
0.08002714812755585,0.08941560843299223,0.9358064516129032,0.16323430114787307,55938,29543,199,2901,32444,SmallRandomForest,XGBoost,0.95,0.27434694395220305,0.6378004312437204
0.07896818220615387,0.08879434360748065,0.9358064516129032,0.1621984288949149,55711,29770,199,2901,32671,SmallRandomForest,XGBoost,0.95,0.27434694395220305,0.6378004312437204
0.07790788263082504,0.08827016018723974,0.9367741935483871,0.16133781493930388,55486,29995,196,2904,32899,SmallRandomForest,XGBoost,0.95,0.27434694395220305,0.6378004312437204
0.07680238783359528,0.08769811320754717,0.9370967741935484,0.1603864734299517,55261,30220,195,2905,33125,SmallRandomForest,XGBoost,0.95,0.27434694395220305,0.6378004312437204
0.07573352009057999,0.08715857643990046,0.937741935483871,0.15949304583984855,55035,30446,193,2907,33353,SmallRandomForest,XGBoost,0.95,0.27434694395220305,0.6378004312437204
0.07472783327102661,0.0865642308379489,0.937741935483871,0.1584973556512731,54806,30675,193,2907,33582,SmallRandomForest,XGBoost,0.95,0.27434694395220305,0.6378004312437204
0.07373465597629547,0.08598302227217605,0.937741935483871,0.1575225554742746,54579,30902,193,2907,33809,SmallRandomForest,XGBoost,0.95,0.27434694395220305,0.6378004312437204
0.07279573380947113,0.0854070570261774,0.937741935483871,0.15655545682203734,54351,31130,193,2907,34037,SmallRandomForest,XGBoost,0.95,0.27434694395220305,0.6378004312437204
0.07192292809486389,0.08486794104771633,0.9380645161290323,0.15565368660511175,54124,31357,192,2908,34265,SmallRandomForest,XGBoost,0.95,0.27434694395220305,0.6378004312437204
0.07098118215799332,0.08436494361174732,0.9387096774193548,0.15481605618067196,53898,31583,190,2910,34493,SmallRandomForest,XGBoost,0.95,0.27434694395220305,0.6378004312437204
0.07014048844575882,0.08384458077709611,0.9390322580645162,0.15394378487003887,53673,31808,189,2911,34719,SmallRandomForest,XGBoost,0.95,0.27434694395220305,0.6378004312437204
0.06916671246290207,0.08332617964346009,0.9393548387096774,0.15307382973690437,53446,32035,188,2912,34947,SmallRandomForest,XGBoost,0.95,0.27434694395220305,0.6378004312437204
0.06820903718471527,0.0827907770164615,0.9393548387096774,0.15216993703132758,53220,32261,188,2912,35173,SmallRandomForest,XGBoost,0.95,0.27434694395220305,0.6378004312437204
0.06729160249233246,0.08231405892488913,0.94,0.1513726916183995,52994,32487,186,2914,35401,SmallRandomForest,XGBoost,0.95,0.27434694395220305,0.6378004312437204
0.06627985090017319,0.08181767149433031,0.9403225806451613,0.15053707911588515,52768,32713,185,2915,35628,SmallRandomForest,XGBoost,0.95,0.27434694395220305,0.6378004312437204
0.06534938514232635,0.08129741186970102,0.9403225806451613,0.14965602217886845,52540,32941,185,2915,35856,SmallRandomForest,XGBoost,0.95,0.27434694395220305,0.6378004312437204
0.06440988928079605,0.08078596569021423,0.9403225806451613,0.14878901564453975,52313,33168,185,2915,36083,SmallRandomForest,XGBoost,0.95,0.27434694395220305,0.6378004312437204
0.06359819322824478,0.08031066677683218,0.9406451612903226,0.14798650054556067,52088,33393,184,2916,36309,SmallRandomForest,XGBoost,0.95,0.27434694395220305,0.6378004312437204
0.06281005591154099,0.07983687768563374,0.9409677419354838,0.14718571032116456,51861,33620,183,2917,36537,SmallRandomForest,XGBoost,0.95,0.27434694395220305,0.6378004312437204
0.062004413455724716,0.0793732829203275,0.9412903225806452,0.14640142488021474,51636,33845,182,2918,36763,SmallRandomForest,XGBoost,0.95,0.27434694395220305,0.6378004312437204
0.06113438680768013,0.07888618545552852,0.9412903225806452,0.14557246196058865,51409,34072,182,2918,36990,SmallRandomForest,XGBoost,0.95,0.27434694395220305,0.6378004312437204
0.06028740108013153,0.07840502995942715,0.9412903225806452,0.14475283379219686,51182,34299,182,2918,37217,SmallRandomForest,XGBoost,0.95,0.27434694395220305,0.6378004312437204
0.059382274746894836,0.07795641491293666,0.9416129032258065,0.14399171270718236,50956,34525,181,2919,37444,SmallRandomForest,XGBoost,0.95,0.27434694395220305,0.6378004312437204
0.058583613485097885,0.07748666082663057,0.9416129032258065,0.14319001250889113,50729,34752,181,2919,37671,SmallRandomForest,XGBoost,0.95,0.27434694395220305,0.6378004312437204
0.05762128904461861,0.07705095390136422,0.9419354838709677,0.1424494475205503,50504,34977,180,2920,37897,SmallRandomForest,XGBoost,0.95,0.27434694395220305,0.6378004312437204
0.0568411685526371,0.07659217290945336,0.9419354838709677,0.14166504948573647,50277,35204,180,2920,38124,SmallRandomForest,XGBoost,0.95,0.27434694395220305,0.6378004312437204
0.05599169060587883,0.07614080834419817,0.9419354838709677,0.1408926417370326,50051,35430,180,2920,38350,SmallRandomForest,XGBoost,0.95,0.27434694395220305,0.6378004312437204
0.055116210132837296,0.07569080823267148,0.9419354838709677,0.14012188684677768,49823,35658,180,2920,38578,SmallRandomForest,XGBoost,0.95,0.27434694395220305,0.6378004312437204
0.05434736609458923,0.07524997422946088,0.9419354838709677,0.13936617029400536,49597,35884,180,2920,38804,SmallRandomForest,XGBoost,0.95,0.27434694395220305,0.6378004312437204
0.05353132635354996,0.07481041196966591,0.9419354838709677,0.13861198139181619,49369,36112,180,2920,39032,SmallRandomForest,XGBoost,0.95,0.27434694395220305,0.6378004312437204
0.05268858000636101,0.07443068928626012,0.9425806451612904,0.13796685395911046,49145,36336,178,2922,39258,SmallRandomForest,XGBoost,0.95,0.27434694395220305,0.6378004312437204
0.05185634270310402,0.07402811194124351,0.9429032258064516,0.13727838440765525,48919,36562,177,2923,39485,SmallRandomForest,XGBoost,0.95,0.27434694395220305,0.6378004312437204
0.051087718456983566,0.07363013698630137,0.9432258064516129,0.1365972157339064,48693,36788,176,2924,39712,SmallRandomForest,XGBoost,0.95,0.27434694395220305,0.6378004312437204
0.05028381943702698,0.0732385197055436,0.9435483870967742,0.13592639063153494,48468,37013,175,2925,39938,SmallRandomForest,XGBoost,0.95,0.27434694395220305,0.6378004312437204
0.04949912428855896,0.0728476821192053,0.9438709677419355,0.13525632136088384,48241,37240,174,2926,40166,SmallRandomForest,XGBoost,0.95,0.27434694395220305,0.6378004312437204
0.048665717244148254,0.07243829376377095,0.9438709677419355,0.13455038741866507,48014,37467,174,2926,40393,SmallRandomForest,XGBoost,0.95,0.27434694395220305,0.6378004312437204
0.047917917370796204,0.0720563255458999,0.9441935483870968,0.13389446718968004,47787,37694,173,2927,40621,SmallRandomForest,XGBoost,0.95,0.27434694395220305,0.6378004312437204
0.04715593159198761,0.0716821308786447,0.944516129032258,0.1332514164789405,47562,37919,172,2928,40847,SmallRandomForest,XGBoost,0.95,0.27434694395220305,0.6378004312437204
0.04639330878853798,0.07131031796270147,0.9448387096774193,0.13261194367727622,47336,38145,171,2929,41074,SmallRandomForest,XGBoost,0.95,0.27434694395220305,0.6378004312437204
0.045550387352705,0.07091837970024939,0.9448387096774193,0.13193396545122857,47109,38372,171,2929,41301,SmallRandomForest,XGBoost,0.95,0.27434694395220305,0.6378004312437204
0.04480675235390663,0.07053072625698324,0.9448387096774193,0.131262884287891,46882,38599,171,2929,41528,SmallRandomForest,XGBoost,0.95,0.27434694395220305,0.6378004312437204
0.04407469555735588,0.07017123697760748,0.9451612903225807,0.13064318359157287,46656,38825,170,2930,41755,SmallRandomForest,XGBoost,0.95,0.27434694395220305,0.6378004312437204
0.04326919838786125,0.06979347800195326,0.9451612903225807,0.12998824338413079,46430,39051,170,2930,41981,SmallRandomForest,XGBoost,0.95,0.27434694395220305,0.6378004312437204
0.04258289933204651,0.06946550416982562,0.9458064516129032,0.12942526706100468,46205,39276,168,2932,42208,SmallRandomForest,XGBoost,0.95,0.27434694395220305,0.6378004312437204
0.04185162112116814,0.06911910260640053,0.9461290322580646,0.12882681073483548,45980,39501,167,2933,42434,SmallRandomForest,XGBoost,0.95,0.27434694395220305,0.6378004312437204
0.04118028283119202,0.06875131853449286,0.9461290322580646,0.12818775813465613,45753,39728,167,2933,42661,SmallRandomForest,XGBoost,0.95,0.27434694395220305,0.6378004312437204
0.04048015922307968,0.06838583319732332,0.9461290322580646,0.12755224075322358,45525,39956,167,2933,42889,SmallRandomForest,XGBoost,0.95,0.27434694395220305,0.6378004312437204
0.039825208485126495,0.06802736866519772,0.9461290322580646,0.1269284864221573,45299,40182,167,2933,43115,SmallRandomForest,XGBoost,0.95,0.27434694395220305,0.6378004312437204
0.03911033645272255,0.06771566342892739,0.9467741935483871,0.12639149064444588,45073,40408,165,2935,43343,SmallRandomForest,XGBoost,0.95,0.27434694395220305,0.6378004312437204
0.03838106244802475,0.06736441047533796,0.9467741935483871,0.12577942531444855,44847,40634,165,2935,43569,SmallRandomForest,XGBoost,0.95,0.27434694395220305,0.6378004312437204
0.0377274788916111,0.0670137224010777,0.9467741935483871,0.12516792118898865,44619,40862,165,2935,43797,SmallRandomForest,XGBoost,0.95,0.27434694395220305,0.6378004312437204
0.036946315318346024,0.06666969538650251,0.9467741935483871,0.12456762090698811,44393,41088,165,2935,44023,SmallRandomForest,XGBoost,0.95,0.27434694395220305,0.6378004312437204
0.036219123750925064,0.06634878307834852,0.9470967741935484,0.12401005258600663,44166,41315,164,2936,44251,SmallRandomForest,XGBoost,0.95,0.27434694395220305,0.6378004312437204
0.03548353910446167,0.06601164646896149,0.9470967741935484,0.12342098072598105,43940,41541,164,2936,44477,SmallRandomForest,XGBoost,0.95,0.27434694395220305,0.6378004312437204
0.03477482870221138,0.06567644953471725,0.9470967741935484,0.1228349092126182,43713,41768,164,2936,44704,SmallRandomForest,XGBoost,0.95,0.27434694395220305,0.6378004312437204
0.03409678488969803,0.06536689590705749,0.9474193548387096,0.12229601715558702,43487,41994,163,2937,44931,SmallRandomForest,XGBoost,0.95,0.27434694395220305,0.6378004312437204
0.03340403735637665,0.06503686972696472,0.9474193548387096,0.12171822872417581,43259,42222,163,2937,45159,SmallRandomForest,XGBoost,0.95,0.27434694395220305,0.6378004312437204
0.03275280445814133,0.06473361829639096,0.947741935483871,0.12118962174648354,43033,42448,162,2938,45386,SmallRandomForest,XGBoost,0.95,0.27434694395220305,0.6378004312437204
0.03207479044795036,0.06441287380513899,0.947741935483871,0.12062736081458367,42807,42674,162,2938,45612,SmallRandomForest,XGBoost,0.95,0.27434694395220305,0.6378004312437204
0.031385306268930435,0.06409389384585179,0.947741935483871,0.12006783955536485,42580,42901,162,2938,45839,SmallRandomForest,XGBoost,0.95,0.27434694395220305,0.6378004312437204
0.03063671849668026,0.06377944209269511,0.947741935483871,0.11951591579375571,42354,43127,162,2938,46065,SmallRandomForest,XGBoost,0.95,0.27434694395220305,0.6378004312437204
0.029961399734020233,0.06346668970880498,0.947741935483871,0.11896663427275672,42127,43354,162,2938,46292,SmallRandomForest,XGBoost,0.95,0.27434694395220305,0.6378004312437204
0.029363645240664482,0.06315698961714568,0.947741935483871,0.11842237852435557,41900,43581,162,2938,46519,SmallRandomForest,XGBoost,0.95,0.27434694395220305,0.6378004312437204
0.02864372543990612,0.06285164188683282,0.947741935483871,0.11788544487912528,41674,43807,162,2938,46745,SmallRandomForest,XGBoost,0.95,0.27434694395220305,0.6378004312437204
0.02800161950290203,0.06256919015583752,0.9480645161290323,0.11739095702188848,41448,44033,161,2939,46972,SmallRandomForest,XGBoost,0.95,0.27434694395220305,0.6378004312437204
0.027380691841244698,0.06226958769439383,0.9480645161290323,0.11686349357827348,41222,44259,161,2939,47198,SmallRandomForest,XGBoost,0.95,0.27434694395220305,0.6378004312437204
0.026770008727908134,0.0619715340010543,0.9480645161290323,0.11633844631370607,40995,44486,161,2939,47425,SmallRandomForest,XGBoost,0.95,0.27434694395220305,0.6378004312437204
0.02608017809689045,0.06167761432079075,0.9480645161290323,0.1158203779235877,40769,44712,161,2939,47651,SmallRandomForest,XGBoost,0.95,0.27434694395220305,0.6378004312437204
0.025489186868071556,0.06138518735118426,0.9480645161290323,0.11530464121778022,40542,44939,161,2939,47878,SmallRandomForest,XGBoost,0.95,0.27434694395220305,0.6378004312437204
0.02484435774385929,0.061095520216193744,0.9480645161290323,0.11479347719949223,40315,45166,161,2939,48105,SmallRandomForest,XGBoost,0.95,0.27434694395220305,0.6378004312437204
0.02416926436126232,0.06080983219879581,0.9480645161290323,0.11428904746164764,40089,45392,161,2939,48331,SmallRandomForest,XGBoost,0.95,0.27434694395220305,0.6378004312437204
0.02345523051917553,0.06052555706577701,0.9480645161290323,0.11378682875837236,39862,45619,161,2939,48558,SmallRandomForest,XGBoost,0.95,0.27434694395220305,0.6378004312437204
0.022832676768302917,0.060265660872417186,0.9483870967741935,0.11332973556395036,39637,45844,160,2940,48784,SmallRandomForest,XGBoost,0.95,0.27434694395220305,0.6378004312437204
0.022253479808568954,0.060004488605063966,0.9487096774193549,0.11287010918580778,39409,46072,159,2941,49013,SmallRandomForest,XGBoost,0.95,0.27434694395220305,0.6378004312437204
0.021713964641094208,0.05974938564958671,0.9490322580645161,0.11242094805021112,39184,46297,158,2942,49239,SmallRandomForest,XGBoost,0.95,0.27434694395220305,0.6378004312437204
0.021123874932527542,0.059475195083491694,0.9490322580645161,0.11193547159761062,38957,46524,158,2942,49466,SmallRandomForest,XGBoost,0.95,0.27434694395220305,0.6378004312437204
0.020500395447015762,0.05920350954862858,0.9490322580645161,0.11145417006042468,38730,46751,158,2942,49693,SmallRandomForest,XGBoost,0.95,0.27434694395220305,0.6378004312437204
0.01991679146885872,0.058935475470261824,0.9490322580645161,0.11097908297025595,38504,46977,158,2942,49919,SmallRandomForest,XGBoost,0.95,0.27434694395220305,0.6378004312437204
0.019269930198788643,0.05866868743269653,0.9490322580645161,0.11050595349885438,38277,47204,158,2942,50146,SmallRandomForest,XGBoost,0.95,0.27434694395220305,0.6378004312437204
0.01864655315876007,0.058405463352656235,0.9490322580645161,0.1100388988629563,38051,47430,158,2942,50372,SmallRandomForest,XGBoost,0.95,0.27434694395220305,0.6378004312437204
0.018030045554041862,0.0581434415699915,0.9490322580645161,0.10957373507886553,37824,47657,158,2942,50599,SmallRandomForest,XGBoost,0.95,0.27434694395220305,0.6378004312437204
0.017362715676426888,0.05788489916379735,0.9490322580645161,0.10911451089476125,37598,47883,158,2942,50825,SmallRandomForest,XGBoost,0.95,0.27434694395220305,0.6378004312437204
0.01673232764005661,0.05762751704144794,0.9490322580645161,0.10865711331068105,37371,48110,158,2942,51052,SmallRandomForest,XGBoost,0.95,0.27434694395220305,0.6378004312437204
0.016079969704151154,0.057373532509068216,0.9490322580645161,0.10820552429291257,37145,48336,158,2942,51278,SmallRandomForest,XGBoost,0.95,0.27434694395220305,0.6378004312437204
0.015515451319515705,0.05712066789632075,0.9490322580645161,0.10775570002747002,36918,48563,158,2942,51505,SmallRandomForest,XGBoost,0.95,0.27434694395220305,0.6378004312437204
0.014906048774719238,0.056868923124504665,0.9490322580645161,0.10730764320755748,36690,48791,158,2942,51733,SmallRandomForest,XGBoost,0.95,0.27434694395220305,0.6378004312437204
0.014267005026340485,0.05662047729022325,0.9490322580645161,0.10686523792226661,36463,49018,158,2942,51960,SmallRandomForest,XGBoost,0.95,0.27434694395220305,0.6378004312437204
0.013657502830028534,0.05637419280663767,0.9490322580645161,0.10642646553439326,36236,49245,158,2942,52187,SmallRandomForest,XGBoost,0.95,0.27434694395220305,0.6378004312437204
0.01298384740948677,0.056130041591941085,0.9490322580645161,0.10599128147854596,36009,49472,158,2942,52414,SmallRandomForest,XGBoost,0.95,0.27434694395220305,0.6378004312437204
0.01247461698949337,0.05588587276560986,0.9490322580645161,0.10555585454675923,35780,49701,158,2942,52643,SmallRandomForest,XGBoost,0.95,0.27434694395220305,0.6378004312437204
0.011907641775906086,0.05564697648905786,0.9490322580645161,0.10512962532830673,35554,49927,158,2942,52869,SmallRandomForest,XGBoost,0.95,0.27434694395220305,0.6378004312437204
0.011317498050630093,0.05540802681884099,0.9490322580645161,0.10470309803014395,35326,50155,158,2942,53097,SmallRandomForest,XGBoost,0.95,0.27434694395220305,0.6378004312437204
0.010680553503334522,0.05519090840897157,0.9493548387096774,0.10431731178222034,35100,50381,157,2943,53324,SmallRandomForest,XGBoost,0.95,0.27434694395220305,0.6378004312437204
0.010069132782518864,0.05495798319327731,0.9493548387096774,0.10390114739629304,34874,50607,157,2943,53550,SmallRandomForest,XGBoost,0.95,0.27434694395220305,0.6378004312437204
0.009500804357230663,0.054725998103278356,0.9493548387096774,0.10348647080542224,34647,50834,157,2943,53777,SmallRandomForest,XGBoost,0.95,0.27434694395220305,0.6378004312437204
0.008912424556910992,0.05449596326198059,0.9493548387096774,0.1030750910619221,34420,51061,157,2943,54004,SmallRandomForest,XGBoost,0.95,0.27434694395220305,0.6378004312437204
0.008258628658950329,0.05426785417934392,0.9493548387096774,0.10266696900455252,34193,51288,157,2943,54231,SmallRandomForest,XGBoost,0.95,0.27434694395220305,0.6378004312437204
0.0075783743523061275,0.054042639146482545,0.9493548387096774,0.102263842799312,33967,51514,157,2943,54457,SmallRandomForest,XGBoost,0.95,0.27434694395220305,0.6378004312437204
0.006897850893437862,0.05381830151415405,0.9493548387096774,0.10186210715769071,33740,51741,157,2943,54684,SmallRandomForest,XGBoost,0.95,0.27434694395220305,0.6378004312437204
0.006225090939551592,0.053595818688423086,0.9493548387096774,0.10146351554015619,33513,51968,157,2943,54911,SmallRandomForest,XGBoost,0.95,0.27434694395220305,0.6378004312437204
0.005530067253857851,0.05339427244862796,0.9496774193548387,0.10110410907155244,33288,52193,156,2944,55137,SmallRandomForest,XGBoost,0.95,0.27434694395220305,0.6378004312437204
0.004903683438897133,0.05317534860197962,0.9496774193548387,0.10071154898741105,33061,52420,156,2944,55364,SmallRandomForest,XGBoost,0.95,0.27434694395220305,0.6378004312437204
0.0042550694197416306,0.05295916531750315,0.9496774193548387,0.10032373487817345,32835,52646,156,2944,55590,SmallRandomForest,XGBoost,0.95,0.27434694395220305,0.6378004312437204
0.0035547867882996798,0.052761703423688126,0.95,0.09997114584924557,32609,52872,155,2945,55817,SmallRandomForest,XGBoost,0.95,0.27434694395220305,0.6378004312437204
0.0027076643891632557,0.052548935638705996,0.95,0.09958913142721877,32383,53098,155,2945,56043,SmallRandomForest,XGBoost,0.95,0.27434694395220305,0.6378004312437204
0.0016758315032348037,0.05233694686333748,0.95,0.09920835438773792,32156,53325,155,2945,56270,SmallRandomForest,XGBoost,0.95,0.27434694395220305,0.6378004312437204
9.150996629614383e-05,0.05212666159265094,0.95,0.09883047804419685,31929,53552,155,2945,56497,SmallRandomForest,XGBoost,0.95,0.27434694395220305,0.6378004312437204
0.9999822212193916,1.0,0.0003225806451612903,0.0006449532408900355,85481,0,3099,1,1,SmallRandomForest,HeavyCatBoost,0.97,0.2070360513193601,0.740745758119687
0.9989831769025083,0.9886363636363636,0.08419354838709678,0.15517241379310345,85478,3,2839,261,264,SmallRandomForest,HeavyCatBoost,0.97,0.2070360513193601,0.740745758119687
0.9974829730299603,0.990530303030303,0.16870967741935483,0.2883131201764057,85476,5,2577,523,528,SmallRandomForest,HeavyCatBoost,0.97,0.2070360513193601,0.740745758119687
0.995374274712805,0.9823008849557522,0.2506451612903226,0.39938319198149574,85467,14,2323,777,791,SmallRandomForest,HeavyCatBoost,0.97,0.2070360513193601,0.740745758119687
0.9916787115845945,0.9753554502369668,0.3319354838709677,0.4953068592057761,85455,26,2071,1029,1055,SmallRandomForest,HeavyCatBoost,0.97,0.2070360513193601,0.740745758119687
0.9854456729112956,0.9688922610015175,0.41193548387096773,0.5780896333182435,85440,41,1823,1277,1318,SmallRandomForest,HeavyCatBoost,0.97,0.2070360513193601,0.740745758119687
0.9751759901311622,0.9608091024020228,0.49032258064516127,0.6492951730029901,85419,62,1580,1520,1582,SmallRandomForest,HeavyCatBoost,0.97,0.2070360513193601,0.740745758119687
0.958527593424279,0.9463414634146341,0.5632258064516129,0.7061678463094035,85382,99,1354,1746,1845,SmallRandomForest,HeavyCatBoost,0.97,0.2070360513193601,0.740745758119687
0.9301760820877701,0.9231863442389758,0.6280645161290322,0.7475523133038972,85319,162,1153,1947,2109,SmallRandomForest,HeavyCatBoost,0.97,0.2070360513193601,0.740745758119687
0.8904682652965443,0.8908094435075885,0.6816129032258065,0.772295321637427,85222,259,987,2113,2372,SmallRandomForest,HeavyCatBoost,0.97,0.2070360513193601,0.740745758119687
0.8526775091758806,0.8471168437025797,0.7203225806451613,0.7785913528591353,85078,403,867,2233,2636,SmallRandomForest,HeavyCatBoost,0.97,0.2070360513193601,0.740745758119687
0.8101794568646729,0.8061400482925146,0.7538709677419355,0.7791298549758293,84919,562,763,2337,2899,SmallRandomForest,HeavyCatBoost,0.97,0.2070360513193601,0.740745758119687
0.7690767258219149,0.7613025608599431,0.7767741935483871,0.7689605620309755,84726,755,692,2408,3163,SmallRandomForest,HeavyCatBoost,0.97,0.2070360513193601,0.740745758119687
0.734168079261372,0.7177466433158202,0.7932258064516129,0.753600980692614,84514,967,641,2459,3426,SmallRandomForest,HeavyCatBoost,0.97,0.2070360513193601,0.740745758119687
0.7002876075269702,0.6794037940379404,0.8087096774193548,0.738438880706922,84298,1183,593,2507,3690,SmallRandomForest,HeavyCatBoost,0.97,0.2070360513193601,0.740745758119687
0.6680067290650988,0.6430559069061472,0.82,0.720828016446902,84070,1411,558,2542,3953,SmallRandomForest,HeavyCatBoost,0.97,0.2070360513193601,0.740745758119687
0.6369578724802454,0.608489447474508,0.827741935483871,0.7013803471368047,83830,1651,534,2566,4217,SmallRandomForest,HeavyCatBoost,0.97,0.2070360513193601,0.740745758119687
0.6112810120502221,0.5772321428571429,0.8341935483870968,0.6823218997361478,83587,1894,514,2586,4480,SmallRandomForest,HeavyCatBoost,0.97,0.2070360513193601,0.740745758119687
0.5877573248415516,0.5526981450252951,0.8458064516129032,0.6685364609892912,83359,2122,478,2622,4744,SmallRandomForest,HeavyCatBoost,0.97,0.2070360513193601,0.740745758119687
0.5653138206018513,0.5262632314759337,0.85,0.6500555075860367,83109,2372,465,2635,5007,SmallRandomForest,HeavyCatBoost,0.97,0.2070360513193601,0.740745758119687
0.5441055391925624,0.5038892050844243,0.8567741935483871,0.6345717357543902,82866,2615,444,2656,5271,SmallRandomForest,HeavyCatBoost,0.97,0.2070360513193601,0.740745758119687
0.5245161764321704,0.48283339356704014,0.8619354838709677,0.618948343757239,82619,2862,428,2672,5534,SmallRandomForest,HeavyCatBoost,0.97,0.2070360513193601,0.740745758119687
0.506526170064738,0.46257330113832357,0.8651612903225806,0.602832097100472,82365,3116,418,2682,5798,SmallRandomForest,HeavyCatBoost,0.97,0.2070360513193601,0.740745758119687
0.4892599327966365,0.44481108727932683,0.8696774193548387,0.5885820325291998,82116,3365,404,2696,6061,SmallRandomForest,HeavyCatBoost,0.97,0.2070360513193601,0.740745758119687
0.47308968996259915,0.428300395256917,0.8738709677419355,0.5748541114058355,81865,3616,391,2709,6325,SmallRandomForest,HeavyCatBoost,0.97,0.2070360513193601,0.740745758119687
0.4579098497318601,0.412568306010929,0.8767741935483871,0.5611065235342693,81611,3870,382,2718,6588,SmallRandomForest,HeavyCatBoost,0.97,0.2070360513193601,0.740745758119687
0.4446513215217784,0.39784004670169293,0.8793548387096775,0.5478295819935691,81355,4126,374,2726,6852,SmallRandomForest,HeavyCatBoost,0.97,0.2070360513193601,0.740745758119687
0.43140945544892473,0.3849613492621223,0.8835483870967742,0.5362701908957416,81105,4376,361,2739,7115,SmallRandomForest,HeavyCatBoost,0.97,0.2070360513193601,0.740745758119687
0.4192613019734886,0.37254370510909335,0.886774193548387,0.5246683843878233,80851,4630,351,2749,7379,SmallRandomForest,HeavyCatBoost,0.97,0.2070360513193601,0.740745758119687
0.4076006113429517,0.3606385762889296,0.8890322580645161,0.5131260472910073,80595,4886,344,2756,7642,SmallRandomForest,HeavyCatBoost,0.97,0.2070360513193601,0.740745758119687
0.39635174591373984,0.34910194788768023,0.8903225806451613,0.5015446120298019,80335,5146,340,2760,7906,SmallRandomForest,HeavyCatBoost,0.97,0.2070360513193601,0.740745758119687
0.3857432760006432,0.339209205533113,0.8938709677419355,0.491791640784453,80083,5398,329,2771,8169,SmallRandomForest,HeavyCatBoost,0.97,0.2070360513193601,0.740745758119687
0.37647971949814546,0.3301316257559587,0.8980645161290323,0.48278851989941907,79832,5649,316,2784,8433,SmallRandomForest,HeavyCatBoost,0.97,0.2070360513193601,0.740745758119687
0.3665275705290746,0.3206071757129715,0.8993548387096775,0.47270261105459477,79573,5908,312,2788,8696,SmallRandomForest,HeavyCatBoost,0.97,0.2070360513193601,0.740745758119687
0.3572245568049031,0.31205357142857143,0.9019354838709678,0.46368159203980097,79317,6164,304,2796,8960,SmallRandomForest,HeavyCatBoost,0.97,0.2070360513193601,0.740745758119687
0.34844440689922784,0.30380570313347066,0.9038709677419355,0.4547593930049501,79060,6421,298,2802,9223,SmallRandomForest,HeavyCatBoost,0.97,0.2070360513193601,0.740745758119687
0.34004289334213295,0.29577316327606196,0.9051612903225806,0.4458568364185271,78800,6681,294,2806,9487,SmallRandomForest,HeavyCatBoost,0.97,0.2070360513193601,0.740745758119687
0.33171174564255873,0.28810256410256413,0.9061290322580645,0.43719844357976656,78540,6941,291,2809,9750,SmallRandomForest,HeavyCatBoost,0.97,0.2070360513193601,0.740745758119687
0.3248015186887148,0.2810065907729179,0.9077419354838709,0.42915967668140914,78281,7200,286,2814,10014,SmallRandomForest,HeavyCatBoost,0.97,0.2070360513193601,0.740745758119687
0.31792477687292936,0.2740099250754111,0.9083870967741936,0.42102115571503324,78020,7461,284,2816,10277,SmallRandomForest,HeavyCatBoost,0.97,0.2070360513193601,0.740745758119687
0.31084012147751167,0.26743193245422636,0.9093548387096774,0.4133128069789605,77759,7722,281,2819,10541,SmallRandomForest,HeavyCatBoost,0.97,0.2070360513193601,0.740745758119687
0.3040060873265898,0.26129211403184005,0.9106451612903226,0.4060701956271576,77500,7981,277,2823,10804,SmallRandomForest,HeavyCatBoost,0.97,0.2070360513193601,0.740745758119687
0.2973174023231162,0.2554210336104084,0.9119354838709678,0.39906832298136646,77240,8241,273,2827,11068,SmallRandomForest,HeavyCatBoost,0.97,0.2070360513193601,0.740745758119687
0.2909688715318984,0.24975730297414173,0.9129032258064517,0.39221121197422215,76980,8501,270,2830,11331,SmallRandomForest,HeavyCatBoost,0.97,0.2070360513193601,0.740745758119687
0.2848466604653991,0.2445019404915912,0.9145161290322581,0.3858455256890099,76721,8760,265,2835,11595,SmallRandomForest,HeavyCatBoost,0.97,0.2070360513193601,0.740745758119687
0.27910284990434586,0.23950075898127846,0.9161290322580645,0.379729910415831,76463,9018,260,2840,11858,SmallRandomForest,HeavyCatBoost,0.97,0.2070360513193601,0.740745758119687
0.2732476614067985,0.23469724467909586,0.917741935483871,0.3738010773879911,76204,9277,255,2845,12122,SmallRandomForest,HeavyCatBoost,0.97,0.2070360513193601,0.740745758119687
0.2676855894864533,0.2299555914412596,0.9187096774193548,0.36783984501130124,75944,9537,252,2848,12385,SmallRandomForest,HeavyCatBoost,0.97,0.2070360513193601,0.740745758119687
0.26245994365614334,0.22515613882520358,0.9187096774193548,0.36167375706394056,75680,9801,252,2848,12649,SmallRandomForest,HeavyCatBoost,0.97,0.2070360513193601,0.740745758119687
0.25708408507063585,0.22095724907063197,0.9203225806451613,0.35635773170122403,75422,10059,247,2853,12912,SmallRandomForest,HeavyCatBoost,0.97,0.2070360513193601,0.740745758119687
0.25204417037522264,0.2166059502125076,0.9206451612903226,0.3507004177930696,75159,10322,246,2854,13176,SmallRandomForest,HeavyCatBoost,0.97,0.2070360513193601,0.740745758119687
0.24724337217014666,0.21251581218840687,0.9212903225806451,0.3453654997279158,74898,10583,244,2856,13439,SmallRandomForest,HeavyCatBoost,0.97,0.2070360513193601,0.740745758119687
0.2426849972188637,0.20878639713931255,0.9229032258064516,0.34053442837588527,74639,10842,239,2861,13703,SmallRandomForest,HeavyCatBoost,0.97,0.2070360513193601,0.740745758119687
0.2378990287921369,0.20514105685235573,0.9241935483870968,0.33575530294152117,74380,11101,235,2865,13966,SmallRandomForest,HeavyCatBoost,0.97,0.2070360513193601,0.740745758119687
0.2336421035577602,0.2016163035839775,0.925483870967742,0.3311021350259665,74120,11361,231,2869,14230,SmallRandomForest,HeavyCatBoost,0.97,0.2070360513193601,0.740745758119687
0.2292686336695747,0.1981646312012696,0.9264516129032258,0.32649349172966524,73860,11621,228,2872,14493,SmallRandomForest,HeavyCatBoost,0.97,0.2070360513193601,0.740745758119687
0.22525936895162196,0.19482279596123872,0.9274193548387096,0.32200257602060817,73599,11882,225,2875,14757,SmallRandomForest,HeavyCatBoost,0.97,0.2070360513193601,0.740745758119687
0.22128087875906183,0.1914780292942743,0.927741935483871,0.317439293598234,73337,12144,224,2876,15020,SmallRandomForest,HeavyCatBoost,0.97,0.2070360513193601,0.740745758119687
0.21718575362974243,0.1884977754514525,0.9293548387096774,0.31342471714534376,73078,12403,219,2881,15284,SmallRandomForest,HeavyCatBoost,0.97,0.2070360513193601,0.740745758119687
0.2132724971154848,0.1854377050234772,0.93,0.3092186410682684,72817,12664,217,2883,15547,SmallRandomForest,HeavyCatBoost,0.97,0.2070360513193601,0.740745758119687
0.20934545833262935,0.1824679020934792,0.9306451612903226,0.30511342604833164,72555,12926,215,2885,15811,SmallRandomForest,HeavyCatBoost,0.97,0.2070360513193601,0.740745758119687
0.20583156587147536,0.17966903073286053,0.9316129032258065,0.3012412642119537,72295,13186,212,2888,16074,SmallRandomForest,HeavyCatBoost,0.97,0.2070360513193601,0.740745758119687
0.20235386056900534,0.1770106500183621,0.9329032258064516,0.29756147751826323,72035,13446,208,2892,16338,SmallRandomForest,HeavyCatBoost,0.97,0.2070360513193601,0.740745758119687
0.19901390975133276,0.1743268477802542,0.9335483870967742,0.29379219328968076,71774,13707,206,2894,16601,SmallRandomForest,HeavyCatBoost,0.97,0.2070360513193601,0.740745758119687
0.19595153108661537,0.1716572783871924,0.9338709677419355,0.29000751314800904,71511,13970,205,2895,16865,SmallRandomForest,HeavyCatBoost,0.97,0.2070360513193601,0.740745758119687
0.1924166252984151,0.16913825315273237,0.9345161290322581,0.28643464504647026,71250,14231,203,2897,17128,SmallRandomForest,HeavyCatBoost,0.97,0.2070360513193601,0.740745758119687
0.18933056395998182,0.16674333026678934,0.9354838709677419,0.2830372828420847,70989,14492,200,2900,17392,SmallRandomForest,HeavyCatBoost,0.97,0.2070360513193601,0.740745758119687
0.18595619585731982,0.16425941659586518,0.9354838709677419,0.27945073476270776,70726,14755,200,2900,17655,SmallRandomForest,HeavyCatBoost,0.97,0.2070360513193601,0.740745758119687
0.18336061658515893,0.16200680841564818,0.9364516129032258,0.2762262714686712,70465,15016,197,2903,17919,SmallRandomForest,HeavyCatBoost,0.97,0.2070360513193601,0.740745758119687
0.1803914738473664,0.15982840171598284,0.9374193548387096,0.2730946339629734,70205,15276,194,2906,18182,SmallRandomForest,HeavyCatBoost,0.97,0.2070360513193601,0.740745758119687
0.17744748203430627,0.15764935487368537,0.9380645161290323,0.269934094495498,69943,15538,192,2908,18446,SmallRandomForest,HeavyCatBoost,0.97,0.2070360513193601,0.740745758119687
0.17454687191983764,0.15548666417232349,0.9383870967741935,0.2667705992938695,69681,15800,191,2909,18709,SmallRandomForest,HeavyCatBoost,0.97,0.2070360513193601,0.740745758119687
0.17166033744205844,0.15337584989195172,0.9387096774193548,0.2636705477279935,69418,16063,190,2910,18973,SmallRandomForest,HeavyCatBoost,0.97,0.2070360513193601,0.740745758119687
0.1691649301230229,0.15138282387190685,0.9393548387096774,0.2607449856733524,69157,16324,188,2912,19236,SmallRandomForest,HeavyCatBoost,0.97,0.2070360513193601,0.740745758119687
0.16662833393675078,0.14933333333333335,0.9393548387096774,0.25769911504424775,68893,16588,188,2912,19500,SmallRandomForest,HeavyCatBoost,0.97,0.2070360513193601,0.740745758119687
0.16411440918470538,0.14734605070080453,0.9393548387096774,0.25473472422691684,68630,16851,188,2912,19763,SmallRandomForest,HeavyCatBoost,0.97,0.2070360513193601,0.740745758119687
0.16181227234079287,0.14550357018025664,0.94,0.25199982704198554,68368,17113,186,2914,20027,SmallRandomForest,HeavyCatBoost,0.97,0.2070360513193601,0.740745758119687
0.1596918156245762,0.14386397240019713,0.9416129032258065,0.24959384352287303,68110,17371,181,2919,20290,SmallRandomForest,HeavyCatBoost,0.97,0.2070360513193601,0.740745758119687
0.1573029838576667,0.1420648049041549,0.9419354838709677,0.24689270313689018,67847,17634,180,2920,20554,SmallRandomForest,HeavyCatBoost,0.97,0.2070360513193601,0.740745758119687
0.15495039006068975,0.1402699716577797,0.9419354838709677,0.24417778149433458,67584,17897,180,2920,20817,SmallRandomForest,HeavyCatBoost,0.97,0.2070360513193601,0.740745758119687
0.15243915371293884,0.1386082254162516,0.9425806451612904,0.24167734998552584,67322,18159,178,2922,21081,SmallRandomForest,HeavyCatBoost,0.97,0.2070360513193601,0.740745758119687
0.15038339358514557,0.13694715142428784,0.9429032258064516,0.239158893798069,67060,18421,177,2923,21344,SmallRandomForest,HeavyCatBoost,0.97,0.2070360513193601,0.740745758119687
0.14831636134274806,0.1354128100703443,0.9438709677419355,0.23684636554961958,66799,18682,174,2926,21608,SmallRandomForest,HeavyCatBoost,0.97,0.2070360513193601,0.740745758119687
0.14617216176081238,0.1337783467446964,0.9438709677419355,0.23434246355918628,66535,18946,174,2926,21872,SmallRandomForest,HeavyCatBoost,0.97,0.2070360513193601,0.740745758119687
0.14415198120761624,0.13227919584368647,0.944516129032258,0.2320586487021993,66274,19207,172,2928,22135,SmallRandomForest,HeavyCatBoost,0.97,0.2070360513193601,0.740745758119687
0.14214415193728527,0.1307201214339926,0.944516129032258,0.22965606494372326,66010,19471,172,2928,22399,SmallRandomForest,HeavyCatBoost,0.97,0.2070360513193601,0.740745758119687
0.14016661451917672,0.12920307122054542,0.944516129032258,0.2273115441347722,65747,19734,172,2928,22662,SmallRandomForest,HeavyCatBoost,0.97,0.2070360513193601,0.740745758119687
0.1381392060602399,0.12775887638489053,0.9448387096774193,0.22508260969799435,65484,19997,171,2929,22926,SmallRandomForest,HeavyCatBoost,0.97,0.2070360513193601,0.740745758119687
0.13613679776983464,0.12639613609901246,0.9454838709677419,0.22298299669063104,65223,20258,169,2931,23189,SmallRandomForest,HeavyCatBoost,0.97,0.2070360513193601,0.740745758119687
0.13424088223733913,0.12505862789408603,0.9461290322580646,0.22091665725153464,64961,20520,167,2933,23453,SmallRandomForest,HeavyCatBoost,0.97,0.2070360513193601,0.740745758119687
0.13237365905235257,0.12371394838927306,0.9464516129032258,0.21882458233890217,64699,20782,166,2934,23716,SmallRandomForest,HeavyCatBoost,0.97,0.2070360513193601,0.740745758119687
0.1303733146905446,0.12243536280233527,0.9470967741935484,0.21683899556868538,64437,21044,164,2936,23980,SmallRandomForest,HeavyCatBoost,0.97,0.2070360513193601,0.740745758119687
0.12848873507646624,0.12118962174648353,0.947741935483871,0.21489960867498079,64176,21305,162,2938,24243,SmallRandomForest,HeavyCatBoost,0.97,0.2070360513193601,0.740745758119687
0.12670366094199137,0.11996572407883462,0.9483870967741935,0.21298945919513165,63914,21567,160,2940,24507,SmallRandomForest,HeavyCatBoost,0.97,0.2070360513193601,0.740745758119687
0.12490935667309798,0.11869196608800969,0.9483870967741935,0.21097954790096882,63651,21830,160,2940,24770,SmallRandomForest,HeavyCatBoost,0.97,0.2070360513193601,0.740745758119687
0.12320701465997388,0.11752017256531118,0.9490322580645161,0.20914196346058148,63389,22092,158,2942,25034,SmallRandomForest,HeavyCatBoost,0.97,0.2070360513193601,0.740745758119687
0.1214319812795647,0.11629837530141914,0.9490322580645161,0.20720498644222982,63126,22355,158,2942,25297,SmallRandomForest,HeavyCatBoost,0.97,0.2070360513193601,0.740745758119687
0.11981828166057476,0.11509721841868471,0.9490322580645161,0.2052963957991696,62862,22619,158,2942,25561,SmallRandomForest,HeavyCatBoost,0.97,0.2070360513193601,0.740745758119687
0.11819554848050895,0.11400247831474597,0.9496774193548387,0.20356797123496057,62601,22880,156,2944,25824,SmallRandomForest,HeavyCatBoost,0.97,0.2070360513193601,0.740745758119687
0.11665513817697384,0.11288715118061944,0.95,0.20179525832533915,62338,23143,155,2945,26088,SmallRandomForest,HeavyCatBoost,0.97,0.2070360513193601,0.740745758119687
0.11523203523227811,0.11176046449850101,0.95,0.1999932090591151,62075,23406,155,2945,26351,SmallRandomForest,HeavyCatBoost,0.97,0.2070360513193601,0.740745758119687
0.11371157531952324,0.11065188803306406,0.95,0.19821638902910987,61811,23670,155,2945,26615,SmallRandomForest,HeavyCatBoost,0.97,0.2070360513193601,0.740745758119687
0.11222989412114358,0.10960636952154178,0.9503225806451613,0.19654413236373341,61549,23932,154,2946,26878,SmallRandomForest,HeavyCatBoost,0.97,0.2070360513193601,0.740745758119687
0.1107447504025996,0.10857711296146194,0.9506451612903226,0.19489451755836254,61286,24195,153,2947,27142,SmallRandomForest,HeavyCatBoost,0.97,0.2070360513193601,0.740745758119687
0.108968854694414,0.10757161101988688,0.9509677419354838,0.1932797901983281,61024,24457,152,2948,27405,SmallRandomForest,HeavyCatBoost,0.97,0.2070360513193601,0.740745758119687
0.10749051810562156,0.10661751418555061,0.9516129032258065,0.19175143813578602,60762,24719,150,2950,27669,SmallRandomForest,HeavyCatBoost,0.97,0.2070360513193601,0.740745758119687
0.10610025434476147,0.10564943434054132,0.9519354838709677,0.1901907708172209,60500,24981,149,2951,27932,SmallRandomForest,HeavyCatBoost,0.97,0.2070360513193601,0.740745758119687
0.10457224113110905,0.10473116754149525,0.9525806451612904,0.1887142126789366,60238,25243,147,2953,28196,SmallRandomForest,HeavyCatBoost,0.97,0.2070360513193601,0.740745758119687
0.10319841502989173,0.1037633086194174,0.9525806451612904,0.18714154440888495,59975,25506,147,2953,28459,SmallRandomForest,HeavyCatBoost,0.97,0.2070360513193601,0.740745758119687
0.10179941911230078,0.10291404101242907,0.9535483870967741,0.18577758225183044,59714,25767,144,2956,28723,SmallRandomForest,HeavyCatBoost,0.97,0.2070360513193601,0.740745758119687
0.10050620595294371,0.10201476574898227,0.9538709677419355,0.18431714766564858,59452,26029,143,2957,28986,SmallRandomForest,HeavyCatBoost,0.97,0.2070360513193601,0.740745758119687
0.09927209808060002,0.1010940170940171,0.9538709677419355,0.18281298299845442,59188,26293,143,2957,29250,SmallRandomForest,HeavyCatBoost,0.97,0.2070360513193601,0.740745758119687
0.09792735170808016,0.10026090197540068,0.954516129032258,0.18146138043111643,58927,26554,141,2959,29513,SmallRandomForest,HeavyCatBoost,0.97,0.2070360513193601,0.740745758119687
0.09664891367737746,0.09943916445578803,0.9551612903225807,0.1801259238981659,58665,26816,139,2961,29777,SmallRandomForest,HeavyCatBoost,0.97,0.2070360513193601,0.740745758119687
0.09531406160273113,0.09860186418109188,0.9554838709677419,0.1787567893783947,58403,27078,138,2962,30040,SmallRandomForest,HeavyCatBoost,0.97,0.2070360513193601,0.740745758119687
0.09396189786676994,0.09784186906019007,0.9564516129032258,0.17752364986229194,58142,27339,135,2965,30304,SmallRandomForest,HeavyCatBoost,0.97,0.2070360513193601,0.740745758119687
0.09285480715611492,0.09706546275395034,0.9570967741935484,0.17625568063682537,57881,27600,133,2967,30567,SmallRandomForest,HeavyCatBoost,0.97,0.2070360513193601,0.740745758119687
0.09165002053021869,0.09623430962343096,0.9570967741935484,0.17488432406943505,57617,27864,133,2967,30831,SmallRandomForest,HeavyCatBoost,0.97,0.2070360513193601,0.740745758119687
0.09048380405119273,0.09548465941982376,0.957741935483871,0.1736561969936246,57356,28125,131,2969,31094,SmallRandomForest,HeavyCatBoost,0.97,0.2070360513193601,0.740745758119687
0.08935531525611282,0.09468078321321513,0.957741935483871,0.17232572987404957,57092,28389,131,2969,31358,SmallRandomForest,HeavyCatBoost,0.97,0.2070360513193601,0.740745758119687
0.08810522277488728,0.09389329875715506,0.957741935483871,0.17102041991878114,56829,28652,131,2969,31621,SmallRandomForest,HeavyCatBoost,0.97,0.2070360513193601,0.740745758119687
0.08697270821945718,0.09311588521248236,0.957741935483871,0.1697298842361012,56565,28916,131,2969,31885,SmallRandomForest,HeavyCatBoost,0.97,0.2070360513193601,0.740745758119687
0.08580573784910649,0.09235411223093194,0.957741935483871,0.16846345891965503,56302,29179,131,2969,32148,SmallRandomForest,HeavyCatBoost,0.97,0.2070360513193601,0.740745758119687
0.08465883704332237,0.0916018758484512,0.957741935483871,0.1672110835773823,56038,29443,131,2969,32412,SmallRandomForest,HeavyCatBoost,0.97,0.2070360513193601,0.740745758119687
0.08359192226701566,0.09089517980107116,0.9580645161290322,0.16603773584905662,55776,29705,130,2970,32675,SmallRandomForest,HeavyCatBoost,0.97,0.2070360513193601,0.740745758119687
0.0824327906535353,0.09016667172652479,0.9580645161290322,0.16482144343627736,55512,29969,130,2970,32939,SmallRandomForest,HeavyCatBoost,0.97,0.2070360513193601,0.740745758119687
0.08127598963341011,0.08945244262393831,0.9580645161290322,0.1636273483554625,55249,30232,130,2970,33202,SmallRandomForest,HeavyCatBoost,0.97,0.2070360513193601,0.740745758119687
0.08029667228997302,0.08874678778461723,0.9580645161290322,0.16244598807635507,54985,30496,130,2970,33466,SmallRandomForest,HeavyCatBoost,0.97,0.2070360513193601,0.740745758119687
0.07920505385664257,0.08808443772421358,0.9583870967741935,0.16134024817399334,54723,30758,129,2971,33729,SmallRandomForest,HeavyCatBoost,0.97,0.2070360513193601,0.740745758119687
0.07814492650810884,0.08742976495160769,0.9587096774193549,0.16024586849270753,54460,31021,128,2972,33993,SmallRandomForest,HeavyCatBoost,0.97,0.2070360513193601,0.740745758119687
0.07703817956726303,0.08678771602055114,0.9590322580645161,0.15917121747510438,54198,31283,127,2973,34256,SmallRandomForest,HeavyCatBoost,0.97,0.2070360513193601,0.740745758119687
0.0758889011140831,0.0861819235225956,0.9596774193548387,0.158160552897395,53936,31545,125,2975,34520,SmallRandomForest,HeavyCatBoost,0.97,0.2070360513193601,0.740745758119687
0.07502911474203221,0.08555903746082856,0.96,0.15711532877544016,53674,31807,124,2976,34783,SmallRandomForest,HeavyCatBoost,0.97,0.2070360513193601,0.740745758119687
0.07402048043616112,0.0849145433275316,0.96,0.15602799695913178,53410,32071,124,2976,35047,SmallRandomForest,HeavyCatBoost,0.97,0.2070360513193601,0.740745758119687
0.07306582854113627,0.0842820730671198,0.96,0.1549596459255402,53147,32334,124,2976,35310,SmallRandomForest,HeavyCatBoost,0.97,0.2070360513193601,0.740745758119687
0.07204415124461462,0.08365660313712261,0.96,0.15390184620158245,52883,32598,124,2976,35574,SmallRandomForest,HeavyCatBoost,0.97,0.2070360513193601,0.740745758119687
0.07114850297150244,0.0830984736445573,0.9606451612903226,0.15296504610011044,52622,32859,122,2978,35837,SmallRandomForest,HeavyCatBoost,0.97,0.2070360513193601,0.740745758119687
0.07025986327299774,0.08251848979252652,0.9609677419354838,0.1519859187265631,52359,33122,121,2979,36101,SmallRandomForest,HeavyCatBoost,0.97,0.2070360513193601,0.740745758119687
0.06933256330895259,0.08192168078319217,0.9609677419354838,0.15097303871883236,52096,33385,121,2979,36364,SmallRandomForest,HeavyCatBoost,0.97,0.2070360513193601,0.740745758119687
0.06835701721671633,0.08135852353390849,0.9612903225806452,0.1500201369311317,51833,33648,120,2980,36628,SmallRandomForest,HeavyCatBoost,0.97,0.2070360513193601,0.740745758119687
0.06738369623599699,0.08077850966360359,0.9612903225806452,0.14903353254482257,51570,33911,120,2980,36891,SmallRandomForest,HeavyCatBoost,0.97,0.2070360513193601,0.740745758119687
0.06654860248082412,0.08020454851298614,0.9612903225806452,0.14805614209414977,51306,34175,120,2980,37155,SmallRandomForest,HeavyCatBoost,0.97,0.2070360513193601,0.740745758119687
0.06564762393120438,0.07964081458121759,0.9612903225806452,0.14709511821906313,51043,34438,120,2980,37418,SmallRandomForest,HeavyCatBoost,0.97,0.2070360513193601,0.740745758119687
0.06473275287132596,0.07908285122870336,0.9612903225806452,0.14614290618410083,50779,34702,120,2980,37682,SmallRandomForest,HeavyCatBoost,0.97,0.2070360513193601,0.740745758119687
0.06386768298915098,0.0785347213071551,0.9612903225806452,0.1452064806919235,50516,34965,120,2980,37945,SmallRandomForest,HeavyCatBoost,0.97,0.2070360513193601,0.740745758119687
0.06303091829273269,0.07799209610301237,0.9612903225806452,0.14427848652835942,50252,35229,120,2980,38209,SmallRandomForest,HeavyCatBoost,0.97,0.2070360513193601,0.740745758119687
0.06212264412482537,0.07745893117072157,0.9612903225806452,0.14336572693158858,49989,35492,120,2980,38472,SmallRandomForest,HeavyCatBoost,0.97,0.2070360513193601,0.740745758119687
0.06122904148929619,0.07693102023957042,0.9612903225806452,0.14246103834018548,49725,35756,120,2980,38736,SmallRandomForest,HeavyCatBoost,0.97,0.2070360513193601,0.740745758119687
0.06040201095590129,0.07648914074719865,0.962258064516129,0.14171357989500938,49465,36016,117,2983,38999,SmallRandomForest,HeavyCatBoost,0.97,0.2070360513193601,0.740745758119687
0.05959404251711054,0.07597483635993174,0.962258064516129,0.1408304416589949,49201,36280,117,2983,39263,SmallRandomForest,HeavyCatBoost,0.97,0.2070360513193601,0.740745758119687
0.05879559964918683,0.07546931133937156,0.962258064516129,0.13996152582930607,48938,36543,117,2983,39526,SmallRandomForest,HeavyCatBoost,0.97,0.2070360513193601,0.740745758119687
0.057979799257686884,0.07501884895702438,0.9629032258064516,0.13919328514805315,48676,36805,115,2985,39790,SmallRandomForest,HeavyCatBoost,0.97,0.2070360513193601,0.740745758119687
0.05719139291227172,0.07455121963398496,0.9632258064516129,0.13839130535536348,48414,37067,114,2986,40053,SmallRandomForest,HeavyCatBoost,0.97,0.2070360513193601,0.740745758119687
0.05631739436482558,0.07411265719175533,0.9638709677419355,0.1376419374899233,48152,37329,112,2988,40317,SmallRandomForest,HeavyCatBoost,0.97,0.2070360513193601,0.740745758119687
0.05552112181385415,0.07363233119763431,0.9638709677419355,0.13681318681318683,47889,37592,112,2988,40580,SmallRandomForest,HeavyCatBoost,0.97,0.2070360513193601,0.740745758119687
0.05469264065448717,0.07315639996082655,0.9638709677419355,0.13599126160567995,47625,37856,112,2988,40844,SmallRandomForest,HeavyCatBoost,0.97,0.2070360513193601,0.740745758119687
0.053897764025403846,0.07268834991607269,0.9638709677419355,0.13518221096206484,47362,38119,112,2988,41107,SmallRandomForest,HeavyCatBoost,0.97,0.2070360513193601,0.740745758119687
0.053075710882124566,0.0722245050881052,0.9638709677419355,0.13437970812439567,47098,38383,112,2988,41371,SmallRandomForest,HeavyCatBoost,0.97,0.2070360513193601,0.740745758119687
0.05228777204973529,0.07179228515155882,0.9641935483870968,0.13363437206599008,46836,38645,111,2989,41634,SmallRandomForest,HeavyCatBoost,0.97,0.2070360513193601,0.740745758119687
0.05152068479517416,0.0713399207599408,0.9641935483870968,0.13285034890439573,46572,38909,111,2989,41898,SmallRandomForest,HeavyCatBoost,0.97,0.2070360513193601,0.740745758119687
0.05081862219168742,0.07089490287232277,0.9641935483870968,0.132078389783699,46309,39172,111,2989,42161,SmallRandomForest,HeavyCatBoost,0.97,0.2070360513193601,0.740745758119687
0.05007767971242418,0.07045374189746612,0.9641935483870968,0.1313124656781988,46045,39436,111,2989,42425,SmallRandomForest,HeavyCatBoost,0.97,0.2070360513193601,0.740745758119687
0.04923511428332022,0.07001967766116941,0.9641935483870968,0.13055822486240937,45782,39699,111,2989,42688,SmallRandomForest,HeavyCatBoost,0.97,0.2070360513193601,0.740745758119687
0.04838852671322844,0.06958930899608866,0.9641935483870968,0.12980978024841483,45518,39963,111,2989,42952,SmallRandomForest,HeavyCatBoost,0.97,0.2070360513193601,0.740745758119687
0.04769512566834973,0.06918893902580123,0.964516129032258,0.12911583720177047,45256,40225,110,2990,43215,SmallRandomForest,HeavyCatBoost,0.97,0.2070360513193601,0.740745758119687
0.046985968882242116,0.06881483014788749,0.9651612903225807,0.12846991133343352,44994,40487,108,2992,43479,SmallRandomForest,HeavyCatBoost,0.97,0.2070360513193601,0.740745758119687
0.04625175568886922,0.06839951535102759,0.9651612903225807,0.1277458745170036,44730,40751,108,2992,43743,SmallRandomForest,HeavyCatBoost,0.97,0.2070360513193601,0.740745758119687
0.045540280965778245,0.06799072853701768,0.9651612903225807,0.12703264976860695,44467,41014,108,2992,44006,SmallRandomForest,HeavyCatBoost,0.97,0.2070360513193601,0.740745758119687
0.04472567982865907,0.06758527219335893,0.9651612903225807,0.12632467806628667,44203,41278,108,2992,44270,SmallRandomForest,HeavyCatBoost,0.97,0.2070360513193601,0.740745758119687
0.044069995877685564,0.0671861316327218,0.9651612903225807,0.12562719123296875,43940,41541,108,2992,44533,SmallRandomForest,HeavyCatBoost,0.97,0.2070360513193601,0.740745758119687
0.04333794223819741,0.06679018684286894,0.9651612903225807,0.12493475583021901,43676,41805,108,2992,44797,SmallRandomForest,HeavyCatBoost,0.97,0.2070360513193601,0.740745758119687
0.04264828669621813,0.06640035508211274,0.9651612903225807,0.12425249169435217,43413,42068,108,2992,45060,SmallRandomForest,HeavyCatBoost,0.97,0.2070360513193601,0.740745758119687
0.04195791976411398,0.06601359103344806,0.9651612903225807,0.123575086733851,43149,42332,108,2992,45324,SmallRandomForest,HeavyCatBoost,0.97,0.2070360513193601,0.740745758119687
0.041343918825401275,0.06567661833417422,0.9658064516129032,0.12298970977879106,42888,42593,106,2994,45587,SmallRandomForest,HeavyCatBoost,0.97,0.2070360513193601,0.740745758119687
0.04068174062362774,0.0653202765479488,0.9661290322580646,0.12236726522440809,42625,42856,105,2995,45851,SmallRandomForest,HeavyCatBoost,0.97,0.2070360513193601,0.740745758119687
0.04001269471621755,0.06494773821399141,0.9661290322580646,0.12171333360425894,42362,43119,105,2995,46114,SmallRandomForest,HeavyCatBoost,0.97,0.2070360513193601,0.740745758119687
0.039400512026378606,0.06457803268791237,0.9661290322580646,0.12106390719107483,42098,43383,105,2995,46378,SmallRandomForest,HeavyCatBoost,0.97,0.2070360513193601,0.740745758119687
0.038778177310158944,0.06421388906755858,0.9661290322580646,0.12042379525944391,41835,43646,105,2995,46641,SmallRandomForest,HeavyCatBoost,0.97,0.2070360513193601,0.740745758119687
0.03817391218299844,0.0638524677539708,0.9661290322580646,0.11978802119788022,41571,43910,105,2995,46905,SmallRandomForest,HeavyCatBoost,0.97,0.2070360513193601,0.740745758119687
0.03751941463841803,0.0634964382632293,0.9661290322580646,0.11916129545635393,41308,44173,105,2995,47168,SmallRandomForest,HeavyCatBoost,0.97,0.2070360513193601,0.740745758119687
0.036903431357544265,0.06314302580536346,0.9661290322580646,0.11853874772421434,41044,44437,105,2995,47432,SmallRandomForest,HeavyCatBoost,0.97,0.2070360513193601,0.740745758119687
0.036274458730784206,0.06283677534332739,0.9667741935483871,0.11800374052564229,40783,44698,103,2997,47695,SmallRandomForest,HeavyCatBoost,0.97,0.2070360513193601,0.740745758119687
0.035675094810930306,0.06249087762463771,0.9667741935483871,0.11739360347832897,40519,44962,103,2997,47959,SmallRandomForest,HeavyCatBoost,0.97,0.2070360513193601,0.740745758119687
0.03509618667170224,0.06215005599104143,0.9667741935483871,0.1167920190171856,40256,45225,103,2997,48222,SmallRandomForest,HeavyCatBoost,0.97,0.2070360513193601,0.740745758119687
0.03447962961746027,0.06181165697314689,0.9667741935483871,0.1161943162873648,39992,45489,103,2997,48486,SmallRandomForest,HeavyCatBoost,0.97,0.2070360513193601,0.740745758119687
0.03382898594355731,0.06147818416788037,0.9667741935483871,0.1156049296997049,39729,45752,103,2997,48749,SmallRandomForest,HeavyCatBoost,0.97,0.2070360513193601,0.740745758119687
0.03325943412065809,0.0611674453716361,0.9670967741935483,0.1150576631550669,39466,46015,102,2998,49013,SmallRandomForest,HeavyCatBoost,0.97,0.2070360513193601,0.740745758119687
0.03260405031143416,0.0608409773520578,0.9670967741935483,0.1144799144646403,39203,46278,102,2998,49276,SmallRandomForest,HeavyCatBoost,0.97,0.2070360513193601,0.740745758119687
0.03202790875529968,0.06051675413807025,0.9670967741935483,0.11390577507598784,38939,46542,102,2998,49540,SmallRandomForest,HeavyCatBoost,0.97,0.2070360513193601,0.740745758119687
0.031480513359213265,0.060197176876894964,0.9670967741935483,0.11333950815643726,38676,46805,102,2998,49803,SmallRandomForest,HeavyCatBoost,0.97,0.2070360513193601,0.740745758119687
0.0310058593157994,0.059879761120099066,0.9670967741935483,0.11277672240299434,38412,47069,102,2998,50067,SmallRandomForest,HeavyCatBoost,0.97,0.2070360513193601,0.740745758119687
0.03042381743078768,0.05956685873236638,0.9670967741935483,0.11222159835298522,38149,47332,102,2998,50330,SmallRandomForest,HeavyCatBoost,0.97,0.2070360513193601,0.740745758119687
0.029885597328407024,0.059256038265406964,0.9670967741935483,0.11166983275598763,37885,47596,102,2998,50594,SmallRandomForest,HeavyCatBoost,0.97,0.2070360513193601,0.740745758119687
0.029373939937166468,0.05894960379102188,0.9670967741935483,0.11112552588172062,37622,47859,102,2998,50857,SmallRandomForest,HeavyCatBoost,0.97,0.2070360513193601,0.740745758119687
0.028805648086694724,0.05864517517262964,0.9670967741935483,0.1105844598956124,37358,48123,102,2998,51121,SmallRandomForest,HeavyCatBoost,0.97,0.2070360513193601,0.740745758119687
0.02828598135963642,0.058383932741709485,0.967741935483871,0.11012407312238456,37097,48384,100,3000,51384,SmallRandomForest,HeavyCatBoost,0.97,0.2070360513193601,0.740745758119687
0.027673459334044623,0.05808550185873606,0.967741935483871,0.10959304449477607,36833,48648,100,3000,51648,SmallRandomForest,HeavyCatBoost,0.97,0.2070360513193601,0.740745758119687
0.027117024718058717,0.05779121958737069,0.967741935483871,0.10906909527185472,36570,48911,100,3000,51911,SmallRandomForest,HeavyCatBoost,0.97,0.2070360513193601,0.740745758119687
0.026519078726856472,0.057498802108289414,0.967741935483871,0.1085481682496608,36306,49175,100,3000,52175,SmallRandomForest,HeavyCatBoost,0.97,0.2070360513193601,0.740745758119687
0.025984513055653753,0.057210419924482246,0.967741935483871,0.10803413878785696,36043,49438,100,3000,52438,SmallRandomForest,HeavyCatBoost,0.97,0.2070360513193601,0.740745758119687
0.02542054620158846,0.05692383590755569,0.967741935483871,0.10752302784846421,35779,49702,100,3000,52702,SmallRandomForest,HeavyCatBoost,0.97,0.2070360513193601,0.740745758119687
0.024899762677372476,0.05664117813650524,0.967741935483871,0.1070186390796397,35516,49965,100,3000,52965,SmallRandomForest,HeavyCatBoost,0.97,0.2070360513193601,0.740745758119687
0.0243759886602816,0.056379041499934245,0.9680645161290322,0.10655257505015178,35253,50228,99,3001,53229,SmallRandomForest,HeavyCatBoost,0.97,0.2070360513193601,0.740745758119687
0.023825219850093574,0.05610184700515965,0.9680645161290322,0.10605739327113371,34990,50491,99,3001,53492,SmallRandomForest,HeavyCatBoost,0.97,0.2070360513193601,0.740745758119687
0.02330074811220294,0.05582632636356872,0.9680645161290322,0.10556493597861263,34726,50755,99,3001,53756,SmallRandomForest,HeavyCatBoost,0.97,0.2070360513193601,0.740745758119687
0.02278930756464546,0.05555452711083137,0.9680645161290322,0.10507887042840386,34463,51018,99,3001,54019,SmallRandomForest,HeavyCatBoost,0.97,0.2070360513193601,0.740745758119687
0.022251454396680186,0.05528434316452665,0.9680645161290322,0.10459543767317847,34199,51282,99,3001,54283,SmallRandomForest,HeavyCatBoost,0.97,0.2070360513193601,0.740745758119687
0.02177207800498265,0.05501778315550178,0.9680645161290322,0.10411823890642888,33936,51545,99,3001,54546,SmallRandomForest,HeavyCatBoost,0.97,0.2070360513193601,0.740745758119687
0.0212671489579034,0.05475278233898923,0.9680645161290322,0.10364358487307891,33672,51809,99,3001,54810,SmallRandomForest,HeavyCatBoost,0.97,0.2070360513193601,0.740745758119687
0.020742473622600337,0.054491311531966666,0.9680645161290322,0.1031750124628264,33409,52072,99,3001,55073,SmallRandomForest,HeavyCatBoost,0.97,0.2070360513193601,0.740745758119687
0.02024219669446723,0.05423134611561885,0.9680645161290322,0.10270890018310319,33145,52336,99,3001,55337,SmallRandomForest,HeavyCatBoost,0.97,0.2070360513193601,0.740745758119687
0.019751408616251215,0.05397482014388489,0.9680645161290322,0.1022487223168654,32882,52599,99,3001,55600,SmallRandomForest,HeavyCatBoost,0.97,0.2070360513193601,0.740745758119687
0.019264341452916143,0.0537197479593298,0.9680645161290322,0.10179092327521877,32618,52863,99,3001,55864,SmallRandomForest,HeavyCatBoost,0.97,0.2070360513193601,0.740745758119687
0.01881355088584835,0.05346802786537674,0.9680645161290322,0.10133891637260033,32355,53126,99,3001,56127,SmallRandomForest,HeavyCatBoost,0.97,0.2070360513193601,0.740745758119687
0.01838675395643824,0.05321771204624851,0.9680645161290322,0.1008892101326251,32091,53390,99,3001,56391,SmallRandomForest,HeavyCatBoost,0.97,0.2070360513193601,0.740745758119687
0.017902778734118933,0.05297066403078335,0.9680645161290322,0.10044515848311408,31828,53653,99,3001,56654,SmallRandomForest,HeavyCatBoost,0.97,0.2070360513193601,0.740745758119687
0.017477572323075095,0.052742541902385885,0.9683870967741935,0.10003665566996568,31565,53916,98,3002,56918,SmallRandomForest,HeavyCatBoost,0.97,0.2070360513193601,0.740745758119687
0.017017171917189173,0.05249995627918364,0.9683870967741935,0.09960020570328959,31302,54179,98,3002,57181,SmallRandomForest,HeavyCatBoost,0.97,0.2070360513193601,0.740745758119687
0.016531892973194795,0.05225868221777352,0.9683870967741935,0.0991659096539764,31038,54443,98,3002,57445,SmallRandomForest,HeavyCatBoost,0.97,0.2070360513193601,0.740745758119687
0.016022496378858435,0.05202051708601927,0.9683870967741935,0.09873700828838312,30775,54706,98,3002,57708,SmallRandomForest,HeavyCatBoost,0.97,0.2070360513193601,0.740745758119687
0.015558726240217313,0.05180086938522045,0.9687096774193549,0.098342939481268,30512,54969,97,3003,57972,SmallRandomForest,HeavyCatBoost,0.97,0.2070360513193601,0.740745758119687
0.015103198276050198,0.05156692710569245,0.9687096774193549,0.0979212521398875,30249,55232,97,3003,58235,SmallRandomForest,HeavyCatBoost,0.97,0.2070360513193601,0.740745758119687
0.014609338559996079,0.05133421084121096,0.9687096774193549,0.09750158281790289,29985,55496,97,3003,58499,SmallRandomForest,HeavyCatBoost,0.97,0.2070360513193601,0.740745758119687
0.014145945204191405,0.05112147306082162,0.9690322580645161,0.09711939478193399,29723,55758,96,3004,58762,SmallRandomForest,HeavyCatBoost,0.97,0.2070360513193601,0.740745758119687
0.013690008622038723,0.05090976857655948,0.9693548387096774,0.0967388854907768,29460,56021,95,3005,59026,SmallRandomForest,HeavyCatBoost,0.97,0.2070360513193601,0.740745758119687
0.013268768641787101,0.050683937998616944,0.9693548387096774,0.09633108400519322,29197,56284,95,3005,59289,SmallRandomForest,HeavyCatBoost,0.97,0.2070360513193601,0.740745758119687
0.012781896096675625,0.05045925478145517,0.9693548387096774,0.09592517517118095,28933,56548,95,3005,59553,SmallRandomForest,HeavyCatBoost,0.97,0.2070360513193601,0.740745758119687
0.012314034728455507,0.05025411261201016,0.9696774193548388,0.09555597940110623,28671,56810,94,3006,59816,SmallRandomForest,HeavyCatBoost,0.97,0.2070360513193601,0.740745758119687
0.011844844777435642,0.05003328894806924,0.9696774193548388,0.09515669515669517,28407,57074,94,3006,60080,SmallRandomForest,HeavyCatBoost,0.97,0.2070360513193601,0.740745758119687
0.011371847601811346,0.0498152229753244,0.9696774193548388,0.09476222751130936,28144,57337,94,3006,60343,SmallRandomForest,HeavyCatBoost,0.97,0.2070360513193601,0.740745758119687
0.010876593906293575,0.049598231227415975,0.9696774193548388,0.09436953552984759,27880,57601,94,3006,60607,SmallRandomForest,HeavyCatBoost,0.97,0.2070360513193601,0.740745758119687
0.010331949005724084,0.049383932971907345,0.9696774193548388,0.09398155385336879,27617,57864,94,3006,60870,SmallRandomForest,HeavyCatBoost,0.97,0.2070360513193601,0.740745758119687
0.009867465998987511,0.04917067425655118,0.9696774193548388,0.09359529221284676,27353,58128,94,3006,61134,SmallRandomForest,HeavyCatBoost,0.97,0.2070360513193601,0.740745758119687
0.009417713789949968,0.048960046907829374,0.9696774193548388,0.09321363784362065,27090,58391,94,3006,61397,SmallRandomForest,HeavyCatBoost,0.97,0.2070360513193601,0.740745758119687
0.008923044386458053,0.04875042571479541,0.9696774193548388,0.09283364988187334,26826,58655,94,3006,61661,SmallRandomForest,HeavyCatBoost,0.97,0.2070360513193601,0.740745758119687
0.008480676917899768,0.048543375750920485,0.9696774193548388,0.0924581692913386,26563,58918,94,3006,61924,SmallRandomForest,HeavyCatBoost,0.97,0.2070360513193601,0.740745758119687
0.007995402742033302,0.048336522536139834,0.9696774193548388,0.09208289298350412,26298,59183,94,3006,62189,SmallRandomForest,HeavyCatBoost,0.97,0.2070360513193601,0.740745758119687
0.007439565038772131,0.048132966117978605,0.9696774193548388,0.0917134488650232,26035,59446,94,3006,62452,SmallRandomForest,HeavyCatBoost,0.97,0.2070360513193601,0.740745758119687
0.0069558914989547305,0.04793035270106512,0.9696774193548388,0.09134556946639115,25771,59710,94,3006,62716,SmallRandomForest,HeavyCatBoost,0.97,0.2070360513193601,0.740745758119687
0.006451564846065867,0.04773019577954556,0.9696774193548388,0.0909820063862952,25508,59973,94,3006,62979,SmallRandomForest,HeavyCatBoost,0.97,0.2070360513193601,0.740745758119687
0.005956166930508486,0.04753095204212324,0.9696774193548388,0.09061995990534043,25244,60237,94,3006,63243,SmallRandomForest,HeavyCatBoost,0.97,0.2070360513193601,0.740745758119687
0.005445003241117181,0.047334110162819264,0.9696774193548388,0.09026213854607694,24981,60500,94,3006,63506,SmallRandomForest,HeavyCatBoost,0.97,0.2070360513193601,0.740745758119687
0.004851755705848969,0.04715383409126549,0.97,0.08993569612681324,24718,60763,93,3007,63770,SmallRandomForest,HeavyCatBoost,0.97,0.2070360513193601,0.740745758119687
0.004409143679173014,0.046960161166898315,0.97,0.08958336436625801,24455,61026,93,3007,64033,SmallRandomForest,HeavyCatBoost,0.97,0.2070360513193601,0.740745758119687
0.0038295314568614377,0.04676734528827162,0.97,0.08923245841803049,24191,61290,93,3007,64297,SmallRandomForest,HeavyCatBoost,0.97,0.2070360513193601,0.740745758119687
0.003250686546700735,0.046576827757125155,0.97,0.0888856044930535,23928,61553,93,3007,64560,SmallRandomForest,HeavyCatBoost,0.97,0.2070360513193601,0.740745758119687
0.0025998269091881444,0.04638714056522276,0.97,0.08854013308992403,23664,61817,93,3007,64824,SmallRandomForest,HeavyCatBoost,0.97,0.2070360513193601,0.740745758119687
0.0019137618265012881,0.046199701937406856,0.97,0.08819863023743531,23401,62080,93,3007,65087,SmallRandomForest,HeavyCatBoost,0.97,0.2070360513193601,0.740745758119687
0.0010899583715936925,0.04601306789490597,0.97,0.08785846810126952,23137,62344,93,3007,65351,SmallRandomForest,HeavyCatBoost,0.97,0.2070360513193601,0.740745758119687
3.670016085608963e-05,0.045827237259205074,0.97,0.0875196460795157,22872,62609,93,3007,65616,SmallRandomForest,HeavyCatBoost,0.97,0.2070360513193601,0.740745758119687
0.9998735189437866,1.0,0.0003225806451612903,0.0006449532408900355,85481,0,3099,1,1,SmallRandomForest,XGBoost,0.97,0.2070360513193601,0.740745758119687
0.9984045624732971,0.9962962962962963,0.0867741935483871,0.1596439169139466,85480,1,2831,269,270,SmallRandomForest,XGBoost,0.97,0.2070360513193601,0.740745758119687
0.9955664277076721,0.9869158878504672,0.1703225806451613,0.2905089408528198,85474,7,2572,528,535,SmallRandomForest,XGBoost,0.97,0.2070360513193601,0.740745758119687
0.990641176700592,0.9774436090225563,0.25161290322580643,0.4002052334530528,85463,18,2320,780,798,SmallRandomForest,XGBoost,0.97,0.2070360513193601,0.740745758119687
0.9807671308517456,0.9576271186440678,0.32806451612903226,0.4887073522345027,85436,45,2083,1017,1062,SmallRandomForest,XGBoost,0.97,0.2070360513193601,0.740745758119687
0.961509644985199,0.9456603773584905,0.40419354838709676,0.5663276836158192,85409,72,1847,1253,1325,SmallRandomForest,XGBoost,0.97,0.2070360513193601,0.740745758119687
0.936263918876648,0.9269521410579346,0.47483870967741937,0.627986348122867,85365,116,1628,1472,1588,SmallRandomForest,XGBoost,0.97,0.2070360513193601,0.740745758119687
0.9048030972480774,0.9092382495948136,0.5429032258064516,0.679862654009291,85313,168,1417,1683,1851,SmallRandomForest,XGBoost,0.97,0.2070360513193601,0.740745758119687
0.8630411624908447,0.868968779564806,0.5925806451612903,0.7046413502109704,85204,277,1263,1837,2114,SmallRandomForest,XGBoost,0.97,0.2070360513193601,0.740745758119687
0.8246283531188965,0.8233066891039125,0.6312903225806452,0.7146247945955815,85061,420,1143,1957,2377,SmallRandomForest,XGBoost,0.97,0.2070360513193601,0.740745758119687
0.7867608070373535,0.7784090909090909,0.6629032258064517,0.71602787456446,84896,585,1045,2055,2640,SmallRandomForest,XGBoost,0.97,0.2070360513193601,0.740745758119687
0.7545462846755981,0.737603305785124,0.6909677419354838,0.7135243171219187,84719,762,958,2142,2904,SmallRandomForest,XGBoost,0.97,0.2070360513193601,0.740745758119687
0.7217409610748291,0.6963383838383839,0.7116129032258065,0.7038927887683472,84519,962,894,2206,3168,SmallRandomForest,XGBoost,0.97,0.2070360513193601,0.740745758119687
0.6917295455932617,0.6587000874380647,0.7290322580645161,0.6920839075179911,84310,1171,840,2260,3431,SmallRandomForest,XGBoost,0.97,0.2070360513193601,0.740745758119687
0.6666219234466553,0.626691932864104,0.7467741935483871,0.6814836620547542,84102,1379,785,2315,3694,SmallRandomForest,XGBoost,0.97,0.2070360513193601,0.740745758119687
0.6415562033653259,0.5942395149065185,0.7587096774193548,0.6664777557381696,83875,1606,748,2352,3958,SmallRandomForest,XGBoost,0.97,0.2070360513193601,0.740745758119687
0.6182424426078796,0.5657427149964463,0.7703225806451612,0.6523698948231116,83648,1833,712,2388,4221,SmallRandomForest,XGBoost,0.97,0.2070360513193601,0.740745758119687
0.5975634455680847,0.5394736842105263,0.7803225806451612,0.63792194092827,83416,2065,681,2419,4484,SmallRandomForest,XGBoost,0.97,0.2070360513193601,0.740745758119687
0.5743648409843445,0.515483463239941,0.7893548387096774,0.6236778386644577,83181,2300,653,2447,4747,SmallRandomForest,XGBoost,0.97,0.2070360513193601,0.740745758119687
0.5563833713531494,0.4946107784431138,0.7993548387096774,0.6110974106041924,82949,2532,622,2478,5010,SmallRandomForest,XGBoost,0.97,0.2070360513193601,0.740745758119687
0.5382519364356995,0.4744926986535179,0.8070967741935484,0.5976352561805804,82710,2771,598,2502,5273,SmallRandomForest,XGBoost,0.97,0.2070360513193601,0.740745758119687
0.5207968950271606,0.45539906103286387,0.8135483870967742,0.583931465617041,82465,3016,578,2522,5538,SmallRandomForest,XGBoost,0.97,0.2070360513193601,0.740745758119687
0.5053120255470276,0.4371660058610584,0.8180645161290323,0.5698236153241208,82216,3265,564,2536,5801,SmallRandomForest,XGBoost,0.97,0.2070360513193601,0.740745758119687
0.4897492825984955,0.42018469656992086,0.8219354838709677,0.5560890440855522,81965,3516,552,2548,6064,SmallRandomForest,XGBoost,0.97,0.2070360513193601,0.740745758119687
0.4752439558506012,0.40556345819503714,0.827741935483871,0.5443937625967964,81720,3761,534,2566,6327,SmallRandomForest,XGBoost,0.97,0.2070360513193601,0.740745758119687
0.46162164211273193,0.39089529590288313,0.8309677419354838,0.5316821465428276,81467,4014,524,2576,6590,SmallRandomForest,XGBoost,0.97,0.2070360513193601,0.740745758119687
0.44749972224235535,0.37808259156573765,0.8358064516129032,0.5206470410931378,81219,4262,509,2591,6853,SmallRandomForest,XGBoost,0.97,0.2070360513193601,0.740745758119687
0.43638691306114197,0.3659221800814721,0.8403225806451613,0.5098346217829532,80967,4514,495,2605,7119,SmallRandomForest,XGBoost,0.97,0.2070360513193601,0.740745758119687
0.424419105052948,0.35419206284708116,0.8435483870967742,0.49890298578651154,80713,4768,485,2615,7383,SmallRandomForest,XGBoost,0.97,0.2070360513193601,0.740745758119687
0.41383951902389526,0.34370912895631706,0.847741935483871,0.48911222780569513,80463,5018,472,2628,7646,SmallRandomForest,XGBoost,0.97,0.2070360513193601,0.740745758119687
0.4023776650428772,0.33404981666455935,0.8522580645161291,0.47997093287310383,80214,5267,458,2642,7909,SmallRandomForest,XGBoost,0.97,0.2070360513193601,0.740745758119687
0.39226487278938293,0.3245227606461087,0.8554838709677419,0.4705464868701207,79961,5520,448,2652,8172,SmallRandomForest,XGBoost,0.97,0.2070360513193601,0.740745758119687
0.3824886977672577,0.3153964679388408,0.8583870967741936,0.46129843113461033,79705,5776,439,2661,8437,SmallRandomForest,XGBoost,0.97,0.2070360513193601,0.740745758119687
0.3731422424316406,0.3067816091954023,0.8609677419354839,0.4523728813559322,79450,6031,431,2669,8700,SmallRandomForest,XGBoost,0.97,0.2070360513193601,0.740745758119687
0.36483168601989746,0.29945330804418163,0.8658064516129033,0.44499709856586256,79202,6279,416,2684,8963,SmallRandomForest,XGBoost,0.97,0.2070360513193601,0.740745758119687
0.3561340570449829,0.29243442445263385,0.8703225806451613,0.43777381145546007,78953,6528,402,2698,9226,SmallRandomForest,XGBoost,0.97,0.2070360513193601,0.740745758119687
0.34744691848754883,0.2851723047739488,0.8729032258064516,0.4298991182778616,78698,6783,394,2706,9489,SmallRandomForest,XGBoost,0.97,0.2070360513193601,0.740745758119687
0.33845728635787964,0.27827335178919305,0.8754838709677419,0.4223138566871547,78442,7039,386,2714,9753,SmallRandomForest,XGBoost,0.97,0.2070360513193601,0.740745758119687
0.3308558166027069,0.2711661341853035,0.8761290322580645,0.41415065568770965,78181,7300,384,2716,10016,SmallRandomForest,XGBoost,0.97,0.2070360513193601,0.740745758119687
0.32429859042167664,0.26478599221789884,0.8780645161290322,0.4068759342301943,77923,7558,378,2722,10280,SmallRandomForest,XGBoost,0.97,0.2070360513193601,0.740745758119687
0.3177225589752197,0.25903443042777197,0.8809677419354839,0.400351828776662,77669,7812,369,2731,10543,SmallRandomForest,XGBoost,0.97,0.2070360513193601,0.740745758119687
0.3105791509151459,0.25365537664260596,0.8841935483870967,0.39421832302603194,77416,8065,359,2741,10806,SmallRandomForest,XGBoost,0.97,0.2070360513193601,0.740745758119687
0.3032117784023285,0.24796747967479674,0.885483870967742,0.3874382498235709,77156,8325,355,2745,11070,SmallRandomForest,XGBoost,0.97,0.2070360513193601,0.740745758119687
0.29740869998931885,0.24307393682724546,0.8887096774193548,0.3817375640847998,76902,8579,345,2755,11334,SmallRandomForest,XGBoost,0.97,0.2070360513193601,0.740745758119687
0.2916906476020813,0.23790635509183408,0.89,0.37545077226644896,76643,8838,341,2759,11597,SmallRandomForest,XGBoost,0.97,0.2070360513193601,0.740745758119687
0.28601977229118347,0.23322091062394604,0.892258064516129,0.36978609625668446,76387,9094,334,2766,11860,SmallRandomForest,XGBoost,0.97,0.2070360513193601,0.740745758119687
0.28030839562416077,0.22898622453188155,0.895483870967742,0.36471129212376013,76134,9347,324,2776,12123,SmallRandomForest,XGBoost,0.97,0.2070360513193601,0.740745758119687
0.2746220827102661,0.22412401098013887,0.895483870967742,0.3585173705282191,75871,9610,324,2776,12386,SmallRandomForest,XGBoost,0.97,0.2070360513193601,0.740745758119687
0.2692875862121582,0.2199383350462487,0.8974193548387097,0.3532922725252397,75614,9867,318,2782,12649,SmallRandomForest,XGBoost,0.97,0.2070360513193601,0.740745758119687
0.2640674412250519,0.21575156818709829,0.8987096774193548,0.34796727658777243,75354,10127,314,2786,12913,SmallRandomForest,XGBoost,0.97,0.2070360513193601,0.740745758119687
0.2594280540943146,0.21174863387978143,0.9,0.34283607766035884,75095,10386,310,2790,13176,SmallRandomForest,XGBoost,0.97,0.2070360513193601,0.740745758119687
0.25401294231414795,0.2079023736885185,0.9012903225806451,0.33786806941169356,74836,10645,306,2794,13439,SmallRandomForest,XGBoost,0.97,0.2070360513193601,0.740745758119687
0.2496236264705658,0.2040429103116106,0.9019354838709678,0.33279771469380465,74574,10907,304,2796,13703,SmallRandomForest,XGBoost,0.97,0.2070360513193601,0.740745758119687
0.2454473227262497,0.2005584992123729,0.9035483870967742,0.32825500996132656,74316,11165,299,2801,13966,SmallRandomForest,XGBoost,0.97,0.2070360513193601,0.740745758119687
0.24135150015354156,0.197273174502776,0.905483870967742,0.323965606786312,74059,11422,293,2807,14229,SmallRandomForest,XGBoost,0.97,0.2070360513193601,0.740745758119687
0.23701517283916473,0.19402470158007315,0.9070967741935484,0.3196725970556471,73800,11681,288,2812,14493,SmallRandomForest,XGBoost,0.97,0.2070360513193601,0.740745758119687
0.23290997743606567,0.19082469336586028,0.9083870967741936,0.3153945231561853,73540,11941,284,2816,14757,SmallRandomForest,XGBoost,0.97,0.2070360513193601,0.740745758119687
0.22905611991882324,0.18793688835630118,0.9106451612903226,0.3115722090392363,73283,12198,277,2823,15021,SmallRandomForest,XGBoost,0.97,0.2070360513193601,0.740745758119687
0.22527745366096497,0.18503009683328972,0.912258064516129,0.30765883376849434,73025,12456,272,2828,15284,SmallRandomForest,XGBoost,0.97,0.2070360513193601,0.740745758119687
0.2215098887681961,0.18214561358374068,0.9135483870967742,0.30373230373230375,72765,12716,268,2832,15548,SmallRandomForest,XGBoost,0.97,0.2070360513193601,0.740745758119687
0.21783436834812164,0.17924229966479033,0.9141935483870968,0.29971973983395905,72504,12977,266,2834,15811,SmallRandomForest,XGBoost,0.97,0.2070360513193601,0.740745758119687
0.21447069942951202,0.17680726639293268,0.9167741935483871,0.2964431000312923,72249,13232,258,2842,16074,SmallRandomForest,XGBoost,0.97,0.2070360513193601,0.740745758119687
0.21104560792446136,0.17401150691639122,0.9170967741935484,0.29251980656446136,71986,13495,257,2843,16338,SmallRandomForest,XGBoost,0.97,0.2070360513193601,0.740745758119687
0.20784814655780792,0.17123411431668975,0.9170967741935484,0.2885854945947318,71721,13760,257,2843,16603,SmallRandomForest,XGBoost,0.97,0.2070360513193601,0.740745758119687
0.2043793797492981,0.16886042926597888,0.9187096774193548,0.28528498447360506,71463,14018,252,2848,16866,SmallRandomForest,XGBoost,0.97,0.2070360513193601,0.740745758119687
0.20137393474578857,0.16649153531815528,0.92,0.2819574888779041,71203,14278,248,2852,17130,SmallRandomForest,XGBoost,0.97,0.2070360513193601,0.740745758119687
0.19789844751358032,0.16420399011096418,0.9212903225806451,0.27872932220758306,70944,14537,244,2856,17393,SmallRandomForest,XGBoost,0.97,0.2070360513193601,0.740745758119687
0.19494013488292694,0.1618621509882766,0.9219354838709677,0.2753769812593342,70682,14799,242,2858,17657,SmallRandomForest,XGBoost,0.97,0.2070360513193601,0.740745758119687
0.19169887900352478,0.15959821428571427,0.9225806451612903,0.2721217887725976,70421,15060,240,2860,17920,SmallRandomForest,XGBoost,0.97,0.2070360513193601,0.740745758119687
0.18882745504379272,0.1574547654402464,0.9235483870967742,0.2690410186533853,70161,15320,237,2863,18183,SmallRandomForest,XGBoost,0.97,0.2070360513193601,0.740745758119687
0.18579663336277008,0.1553182261736962,0.9241935483870968,0.26594263436368704,69900,15581,235,2865,18446,SmallRandomForest,XGBoost,0.97,0.2070360513193601,0.740745758119687
0.18319019675254822,0.15318830509380513,0.9245161290322581,0.2628272731441148,69638,15843,234,2866,18709,SmallRandomForest,XGBoost,0.97,0.2070360513193601,0.740745758119687
0.180209219455719,0.15117014547754587,0.9251612903225807,0.25987676694454515,69377,16104,232,2868,18972,SmallRandomForest,XGBoost,0.97,0.2070360513193601,0.740745758119687
0.17758162319660187,0.1493553753379081,0.9267741935483871,0.25725286532951286,69118,16363,227,2873,19236,SmallRandomForest,XGBoost,0.97,0.2070360513193601,0.740745758119687
0.17508617043495178,0.14739217395763884,0.9270967741935484,0.2543475375016594,68856,16625,226,2874,19499,SmallRandomForest,XGBoost,0.97,0.2070360513193601,0.740745758119687
0.17221125960350037,0.14557506451449678,0.9280645161290323,0.2516730087914972,68595,16886,223,2877,19763,SmallRandomForest,XGBoost,0.97,0.2070360513193601,0.740745758119687
0.16988001763820648,0.14366323779087187,0.9280645161290323,0.24881086223298454,68332,17149,223,2877,20026,SmallRandomForest,XGBoost,0.97,0.2070360513193601,0.740745758119687
0.16726800799369812,0.14189255791030064,0.9287096774193548,0.2461735784523301,68070,17411,221,2879,20290,SmallRandomForest,XGBoost,0.97,0.2070360513193601,0.740745758119687
0.16488464176654816,0.14012552911983653,0.9290322580645162,0.24352090643892954,67808,17673,220,2880,20553,SmallRandomForest,XGBoost,0.97,0.2070360513193601,0.740745758119687
0.162480890750885,0.13845119139123752,0.9296774193548387,0.2410102023749791,67547,17934,218,2882,20816,SmallRandomForest,XGBoost,0.97,0.2070360513193601,0.740745758119687
0.15998372435569763,0.13671726755218216,0.9296774193548387,0.23837882547559966,67283,18198,218,2882,21080,SmallRandomForest,XGBoost,0.97,0.2070360513193601,0.740745758119687
0.15790018439292908,0.135119940029985,0.9303225806451613,0.23596792668957614,67021,18460,216,2884,21344,SmallRandomForest,XGBoost,0.97,0.2070360513193601,0.740745758119687
0.1558414250612259,0.1334752626463646,0.9303225806451613,0.2334561055571296,66758,18723,216,2884,21607,SmallRandomForest,XGBoost,0.97,0.2070360513193601,0.740745758119687
0.1537860631942749,0.131949524506218,0.9309677419354838,0.2311388755406055,66495,18986,214,2886,21872,SmallRandomForest,XGBoost,0.97,0.2070360513193601,0.740745758119687
0.15166139602661133,0.13047210300429185,0.9316129032258065,0.22888844858331683,66234,19247,212,2888,22135,SmallRandomForest,XGBoost,0.97,0.2070360513193601,0.740745758119687
0.14953923225402832,0.12906826197598106,0.9325806451612904,0.22675399035256283,65973,19508,209,2891,22399,SmallRandomForest,XGBoost,0.97,0.2070360513193601,0.740745758119687
0.14744062721729279,0.12765863560144736,0.9332258064516129,0.22459436379163109,65712,19769,207,2893,22662,SmallRandomForest,XGBoost,0.97,0.2070360513193601,0.740745758119687
0.14532287418842316,0.1262813522355507,0.9338709677419355,0.22247838616714694,65451,20030,205,2895,22925,SmallRandomForest,XGBoost,0.97,0.2070360513193601,0.740745758119687
0.14347603917121887,0.12497843712264965,0.9348387096774193,0.22048082775410832,65191,20290,202,2898,23188,SmallRandomForest,XGBoost,0.97,0.2070360513193601,0.740745758119687
0.14142365753650665,0.12361946185663725,0.9351612903225807,0.21837218937139843,64929,20552,201,2899,23451,SmallRandomForest,XGBoost,0.97,0.2070360513193601,0.740745758119687
0.13943509757518768,0.12229063000759045,0.9354838709677419,0.2163049153427314,64667,20814,200,2900,23714,SmallRandomForest,XGBoost,0.97,0.2070360513193601,0.740745758119687
0.1376352310180664,0.12099094966009093,0.9358064516129032,0.21427780034715813,64405,21076,199,2901,23977,SmallRandomForest,XGBoost,0.97,0.2070360513193601,0.740745758119687
0.13584688305854797,0.11976072607260727,0.9364516129032258,0.2123628383321141,64144,21337,197,2903,24240,SmallRandomForest,XGBoost,0.97,0.2070360513193601,0.740745758119687
0.1339079737663269,0.11855691139860425,0.9370967741935484,0.21048436764119838,63883,21598,195,2905,24503,SmallRandomForest,XGBoost,0.97,0.2070360513193601,0.740745758119687
0.1321011483669281,0.11740956072351422,0.9380645161290323,0.20869814841395148,63621,21860,192,2908,24768,SmallRandomForest,XGBoost,0.97,0.2070360513193601,0.740745758119687
0.13047945499420166,0.11617130073505913,0.9380645161290323,0.20673965590786295,63357,22124,192,2908,25032,SmallRandomForest,XGBoost,0.97,0.2070360513193601,0.740745758119687
0.12875723838806152,0.11500296501284839,0.9383870967741935,0.20489522803310442,63095,22386,191,2909,25295,SmallRandomForest,XGBoost,0.97,0.2070360513193601,0.740745758119687
0.1269313097000122,0.11389780107989671,0.9390322580645162,0.20315444204061694,62834,22647,189,2911,25558,SmallRandomForest,XGBoost,0.97,0.2070360513193601,0.740745758119687
0.12525928020477295,0.11281515045892877,0.9396774193548387,0.20144531655198644,62573,22908,187,2913,25821,SmallRandomForest,XGBoost,0.97,0.2070360513193601,0.740745758119687
0.12384189665317535,0.11186934519245514,0.9412903225806452,0.19997258771929824,62315,23166,182,2918,26084,SmallRandomForest,XGBoost,0.97,0.2070360513193601,0.740745758119687
0.12213484197854996,0.11090025808410506,0.9425806451612904,0.1984515077424613,62055,23426,178,2922,26348,SmallRandomForest,XGBoost,0.97,0.2070360513193601,0.740745758119687
0.12063432484865189,0.10987937319153733,0.9432258064516129,0.19682945710342967,61794,23687,176,2924,26611,SmallRandomForest,XGBoost,0.97,0.2070360513193601,0.740745758119687
0.11899293959140778,0.10880404852273573,0.9432258064516129,0.19510242209915257,61531,23950,176,2924,26874,SmallRandomForest,XGBoost,0.97,0.2070360513193601,0.740745758119687
0.11700312048196793,0.10774956701182886,0.9432258064516129,0.19340543043291333,61268,24213,176,2924,27137,SmallRandomForest,XGBoost,0.97,0.2070360513193601,0.740745758119687
0.11541754007339478,0.10671143388927412,0.9432258064516129,0.19173141864201174,61004,24477,176,2924,27401,SmallRandomForest,XGBoost,0.97,0.2070360513193601,0.740745758119687
0.11371725797653198,0.10573308270676691,0.9435483870967742,0.19015732674554675,60742,24739,175,2925,27664,SmallRandomForest,XGBoost,0.97,0.2070360513193601,0.740745758119687
0.11216572672128677,0.10480896623339421,0.9441935483870968,0.1886743803783801,60481,25000,173,2927,27927,SmallRandomForest,XGBoost,0.97,0.2070360513193601,0.740745758119687
0.1107485443353653,0.10393756651294786,0.9451612903225807,0.18728028124001278,60221,25260,170,2930,28190,SmallRandomForest,XGBoost,0.97,0.2070360513193601,0.740745758119687
0.109404057264328,0.1030822760341616,0.9461290322580646,0.18590942224194215,59961,25520,167,2933,28453,SmallRandomForest,XGBoost,0.97,0.2070360513193601,0.740745758119687
0.10804495960474014,0.10217300459674049,0.9464516129032258,0.1844355041488559,59699,25782,166,2934,28716,SmallRandomForest,XGBoost,0.97,0.2070360513193601,0.740745758119687
0.106477752327919,0.10134925290727768,0.9474193548387096,0.18311044608622465,59439,26042,163,2937,28979,SmallRandomForest,XGBoost,0.97,0.2070360513193601,0.740745758119687
0.10505586862564087,0.10050268440310502,0.9480645161290323,0.18173947994929351,59177,26304,161,2939,29243,SmallRandomForest,XGBoost,0.97,0.2070360513193601,0.740745758119687
0.10360968112945557,0.09960685962177185,0.9480645161290323,0.1802735692817273,58914,26567,161,2939,29506,SmallRandomForest,XGBoost,0.97,0.2070360513193601,0.740745758119687
0.10222075134515762,0.09878741056733062,0.9487096774193549,0.17894192449271396,58651,26830,159,2941,29771,SmallRandomForest,XGBoost,0.97,0.2070360513193601,0.740745758119687
0.10106576234102249,0.09791583433213477,0.9487096774193549,0.17751086431675522,58386,27095,159,2941,30036,SmallRandomForest,XGBoost,0.97,0.2070360513193601,0.740745758119687
0.09978682547807693,0.09709250519784826,0.9490322580645161,0.1761623903475944,58122,27359,158,2942,30301,SmallRandomForest,XGBoost,0.97,0.2070360513193601,0.740745758119687
0.09852923452854156,0.09628975265017668,0.9493548387096774,0.17484553231939165,57860,27621,157,2943,30564,SmallRandomForest,XGBoost,0.97,0.2070360513193601,0.740745758119687
0.09730935841798782,0.09546516154145582,0.9493548387096774,0.17348502711624617,57596,27885,157,2943,30828,SmallRandomForest,XGBoost,0.97,0.2070360513193601,0.740745758119687
0.0960928350687027,0.0946897816088257,0.9496774193548387,0.17220906086397006,57334,28147,156,2944,31091,SmallRandomForest,XGBoost,0.97,0.2070360513193601,0.740745758119687
0.09489729255437851,0.09395630680912136,0.9503225806451613,0.17100565955594257,57072,28409,154,2946,31355,SmallRandomForest,XGBoost,0.97,0.2070360513193601,0.740745758119687
0.09375673532485962,0.0932380289708394,0.9509677419354838,0.16982545077481423,56811,28670,152,2948,31618,SmallRandomForest,XGBoost,0.97,0.2070360513193601,0.740745758119687
0.09257475286722183,0.0924688686051253,0.9509677419354838,0.16854864069066064,56548,28933,152,2948,31881,SmallRandomForest,XGBoost,0.97,0.2070360513193601,0.740745758119687
0.09133923798799515,0.09177451468392235,0.9516129032258065,0.16740438088752696,56287,29194,150,2950,32144,SmallRandomForest,XGBoost,0.97,0.2070360513193601,0.740745758119687
0.09002996236085892,0.09102690693655888,0.9516129032258065,0.16615973865044498,56023,29458,150,2950,32408,SmallRandomForest,XGBoost,0.97,0.2070360513193601,0.740745758119687
0.0889190137386322,0.09029138099902057,0.9516129032258065,0.16493346751649338,55759,29722,150,2950,32672,SmallRandomForest,XGBoost,0.97,0.2070360513193601,0.740745758119687
0.08762576431035995,0.08959528797401099,0.9519354838709677,0.16377611898881705,55495,29986,149,2951,32937,SmallRandomForest,XGBoost,0.97,0.2070360513193601,0.740745758119687
0.08641351759433746,0.0888855421686747,0.9519354838709677,0.16258953168044077,55232,30249,149,2951,33200,SmallRandomForest,XGBoost,0.97,0.2070360513193601,0.740745758119687
0.08526037633419037,0.08821683650599169,0.952258064516129,0.16147471487569398,54970,30511,148,2952,33463,SmallRandomForest,XGBoost,0.97,0.2070360513193601,0.740745758119687
0.08412711322307587,0.08755596406439944,0.9525806451612904,0.16037146658701495,54707,30774,147,2953,33727,SmallRandomForest,XGBoost,0.97,0.2070360513193601,0.740745758119687
0.08309537917375565,0.08693733451015004,0.9532258064516129,0.15934214073874362,54446,31035,145,2955,33990,SmallRandomForest,XGBoost,0.97,0.2070360513193601,0.740745758119687
0.08204526454210281,0.08626729724995622,0.9532258064516129,0.15821598757830488,54182,31299,145,2955,34254,SmallRandomForest,XGBoost,0.97,0.2070360513193601,0.740745758119687
0.08097539842128754,0.08560998928064432,0.9532258064516129,0.15710981736980623,53919,31562,145,2955,34517,SmallRandomForest,XGBoost,0.97,0.2070360513193601,0.740745758119687
0.08001323789358139,0.08502012650948822,0.9538709677419355,0.1561246040126716,53658,31823,143,2957,34780,SmallRandomForest,XGBoost,0.97,0.2070360513193601,0.740745758119687
0.07895976305007935,0.08437963702773656,0.9538709677419355,0.15504404362416108,53394,32087,143,2957,35044,SmallRandomForest,XGBoost,0.97,0.2070360513193601,0.740745758119687
0.07789358496665955,0.0838620142743854,0.9551612903225807,0.15418662778587794,53134,32347,139,2961,35308,SmallRandomForest,XGBoost,0.97,0.2070360513193601,0.740745758119687
0.07678566873073578,0.08326773867086472,0.9554838709677419,0.1531857674803475,52871,32610,138,2962,35572,SmallRandomForest,XGBoost,0.97,0.2070360513193601,0.740745758119687
0.07579044997692108,0.08271012389775645,0.9561290322580646,0.15224984590096569,52609,32872,136,2964,35836,SmallRandomForest,XGBoost,0.97,0.2070360513193601,0.740745758119687
0.07476934790611267,0.08210298883687432,0.9561290322580646,0.15122063212673145,52344,33137,136,2964,36101,SmallRandomForest,XGBoost,0.97,0.2070360513193601,0.740745758119687
0.07378296554088593,0.08150694348961914,0.9561290322580646,0.1502090459901178,52080,33401,136,2964,36365,SmallRandomForest,XGBoost,0.97,0.2070360513193601,0.740745758119687
0.07285017520189285,0.08091728091728091,0.9561290322580646,0.14920714825069215,51815,33666,136,2964,36630,SmallRandomForest,XGBoost,0.97,0.2070360513193601,0.740745758119687
0.0719606876373291,0.080338266384778,0.9561290322580646,0.14822223333500026,51551,33930,136,2964,36894,SmallRandomForest,XGBoost,0.97,0.2070360513193601,0.740745758119687
0.07101701945066452,0.0798482157274342,0.9570967741935484,0.1473992746783248,51290,34191,133,2967,37158,SmallRandomForest,XGBoost,0.97,0.2070360513193601,0.740745758119687
0.07019492238759995,0.07931375430907779,0.9574193548387097,0.14649194244959404,51028,34453,132,2968,37421,SmallRandomForest,XGBoost,0.97,0.2070360513193601,0.740745758119687
0.06926241517066956,0.07883773384635796,0.9583870967741935,0.1456908177025867,50767,34714,129,2971,37685,SmallRandomForest,XGBoost,0.97,0.2070360513193601,0.740745758119687
0.06833900511264801,0.07829134605249288,0.9583870967741935,0.14475735724030403,50504,34977,129,2971,37948,SmallRandomForest,XGBoost,0.97,0.2070360513193601,0.740745758119687
0.06738310307264328,0.07780074843639599,0.9590322580645161,0.1439256408394452,50241,35240,127,2973,38213,SmallRandomForest,XGBoost,0.97,0.2070360513193601,0.740745758119687
0.06640299409627914,0.07729091948645979,0.9593548387096774,0.14305642407042185,49977,35504,126,2974,38478,SmallRandomForest,XGBoost,0.97,0.2070360513193601,0.740745758119687
0.0655447244644165,0.07676423519694389,0.9593548387096774,0.1421538167391616,49713,35768,126,2974,38742,SmallRandomForest,XGBoost,0.97,0.2070360513193601,0.740745758119687
0.06461112946271896,0.07624663504678887,0.9593548387096774,0.1412658829117682,49450,36031,126,2974,39005,SmallRandomForest,XGBoost,0.97,0.2070360513193601,0.740745758119687
0.06379535794258118,0.07573596821839666,0.9593548387096774,0.1403889728096677,49187,36294,126,2974,39268,SmallRandomForest,XGBoost,0.97,0.2070360513193601,0.740745758119687
0.0629715546965599,0.07530608114944855,0.9603225806451613,0.13966034903358981,48926,36555,123,2977,39532,SmallRandomForest,XGBoost,0.97,0.2070360513193601,0.740745758119687
0.06222650036215782,0.07480839301419777,0.9603225806451613,0.1388040564168318,48663,36818,123,2977,39795,SmallRandomForest,XGBoost,0.97,0.2070360513193601,0.740745758119687
0.06140168011188507,0.0743422038044835,0.9606451612903226,0.13800454145233795,48401,37080,122,2978,40058,SmallRandomForest,XGBoost,0.97,0.2070360513193601,0.740745758119687
0.06058222055435181,0.07385546351867467,0.9606451612903226,0.13716549214683801,48137,37344,122,2978,40322,SmallRandomForest,XGBoost,0.97,0.2070360513193601,0.740745758119687
0.05979926139116287,0.07340150301835653,0.9609677419354838,0.13638548700927092,47875,37606,121,2979,40585,SmallRandomForest,XGBoost,0.97,0.2070360513193601,0.740745758119687
0.05894950032234192,0.07295160224240496,0.9612903225806452,0.13561173178001776,47612,37869,120,2980,40849,SmallRandomForest,XGBoost,0.97,0.2070360513193601,0.740745758119687
0.05818688124418259,0.07248315617931068,0.9612903225806452,0.13480198131771198,47348,38133,120,2980,41113,SmallRandomForest,XGBoost,0.97,0.2070360513193601,0.740745758119687
0.05734523758292198,0.07204659706109823,0.9616129032258065,0.1340498246245166,47086,38395,119,2981,41376,SmallRandomForest,XGBoost,0.97,0.2070360513193601,0.740745758119687
0.05656244605779648,0.0715915367804222,0.9616129032258065,0.13326180737164442,46823,38658,119,2981,41639,SmallRandomForest,XGBoost,0.97,0.2070360513193601,0.740745758119687
0.055765386670827866,0.07114049113428633,0.9616129032258065,0.13248005688509656,46559,38922,119,2981,41903,SmallRandomForest,XGBoost,0.97,0.2070360513193601,0.740745758119687
0.05493668094277382,0.07069676990940568,0.9616129032258065,0.13171033446737065,46296,39185,119,2981,42166,SmallRandomForest,XGBoost,0.97,0.2070360513193601,0.740745758119687
0.054250769317150116,0.0702585495769403,0.9616129032258065,0.13094950471128292,46033,39448,119,2981,42429,SmallRandomForest,XGBoost,0.97,0.2070360513193601,0.740745758119687
0.05344611033797264,0.06982409294263697,0.9616129032258065,0.13019457122267594,45769,39712,119,2981,42693,SmallRandomForest,XGBoost,0.97,0.2070360513193601,0.740745758119687
0.05268022045493126,0.06944315113139025,0.962258064516129,0.12953795379537952,45508,39973,117,2983,42956,SmallRandomForest,XGBoost,0.97,0.2070360513193601,0.740745758119687
0.051887791603803635,0.06904370762858927,0.9625806451612903,0.12884561411084003,45246,40235,116,2984,43219,SmallRandomForest,XGBoost,0.97,0.2070360513193601,0.740745758119687
0.051191579550504684,0.06864909617772871,0.9629032258064516,0.12816109226739944,44984,40497,115,2985,43482,SmallRandomForest,XGBoost,0.97,0.2070360513193601,0.740745758119687
0.050443366169929504,0.06825766927261921,0.9632258064516129,0.1274815352431371,44721,40760,114,2986,43746,SmallRandomForest,XGBoost,0.97,0.2070360513193601,0.740745758119687
0.04967132955789566,0.06784975800404462,0.9632258064516129,0.12676983166698508,44458,41023,114,2986,44009,SmallRandomForest,XGBoost,0.97,0.2070360513193601,0.740745758119687
0.04892033711075783,0.06746775687213426,0.9635483870967742,0.12610558757097923,44195,41286,113,2987,44273,SmallRandomForest,XGBoost,0.97,0.2070360513193601,0.740745758119687
0.04818914830684662,0.06708877812205308,0.9638709677419355,0.12544607246315967,43931,41550,112,2988,44538,SmallRandomForest,XGBoost,0.97,0.2070360513193601,0.740745758119687
0.04747038707137108,0.06669345118521494,0.9638709677419355,0.12475470752786941,43667,41814,112,2988,44802,SmallRandomForest,XGBoost,0.97,0.2070360513193601,0.740745758119687
0.046812381595373154,0.06632494563529047,0.9641935483870968,0.12411244446289917,43404,42077,111,2989,45066,SmallRandomForest,XGBoost,0.97,0.2070360513193601,0.740745758119687
0.04610913246870041,0.06596218756204637,0.964516129032258,0.12347973321770014,43142,42339,110,2990,45329,SmallRandomForest,XGBoost,0.97,0.2070360513193601,0.740745758119687
0.04536237567663193,0.06558168099666609,0.964516129032258,0.12281278238725046,42879,42602,110,2990,45592,SmallRandomForest,XGBoost,0.97,0.2070360513193601,0.740745758119687
0.044668830931186676,0.06520411723656665,0.964516129032258,0.12215050249203367,42615,42866,110,2990,45856,SmallRandomForest,XGBoost,0.97,0.2070360513193601,0.740745758119687
0.04399862885475159,0.06485396474338126,0.9648387096774194,0.12153843028098905,42353,43128,109,2991,46119,SmallRandomForest,XGBoost,0.97,0.2070360513193601,0.740745758119687
0.04326692968606949,0.06448622310379026,0.9648387096774194,0.12089244573784408,42090,43391,109,2991,46382,SmallRandomForest,XGBoost,0.97,0.2070360513193601,0.740745758119687
0.04265352711081505,0.06416412982892424,0.9654838709677419,0.12033128291721946,41828,43653,107,2993,46646,SmallRandomForest,XGBoost,0.97,0.2070360513193601,0.740745758119687
0.041993677616119385,0.06382298394832768,0.9658064516129032,0.11973365859510905,41564,43917,106,2994,46911,SmallRandomForest,XGBoost,0.97,0.2070360513193601,0.740745758119687
0.041386816650629044,0.06346716411582652,0.9658064516129032,0.11910729203962289,41301,44180,106,2994,47174,SmallRandomForest,XGBoost,0.97,0.2070360513193601,0.740745758119687
0.040766336023807526,0.06311262884968065,0.9658064516129032,0.11848275589148975,41036,44445,106,2994,47439,SmallRandomForest,XGBoost,0.97,0.2070360513193601,0.740745758119687
0.040152788162231445,0.06276466395538971,0.9658064516129032,0.11786937522144796,40773,44708,106,2994,47702,SmallRandomForest,XGBoost,0.97,0.2070360513193601,0.740745758119687
0.03952464833855629,0.06244136349421453,0.9661290322580646,0.11730147850778418,40511,44970,105,2995,47965,SmallRandomForest,XGBoost,0.97,0.2070360513193601,0.740745758119687
0.038828905671834946,0.06212030106367538,0.9664516129032258,0.11673712716008494,40248,45233,104,2996,48229,SmallRandomForest,XGBoost,0.97,0.2070360513193601,0.740745758119687
0.03820106014609337,0.06178338695042481,0.9664516129032258,0.11614203752519771,39985,45496,104,2996,48492,SmallRandomForest,XGBoost,0.97,0.2070360513193601,0.740745758119687
0.03757075220346451,0.06144884732135532,0.9664516129032258,0.11555075593952484,39721,45760,104,2996,48756,SmallRandomForest,XGBoost,0.97,0.2070360513193601,0.740745758119687
0.03684382885694504,0.06111791105671155,0.9664516129032258,0.11496546431312356,39457,46024,104,2996,49020,SmallRandomForest,XGBoost,0.97,0.2070360513193601,0.740745758119687
0.03620659559965134,0.06080957695039058,0.9667741935483871,0.114422067385702,39193,46288,103,2997,49285,SmallRandomForest,XGBoost,0.97,0.2070360513193601,0.740745758119687
0.03555222973227501,0.06048557993097742,0.9667741935483871,0.11384831620733539,38929,46552,103,2997,49549,SmallRandomForest,XGBoost,0.97,0.2070360513193601,0.740745758119687
0.034930795431137085,0.060166225006022644,0.9667741935483871,0.1132824312065316,38666,46815,103,2997,49812,SmallRandomForest,XGBoost,0.97,0.2070360513193601,0.740745758119687
0.03430042415857315,0.05985022466300549,0.9667741935483871,0.11272214386459803,38403,47078,103,2997,50075,SmallRandomForest,XGBoost,0.97,0.2070360513193601,0.740745758119687
0.03367086499929428,0.05955620890363337,0.9670967741935483,0.11220269840378749,38140,47341,102,2998,50339,SmallRandomForest,XGBoost,0.97,0.2070360513193601,0.740745758119687
0.03309232369065285,0.0592640897952731,0.9674193548387097,0.11168628035155669,37876,47605,101,2999,50604,SmallRandomForest,XGBoost,0.97,0.2070360513193601,0.740745758119687
0.03246321156620979,0.058957673933984704,0.9674193548387097,0.11114199418162952,37613,47868,101,2999,50867,SmallRandomForest,XGBoost,0.97,0.2070360513193601,0.740745758119687
0.031859975308179855,0.058654410326618424,0.9674193548387097,0.11060298727641528,37350,48131,101,2999,51130,SmallRandomForest,XGBoost,0.97,0.2070360513193601,0.740745758119687
0.031208176165819168,0.058354250578872606,0.9674193548387097,0.11006918319784191,37087,48394,101,2999,51393,SmallRandomForest,XGBoost,0.97,0.2070360513193601,0.740745758119687
0.03060312010347843,0.058057147282019515,0.9674193548387097,0.1095405069764044,36824,48657,101,2999,51656,SmallRandomForest,XGBoost,0.97,0.2070360513193601,0.740745758119687
0.029961399734020233,0.05776305398794276,0.9674193548387097,0.10901688507606463,36561,48920,101,2999,51919,SmallRandomForest,XGBoost,0.97,0.2070360513193601,0.740745758119687
0.029453260824084282,0.05747082383151601,0.9674193548387097,0.10849628276323646,36297,49184,101,2999,52183,SmallRandomForest,XGBoost,0.97,0.2070360513193601,0.740745758119687
0.028763171285390854,0.05718262593906113,0.9674193548387097,0.10798257300255643,36034,49447,101,2999,52446,SmallRandomForest,XGBoost,0.97,0.2070360513193601,0.740745758119687
0.02822147123515606,0.05689730406571933,0.9674193548387097,0.1074737049579817,35771,49710,101,2999,52709,SmallRandomForest,XGBoost,0.97,0.2070360513193601,0.740745758119687
0.027666449546813965,0.05663369327191724,0.967741935483871,0.10700527892709374,35509,49972,100,3000,52972,SmallRandomForest,XGBoost,0.97,0.2070360513193601,0.740745758119687
0.027119768783450127,0.05635390250774866,0.967741935483871,0.1065057246827017,35246,50235,100,3000,53235,SmallRandomForest,XGBoost,0.97,0.2070360513193601,0.740745758119687
0.02652520313858986,0.05607581450120563,0.967741935483871,0.10600894008728068,34982,50499,100,3000,53499,SmallRandomForest,XGBoost,0.97,0.2070360513193601,0.740745758119687
0.02596716582775116,0.055801495480078865,0.967741935483871,0.10551862403714254,34719,50762,100,3000,53762,SmallRandomForest,XGBoost,0.97,0.2070360513193601,0.740745758119687
0.025423476472496986,0.055529847292919945,0.967741935483871,0.10503282275711161,34456,51025,100,3000,54025,SmallRandomForest,XGBoost,0.97,0.2070360513193601,0.740745758119687
0.024868542328476906,0.05526083112290009,0.967741935483871,0.10455147417578588,34193,51288,100,3000,54288,SmallRandomForest,XGBoost,0.97,0.2070360513193601,0.740745758119687
0.02428847923874855,0.05499440890176165,0.967741935483871,0.10407451735442579,33930,51551,100,3000,54551,SmallRandomForest,XGBoost,0.97,0.2070360513193601,0.740745758119687
0.02372528612613678,0.054729544832618805,0.967741935483871,0.10360010360010359,33666,51815,100,3000,54815,SmallRandomForest,XGBoost,0.97,0.2070360513193601,0.740745758119687
0.023153027519583702,0.05446820872217582,0.967741935483871,0.10313176802227647,33403,52078,100,3000,55078,SmallRandomForest,XGBoost,0.97,0.2070360513193601,0.740745758119687
0.022592751309275627,0.05424353576784779,0.9683870967741935,0.10273257704087745,33140,52341,98,3002,55343,SmallRandomForest,XGBoost,0.97,0.2070360513193601,0.740745758119687
0.02211117558181286,0.05398697982232133,0.9683870967741935,0.10227234013559092,32877,52604,98,3002,55606,SmallRandomForest,XGBoost,0.97,0.2070360513193601,0.740745758119687
0.02161220833659172,0.05375073833431778,0.9687096774193549,0.10185012464176092,32615,52866,97,3003,55869,SmallRandomForest,XGBoost,0.97,0.2070360513193601,0.740745758119687
0.021106353029608727,0.05349889546069978,0.9687096774193549,0.10139789303079416,32352,53129,97,3003,56132,SmallRandomForest,XGBoost,0.97,0.2070360513193601,0.740745758119687
0.020548781380057335,0.05324940154268996,0.9687096774193549,0.10094965963526348,32089,53392,97,3003,56395,SmallRandomForest,XGBoost,0.97,0.2070360513193601,0.740745758119687
0.020005730912089348,0.05300222386953299,0.9687096774193549,0.10050537166571841,31826,53655,97,3003,56658,SmallRandomForest,XGBoost,0.97,0.2070360513193601,0.740745758119687
0.01947118528187275,0.052757330335025734,0.9687096774193549,0.10006497725795971,31563,53918,97,3003,56921,SmallRandomForest,XGBoost,0.97,0.2070360513193601,0.740745758119687
0.01889261230826378,0.052514689423615,0.9687096774193549,0.09962842545285648,31300,54181,97,3003,57184,SmallRandomForest,XGBoost,0.97,0.2070360513193601,0.740745758119687
0.01837405376136303,0.05227245034726453,0.9687096774193549,0.0991923896348412,31035,54446,97,3003,57449,SmallRandomForest,XGBoost,0.97,0.2070360513193601,0.740745758119687
0.017862820997834206,0.05203333737632769,0.9687096774193549,0.0987617779093286,30771,54710,97,3003,57713,SmallRandomForest,XGBoost,0.97,0.2070360513193601,0.740745758119687
0.01730269007384777,0.05181454394922037,0.9690322580645161,0.09836924487523742,30509,54972,96,3004,57976,SmallRandomForest,XGBoost,0.97,0.2070360513193601,0.740745758119687
0.01676238514482975,0.05158055598482117,0.9690322580645161,0.09794747224441219,30246,55235,96,3004,58239,SmallRandomForest,XGBoost,0.97,0.2070360513193601,0.740745758119687
0.016238581389188766,0.05134779413021554,0.9690322580645161,0.097527717805951,29982,55499,96,3004,58503,SmallRandomForest,XGBoost,0.97,0.2070360513193601,0.740745758119687
0.015728315338492393,0.0511179933975428,0.9690322580645161,0.09711311544305434,29719,55762,96,3004,58766,SmallRandomForest,XGBoost,0.97,0.2070360513193601,0.740745758119687
0.015267363749444485,0.05088937828222938,0.9690322580645161,0.09670046676323839,29455,56026,96,3004,59030,SmallRandomForest,XGBoost,0.97,0.2070360513193601,0.740745758119687
0.014689893461763859,0.05066279893412487,0.9690322580645161,0.09629131006186493,29191,56290,96,3004,59294,SmallRandomForest,XGBoost,0.97,0.2070360513193601,0.740745758119687
0.014182770624756813,0.05043907517168427,0.9690322580645161,0.09588713152560767,28928,56553,96,3004,59557,SmallRandomForest,XGBoost,0.97,0.2070360513193601,0.740745758119687
0.013689413666725159,0.05021731862253427,0.9690322580645161,0.09548633184996821,28665,56816,96,3004,59820,SmallRandomForest,XGBoost,0.97,0.2070360513193601,0.740745758119687
0.013154309242963791,0.049996671326809135,0.9690322580645161,0.0950873638895923,28401,57080,96,3004,60084,SmallRandomForest,XGBoost,0.97,0.2070360513193601,0.740745758119687
0.012643568217754364,0.04977548010803466,0.9690322580645161,0.09468723897180502,28134,57347,96,3004,60351,SmallRandomForest,XGBoost,0.97,0.2070360513193601,0.740745758119687
0.012190910056233406,0.04955950770449071,0.9690322580645161,0.0942963869793138,27871,57610,96,3004,60614,SmallRandomForest,XGBoost,0.97,0.2070360513193601,0.740745758119687
0.011686640791594982,0.04934378028548432,0.9690322580645161,0.09390581284483972,27606,57875,96,3004,60879,SmallRandomForest,XGBoost,0.97,0.2070360513193601,0.740745758119687
0.011226523667573929,0.049131529881260017,0.9690322580645161,0.09352137231094923,27343,58138,96,3004,61142,SmallRandomForest,XGBoost,0.97,0.2070360513193601,0.740745758119687
0.010676875710487366,0.04893738294927123,0.9693548387096774,0.09317107200992171,27081,58400,95,3005,61405,SmallRandomForest,XGBoost,0.97,0.2070360513193601,0.740745758119687
0.010151434689760208,0.04872867613673218,0.9693548387096774,0.0927927371541502,26818,58663,95,3005,61668,SmallRandomForest,XGBoost,0.97,0.2070360513193601,0.740745758119687
0.009686477482318878,0.0485217419386091,0.9693548387096774,0.0924174624409897,26555,58926,95,3005,61931,SmallRandomForest,XGBoost,0.97,0.2070360513193601,0.740745758119687
0.0091974176466465,0.04831578101133532,0.9693548387096774,0.09204380120989356,26291,59190,95,3005,62195,SmallRandomForest,XGBoost,0.97,0.2070360513193601,0.740745758119687
0.008652852848172188,0.0481123314867591,0.9693548387096774,0.09167454772872875,26028,59453,95,3005,62458,SmallRandomForest,XGBoost,0.97,0.2070360513193601,0.740745758119687
0.008129875175654888,0.047910588160265305,0.9693548387096774,0.09130824508895337,25765,59716,95,3005,62721,SmallRandomForest,XGBoost,0.97,0.2070360513193601,0.740745758119687
0.00752889784052968,0.047709772167976505,0.9693548387096774,0.09094348187939776,25501,59980,95,3005,62985,SmallRandomForest,XGBoost,0.97,0.2070360513193601,0.740745758119687
0.006960314232856035,0.04751138375917025,0.9693548387096774,0.09058298667631277,25238,60243,95,3005,63248,SmallRandomForest,XGBoost,0.97,0.2070360513193601,0.740745758119687
0.006386133376508951,0.04731463840909449,0.9693548387096774,0.0902253381573614,24975,60506,95,3005,63511,SmallRandomForest,XGBoost,0.97,0.2070360513193601,0.740745758119687
0.005789941642433405,0.04711951579013391,0.9693548387096774,0.08987050273648951,24712,60769,95,3005,63774,SmallRandomForest,XGBoost,0.97,0.2070360513193601,0.740745758119687
0.0052076284773647785,0.04694161188063151,0.9696774193548388,0.0895482371866482,24450,61031,94,3006,64037,SmallRandomForest,XGBoost,0.97,0.2070360513193601,0.740745758119687
0.0046263462863862514,0.04674961119751166,0.9696774193548388,0.08919881305637982,24187,61294,94,3006,64300,SmallRandomForest,XGBoost,0.97,0.2070360513193601,0.740745758119687
0.0040563736110925674,0.0465591747595372,0.9696774193548388,0.08885210528649336,23924,61557,94,3006,64563,SmallRandomForest,XGBoost,0.97,0.2070360513193601,0.740745758119687
0.003360102418810129,0.046385709437571344,0.97,0.08853752613137827,23662,61819,93,3007,64826,SmallRandomForest,XGBoost,0.97,0.2070360513193601,0.740745758119687
0.0025894849095493555,0.04619828235185669,0.97,0.08819604335010045,23399,62082,93,3007,65089,SmallRandomForest,XGBoost,0.97,0.2070360513193601,0.740745758119687
0.0015908662462607026,0.04601236381442037,0.97,0.08785718459650559,23136,62345,93,3007,65352,SmallRandomForest,XGBoost,0.97,0.2070360513193601,0.740745758119687
9.150996629614383e-05,0.045827237259205074,0.97,0.0875196460795157,22872,62609,93,3007,65616,SmallRandomForest,XGBoost,0.97,0.2070360513193601,0.740745758119687
0.9999822212193916,1.0,0.0003225806451612903,0.0006449532408900355,85481,0,3099,1,1,SmallRandomForest,HeavyCatBoost,0.99,0.16747193097645813,0.8544947562118287
0.9988011356439375,0.9901315789473685,0.09709677419354838,0.17685076380728557,85478,3,2799,301,304,SmallRandomForest,HeavyCatBoost,0.99,0.16747193097645813,0.8544947562118287
0.9969129339738345,0.9851973684210527,0.1932258064516129,0.32308522114347354,85472,9,2501,599,608,SmallRandomForest,HeavyCatBoost,0.99,0.16747193097645813,0.8544947562118287
0.9938534140415116,0.9802631578947368,0.28838709677419355,0.4456630109670987,85463,18,2206,894,912,SmallRandomForest,HeavyCatBoost,0.99,0.16747193097645813,0.8544947562118287
0.9885206621564148,0.9712171052631579,0.3809677419354839,0.5472659870250232,85446,35,1919,1181,1216,SmallRandomForest,HeavyCatBoost,0.99,0.16747193097645813,0.8544947562118287
0.9783344871980382,0.9644736842105263,0.4729032258064516,0.6346320346320347,85427,54,1634,1466,1520,SmallRandomForest,HeavyCatBoost,0.99,0.16747193097645813,0.8544947562118287
0.9605461378806742,0.9468201754385965,0.5570967741935484,0.7014622258326565,85384,97,1373,1727,1824,SmallRandomForest,HeavyCatBoost,0.99,0.16747193097645813,0.8544947562118287
0.9289821261015209,0.9210526315789473,0.632258064516129,0.7498087222647283,85313,168,1140,1960,2128,SmallRandomForest,HeavyCatBoost,0.99,0.16747193097645813,0.8544947562118287
0.8835353872841367,0.8836348684210527,0.6932258064516129,0.7769342010122922,85198,283,951,2149,2432,SmallRandomForest,HeavyCatBoost,0.99,0.16747193097645813,0.8544947562118287
0.8402869829155174,0.8340643274853801,0.7361290322580645,0.7820424948594927,85027,454,818,2282,2736,SmallRandomForest,HeavyCatBoost,0.99,0.16747193097645813,0.8544947562118287
0.7916490277889634,0.7851973684210526,0.77,0.7775244299674268,84828,653,713,2387,3040,SmallRandomForest,HeavyCatBoost,0.99,0.16747193097645813,0.8544947562118287
0.7480568062604258,0.7368421052631579,0.7948387096774193,0.7647423960273122,84601,880,636,2464,3344,SmallRandomForest,HeavyCatBoost,0.99,0.16747193097645813,0.8544947562118287
0.7090306471659318,0.6894188596491229,0.8112903225806452,0.7454060462359218,84348,1133,585,2515,3648,SmallRandomForest,HeavyCatBoost,0.99,0.16747193097645813,0.8544947562118287
0.6704617083805101,0.6495445344129555,0.8280645161290323,0.7280204197390812,84096,1385,533,2567,3952,SmallRandomForest,HeavyCatBoost,0.99,0.16747193097645813,0.8544947562118287
0.6362658859210212,0.6099624060150376,0.8374193548387097,0.7058183795541055,83821,1660,504,2596,4256,SmallRandomForest,HeavyCatBoost,0.99,0.16747193097645813,0.8544947562118287
0.6071981892000683,0.5743421052631579,0.8448387096774194,0.6838120104438643,83540,1941,481,2619,4560,SmallRandomForest,HeavyCatBoost,0.99,0.16747193097645813,0.8544947562118287
0.5810974717208381,0.5462582236842105,0.8570967741935483,0.6672526368658965,83274,2207,443,2657,4864,SmallRandomForest,HeavyCatBoost,0.99,0.16747193097645813,0.8544947562118287
0.5548265699180757,0.517608359133127,0.8629032258064516,0.6470730527334302,82988,2493,425,2675,5168,SmallRandomForest,HeavyCatBoost,0.99,0.16747193097645813,0.8544947562118287
0.5312171066493879,0.4925073099415205,0.8693548387096774,0.6287914139057396,82704,2777,405,2695,5472,SmallRandomForest,HeavyCatBoost,0.99,0.16747193097645813,0.8544947562118287
0.5101784193763242,0.46918282548476453,0.8741935483870967,0.6106354213609735,82415,3066,390,2710,5776,SmallRandomForest,HeavyCatBoost,0.99,0.16747193097645813,0.8544947562118287
0.4905048493696362,0.44786184210526314,0.8783870967741936,0.5932461873638344,82124,3357,377,2723,6080,SmallRandomForest,HeavyCatBoost,0.99,0.16747193097645813,0.8544947562118287
0.4722089192293734,0.42904135338345867,0.8835483870967742,0.5776043863348799,81836,3645,361,2739,6384,SmallRandomForest,HeavyCatBoost,0.99,0.16747193097645813,0.8544947562118287
0.455665817633273,0.41133373205741625,0.8874193548387097,0.5621168778095628,81544,3937,349,2751,6688,SmallRandomForest,HeavyCatBoost,0.99,0.16747193097645813,0.8544947562118287
0.4400073800605007,0.39473684210526316,0.8903225806451613,0.5469678953626635,81249,4232,340,2760,6992,SmallRandomForest,HeavyCatBoost,0.99,0.16747193097645813,0.8544947562118287
0.42559672626450495,0.3802083333333333,0.8948387096774194,0.5336667949211235,80959,4522,326,2774,7296,SmallRandomForest,HeavyCatBoost,0.99,0.16747193097645813,0.8544947562118287
0.41281528436366727,0.36644736842105263,0.8983870967741936,0.5205607476635513,80666,4815,315,2785,7600,SmallRandomForest,HeavyCatBoost,0.99,0.16747193097645813,0.8544947562118287
0.3992009788880261,0.3532388663967611,0.9006451612903226,0.5074518356961105,80369,5112,308,2792,7904,SmallRandomForest,HeavyCatBoost,0.99,0.16747193097645813,0.8544947562118287
0.3876067058290855,0.3412524366471735,0.9035483870967742,0.4954014856738592,80074,5407,299,2801,8208,SmallRandomForest,HeavyCatBoost,0.99,0.16747193097645813,0.8544947562118287
0.37676645932437036,0.331062030075188,0.9090322580645162,0.48535997244230106,79787,5694,282,2818,8512,SmallRandomForest,HeavyCatBoost,0.99,0.16747193097645813,0.8544947562118287
0.36565726638487606,0.32044010889292196,0.9112903225806451,0.4741524001342732,79490,5991,275,2825,8816,SmallRandomForest,HeavyCatBoost,0.99,0.16747193097645813,0.8544947562118287
0.35525661049029833,0.3107456140350877,0.9141935483870968,0.4638297872340425,79195,6286,266,2834,9120,SmallRandomForest,HeavyCatBoost,0.99,0.16747193097645813,0.8544947562118287
0.3454146638785833,0.30135823429541597,0.9161290322580645,0.45352922389013106,78897,6584,260,2840,9424,SmallRandomForest,HeavyCatBoost,0.99,0.16747193097645813,0.8544947562118287
0.33624105286516043,0.29266036184210525,0.9183870967741935,0.4438727782974743,78600,6881,253,2847,9728,SmallRandomForest,HeavyCatBoost,0.99,0.16747193097645813,0.8544947562118287
0.3274008778219577,0.2840909090909091,0.9193548387096774,0.43405421870240635,78299,7182,250,2850,10032,SmallRandomForest,HeavyCatBoost,0.99,0.16747193097645813,0.8544947562118287
0.31986269586608596,0.27612229102167185,0.9206451612903226,0.4248288181006253,77999,7482,246,2854,10336,SmallRandomForest,HeavyCatBoost,0.99,0.16747193097645813,0.8544947562118287
0.31196161459830973,0.268515037593985,0.9216129032258065,0.4158660844250364,77698,7783,243,2857,10640,SmallRandomForest,HeavyCatBoost,0.99,0.16747193097645813,0.8544947562118287
0.30418549892526525,0.2616284382710409,0.9235483870967742,0.4077476322723065,77401,8080,237,2863,10943,SmallRandomForest,HeavyCatBoost,0.99,0.16747193097645813,0.8544947562118287
0.2970324958841482,0.255090246287899,0.925483870967742,0.3999442392137729,77103,8378,231,2869,11247,SmallRandomForest,HeavyCatBoost,0.99,0.16747193097645813,0.8544947562118287
0.2900128869599493,0.24863648168989697,0.9264516129032258,0.3920551498191249,76802,8679,228,2872,11551,SmallRandomForest,HeavyCatBoost,0.99,0.16747193097645813,0.8544947562118287
0.28309969197043633,0.24259805989034164,0.927741935483871,0.38462052825142096,76502,8979,224,2876,11855,SmallRandomForest,HeavyCatBoost,0.99,0.16747193097645813,0.8544947562118287
0.2766914296865049,0.2370260712229624,0.9296774193548387,0.3777442820630447,76204,9277,218,2882,12159,SmallRandomForest,HeavyCatBoost,0.99,0.16747193097645813,0.8544947562118287
0.27068852883568706,0.23172590868972157,0.9316129032258065,0.37113667030778125,75906,9575,212,2888,12463,SmallRandomForest,HeavyCatBoost,0.99,0.16747193097645813,0.8544947562118287
0.26473784419466045,0.22628651993420537,0.9319354838709677,0.36415201361315935,75603,9878,211,2889,12767,SmallRandomForest,HeavyCatBoost,0.99,0.16747193097645813,0.8544947562118287
0.25870231294543766,0.2213296610817841,0.9332258064516129,0.3578010017933337,75303,10178,207,2893,13071,SmallRandomForest,HeavyCatBoost,0.99,0.16747193097645813,0.8544947562118287
0.253203422640278,0.2164485981308411,0.9338709677419355,0.35144157814871013,75001,10480,205,2895,13375,SmallRandomForest,HeavyCatBoost,0.99,0.16747193097645813,0.8544947562118287
0.2480758114844764,0.21178448717011478,0.9345161290322581,0.34531259312235535,74699,10782,203,2897,13679,SmallRandomForest,HeavyCatBoost,0.99,0.16747193097645813,0.8544947562118287
0.24274147175074526,0.2075377243796038,0.9361290322580645,0.3397529707896739,74400,11081,198,2902,13983,SmallRandomForest,HeavyCatBoost,0.99,0.16747193097645813,0.8544947562118287
0.23747016313679,0.20340169384755372,0.9374193548387096,0.3342727325012941,74100,11381,194,2906,14287,SmallRandomForest,HeavyCatBoost,0.99,0.16747193097645813,0.8544947562118287
0.2329247111651654,0.1994380097320266,0.9387096774193548,0.3289808377140919,73800,11681,190,2910,14591,SmallRandomForest,HeavyCatBoost,0.99,0.16747193097645813,0.8544947562118287
0.22820822099971974,0.19570325612621686,0.9403225806451613,0.323978883023062,73501,11980,185,2915,14895,SmallRandomForest,HeavyCatBoost,0.99,0.16747193097645813,0.8544947562118287
0.22387753354078546,0.19198631488913745,0.9412903225806452,0.3189245313951582,73200,12281,182,2918,15199,SmallRandomForest,HeavyCatBoost,0.99,0.16747193097645813,0.8544947562118287
0.2195088456186269,0.18847964910017417,0.9425806451612904,0.3141428801806161,72900,12581,178,2922,15503,SmallRandomForest,HeavyCatBoost,0.99,0.16747193097645813,0.8544947562118287
0.2150913439438348,0.18491807427089263,0.9429032258064516,0.309197651663405,72597,12884,177,2923,15807,SmallRandomForest,HeavyCatBoost,0.99,0.16747193097645813,0.8544947562118287
0.21104691488278454,0.18173918440816833,0.944516129032258,0.30482536047056374,72298,13183,172,2928,16111,SmallRandomForest,HeavyCatBoost,0.99,0.16747193097645813,0.8544947562118287
0.20716013249504983,0.17855619859884253,0.9454838709677419,0.30038431975403534,71997,13484,169,2931,16415,SmallRandomForest,HeavyCatBoost,0.99,0.16747193097645813,0.8544947562118287
0.2032713683127885,0.17554877684072015,0.9467741935483871,0.2961804329179071,71697,13784,165,2935,16719,SmallRandomForest,HeavyCatBoost,0.99,0.16747193097645813,0.8544947562118287
0.19984066547255266,0.172472537155613,0.9470967741935484,0.29180539680962087,71394,14087,164,2936,17023,SmallRandomForest,HeavyCatBoost,0.99,0.16747193097645813,0.8544947562118287
0.1963651529416513,0.16956195532983206,0.947741935483871,0.2876584912126108,71092,14389,162,2938,17327,SmallRandomForest,HeavyCatBoost,0.99,0.16747193097645813,0.8544947562118287
0.19279414692792418,0.1667517440871193,0.9483870967741935,0.28363320630939176,70790,14691,160,2940,17631,SmallRandomForest,HeavyCatBoost,0.99,0.16747193097645813,0.8544947562118287
0.1893181501561996,0.16409255645386117,0.9493548387096774,0.27981934870454,70489,14992,157,2943,17935,SmallRandomForest,HeavyCatBoost,0.99,0.16747193097645813,0.8544947562118287
0.18583690333479205,0.1614123581336696,0.9496774193548387,0.27592670696846144,70186,15295,156,2944,18239,SmallRandomForest,HeavyCatBoost,0.99,0.16747193097645813,0.8544947562118287
0.18297467975252937,0.15887396861349296,0.9503225806451613,0.2722358268262256,69884,15597,154,2946,18543,SmallRandomForest,HeavyCatBoost,0.99,0.16747193097645813,0.8544947562118287
0.17982093026652313,0.15652358465538282,0.9516129032258065,0.2688294527725885,69584,15897,150,2950,18847,SmallRandomForest,HeavyCatBoost,0.99,0.16747193097645813,0.8544947562118287
0.17669076848180826,0.15409117017388127,0.9519354838709677,0.26524650577502135,69281,16200,149,2951,19151,SmallRandomForest,HeavyCatBoost,0.99,0.16747193097645813,0.8544947562118287
0.17353113634292933,0.15178617322025187,0.9525806451612904,0.2618488140101973,68979,16502,147,2953,19455,SmallRandomForest,HeavyCatBoost,0.99,0.16747193097645813,0.8544947562118287
0.17056170672333776,0.1495521028392125,0.9532258064516129,0.2585414935036528,68677,16804,145,2955,19759,SmallRandomForest,HeavyCatBoost,0.99,0.16747193097645813,0.8544947562118287
0.1679390605325165,0.1473358919403878,0.9535483870967741,0.2552346414540431,68374,17107,144,2956,20063,SmallRandomForest,HeavyCatBoost,0.99,0.16747193097645813,0.8544947562118287
0.16532381093254467,0.14513674080620612,0.9535483870967741,0.25192823965568667,68070,17411,144,2956,20367,SmallRandomForest,HeavyCatBoost,0.99,0.16747193097645813,0.8544947562118287
0.16269443359954547,0.14309902762324028,0.9541935483870968,0.24887467923099574,67768,17713,142,2958,20671,SmallRandomForest,HeavyCatBoost,0.99,0.16747193097645813,0.8544947562118287
0.16053042844834697,0.14121573301549464,0.9554838709677419,0.24606438213914847,67468,18013,138,2962,20975,SmallRandomForest,HeavyCatBoost,0.99,0.16747193097645813,0.8544947562118287
0.1579705456747166,0.13929225997462286,0.9561290322580646,0.24316009680462694,67166,18315,136,2964,21279,SmallRandomForest,HeavyCatBoost,0.99,0.16747193097645813,0.8544947562118287
0.1555044151784441,0.13733030625955614,0.9561290322580646,0.24016529595267996,66862,18619,136,2964,21583,SmallRandomForest,HeavyCatBoost,0.99,0.16747193097645813,0.8544947562118287
0.15299189209819974,0.13552042401535228,0.9567741935483871,0.2374129512527015,66561,18920,134,2966,21886,SmallRandomForest,HeavyCatBoost,0.99,0.16747193097645813,0.8544947562118287
0.1507073705457335,0.13370887787291572,0.9570967741935484,0.23463819691577698,66258,19223,133,2967,22190,SmallRandomForest,HeavyCatBoost,0.99,0.16747193097645813,0.8544947562118287
0.14851760248068743,0.13203520938917043,0.9580645161290322,0.232085645073064,65957,19524,130,2970,22494,SmallRandomForest,HeavyCatBoost,0.99,0.16747193097645813,0.8544947562118287
0.14621439894421523,0.13027458548995527,0.9580645161290322,0.22936134064406521,65653,19828,130,2970,22798,SmallRandomForest,HeavyCatBoost,0.99,0.16747193097645813,0.8544947562118287
0.14412877549242195,0.12869015669638992,0.9590322580645161,0.22692924204259218,65352,20129,127,2973,23102,SmallRandomForest,HeavyCatBoost,0.99,0.16747193097645813,0.8544947562118287
0.14201086584616388,0.12701871315047425,0.9590322580645161,0.2243265675696069,65048,20433,127,2973,23406,SmallRandomForest,HeavyCatBoost,0.99,0.16747193097645813,0.8544947562118287
0.13986703437339476,0.12543230704344158,0.9593548387096774,0.22185751585229388,64745,20736,126,2974,23710,SmallRandomForest,HeavyCatBoost,0.99,0.16747193097645813,0.8544947562118287
0.13785709044278846,0.12384442408594987,0.9593548387096774,0.21937006712399498,64441,21040,126,2974,24014,SmallRandomForest,HeavyCatBoost,0.99,0.16747193097645813,0.8544947562118287
0.13571459495631255,0.12237848507278559,0.96,0.21708366766357867,64139,21342,124,2976,24318,SmallRandomForest,HeavyCatBoost,0.99,0.16747193097645813,0.8544947562118287
0.13372473195723103,0.1209487450247746,0.9606451612903226,0.2148474136065219,63837,21644,122,2978,24622,SmallRandomForest,HeavyCatBoost,0.99,0.16747193097645813,0.8544947562118287
0.1317744050230883,0.11951376073176603,0.9609677419354838,0.21258831085420682,63534,21947,121,2979,24926,SmallRandomForest,HeavyCatBoost,0.99,0.16747193097645813,0.8544947562118287
0.1297675412757881,0.11819262782401903,0.9619354838709677,0.21051888457465584,63233,22248,118,2982,25230,SmallRandomForest,HeavyCatBoost,0.99,0.16747193097645813,0.8544947562118287
0.12777431434296213,0.11690295292551109,0.9629032258064516,0.20849339945519316,62932,22549,115,2985,25534,SmallRandomForest,HeavyCatBoost,0.99,0.16747193097645813,0.8544947562118287
0.12599000763534715,0.11564362566762133,0.9638709677419355,0.20651047066141404,62631,22850,112,2988,25838,SmallRandomForest,HeavyCatBoost,0.99,0.16747193097645813,0.8544947562118287
0.12419517580892939,0.11433708209012318,0.9641935483870968,0.2044319813966213,62328,23153,111,2989,26142,SmallRandomForest,HeavyCatBoost,0.99,0.16747193097645813,0.8544947562118287
0.12235672363193424,0.11306057626862286,0.964516129032258,0.20239626345359776,62025,23456,110,2990,26446,SmallRandomForest,HeavyCatBoost,0.99,0.16747193097645813,0.8544947562118287
0.12059234376987618,0.11181308411214953,0.9648387096774194,0.20040201005025124,61722,23759,109,2991,26750,SmallRandomForest,HeavyCatBoost,0.99,0.16747193097645813,0.8544947562118287
0.11897903518048779,0.11063059067051083,0.9654838709677419,0.19851429329442197,61420,24061,107,2993,27054,SmallRandomForest,HeavyCatBoost,0.99,0.16747193097645813,0.8544947562118287
0.11743549917257382,0.1094378244023686,0.9658064516129032,0.19659859478626307,61117,24364,106,2994,27358,SmallRandomForest,HeavyCatBoost,0.99,0.16747193097645813,0.8544947562118287
0.1158196728177285,0.10823512399681874,0.9658064516129032,0.19465574409986347,60813,24668,106,2994,27662,SmallRandomForest,HeavyCatBoost,0.99,0.16747193097645813,0.8544947562118287
0.11421645898700378,0.10705857112207681,0.9658064516129032,0.19275091740166098,60509,24972,106,2994,27966,SmallRandomForest,HeavyCatBoost,0.99,0.16747193097645813,0.8544947562118287
0.11270752571021081,0.1059073222497347,0.9658064516129032,0.19088300924450113,60205,25276,106,2994,28270,SmallRandomForest,HeavyCatBoost,0.99,0.16747193097645813,0.8544947562118287
0.11124663495845546,0.10485056344928956,0.9664516129032258,0.18917724316474077,59903,25578,104,2996,28574,SmallRandomForest,HeavyCatBoost,0.99,0.16747193097645813,0.8544947562118287
0.10960302816611962,0.10381605374333402,0.9670967741935483,0.18750390893739444,59601,25880,102,2998,28878,SmallRandomForest,HeavyCatBoost,0.99,0.16747193097645813,0.8544947562118287
0.10799124619900574,0.1028030978000137,0.967741935483871,0.1858620903289759,59299,26182,100,3000,29182,SmallRandomForest,HeavyCatBoost,0.99,0.16747193097645813,0.8544947562118287
0.10646055616953855,0.10177711456284338,0.9680645161290322,0.18418952924568832,58996,26485,99,3001,29486,SmallRandomForest,HeavyCatBoost,0.99,0.16747193097645813,0.8544947562118287
0.1050247975944972,0.10080563947633434,0.9687096774193549,0.1826086956521739,58694,26787,97,3003,29790,SmallRandomForest,HeavyCatBoost,0.99,0.16747193097645813,0.8544947562118287
0.10365635526359183,0.099787333023194,0.9687096774193549,0.1809363137916491,58390,27091,97,3003,30094,SmallRandomForest,HeavyCatBoost,0.99,0.16747193097645813,0.8544947562118287
0.10216780452326282,0.09882229094019343,0.9690322580645161,0.17935399128306168,58087,27394,96,3004,30398,SmallRandomForest,HeavyCatBoost,0.99,0.16747193097645813,0.8544947562118287
0.10089267792596023,0.09794150218226826,0.97,0.1779184663629371,57786,27695,93,3007,30702,SmallRandomForest,HeavyCatBoost,0.99,0.16747193097645813,0.8544947562118287
0.09954667402162432,0.09701348126169129,0.9703225806451613,0.17639125080630974,57483,27998,92,3008,31006,SmallRandomForest,HeavyCatBoost,0.99,0.16747193097645813,0.8544947562118287
0.09826104580030376,0.09613541999361226,0.9709677419354839,0.1749491426910782,57181,28300,90,3010,31310,SmallRandomForest,HeavyCatBoost,0.99,0.16747193097645813,0.8544947562118287
0.0969267458115645,0.09524261403175809,0.9712903225806452,0.1734746788039408,56878,28603,89,3011,31614,SmallRandomForest,HeavyCatBoost,0.99,0.16747193097645813,0.8544947562118287
0.09565183531749598,0.09446080581490068,0.9725806451612903,0.17219715574847222,56578,28903,85,3015,31918,SmallRandomForest,HeavyCatBoost,0.99,0.16747193097645813,0.8544947562118287
0.09426436020553179,0.09366271491527528,0.9735483870967742,0.17088500084932903,56277,29204,82,3018,32222,SmallRandomForest,HeavyCatBoost,0.99,0.16747193097645813,0.8544947562118287
0.0931052016656717,0.09282090699461952,0.9738709677419355,0.1694877192982456,55975,29506,81,3019,32525,SmallRandomForest,HeavyCatBoost,0.99,0.16747193097645813,0.8544947562118287
0.09186872232606608,0.09199183648603369,0.9741935483870968,0.168109326727713,55672,29809,80,3020,32829,SmallRandomForest,HeavyCatBoost,0.99,0.16747193097645813,0.8544947562118287
0.09067405308270404,0.09120816104789786,0.9748387096774194,0.16680926227472195,55370,30111,78,3022,33133,SmallRandomForest,HeavyCatBoost,0.99,0.16747193097645813,0.8544947562118287
0.08954605353804325,0.09040882854323055,0.9751612903225807,0.16547609272791963,55067,30414,77,3023,33437,SmallRandomForest,HeavyCatBoost,0.99,0.16747193097645813,0.8544947562118287
0.0882603105074477,0.08959426217361667,0.9751612903225807,0.16411063760484243,54763,30718,77,3023,33741,SmallRandomForest,HeavyCatBoost,0.99,0.16747193097645813,0.8544947562118287
0.08713767295684602,0.08879424291379057,0.9751612903225807,0.16276753264234756,54459,31022,77,3023,34045,SmallRandomForest,HeavyCatBoost,0.99,0.16747193097645813,0.8544947562118287
0.08594628524063522,0.08800838452356692,0.9751612903225807,0.1614462335442869,54155,31326,77,3023,34349,SmallRandomForest,HeavyCatBoost,0.99,0.16747193097645813,0.8544947562118287
0.08488962904105246,0.08723631431622082,0.9751612903225807,0.16014621354594338,53851,31630,77,3023,34653,SmallRandomForest,HeavyCatBoost,0.99,0.16747193097645813,0.8544947562118287
0.08378621621095257,0.08650627914294705,0.9754838709677419,0.15891951546364663,53548,31933,76,3024,34957,SmallRandomForest,HeavyCatBoost,0.99,0.16747193097645813,0.8544947562118287
0.0826912021631526,0.08576047190947506,0.9754838709677419,0.1576601235629937,53244,32237,76,3024,35261,SmallRandomForest,HeavyCatBoost,0.99,0.16747193097645813,0.8544947562118287
0.08157414701168957,0.08502741459299873,0.9754838709677419,0.1564205353679038,52940,32541,76,3024,35565,SmallRandomForest,HeavyCatBoost,0.99,0.16747193097645813,0.8544947562118287
0.08058017404305988,0.0843067830159748,0.9754838709677419,0.15520028740793965,52636,32845,76,3024,35869,SmallRandomForest,HeavyCatBoost,0.99,0.16747193097645813,0.8544947562118287
0.07952066849662674,0.08362590882702568,0.9758064516129032,0.15404985613525832,52333,33148,75,3025,36173,SmallRandomForest,HeavyCatBoost,0.99,0.16747193097645813,0.8544947562118287
0.07850082248391847,0.08292896893933163,0.9758064516129032,0.15286656391338405,52029,33452,75,3025,36477,SmallRandomForest,HeavyCatBoost,0.99,0.16747193097645813,0.8544947562118287
0.07738564628373855,0.08229792555939208,0.9764516129032258,0.15180160978912266,51727,33754,73,3027,36781,SmallRandomForest,HeavyCatBoost,0.99,0.16747193097645813,0.8544947562118287
0.07630552459592099,0.08165026290953216,0.9767741935483871,0.15070299863133013,51424,34057,72,3028,37085,SmallRandomForest,HeavyCatBoost,0.99,0.16747193097645813,0.8544947562118287
0.0753331434373743,0.08103987803899543,0.9774193548387097,0.149670280817012,51122,34359,70,3030,37389,SmallRandomForest,HeavyCatBoost,0.99,0.16747193097645813,0.8544947562118287
0.0743109006200585,0.0803862786193723,0.9774193548387097,0.14855489912484987,50818,34663,70,3030,37693,SmallRandomForest,HeavyCatBoost,0.99,0.16747193097645813,0.8544947562118287
0.07329507358447064,0.07974313761612759,0.9774193548387097,0.14745601868749544,50514,34967,70,3030,37997,SmallRandomForest,HeavyCatBoost,0.99,0.16747193097645813,0.8544947562118287
0.07237141313784641,0.07911020599984335,0.9774193548387097,0.14637327600782593,50210,35271,70,3030,38301,SmallRandomForest,HeavyCatBoost,0.99,0.16747193097645813,0.8544947562118287
0.07143736140782242,0.07848724258515737,0.9774193548387097,0.14530631818726772,49906,35575,70,3030,38605,SmallRandomForest,HeavyCatBoost,0.99,0.16747193097645813,0.8544947562118287
0.07058182066579341,0.07795111670821661,0.9783870967741936,0.14439762907948298,49605,35876,67,3033,38909,SmallRandomForest,HeavyCatBoost,0.99,0.16747193097645813,0.8544947562118287
0.06969956903658997,0.07734679825568051,0.9783870967741936,0.14336019662987734,49301,36180,67,3033,39213,SmallRandomForest,HeavyCatBoost,0.99,0.16747193097645813,0.8544947562118287
0.06879300916823976,0.0767770832806134,0.9787096774193549,0.14238449445057136,48998,36483,66,3034,39517,SmallRandomForest,HeavyCatBoost,0.99,0.16747193097645813,0.8544947562118287
0.06785686807027659,0.07619095452148364,0.9787096774193549,0.14137601640222736,48694,36787,66,3034,39821,SmallRandomForest,HeavyCatBoost,0.99,0.16747193097645813,0.8544947562118287
0.06696766942130382,0.07561370716510904,0.9787096774193549,0.14038172353961828,48390,37091,66,3034,40125,SmallRandomForest,HeavyCatBoost,0.99,0.16747193097645813,0.8544947562118287
0.06614742327886937,0.07504514086423113,0.9787096774193549,0.13940131866112246,48086,37395,66,3034,40429,SmallRandomForest,HeavyCatBoost,0.99,0.16747193097645813,0.8544947562118287
0.06527394529167498,0.07448506125254707,0.9787096774193549,0.1384345128099833,47782,37699,66,3034,40733,SmallRandomForest,HeavyCatBoost,0.99,0.16747193097645813,0.8544947562118287
0.06443422744471972,0.07395764797621658,0.9790322580645161,0.1375263384462016,47479,38002,65,3035,41037,SmallRandomForest,HeavyCatBoost,0.99,0.16747193097645813,0.8544947562118287
0.06361609581409981,0.07341380227860961,0.9790322580645161,0.13658558538286716,47175,38306,65,3035,41341,SmallRandomForest,HeavyCatBoost,0.99,0.16747193097645813,0.8544947562118287
0.06278518011369161,0.07287789650618322,0.9790322580645161,0.13565761537601967,46871,38610,65,3035,41645,SmallRandomForest,HeavyCatBoost,0.99,0.16747193097645813,0.8544947562118287
0.061925737396694394,0.07234975803952419,0.9790322580645161,0.13474216963750582,46567,38914,65,3035,41949,SmallRandomForest,HeavyCatBoost,0.99,0.16747193097645813,0.8544947562118287
0.06105747769214718,0.07182921922703714,0.9790322580645161,0.1338389963177739,46263,39218,65,3035,42253,SmallRandomForest,HeavyCatBoost,0.99,0.16747193097645813,0.8544947562118287
0.060280048547130066,0.0713866108983246,0.98,0.13307926495389535,45962,39519,62,3038,42557,SmallRandomForest,HeavyCatBoost,0.99,0.16747193097645813,0.8544947562118287
0.059546724141985245,0.070880287440797,0.98,0.13219903831509322,45658,39823,62,3038,42861,SmallRandomForest,HeavyCatBoost,0.99,0.16747193097645813,0.8544947562118287
0.05877441915807986,0.07038109579520445,0.98,0.13133037933643144,45354,40127,62,3038,43165,SmallRandomForest,HeavyCatBoost,0.99,0.16747193097645813,0.8544947562118287
0.05802111394948846,0.06993650501518359,0.9806451612903225,0.13056175914791274,45053,40428,60,3040,43468,SmallRandomForest,HeavyCatBoost,0.99,0.16747193097645813,0.8544947562118287
0.05726890778762995,0.06945079045965458,0.9806451612903225,0.12971496842464586,44749,40732,60,3040,43772,SmallRandomForest,HeavyCatBoost,0.99,0.16747193097645813,0.8544947562118287
0.056496882177309235,0.06901715219166893,0.9812903225806452,0.12896387993895203,44447,41034,58,3042,44076,SmallRandomForest,HeavyCatBoost,0.99,0.16747193097645813,0.8544947562118287
0.0557176641295069,0.06856692203695358,0.9816129032258064,0.1281802864363943,44144,41337,57,3043,44380,SmallRandomForest,HeavyCatBoost,0.99,0.16747193097645813,0.8544947562118287
0.05496566178591263,0.0681004386357533,0.9816129032258064,0.12736480830403482,43840,41641,57,3043,44684,SmallRandomForest,HeavyCatBoost,0.99,0.16747193097645813,0.8544947562118287
0.05428160033024805,0.06766248777451765,0.9819354838709677,0.12660123107636004,43537,41944,56,3044,44988,SmallRandomForest,HeavyCatBoost,0.99,0.16747193097645813,0.8544947562118287
0.0534982455314761,0.06720833701315905,0.9819354838709677,0.12580591833360885,43233,42248,56,3044,45292,SmallRandomForest,HeavyCatBoost,0.99,0.16747193097645813,0.8544947562118287
0.05280420044744056,0.06676024212650232,0.9819354838709677,0.1250205355676031,42929,42552,56,3044,45596,SmallRandomForest,HeavyCatBoost,0.99,0.16747193097645813,0.8544947562118287
0.05205991404687456,0.06633986928104575,0.9822580645161291,0.12428571428571428,42626,42855,55,3045,45900,SmallRandomForest,HeavyCatBoost,0.99,0.16747193097645813,0.8544947562118287
0.051338431074141856,0.0659033849883127,0.9822580645161291,0.12351938990751257,42322,43159,55,3045,46204,SmallRandomForest,HeavyCatBoost,0.99,0.16747193097645813,0.8544947562118287
0.05066830083363153,0.06547260686333534,0.9822580645161291,0.12276245766811802,42018,43463,55,3045,46508,SmallRandomForest,HeavyCatBoost,0.99,0.16747193097645813,0.8544947562118287
0.04997224271057987,0.0650474237375032,0.9822580645161291,0.12201474595287706,41714,43767,55,3045,46812,SmallRandomForest,HeavyCatBoost,0.99,0.16747193097645813,0.8544947562118287
0.04921085661808445,0.06462772731131675,0.9822580645161291,0.12127608730285165,41410,44071,55,3045,47116,SmallRandomForest,HeavyCatBoost,0.99,0.16747193097645813,0.8544947562118287
0.04839220871981351,0.06421341206242091,0.9822580645161291,0.12054631828978621,41106,44375,55,3045,47420,SmallRandomForest,HeavyCatBoost,0.99,0.16747193097645813,0.8544947562118287
0.04774437345508848,0.06382532897493923,0.9825806451612903,0.11986463088304737,40803,44678,54,3046,47724,SmallRandomForest,HeavyCatBoost,0.99,0.16747193097645813,0.8544947562118287
0.047062432746458605,0.06346297992837512,0.983225806451613,0.1192301674229385,40501,44980,52,3048,48028,SmallRandomForest,HeavyCatBoost,0.99,0.16747193097645813,0.8544947562118287
0.04640353954023829,0.06306380865679054,0.983225806451613,0.11852543163789081,40197,45284,52,3048,48332,SmallRandomForest,HeavyCatBoost,0.99,0.16747193097645813,0.8544947562118287
0.04574557583880905,0.06269018833785674,0.9835483870967742,0.11786763568888203,39894,45587,51,3049,48636,SmallRandomForest,HeavyCatBoost,0.99,0.16747193097645813,0.8544947562118287
0.04501329580158007,0.062300776460972616,0.9835483870967742,0.11717909300538047,39590,45891,51,3049,48940,SmallRandomForest,HeavyCatBoost,0.99,0.16747193097645813,0.8544947562118287
0.04440006312984428,0.06191617252863293,0.9835483870967742,0.1164985480666361,39286,46195,51,3049,49244,SmallRandomForest,HeavyCatBoost,0.99,0.16747193097645813,0.8544947562118287
0.04375482385053489,0.06153628804391701,0.9835483870967742,0.11582586233095273,38982,46499,51,3049,49548,SmallRandomForest,HeavyCatBoost,0.99,0.16747193097645813,0.8544947562118287
0.04311566065358936,0.06116103666853887,0.9835483870967742,0.11516090043813265,38678,46803,51,3049,49852,SmallRandomForest,HeavyCatBoost,0.99,0.16747193097645813,0.8544947562118287
0.04245755277657823,0.06079033415742882,0.9835483870967742,0.11450353011867208,38374,47107,51,3049,50156,SmallRandomForest,HeavyCatBoost,0.99,0.16747193097645813,0.8544947562118287
0.04186014490395269,0.06042409829567975,0.9835483870967742,0.1138536221060493,38070,47411,51,3049,50460,SmallRandomForest,HeavyCatBoost,0.99,0.16747193097645813,0.8544947562118287
0.04128377876646545,0.060101646836340714,0.9841935483870968,0.1132853111540175,37768,47713,49,3051,50764,SmallRandomForest,HeavyCatBoost,0.99,0.16747193097645813,0.8544947562118287
0.04069533309583486,0.0597634526513668,0.984516129032258,0.11268645694875204,37465,48016,48,3052,51068,SmallRandomForest,HeavyCatBoost,0.99,0.16747193097645813,0.8544947562118287
0.04006142964500047,0.059409795219185546,0.984516129032258,0.11205757086209428,37161,48320,48,3052,51372,SmallRandomForest,HeavyCatBoost,0.99,0.16747193097645813,0.8544947562118287
0.03951014123908203,0.05906029878473566,0.984516129032258,0.11143566525485615,36857,48624,48,3052,51676,SmallRandomForest,HeavyCatBoost,0.99,0.16747193097645813,0.8544947562118287
0.03892035360689529,0.0587148903424394,0.984516129032258,0.11082062454611474,36553,48928,48,3052,51980,SmallRandomForest,HeavyCatBoost,0.99,0.16747193097645813,0.8544947562118287
0.038351799823352475,0.05837349858465305,0.984516129032258,0.1102123356926188,36249,49232,48,3052,52284,SmallRandomForest,HeavyCatBoost,0.99,0.16747193097645813,0.8544947562118287
0.03780590213480211,0.05803605385258995,0.984516129032258,0.10961068811952306,35945,49536,48,3052,52588,SmallRandomForest,HeavyCatBoost,0.99,0.16747193097645813,0.8544947562118287
0.037220906801859785,0.057702488088935945,0.984516129032258,0.10901557365337905,35641,49840,48,3052,52892,SmallRandomForest,HeavyCatBoost,0.99,0.16747193097645813,0.8544947562118287
0.036583258990638794,0.05739153319798481,0.9848387096774194,0.1084624129600682,35338,50143,47,3053,53196,SmallRandomForest,HeavyCatBoost,0.99,0.16747193097645813,0.8544947562118287
0.03602626758606509,0.05708411214953271,0.9851612903225806,0.10791519434628977,35035,50446,46,3054,53500,SmallRandomForest,HeavyCatBoost,0.99,0.16747193097645813,0.8544947562118287
0.0355048982138075,0.05678016504349119,0.9854838709677419,0.10737382257837762,34732,50749,45,3055,53804,SmallRandomForest,HeavyCatBoost,0.99,0.16747193097645813,0.8544947562118287
0.034948299681003256,0.05646219527972351,0.9854838709677419,0.10680511126260772,34429,51052,45,3055,54107,SmallRandomForest,HeavyCatBoost,0.99,0.16747193097645813,0.8544947562118287
0.034399044463829145,0.056146735035195086,0.9854838709677419,0.10624054528698858,34125,51356,45,3055,54411,SmallRandomForest,HeavyCatBoost,0.99,0.16747193097645813,0.8544947562118287
0.03381799624251613,0.05585305674860642,0.9858064516129033,0.10571650955634351,33822,51659,44,3056,54715,SmallRandomForest,HeavyCatBoost,0.99,0.16747193097645813,0.8544947562118287
0.03328466169265013,0.055544448281502755,0.9858064516129033,0.10516354376365732,33518,51963,44,3056,55019,SmallRandomForest,HeavyCatBoost,0.99,0.16747193097645813,0.8544947562118287
0.03269983343408078,0.05523923142273557,0.9858064516129033,0.10461633260873286,33214,52267,44,3056,55323,SmallRandomForest,HeavyCatBoost,0.99,0.16747193097645813,0.8544947562118287
0.03215350030826512,0.05493735056717062,0.9858064516129033,0.10407478672501574,32910,52571,44,3056,55627,SmallRandomForest,HeavyCatBoost,0.99,0.16747193097645813,0.8544947562118287
0.03161923358251954,0.054638751318588974,0.9858064516129033,0.1035388185868442,32606,52875,44,3056,55931,SmallRandomForest,HeavyCatBoost,0.99,0.16747193097645813,0.8544947562118287
0.031148060935718085,0.05434338045701076,0.9858064516129033,0.10300834246229039,32302,53179,44,3056,56235,SmallRandomForest,HeavyCatBoost,0.99,0.16747193097645813,0.8544947562118287
0.03065569330390152,0.054051185907072995,0.9858064516129033,0.10248327436744413,31998,53483,44,3056,56539,SmallRandomForest,HeavyCatBoost,0.99,0.16747193097645813,0.8544947562118287
0.030128237609013918,0.053762116707422196,0.9858064516129033,0.10196353202208765,31694,53787,44,3056,56843,SmallRandomForest,HeavyCatBoost,0.99,0.16747193097645813,0.8544947562118287
0.029638975595001962,0.053476122981083875,0.9858064516129033,0.10144903480671237,31390,54091,44,3056,57147,SmallRandomForest,HeavyCatBoost,0.99,0.16747193097645813,0.8544947562118287
0.029173100126916807,0.053193155906772725,0.9858064516129033,0.10093970372083037,31086,54395,44,3056,57451,SmallRandomForest,HeavyCatBoost,0.99,0.16747193097645813,0.8544947562118287
0.028664188973942704,0.052930482209332524,0.9861290322580645,0.10046832634951934,30783,54698,43,3057,57755,SmallRandomForest,HeavyCatBoost,0.99,0.16747193097645813,0.8544947562118287
0.02817502526275197,0.05268778311717391,0.9867741935483871,0.1000343367288543,30481,55000,41,3059,58059,SmallRandomForest,HeavyCatBoost,0.99,0.16747193097645813,0.8544947562118287
0.02761068572481133,0.05241334407072974,0.9867741935483871,0.09953956038592324,30177,55304,41,3059,58363,SmallRandomForest,HeavyCatBoost,0.99,0.16747193097645813,0.8544947562118287
0.02711887120992602,0.052141749194606846,0.9867741935483871,0.09904965434617191,29873,55608,41,3059,58667,SmallRandomForest,HeavyCatBoost,0.99,0.16747193097645813,0.8544947562118287
0.02657697353856176,0.05187295450306083,0.9867741935483871,0.09856454705095778,29569,55912,41,3059,58971,SmallRandomForest,HeavyCatBoost,0.99,0.16747193097645813,0.8544947562118287
0.026059370774159544,0.05160691691269507,0.9867741935483871,0.09808416833667334,29265,56216,41,3059,59275,SmallRandomForest,HeavyCatBoost,0.99,0.16747193097645813,0.8544947562118287
0.025566155392418057,0.05134359421943974,0.9867741935483871,0.09760844940091577,28961,56520,41,3059,59579,SmallRandomForest,HeavyCatBoost,0.99,0.16747193097645813,0.8544947562118287
0.025038902965661938,0.051099644306397476,0.9870967741935484,0.09716907737008398,28658,56823,40,3060,59883,SmallRandomForest,HeavyCatBoost,0.99,0.16747193097645813,0.8544947562118287
0.02455383430982813,0.05085815873859804,0.9874193548387097,0.09673392639878649,28355,57126,39,3061,60187,SmallRandomForest,HeavyCatBoost,0.99,0.16747193097645813,0.8544947562118287
0.02405515381562688,0.05060256897720322,0.9874193548387097,0.09627148495856332,28051,57430,39,3061,60491,SmallRandomForest,HeavyCatBoost,0.99,0.16747193097645813,0.8544947562118287
0.02356779634345664,0.05034953532362859,0.9874193548387097,0.09581344393145003,27747,57734,39,3061,60795,SmallRandomForest,HeavyCatBoost,0.99,0.16747193097645813,0.8544947562118287
0.023097943503773446,0.05011538650387077,0.987741935483871,0.09539089393915792,27444,58037,38,3062,61099,SmallRandomForest,HeavyCatBoost,0.99,0.16747193097645813,0.8544947562118287
0.02261263560831032,0.049867270328811296,0.987741935483871,0.09494132055873371,27140,58341,38,3062,61403,SmallRandomForest,HeavyCatBoost,0.99,0.16747193097645813,0.8544947562118287
0.02212993490258931,0.04962159884616008,0.987741935483871,0.09449596494205874,26836,58645,38,3062,61707,SmallRandomForest,HeavyCatBoost,0.99,0.16747193097645813,0.8544947562118287
0.02167439183171214,0.049378336101659384,0.987741935483871,0.09405476801154951,26532,58949,38,3062,62011,SmallRandomForest,HeavyCatBoost,0.99,0.16747193097645813,0.8544947562118287
0.021204836788874255,0.04913744684265425,0.987741935483871,0.09361767178781626,26228,59253,38,3062,62315,SmallRandomForest,HeavyCatBoost,0.99,0.16747193097645813,0.8544947562118287
0.02073789739495065,0.04889889650106198,0.987741935483871,0.093184619364263,25924,59557,38,3062,62619,SmallRandomForest,HeavyCatBoost,0.99,0.16747193097645813,0.8544947562118287
0.0202786378105215,0.04866265117683518,0.987741935483871,0.09275555488238947,25620,59861,38,3062,62923,SmallRandomForest,HeavyCatBoost,0.99,0.16747193097645813,0.8544947562118287
0.019830039863486908,0.04842867762190203,0.987741935483871,0.0923304235077721,25316,60165,38,3062,63227,SmallRandomForest,HeavyCatBoost,0.99,0.16747193097645813,0.8544947562118287
0.01935593750321421,0.04819694322456754,0.987741935483871,0.0919091714067026,25012,60469,38,3062,63531,SmallRandomForest,HeavyCatBoost,0.99,0.16747193097645813,0.8544947562118287
0.018920121882069332,0.04796741599436046,0.987741935483871,0.09149174572346307,24708,60773,38,3062,63835,SmallRandomForest,HeavyCatBoost,0.99,0.16747193097645813,0.8544947562118287
0.018530068571745103,0.047740064547311306,0.987741935483871,0.09107809455821768,24404,61077,38,3062,64139,SmallRandomForest,HeavyCatBoost,0.99,0.16747193097645813,0.8544947562118287
0.018101936637501898,0.047514858091646885,0.987741935483871,0.0906681669455014,24100,61381,38,3062,64443,SmallRandomForest,HeavyCatBoost,0.99,0.16747193097645813,0.8544947562118287
0.01768906945525152,0.04730721114491791,0.9880645161290322,0.09029139092369595,23797,61684,37,3063,64747,SmallRandomForest,HeavyCatBoost,0.99,0.16747193097645813,0.8544947562118287
0.017317621718859158,0.04708685626441199,0.9880645161290322,0.08988994864269993,23494,61987,37,3063,65050,SmallRandomForest,HeavyCatBoost,0.99,0.16747193097645813,0.8544947562118287
0.016906686478107686,0.04688312880619396,0.9883870967741936,0.08951996961463171,23191,62290,36,3064,65354,SmallRandomForest,HeavyCatBoost,0.99,0.16747193097645813,0.8544947562118287
0.016404189900829848,0.046666057449206495,0.9883870967741936,0.08912417464149626,22887,62594,36,3064,65658,SmallRandomForest,HeavyCatBoost,0.99,0.16747193097645813,0.8544947562118287
0.01596627103735193,0.04646614717564659,0.9887096774193549,0.08876082360777272,22584,62897,35,3065,65962,SmallRandomForest,HeavyCatBoost,0.99,0.16747193097645813,0.8544947562118287
0.015561124191528877,0.04625298041227779,0.9887096774193549,0.0883718248133091,22280,63201,35,3065,66266,SmallRandomForest,HeavyCatBoost,0.99,0.16747193097645813,0.8544947562118287
0.01513651804567652,0.04604176055280156,0.9887096774193549,0.0879862207549878,21976,63505,35,3065,66570,SmallRandomForest,HeavyCatBoost,0.99,0.16747193097645813,0.8544947562118287
0.014699028235187844,0.04583246104614649,0.9887096774193549,0.08760396718781262,21672,63809,35,3065,66874,SmallRandomForest,HeavyCatBoost,0.99,0.16747193097645813,0.8544947562118287
0.014269645008703718,0.04563994164756319,0.9890322580645161,0.08725347904038247,21369,64112,34,3066,67178,SmallRandomForest,HeavyCatBoost,0.99,0.16747193097645813,0.8544947562118287
0.013863509560228589,0.045449156812186954,0.9893548387096774,0.08690601003088606,21066,64415,33,3067,67482,SmallRandomForest,HeavyCatBoost,0.99,0.16747193097645813,0.8544947562118287
0.013439832295669267,0.04524533089428496,0.9893548387096774,0.0865333069999718,20762,64719,33,3067,67786,SmallRandomForest,HeavyCatBoost,0.99,0.16747193097645813,0.8544947562118287
0.01301413980701319,0.04504332501101483,0.9893548387096774,0.0861637870487428,20458,65023,33,3067,68090,SmallRandomForest,HeavyCatBoost,0.99,0.16747193097645813,0.8544947562118287
0.012581292730387623,0.044843114893119276,0.9893548387096774,0.08579740957283127,20154,65327,33,3067,68394,SmallRandomForest,HeavyCatBoost,0.99,0.16747193097645813,0.8544947562118287
0.012172331419563098,0.04465923316544878,0.9896774193548387,0.08546199058469595,19851,65630,32,3068,68698,SmallRandomForest,HeavyCatBoost,0.99,0.16747193097645813,0.8544947562118287
0.011735506117800812,0.044462479348424684,0.9896774193548387,0.08510166153504757,19547,65934,32,3068,69002,SmallRandomForest,HeavyCatBoost,0.99,0.16747193097645813,0.8544947562118287
0.011273086139887612,0.0442674515914928,0.9896774193548387,0.08474435820235891,19243,66238,32,3068,69306,SmallRandomForest,HeavyCatBoost,0.99,0.16747193097645813,0.8544947562118287
0.010850954267341052,0.04407412728056314,0.9896774193548387,0.08439004263512585,18939,66542,32,3068,69610,SmallRandomForest,HeavyCatBoost,0.99,0.16747193097645813,0.8544947562118287
0.010385659114887914,0.04388248419486798,0.9896774193548387,0.08403867751390144,18635,66846,32,3068,69914,SmallRandomForest,HeavyCatBoost,0.99,0.16747193097645813,0.8544947562118287
0.00997357435706134,0.04369250049844769,0.9896774193548387,0.08369022613819252,18331,67150,32,3068,70218,SmallRandomForest,HeavyCatBoost,0.99,0.16747193097645813,0.8544947562118287
0.009534298722482668,0.043504154731856724,0.9896774193548387,0.08334465241368069,18027,67454,32,3068,70522,SmallRandomForest,HeavyCatBoost,0.99,0.16747193097645813,0.8544947562118287
0.009077943415229689,0.043317425804083244,0.9896774193548387,0.08300192083975867,17723,67758,32,3068,70826,SmallRandomForest,HeavyCatBoost,0.99,0.16747193097645813,0.8544947562118287
0.008629418317319766,0.04313229298467595,0.9896774193548387,0.08266199649737303,17419,68062,32,3068,71130,SmallRandomForest,HeavyCatBoost,0.99,0.16747193097645813,0.8544947562118287
0.008196250544578773,0.0429487358960719,0.9896774193548387,0.08232484503716424,17115,68366,32,3068,71434,SmallRandomForest,HeavyCatBoost,0.99,0.16747193097645813,0.8544947562118287
0.007701151177364975,0.04276613836267581,0.9896774193548387,0.08198933711033017,16810,68671,32,3068,71739,SmallRandomForest,HeavyCatBoost,0.99,0.16747193097645813,0.8544947562118287
0.007233144004672817,0.042585677997862385,0.9896774193548387,0.08165763943414557,16506,68975,32,3068,72043,SmallRandomForest,HeavyCatBoost,0.99,0.16747193097645813,0.8544947562118287
0.006761690719369486,0.04240673421150842,0.9896774193548387,0.08132861478918978,16202,69279,32,3068,72347,SmallRandomForest,HeavyCatBoost,0.99,0.16747193097645813,0.8544947562118287
0.006294328965423235,0.042229287965754085,0.9896774193548387,0.08100223099365025,15898,69583,32,3068,72651,SmallRandomForest,HeavyCatBoost,0.99,0.16747193097645813,0.8544947562118287
0.005832290138631204,0.04205332054005894,0.9896774193548387,0.08067845638025115,15594,69887,32,3068,72955,SmallRandomForest,HeavyCatBoost,0.99,0.16747193097645813,0.8544947562118287
0.005347379965002498,0.041878813524618135,0.9896774193548387,0.08035725978601081,15290,70191,32,3068,73259,SmallRandomForest,HeavyCatBoost,0.99,0.16747193097645813,0.8544947562118287
0.00478636468360482,0.041719342604298354,0.99,0.08006469874646178,14987,70494,31,3069,73563,SmallRandomForest,HeavyCatBoost,0.99,0.16747193097645813,0.8544947562118287
0.004367089254312957,0.04154764644563878,0.99,0.07974846362726883,14683,70798,31,3069,73867,SmallRandomForest,HeavyCatBoost,0.99,0.16747193097645813,0.8544947562118287
0.003814512791978223,0.04137735772741368,0.99,0.07943471677602205,14379,71102,31,3069,74171,SmallRandomForest,HeavyCatBoost,0.99,0.16747193097645813,0.8544947562118287
0.0032534467835762188,0.04120845921450151,0.99,0.07912342893973574,14075,71406,31,3069,74475,SmallRandomForest,HeavyCatBoost,0.99,0.16747193097645813,0.8544947562118287
0.002606023502279184,0.04104093395204536,0.99,0.07881457132217927,13771,71710,31,3069,74779,SmallRandomForest,HeavyCatBoost,0.99,0.16747193097645813,0.8544947562118287
0.001935627296525279,0.04087476525977918,0.99,0.07850811557499712,13467,72014,31,3069,75083,SmallRandomForest,HeavyCatBoost,0.99,0.16747193097645813,0.8544947562118287
0.0011141651067677416,0.04070993672649131,0.99,0.07820403378903512,13163,72318,31,3069,75387,SmallRandomForest,HeavyCatBoost,0.99,0.16747193097645813,0.8544947562118287
3.670016085608963e-05,0.04054589652803467,0.99,0.0779013097776424,12858,72623,31,3069,75692,SmallRandomForest,HeavyCatBoost,0.99,0.16747193097645813,0.8544947562118287
0.9998735189437866,1.0,0.0003225806451612903,0.0006449532408900355,85481,0,3099,1,1,SmallRandomForest,XGBoost,0.99,0.16747193097645813,0.8544947562118287
0.9981144666671753,0.9967845659163987,0.1,0.18176487833479915,85480,1,2790,310,311,SmallRandomForest,XGBoost,0.99,0.16747193097645813,0.8544947562118287
0.9942014813423157,0.9853658536585366,0.19548387096774195,0.3262449528936743,85472,9,2494,606,615,SmallRandomForest,XGBoost,0.99,0.16747193097645813,0.8544947562118287
0.9868892431259155,0.9684782608695652,0.2874193548387097,0.44328358208955226,85452,29,2209,891,920,SmallRandomForest,XGBoost,0.99,0.16747193097645813,0.8544947562118287
0.9707121253013611,0.9517579721995094,0.37548387096774194,0.5385149201943095,85422,59,1936,1164,1223,SmallRandomForest,XGBoost,0.99,0.16747193097645813,0.8544947562118287
0.9411270618438721,0.931237721021611,0.4587096774193548,0.6146531229738491,85376,105,1678,1422,1527,SmallRandomForest,XGBoost,0.99,0.16747193097645813,0.8544947562118287
0.9082953333854675,0.9114754098360656,0.5380645161290323,0.6766734279918865,85319,162,1432,1668,1830,SmallRandomForest,XGBoost,0.99,0.16747193097645813,0.8544947562118287
0.8611737489700317,0.8663853727144867,0.5961290322580645,0.7062870246512517,85196,285,1252,1848,2133,SmallRandomForest,XGBoost,0.99,0.16747193097645813,0.8544947562118287
0.8146839737892151,0.8137053754616331,0.6396774193548387,0.7162723496478237,85027,454,1117,1983,2437,SmallRandomForest,XGBoost,0.99,0.16747193097645813,0.8544947562118287
0.7758318185806274,0.7642335766423358,0.675483870967742,0.7171232876712329,84835,646,1006,2094,2740,SmallRandomForest,XGBoost,0.99,0.16747193097645813,0.8544947562118287
0.7376941442489624,0.7181340341655716,0.7051612903225807,0.7115885416666667,84623,858,914,2186,3044,SmallRandomForest,XGBoost,0.99,0.16747193097645813,0.8544947562118287
0.7046588063240051,0.6741338112305855,0.7280645161290322,0.7000620347394542,84390,1091,843,2257,3348,SmallRandomForest,XGBoost,0.99,0.16747193097645813,0.8544947562118287
0.6718006730079651,0.63489454943851,0.747741935483871,0.6867130795437713,84148,1333,782,2318,3651,SmallRandomForest,XGBoost,0.99,0.16747193097645813,0.8544947562118287
0.6428933143615723,0.5980788675429727,0.7632258064516129,0.6706349206349206,83891,1590,734,2366,3956,SmallRandomForest,XGBoost,0.99,0.16747193097645813,0.8544947562118287
0.6162081360816956,0.5642169523362291,0.7751612903225806,0.6530778638401956,83625,1856,697,2403,4259,SmallRandomForest,XGBoost,0.99,0.16747193097645813,0.8544947562118287
0.592248260974884,0.5351742274819198,0.787741935483871,0.6373482970116142,83360,2121,658,2442,4563,SmallRandomForest,XGBoost,0.99,0.16747193097645813,0.8544947562118287
0.569148063659668,0.5094533497739416,0.7996774193548387,0.6223951795129299,83094,2387,621,2479,4866,SmallRandomForest,XGBoost,0.99,0.16747193097645813,0.8544947562118287
0.5471365451812744,0.4847195357833656,0.8083870967741935,0.6060459492140265,82817,2664,594,2506,5170,SmallRandomForest,XGBoost,0.99,0.16747193097645813,0.8544947562118287
0.5270202159881592,0.4633656130093185,0.8180645161290323,0.5916248687740581,82544,2937,564,2536,5473,SmallRandomForest,XGBoost,0.99,0.16747193097645813,0.8544947562118287
0.5079336762428284,0.44175177427730655,0.8232258064516129,0.5749690210656754,82256,3225,548,2552,5777,SmallRandomForest,XGBoost,0.99,0.16747193097645813,0.8544947562118287
0.49012190103530884,0.42197007071205395,0.827741935483871,0.5589805032131576,81966,3515,534,2566,6081,SmallRandomForest,XGBoost,0.99,0.16747193097645813,0.8544947562118287
0.47341516613960266,0.40538847117794485,0.8348387096774194,0.5457612821594263,81685,3796,512,2588,6384,SmallRandomForest,XGBoost,0.99,0.16747193097645813,0.8544947562118287
0.4580192565917969,0.388755980861244,0.8387096774193549,0.5312627707396812,81393,4088,500,2600,6688,SmallRandomForest,XGBoost,0.99,0.16747193097645813,0.8544947562118287
0.442567378282547,0.37428489702517165,0.8441935483870968,0.5186286167261196,81106,4375,483,2617,6992,SmallRandomForest,XGBoost,0.99,0.16747193097645813,0.8544947562118287
0.429105669260025,0.36055913389064,0.8487096774193549,0.506107531018563,80815,4666,469,2631,7297,SmallRandomForest,XGBoost,0.99,0.16747193097645813,0.8544947562118287
0.41693130135536194,0.34806629834254144,0.8535483870967742,0.4944870117735002,80525,4956,454,2646,7602,SmallRandomForest,XGBoost,0.99,0.16747193097645813,0.8544947562118287
0.40476012229919434,0.3363693864642631,0.857741935483871,0.4832348932303499,80235,5246,441,2659,7905,SmallRandomForest,XGBoost,0.99,0.16747193097645813,0.8544947562118287
0.3925778269767761,0.3254964063832379,0.8619354838709677,0.47254399151118576,79944,5537,428,2672,8209,SmallRandomForest,XGBoost,0.99,0.16747193097645813,0.8544947562118287
0.381492555141449,0.315165041700928,0.8654838709677419,0.4620683716524585,79651,5830,417,2683,8513,SmallRandomForest,XGBoost,0.99,0.16747193097645813,0.8544947562118287
0.37120121717453003,0.305467332123412,0.8687096774193548,0.45199731453507885,79358,6123,407,2693,8816,SmallRandomForest,XGBoost,0.99,0.16747193097645813,0.8544947562118287
0.3616769015789032,0.2974780701754386,0.8751612903225806,0.44402618657937803,79074,6407,387,2713,9120,SmallRandomForest,XGBoost,0.99,0.16747193097645813,0.8544947562118287
0.3517698049545288,0.2892921574869999,0.8793548387096775,0.43535893955122573,78784,6697,374,2726,9423,SmallRandomForest,XGBoost,0.99,0.16747193097645813,0.8544947562118287
0.34102311730384827,0.2812789143620849,0.8825806451612903,0.4266001403289935,78490,6991,364,2736,9727,SmallRandomForest,XGBoost,0.99,0.16747193097645813,0.8544947562118287
0.33221426606178284,0.27305353404446214,0.8835483870967742,0.4171807173863376,78189,7292,361,2739,10031,SmallRandomForest,XGBoost,0.99,0.16747193097645813,0.8544947562118287
0.3249322772026062,0.2654798761609907,0.8851612903225806,0.4084548972908604,77889,7592,356,2744,10336,SmallRandomForest,XGBoost,0.99,0.16747193097645813,0.8544947562118287
0.31754958629608154,0.2590469029044083,0.8890322580645161,0.401193682218502,77598,7883,344,2756,10639,SmallRandomForest,XGBoost,0.99,0.16747193097645813,0.8544947562118287
0.3096543550491333,0.2527874246024493,0.892258064516129,0.3939609742201966,77305,8176,334,2766,10942,SmallRandomForest,XGBoost,0.99,0.16747193097645813,0.8544947562118287
0.3017474114894867,0.2466654810599324,0.8948387096774194,0.38672800780705424,77009,8472,326,2774,11246,SmallRandomForest,XGBoost,0.99,0.16747193097645813,0.8544947562118287
0.2949873208999634,0.24095238095238095,0.8977419354838709,0.37993174061433443,76714,8767,317,2783,11550,SmallRandomForest,XGBoost,0.99,0.16747193097645813,0.8544947562118287
0.28894567489624023,0.2355323097688544,0.9006451612903226,0.3734117961749364,76419,9062,308,2792,11854,SmallRandomForest,XGBoost,0.99,0.16747193097645813,0.8544947562118287
0.2825015187263489,0.23015546598667436,0.9025806451612903,0.3667824605099299,76122,9359,302,2798,12157,SmallRandomForest,XGBoost,0.99,0.16747193097645813,0.8544947562118287
0.2759670913219452,0.22495987158908506,0.9041935483870968,0.36028277634961436,75824,9657,297,2803,12460,SmallRandomForest,XGBoost,0.99,0.16747193097645813,0.8544947562118287
0.270060271024704,0.21991538702601066,0.905483870967742,0.3538830055471508,75524,9957,293,2807,12764,SmallRandomForest,XGBoost,0.99,0.16747193097645813,0.8544947562118287
0.26430225372314453,0.21533516988062443,0.9077419354838709,0.34809500247402275,75227,10254,286,2814,13068,SmallRandomForest,XGBoost,0.99,0.16747193097645813,0.8544947562118287
0.2592177391052246,0.2108136404427161,0.9093548387096774,0.3422778047595921,74928,10553,281,2819,13372,SmallRandomForest,XGBoost,0.99,0.16747193097645813,0.8544947562118287
0.253208190202713,0.20658135283363802,0.9112903225806451,0.3368107302533532,74631,10850,275,2825,13675,SmallRandomForest,XGBoost,0.99,0.16747193097645813,0.8544947562118287
0.2484593242406845,0.20216038343229129,0.9116129032258065,0.33093272439838395,74328,11153,274,2826,13979,SmallRandomForest,XGBoost,0.99,0.16747193097645813,0.8544947562118287
0.24375031888484955,0.19850161041870887,0.9145161290322581,0.32619951674145664,74034,11447,265,2835,14282,SmallRandomForest,XGBoost,0.99,0.16747193097645813,0.8544947562118287
0.23944614827632904,0.19470725353078294,0.9161290322580645,0.3211579780617438,73735,11746,260,2840,14586,SmallRandomForest,XGBoost,0.99,0.16747193097645813,0.8544947562118287
0.23472639918327332,0.19098784500705124,0.9174193548387096,0.3161580790395197,73434,12047,256,2844,14891,SmallRandomForest,XGBoost,0.99,0.16747193097645813,0.8544947562118287
0.2305258810520172,0.18756169792694966,0.9193548387096774,0.31156053566548236,73136,12345,250,2850,15195,SmallRandomForest,XGBoost,0.99,0.16747193097645813,0.8544947562118287
0.22616338729858398,0.18433447319181884,0.9216129032258065,0.3072208183235658,72839,12642,243,2857,15499,SmallRandomForest,XGBoost,0.99,0.16747193097645813,0.8544947562118287
0.22212809324264526,0.18110485350882743,0.9232258064516129,0.302809077924139,72540,12941,238,2862,15803,SmallRandomForest,XGBoost,0.99,0.16747193097645813,0.8544947562118287
0.21814291179180145,0.17807028436607475,0.9251612903225807,0.29865666979069044,72243,13238,232,2868,16106,SmallRandomForest,XGBoost,0.99,0.16747193097645813,0.8544947562118287
0.2143290638923645,0.1753199268738574,0.9280645161290323,0.29492567913890316,71948,13533,223,2877,16410,SmallRandomForest,XGBoost,0.99,0.16747193097645813,0.8544947562118287
0.21059562265872955,0.17219097762354912,0.9283870967741935,0.2905016654890481,71645,13836,222,2878,16714,SmallRandomForest,XGBoost,0.99,0.16747193097645813,0.8544947562118287
0.2069564163684845,0.16927144535840188,0.9293548387096774,0.28638170974155075,71342,14139,219,2881,17020,SmallRandomForest,XGBoost,0.99,0.16747193097645813,0.8544947562118287
0.20369674265384674,0.1664165319787578,0.93,0.28231492361927146,71040,14441,217,2883,17324,SmallRandomForest,XGBoost,0.99,0.16747193097645813,0.8544947562118287
0.20013119280338287,0.16383956430475974,0.9316129032258065,0.2786703333815796,70742,14739,212,2888,17627,SmallRandomForest,XGBoost,0.99,0.16747193097645813,0.8544947562118287
0.19664858281612396,0.1613406948859517,0.9332258064516129,0.27511768341971377,70443,15038,207,2893,17931,SmallRandomForest,XGBoost,0.99,0.16747193097645813,0.8544947562118287
0.19350045919418335,0.15875191928054397,0.9338709677419355,0.2713723284589426,70140,15341,205,2895,18236,SmallRandomForest,XGBoost,0.99,0.16747193097645813,0.8544947562118287
0.1900329887866974,0.1563646170442287,0.9351612903225807,0.26792975970425137,69840,15641,201,2899,18540,SmallRandomForest,XGBoost,0.99,0.16747193097645813,0.8544947562118287
0.18688075244426727,0.1540094464787985,0.9361290322580645,0.2645034863054277,69540,15941,198,2902,18843,SmallRandomForest,XGBoost,0.99,0.16747193097645813,0.8544947562118287
0.1839262694120407,0.1516607478587842,0.9367741935483871,0.2610571736785329,69237,16244,196,2904,19148,SmallRandomForest,XGBoost,0.99,0.16747193097645813,0.8544947562118287
0.18083561956882477,0.14940105907151302,0.9374193548387096,0.25772693006961994,68936,16545,194,2906,19451,SmallRandomForest,XGBoost,0.99,0.16747193097645813,0.8544947562118287
0.17792995274066925,0.14731193682292193,0.9387096774193548,0.2546600157521659,68637,16844,190,2910,19754,SmallRandomForest,XGBoost,0.99,0.16747193097645813,0.8544947562118287
0.17525464296340942,0.14517898095522982,0.9393548387096774,0.2514897659556093,68335,17146,188,2912,20058,SmallRandomForest,XGBoost,0.99,0.16747193097645813,0.8544947562118287
0.17222914099693298,0.14315882526274432,0.9403225806451613,0.2484869150115079,68034,17447,185,2915,20362,SmallRandomForest,XGBoost,0.99,0.16747193097645813,0.8544947562118287
0.16968348622322083,0.14105293719152232,0.9403225806451613,0.24530842379870405,67730,17751,185,2915,20666,SmallRandomForest,XGBoost,0.99,0.16747193097645813,0.8544947562118287
0.16687043011188507,0.139103481163567,0.9409677419354838,0.2423764021603656,67428,18053,183,2917,20970,SmallRandomForest,XGBoost,0.99,0.16747193097645813,0.8544947562118287
0.16434653103351593,0.13720973958822977,0.9416129032258065,0.23951751866743254,67126,18355,181,2919,21274,SmallRandomForest,XGBoost,0.99,0.16747193097645813,0.8544947562118287
0.16171805560588837,0.13536935767911762,0.942258064516129,0.23672907042710106,66824,18657,179,2921,21578,SmallRandomForest,XGBoost,0.99,0.16747193097645813,0.8544947562118287
0.15916301310062408,0.13348871218352984,0.942258064516129,0.23384837082699542,66520,18961,179,2921,21882,SmallRandomForest,XGBoost,0.99,0.16747193097645813,0.8544947562118287
0.15684989094734192,0.13174381394510298,0.9429032258064516,0.23118598489342349,66217,19264,177,2923,22187,SmallRandomForest,XGBoost,0.99,0.16747193097645813,0.8544947562118287
0.15475346148014069,0.13000755857898716,0.9432258064516129,0.22851783830252825,65914,19567,176,2924,22491,SmallRandomForest,XGBoost,0.99,0.16747193097645813,0.8544947562118287
0.15263962745666504,0.12836148278131168,0.9438709677419355,0.2259895732766943,65612,19869,174,2926,22795,SmallRandomForest,XGBoost,0.99,0.16747193097645813,0.8544947562118287
0.15051627159118652,0.1268886098965323,0.9454838709677419,0.2237489980533608,65313,20168,169,2931,23099,SmallRandomForest,XGBoost,0.99,0.16747193097645813,0.8544947562118287
0.14813947677612305,0.1253311682762157,0.9461290322580646,0.2213417855256207,65012,20469,167,2933,23402,SmallRandomForest,XGBoost,0.99,0.16747193097645813,0.8544947562118287
0.1459694504737854,0.12385050198262043,0.9470967741935484,0.2190554353502947,64711,20770,164,2936,23706,SmallRandomForest,XGBoost,0.99,0.16747193097645813,0.8544947562118287
0.14406590163707733,0.12241242867258112,0.9480645161290323,0.21682835958537758,64411,21070,161,2939,24009,SmallRandomForest,XGBoost,0.99,0.16747193097645813,0.8544947562118287
0.14192618429660797,0.12100522354296056,0.9490322580645161,0.21464268777587275,64110,21371,158,2942,24313,SmallRandomForest,XGBoost,0.99,0.16747193097645813,0.8544947562118287
0.13973751664161682,0.11963763405914853,0.95,0.21251262808486074,63810,21671,155,2945,24616,SmallRandomForest,XGBoost,0.99,0.16747193097645813,0.8544947562118287
0.13792067766189575,0.1182182985553772,0.9503225806451613,0.21027837259100643,63507,21974,154,2946,24920,SmallRandomForest,XGBoost,0.99,0.16747193097645813,0.8544947562118287
0.13599394261837006,0.11687281953694893,0.9509677419354838,0.20816268888575062,63205,22276,152,2948,25224,SmallRandomForest,XGBoost,0.99,0.16747193097645813,0.8544947562118287
0.13399672508239746,0.11556391271986524,0.9516129032258065,0.2060991371781884,62904,22577,150,2950,25527,SmallRandomForest,XGBoost,0.99,0.16747193097645813,0.8544947562118287
0.13212954998016357,0.11431115240196647,0.9525806451612904,0.2041267756540974,62601,22880,147,2953,25833,SmallRandomForest,XGBoost,0.99,0.16747193097645813,0.8544947562118287
0.13044169545173645,0.11298159696981291,0.9525806451612904,0.20200430960768892,62297,23184,147,2953,26137,SmallRandomForest,XGBoost,0.99,0.16747193097645813,0.8544947562118287
0.12867023050785065,0.11172465960665658,0.9529032258064516,0.2,61995,23486,146,2954,26440,SmallRandomForest,XGBoost,0.99,0.16747193097645813,0.8544947562118287
0.12674228847026825,0.11052946455279689,0.9535483870967741,0.1980967698699906,61693,23788,144,2956,26744,SmallRandomForest,XGBoost,0.99,0.16747193097645813,0.8544947562118287
0.12507151067256927,0.10936517913262099,0.9541935483870968,0.19623843168474472,61392,24089,142,2958,27047,SmallRandomForest,XGBoost,0.99,0.16747193097645813,0.8544947562118287
0.12349627166986465,0.1083689810244598,0.9561290322580646,0.19467340974023842,61094,24387,136,2964,27351,SmallRandomForest,XGBoost,0.99,0.16747193097645813,0.8544947562118287
0.12177540361881256,0.10728620502621587,0.9570967741935484,0.1929442367094781,60793,24688,133,2967,27655,SmallRandomForest,XGBoost,0.99,0.16747193097645813,0.8544947562118287
0.12015317380428314,0.10619120855538466,0.957741935483871,0.19118451978492546,60491,24990,131,2969,27959,SmallRandomForest,XGBoost,0.99,0.16747193097645813,0.8544947562118287
0.11840390413999557,0.10505272096808435,0.957741935483871,0.1893374147056948,60188,25293,131,2969,28262,SmallRandomForest,XGBoost,0.99,0.16747193097645813,0.8544947562118287
0.11636173725128174,0.1039347476020444,0.957741935483871,0.18751973725762647,59884,25597,131,2969,28566,SmallRandomForest,XGBoost,0.99,0.16747193097645813,0.8544947562118287
0.11470231413841248,0.10283675660697586,0.957741935483871,0.18573081855431484,59579,25902,131,2969,28871,SmallRandomForest,XGBoost,0.99,0.16747193097645813,0.8544947562118287
0.1130170226097107,0.1018715294440255,0.9587096774193549,0.18417301852884674,59279,26202,128,2972,29174,SmallRandomForest,XGBoost,0.99,0.16747193097645813,0.8544947562118287
0.11149364709854126,0.10092272202998846,0.9596774193548387,0.1826385904598195,58978,26503,125,2975,29478,SmallRandomForest,XGBoost,0.99,0.16747193097645813,0.8544947562118287
0.11005207896232605,0.09992948524226856,0.96,0.18101639244548526,58676,26805,124,2976,29781,SmallRandomForest,XGBoost,0.99,0.16747193097645813,0.8544947562118287
0.10858423262834549,0.09908921685946018,0.9616129032258065,0.1796648987463838,58378,27103,119,2981,30084,SmallRandomForest,XGBoost,0.99,0.16747193097645813,0.8544947562118287
0.10700254887342453,0.0981966565749638,0.9625806451612903,0.17821309125656953,58077,27404,116,2984,30388,SmallRandomForest,XGBoost,0.99,0.16747193097645813,0.8544947562118287
0.10556404292583466,0.0972597829982731,0.9629032258064516,0.17667426237755615,57775,27706,115,2985,30691,SmallRandomForest,XGBoost,0.99,0.16747193097645813,0.8544947562118287
0.10417767614126205,0.0963672731965415,0.9635483870967742,0.17521116846550916,57472,28009,113,2987,30996,SmallRandomForest,XGBoost,0.99,0.16747193097645813,0.8544947562118287
0.1027100533246994,0.09549520766773163,0.9641935483870968,0.17377906976744187,57170,28311,111,2989,31300,SmallRandomForest,XGBoost,0.99,0.16747193097645813,0.8544947562118287
0.10144452750682831,0.0945706511421882,0.9641935483870968,0.17224687373941105,56864,28617,111,2989,31606,SmallRandomForest,XGBoost,0.99,0.16747193097645813,0.8544947562118287
0.10021550953388214,0.09370103415857098,0.964516129032258,0.17080834047415022,56561,28920,110,2990,31910,SmallRandomForest,XGBoost,0.99,0.16747193097645813,0.8544947562118287
0.09887058287858963,0.09284494800558746,0.9648387096774194,0.16938977771485203,56257,29224,109,2991,32215,SmallRandomForest,XGBoost,0.99,0.16747193097645813,0.8544947562118287
0.09768029302358627,0.0920049200492005,0.9651612903225807,0.16799550814149355,55953,29528,108,2992,32520,SmallRandomForest,XGBoost,0.99,0.16747193097645813,0.8544947562118287
0.09639763832092285,0.09118605855650001,0.9654838709677419,0.16663418979483896,55651,29830,107,2993,32823,SmallRandomForest,XGBoost,0.99,0.16747193097645813,0.8544947562118287
0.0952504351735115,0.09043982250128293,0.9664516129032258,0.1654014961216772,55350,30131,104,2996,33127,SmallRandomForest,XGBoost,0.99,0.16747193097645813,0.8544947562118287
0.09403979033231735,0.08967724567018635,0.9670967741935483,0.16413457063863565,55048,30433,102,2998,33431,SmallRandomForest,XGBoost,0.99,0.16747193097645813,0.8544947562118287
0.09284459054470062,0.08887176142763976,0.9670967741935483,0.1627843839930499,54745,30736,102,2998,33734,SmallRandomForest,XGBoost,0.99,0.16747193097645813,0.8544947562118287
0.09160163998603821,0.08813678829543452,0.967741935483871,0.16155958856158115,54443,31038,100,3000,34038,SmallRandomForest,XGBoost,0.99,0.16747193097645813,0.8544947562118287
0.09030399471521378,0.08735404594822817,0.967741935483871,0.16024357022674462,54138,31343,100,3000,34343,SmallRandomForest,XGBoost,0.99,0.16747193097645813,0.8544947562118287
0.08915569633245468,0.0865850842761487,0.967741935483871,0.1589488184804493,53833,31648,100,3000,34648,SmallRandomForest,XGBoost,0.99,0.16747193097645813,0.8544947562118287
0.08784672617912292,0.08586060883497368,0.9680645161290322,0.15773152528119416,53530,31951,99,3001,34952,SmallRandomForest,XGBoost,0.99,0.16747193097645813,0.8544947562118287
0.08665873110294342,0.0851226776343781,0.9680645161290322,0.15648546473732236,53227,32254,99,3001,35255,SmallRandomForest,XGBoost,0.99,0.16747193097645813,0.8544947562118287
0.08543695509433746,0.08442307151494699,0.9683870967741935,0.1553066556299956,52924,32557,98,3002,35559,SmallRandomForest,XGBoost,0.99,0.16747193097645813,0.8544947562118287
0.08429985493421555,0.0837353261021108,0.9687096774193549,0.15414624130585428,52621,32860,97,3003,35863,SmallRandomForest,XGBoost,0.99,0.16747193097645813,0.8544947562118287
0.08323317021131516,0.08311444134155446,0.9696774193548388,0.15310566124226452,52320,33161,94,3006,36167,SmallRandomForest,XGBoost,0.99,0.16747193097645813,0.8544947562118287
0.08220372349023819,0.08242165007814428,0.9696774193548388,0.1519294432791691,52016,33465,94,3006,36471,SmallRandomForest,XGBoost,0.99,0.16747193097645813,0.8544947562118287
0.08111806213855743,0.08174031271244052,0.9696774193548388,0.15077115987460815,51712,33769,94,3006,36775,SmallRandomForest,XGBoost,0.99,0.16747193097645813,0.8544947562118287
0.08011458814144135,0.08112627434057931,0.9703225806451613,0.14973368510129922,51411,34070,92,3008,37078,SmallRandomForest,XGBoost,0.99,0.16747193097645813,0.8544947562118287
0.07908284664154053,0.08046438220581548,0.9703225806451613,0.14860558753056838,51106,34375,92,3008,37383,SmallRandomForest,XGBoost,0.99,0.16747193097645813,0.8544947562118287
0.07798195630311966,0.07992145832780534,0.9716129032258064,0.1476941182239439,50806,34675,88,3012,37687,SmallRandomForest,XGBoost,0.99,0.16747193097645813,0.8544947562118287
0.076880544424057,0.07930825721881499,0.9719354838709677,0.14665011803071232,50503,34978,87,3013,37991,SmallRandomForest,XGBoost,0.99,0.16747193097645813,0.8544947562118287
0.07595191150903702,0.07870273657823271,0.9722580645161291,0.145617934099913,50199,35282,86,3014,38296,SmallRandomForest,XGBoost,0.99,0.16747193097645813,0.8544947562118287
0.07484561949968338,0.07810678479832128,0.9725806451612903,0.14460084890050595,49895,35586,85,3015,38601,SmallRandomForest,XGBoost,0.99,0.16747193097645813,0.8544947562118287
0.07386795431375504,0.07752216938696825,0.9729032258064516,0.14360195214855373,49592,35889,84,3016,38905,SmallRandomForest,XGBoost,0.99,0.16747193097645813,0.8544947562118287
0.07293442636728287,0.07691719160439672,0.9729032258064516,0.14256339958875944,49286,36195,84,3016,39211,SmallRandomForest,XGBoost,0.99,0.16747193097645813,0.8544947562118287
0.07203756272792816,0.07632544603315197,0.9729032258064516,0.1415464038484102,48982,36499,84,3016,39515,SmallRandomForest,XGBoost,0.99,0.16747193097645813,0.8544947562118287
0.07112830877304077,0.07579105976896032,0.9735483870967742,0.14063373718546132,48679,36802,82,3018,39820,SmallRandomForest,XGBoost,0.99,0.16747193097645813,0.8544947562118287
0.07032673060894012,0.07524362585050968,0.9738709677419355,0.13969414432131042,48377,37104,81,3019,40123,SmallRandomForest,XGBoost,0.99,0.16747193097645813,0.8544947562118287
0.0693795382976532,0.07477490847927179,0.9751612903225807,0.13889909943025178,48076,37405,77,3023,40428,SmallRandomForest,XGBoost,0.99,0.16747193097645813,0.8544947562118287
0.06848382949829102,0.07424320542093246,0.9754838709677419,0.13798453149597317,47774,37707,76,3024,40731,SmallRandomForest,XGBoost,0.99,0.16747193097645813,0.8544947562118287
0.0675673708319664,0.07373833369885713,0.9761290322580645,0.13711851734372524,47470,38011,74,3026,41037,SmallRandomForest,XGBoost,0.99,0.16747193097645813,0.8544947562118287
0.06663775444030762,0.07319255980456184,0.9761290322580645,0.13617442566883425,47164,38317,74,3026,41343,SmallRandomForest,XGBoost,0.99,0.16747193097645813,0.8544947562118287
0.06576632708311081,0.07268056089127929,0.9764516129032258,0.13529096272459104,46860,38621,73,3027,41648,SmallRandomForest,XGBoost,0.99,0.16747193097645813,0.8544947562118287
0.06486893445253372,0.07215389016018306,0.9764516129032258,0.13437805202876674,46556,38925,73,3027,41952,SmallRandomForest,XGBoost,0.99,0.16747193097645813,0.8544947562118287
0.06400769203901291,0.0716364927227547,0.9764516129032258,0.1334803219049719,46253,39228,73,3027,42255,SmallRandomForest,XGBoost,0.99,0.16747193097645813,0.8544947562118287
0.06323422491550446,0.07117178505134049,0.9770967741935483,0.13267920891828555,45951,39530,71,3029,42559,SmallRandomForest,XGBoost,0.99,0.16747193097645813,0.8544947562118287
0.062410853803157806,0.07068704070920331,0.9774193548387097,0.131839443054498,45646,39835,70,3030,42865,SmallRandomForest,XGBoost,0.99,0.16747193097645813,0.8544947562118287
0.06166187673807144,0.07021404744255004,0.977741935483871,0.1310192789833146,45344,40137,69,3031,43168,SmallRandomForest,XGBoost,0.99,0.16747193097645813,0.8544947562118287
0.06084710732102394,0.06972304011777695,0.977741935483871,0.13016404706690715,45040,40441,69,3031,43472,SmallRandomForest,XGBoost,0.99,0.16747193097645813,0.8544947562118287
0.060069311410188675,0.06926169590643275,0.9780645161290322,0.1293625735984299,44737,40744,68,3032,43776,SmallRandomForest,XGBoost,0.99,0.16747193097645813,0.8544947562118287
0.059264518320560455,0.06882940108892922,0.9787096774193549,0.12861381941500635,44435,41046,66,3034,44080,SmallRandomForest,XGBoost,0.99,0.16747193097645813,0.8544947562118287
0.05850827321410179,0.06835796683489546,0.9787096774193549,0.1277904136130065,44131,41350,66,3034,44384,SmallRandomForest,XGBoost,0.99,0.16747193097645813,0.8544947562118287
0.05769035592675209,0.0678944659520666,0.9787096774193549,0.12698014104254293,43828,41653,66,3034,44687,SmallRandomForest,XGBoost,0.99,0.16747193097645813,0.8544947562118287
0.056976884603500366,0.06745793603165078,0.9790322580645161,0.12621904306419082,43525,41956,65,3035,44991,SmallRandomForest,XGBoost,0.99,0.16747193097645813,0.8544947562118287
0.0562315359711647,0.06700666754978585,0.9790322580645161,0.12542877216183826,43222,42259,65,3035,45294,SmallRandomForest,XGBoost,0.99,0.16747193097645813,0.8544947562118287
0.05538754165172577,0.06655847715958683,0.9790322580645161,0.12464321649315183,42917,42564,65,3035,45599,SmallRandomForest,XGBoost,0.99,0.16747193097645813,0.8544947562118287
0.054698023945093155,0.06611912334974511,0.9790322580645161,0.12387249500020409,42614,42867,65,3035,45902,SmallRandomForest,XGBoost,0.99,0.16747193097645813,0.8544947562118287
0.05400890111923218,0.06568553186884536,0.9790322580645161,0.12311124632390223,42311,43170,65,3035,46205,SmallRandomForest,XGBoost,0.99,0.16747193097645813,0.8544947562118287
0.05325838923454285,0.06527628466996345,0.9793548387096774,0.12239467849223949,42007,43474,64,3036,46510,SmallRandomForest,XGBoost,0.99,0.16747193097645813,0.8544947562118287
0.052560411393642426,0.0648751415205178,0.9796774193548388,0.12169174363392302,41705,43776,63,3037,46813,SmallRandomForest,XGBoost,0.99,0.16747193097645813,0.8544947562118287
0.05183357372879982,0.06447778933293716,0.98,0.12099488221120337,41402,44079,62,3038,47117,SmallRandomForest,XGBoost,0.99,0.16747193097645813,0.8544947562118287
0.05113769695162773,0.06408688317165753,0.9803225806451613,0.12030878859857484,41100,44381,61,3039,47420,SmallRandomForest,XGBoost,0.99,0.16747193097645813,0.8544947562118287
0.050436247140169144,0.06369960606822563,0.9806451612903225,0.11962852195813001,40797,44684,60,3040,47724,SmallRandomForest,XGBoost,0.99,0.16747193097645813,0.8544947562118287
0.049689922481775284,0.06329641042725077,0.9806451612903225,0.1189172273509623,40493,44988,60,3040,48028,SmallRandomForest,XGBoost,0.99,0.16747193097645813,0.8544947562118287
0.049002304673194885,0.06291767529431237,0.9809677419354839,0.11825092839227733,40189,45292,59,3041,48333,SmallRandomForest,XGBoost,0.99,0.16747193097645813,0.8544947562118287
0.04832533746957779,0.06254240424350829,0.9812903225806452,0.11759021241230021,39884,45597,58,3042,48639,SmallRandomForest,XGBoost,0.99,0.16747193097645813,0.8544947562118287
0.047665148973464966,0.06215393416831825,0.9812903225806452,0.11690332993870453,39580,45901,58,3042,48943,SmallRandomForest,XGBoost,0.99,0.16747193097645813,0.8544947562118287
0.04701872915029526,0.061789311241065625,0.9816129032258064,0.11626041109497975,39276,46205,57,3043,49248,SmallRandomForest,XGBoost,0.99,0.16747193097645813,0.8544947562118287
0.046371765434741974,0.0614518375007568,0.9822580645161291,0.1156673187593778,38975,46506,55,3045,49551,SmallRandomForest,XGBoost,0.99,0.16747193097645813,0.8544947562118287
0.04561838135123253,0.061078348778433024,0.9822580645161291,0.11500547645125958,38672,46809,55,3045,49854,SmallRandomForest,XGBoost,0.99,0.16747193097645813,0.8544947562118287
0.04497387632727623,0.060746825096194106,0.9829032258064516,0.11442197562853229,38369,47112,53,3047,50159,SmallRandomForest,XGBoost,0.99,0.16747193097645813,0.8544947562118287
0.04439383000135422,0.06040068961417276,0.983225806451613,0.1138099060918918,38066,47415,52,3048,50463,SmallRandomForest,XGBoost,0.99,0.16747193097645813,0.8544947562118287
0.043727125972509384,0.06003900171371166,0.983225806451613,0.11316761653702638,37762,47719,52,3048,50767,SmallRandomForest,XGBoost,0.99,0.16747193097645813,0.8544947562118287
0.04309900104999542,0.05968278832974349,0.983225806451613,0.11253461325456895,37459,48022,52,3048,51070,SmallRandomForest,XGBoost,0.99,0.16747193097645813,0.8544947562118287
0.042480889707803726,0.05936739659367397,0.9838709677419355,0.111977971546581,37156,48325,50,3050,51375,SmallRandomForest,XGBoost,0.99,0.16747193097645813,0.8544947562118287
0.04185162112116814,0.059055727554179566,0.984516129032258,0.11142752829499818,36853,48628,48,3052,51680,SmallRandomForest,XGBoost,0.99,0.16747193097645813,0.8544947562118287
0.04128992184996605,0.05870924305088006,0.984516129032258,0.11081056548969773,36548,48933,48,3052,51985,SmallRandomForest,XGBoost,0.99,0.16747193097645813,0.8544947562118287
0.04071710258722305,0.05836568434338605,0.984516129032258,0.1101984076835587,36242,49239,48,3052,52291,SmallRandomForest,XGBoost,0.99,0.16747193097645813,0.8544947562118287
0.04014763981103897,0.058029433015172834,0.984516129032258,0.1095988795920566,35939,49542,48,3052,52594,SmallRandomForest,XGBoost,0.99,0.16747193097645813,0.8544947562118287
0.039576102048158646,0.05771593852203338,0.9848387096774194,0.10904155579763201,35637,49844,47,3053,52897,SmallRandomForest,XGBoost,0.99,0.16747193097645813,0.8544947562118287
0.03896656259894371,0.057403856997857224,0.9851612903225806,0.10848637703811588,35333,50148,46,3054,53202,SmallRandomForest,XGBoost,0.99,0.16747193097645813,0.8544947562118287
0.03838004171848297,0.05707877768432857,0.9851612903225806,0.10790566204398903,35030,50451,46,3054,53505,SmallRandomForest,XGBoost,0.99,0.16747193097645813,0.8544947562118287
0.03783578798174858,0.056755249953540234,0.9851612903225806,0.10732735898787558,34725,50756,46,3054,53810,SmallRandomForest,XGBoost,0.99,0.16747193097645813,0.8544947562118287
0.03725495561957359,0.05643641201907085,0.9851612903225806,0.10675708742615443,34421,51060,46,3054,54114,SmallRandomForest,XGBoost,0.99,0.16747193097645813,0.8544947562118287
0.036622390151023865,0.05613744946710768,0.9854838709677419,0.10622392211404727,34116,51365,45,3055,54420,SmallRandomForest,XGBoost,0.99,0.16747193097645813,0.8544947562118287
0.03604144975543022,0.055826617692743455,0.9854838709677419,0.1056672950210124,33813,51668,45,3055,54723,SmallRandomForest,XGBoost,0.99,0.16747193097645813,0.8544947562118287
0.035471197217702866,0.05551719124809188,0.9854838709677419,0.10511285439031103,33508,51973,45,3055,55028,SmallRandomForest,XGBoost,0.99,0.16747193097645813,0.8544947562118287
0.034888360649347305,0.05521217378732018,0.9854838709677419,0.10456599123767799,33204,52277,45,3055,55332,SmallRandomForest,XGBoost,0.99,0.16747193097645813,0.8544947562118287
0.03432908654212952,0.054911476588478475,0.9854838709677419,0.104026559972759,32901,52580,45,3055,55635,SmallRandomForest,XGBoost,0.99,0.16747193097645813,0.8544947562118287
0.033772796392440796,0.054628984108256916,0.9858064516129033,0.10352128182110736,32596,52885,44,3056,55941,SmallRandomForest,XGBoost,0.99,0.16747193097645813,0.8544947562118287
0.03321611136198044,0.05435053159335775,0.9861290322580645,0.10302295015670813,32292,53189,43,3057,56246,SmallRandomForest,XGBoost,0.99,0.16747193097645813,0.8544947562118287
0.03264359012246132,0.05405835543766578,0.9861290322580645,0.10249790444258174,31988,53493,43,3057,56550,SmallRandomForest,XGBoost,0.99,0.16747193097645813,0.8544947562118287
0.03206856548786163,0.05376930383086502,0.9861290322580645,0.10197818327384327,31684,53797,43,3057,56854,SmallRandomForest,XGBoost,0.99,0.16747193097645813,0.8544947562118287
0.03154352679848671,0.05348332691836663,0.9861290322580645,0.10146370606392513,31380,54101,43,3057,57158,SmallRandomForest,XGBoost,0.99,0.16747193097645813,0.8544947562118287
0.030961263924837112,0.053200375900595176,0.9861290322580645,0.10095439384432481,31076,54405,43,3057,57462,SmallRandomForest,XGBoost,0.99,0.16747193097645813,0.8544947562118287
0.030436793342232704,0.05293863065870337,0.9864516129032258,0.10048467920808347,30774,54707,42,3058,57765,SmallRandomForest,XGBoost,0.99,0.16747193097645813,0.8544947562118287
0.029911162331700325,0.05266148891835575,0.9864516129032258,0.09998528666481389,30470,55011,42,3058,58069,SmallRandomForest,XGBoost,0.99,0.16747193097645813,0.8544947562118287
0.029410896822810173,0.05238723382385692,0.9864516129032258,0.09949083337400158,30166,55315,42,3058,58373,SmallRandomForest,XGBoost,0.99,0.16747193097645813,0.8544947562118287
0.028853610157966614,0.05211670870543322,0.9864516129032258,0.099002849002849,29863,55618,42,3058,58676,SmallRandomForest,XGBoost,0.99,0.16747193097645813,0.8544947562118287
0.02831646054983139,0.05184808409630383,0.9864516129032258,0.09851804123711339,29559,55922,42,3058,58980,SmallRandomForest,XGBoost,0.99,0.16747193097645813,0.8544947562118287
0.027850618585944176,0.05159995276892195,0.9867741935483871,0.09807159001651092,29257,56224,41,3059,59283,SmallRandomForest,XGBoost,0.99,0.16747193097645813,0.8544947562118287
0.02734251320362091,0.05133583943075787,0.9867741935483871,0.09759443593670239,28952,56529,41,3059,59588,SmallRandomForest,XGBoost,0.99,0.16747193097645813,0.8544947562118287
0.026875073090195656,0.051076121620944714,0.9867741935483871,0.09712498610912669,28649,56832,41,3059,59891,SmallRandomForest,XGBoost,0.99,0.16747193097645813,0.8544947562118287
0.0263501163572073,0.05083394245464815,0.9870967741935484,0.0966885743174924,28345,57136,40,3060,60196,SmallRandomForest,XGBoost,0.99,0.16747193097645813,0.8544947562118287
0.025886740535497665,0.05057851239669422,0.9870967741935484,0.09622641509433963,28041,57440,40,3060,60500,SmallRandomForest,XGBoost,0.99,0.16747193097645813,0.8544947562118287
0.025406137108802795,0.05032646415472921,0.9870967741935484,0.09577015163607343,27738,57743,40,3060,60803,SmallRandomForest,XGBoost,0.99,0.16747193097645813,0.8544947562118287
0.024945849552750587,0.05007609602827827,0.9870967741935484,0.09531671001604188,27434,58047,40,3060,61107,SmallRandomForest,XGBoost,0.99,0.16747193097645813,0.8544947562118287
0.024448025971651077,0.049829018075232046,0.9870967741935484,0.09486901255619283,27131,58350,40,3060,61410,SmallRandomForest,XGBoost,0.99,0.16747193097645813,0.8544947562118287
0.023944132030010223,0.04960057038225334,0.9874193548387097,0.09445635906376806,26829,58652,39,3061,61713,SmallRandomForest,XGBoost,0.99,0.16747193097645813,0.8544947562118287
0.023408032953739166,0.04935663839530459,0.9874193548387097,0.09401394391719646,26524,58957,39,3061,62018,SmallRandomForest,XGBoost,0.99,0.16747193097645813,0.8544947562118287
0.022937985137104988,0.04913192773017554,0.987741935483871,0.09360765491730609,26221,59260,38,3062,62322,SmallRandomForest,XGBoost,0.99,0.16747193097645813,0.8544947562118287
0.022476008161902428,0.04890783675033531,0.9880645161290322,0.093202288218111,25916,59565,37,3063,62628,SmallRandomForest,XGBoost,0.99,0.16747193097645813,0.8544947562118287
0.0220349058508873,0.04867235543690709,0.9880645161290322,0.09277460586694129,25613,59868,37,3063,62931,SmallRandomForest,XGBoost,0.99,0.16747193097645813,0.8544947562118287
0.021589523181319237,0.048454178856645845,0.9883870967741936,0.09237958845255145,25310,60171,36,3064,63235,SmallRandomForest,XGBoost,0.99,0.16747193097645813,0.8544947562118287
0.021140726283192635,0.048223110579495736,0.9883870967741936,0.09195954260331943,25007,60474,36,3064,63538,SmallRandomForest,XGBoost,0.99,0.16747193097645813,0.8544947562118287
0.020662276074290276,0.047994235679265675,0.9883870967741936,0.09154329932328469,24704,60777,36,3064,63841,SmallRandomForest,XGBoost,0.99,0.16747193097645813,0.8544947562118287
0.020211374387145042,0.04776677839270403,0.9883870967741936,0.09112945200386646,24400,61081,36,3064,64145,SmallRandomForest,XGBoost,0.99,0.16747193097645813,0.8544947562118287
0.019724419340491295,0.047542204568023834,0.9883870967741936,0.09072067270681589,24097,61384,36,3064,64448,SmallRandomForest,XGBoost,0.99,0.16747193097645813,0.8544947562118287
0.01925184391438961,0.047319001729676305,0.9883870967741936,0.09031421328774392,23793,61688,36,3064,64752,SmallRandomForest,XGBoost,0.99,0.16747193097645813,0.8544947562118287
0.018802156671881676,0.0470978848991638,0.9883870967741936,0.08991137977580844,23489,61992,36,3064,65056,SmallRandomForest,XGBoost,0.99,0.16747193097645813,0.8544947562118287
0.018334439024329185,0.04687954222065821,0.9883870967741936,0.0895134313968945,23186,62295,36,3064,65359,SmallRandomForest,XGBoost,0.99,0.16747193097645813,0.8544947562118287
0.017880162224173546,0.04666179337231969,0.9883870967741936,0.08911639811529289,22881,62600,36,3064,65664,SmallRandomForest,XGBoost,0.99,0.16747193097645813,0.8544947562118287
0.017385737970471382,0.04646192093136066,0.9887096774193549,0.08875311287426883,22578,62903,35,3065,65968,SmallRandomForest,XGBoost,0.99,0.16747193097645813,0.8544947562118287
0.016926223412156105,0.04624879285369387,0.9887096774193549,0.08836418151415558,22274,63207,35,3065,66272,SmallRandomForest,XGBoost,0.99,0.16747193097645813,0.8544947562118287
0.016465039923787117,0.046037611151165586,0.9887096774193549,0.08797864400941502,21970,63511,35,3065,66576,SmallRandomForest,XGBoost,0.99,0.16747193097645813,0.8544947562118287
0.016000712290406227,0.04584261598959346,0.9890322580645161,0.08762378359840528,21666,63815,34,3066,66881,SmallRandomForest,XGBoost,0.99,0.16747193097645813,0.8544947562118287
0.015575332567095757,0.045635865682305314,0.9890322580645161,0.08724603039098515,21363,64118,34,3066,67184,SmallRandomForest,XGBoost,0.99,0.16747193097645813,0.8544947562118287
0.01514395046979189,0.0454302987197724,0.9890322580645161,0.0868702895676319,21059,64422,34,3066,67488,SmallRandomForest,XGBoost,0.99,0.16747193097645813,0.8544947562118287
0.014661174267530441,0.04522524117178511,0.9890322580645161,0.08649533105763535,20753,64728,34,3066,67794,SmallRandomForest,XGBoost,0.99,0.16747193097645813,0.8544947562118287
0.01422269269824028,0.045024009868276135,0.9890322580645161,0.08612722446170484,20450,65031,34,3066,68097,SmallRandomForest,XGBoost,0.99,0.16747193097645813,0.8544947562118287
0.013764014467597008,0.044823906083244394,0.9890322580645161,0.08576103830715653,20146,65335,34,3066,68401,SmallRandomForest,XGBoost,0.99,0.16747193097645813,0.8544947562118287
0.01329181157052517,0.04462622263623661,0.9890322580645161,0.0853991421090747,19843,65638,34,3066,68704,SmallRandomForest,XGBoost,0.99,0.16747193097645813,0.8544947562118287
0.012838896363973618,0.0444283437183017,0.9890322580645161,0.08503674941062267,19537,65944,34,3066,69010,SmallRandomForest,XGBoost,0.99,0.16747193097645813,0.8544947562118287
0.012433202005922794,0.044232850032460504,0.9890322580645161,0.08467858869018849,19232,66249,34,3066,69315,SmallRandomForest,XGBoost,0.99,0.16747193097645813,0.8544947562118287
0.01198333315551281,0.044040334396276824,0.9890322580645161,0.0843257515333205,18929,66552,34,3066,69618,SmallRandomForest,XGBoost,0.99,0.16747193097645813,0.8544947562118287
0.011514149606227875,0.04384760597219839,0.9890322580645161,0.08397239263803682,18623,66858,34,3066,69924,SmallRandomForest,XGBoost,0.99,0.16747193097645813,0.8544947562118287
0.01111214142292738,0.04365842197445427,0.9890322580645161,0.08362540401216469,18320,67161,34,3066,70227,SmallRandomForest,XGBoost,0.99,0.16747193097645813,0.8544947562118287
0.01064709946513176,0.04348504182617326,0.9893548387096774,0.0833084340622029,18018,67463,33,3067,70530,SmallRandomForest,XGBoost,0.99,0.16747193097645813,0.8544947562118287
0.010152752511203289,0.043298416014908095,0.9893548387096774,0.08296588849514433,17714,67767,33,3067,70834,SmallRandomForest,XGBoost,0.99,0.16747193097645813,0.8544947562118287
0.009716663509607315,0.04311399131253778,0.9893548387096774,0.08262726133868557,17411,68070,33,3067,71137,SmallRandomForest,XGBoost,0.99,0.16747193097645813,0.8544947562118287
0.009294413030147552,0.042929929173315416,0.9893548387096774,0.08228917925464838,17106,68375,33,3067,71442,SmallRandomForest,XGBoost,0.99,0.16747193097645813,0.8544947562118287
0.008816340938210487,0.042748027764614054,0.9893548387096774,0.08195494749218395,16802,68679,33,3067,71746,SmallRandomForest,XGBoost,0.99,0.16747193097645813,0.8544947562118287
0.008343744091689587,0.0425676613462873,0.9893548387096774,0.08162341982701264,16498,68983,33,3067,72050,SmallRandomForest,XGBoost,0.99,0.16747193097645813,0.8544947562118287
0.007795189972966909,0.042389396431385014,0.9893548387096774,0.08129564099505653,16195,69286,33,3067,72353,SmallRandomForest,XGBoost,0.99,0.16747193097645813,0.8544947562118287
0.007282613776624203,0.042212618365998676,0.9893548387096774,0.08097048418607107,15892,69589,33,3067,72656,SmallRandomForest,XGBoost,0.99,0.16747193097645813,0.8544947562118287
0.006797431968152523,0.04203673245614035,0.9893548387096774,0.0806468577438864,15588,69893,33,3067,72960,SmallRandomForest,XGBoost,0.99,0.16747193097645813,0.8544947562118287
0.006285740062594414,0.041862877578040754,0.9893548387096774,0.08032685986668935,15285,70196,33,3067,73263,SmallRandomForest,XGBoost,0.99,0.16747193097645813,0.8544947562118287
0.0057332818396389484,0.041689321444106135,0.9893548387096774,0.08000730422079616,14980,70501,33,3067,73568,SmallRandomForest,XGBoost,0.99,0.16747193097645813,0.8544947562118287
0.005189486313611269,0.04153185959307441,0.9896774193548387,0.07971833547699783,14678,70803,32,3068,73871,SmallRandomForest,XGBoost,0.99,0.16747193097645813,0.8544947562118287
0.0046483431942760944,0.04136220238897727,0.9896774193548387,0.07940575096410177,14375,71106,32,3068,74174,SmallRandomForest,XGBoost,0.99,0.16747193097645813,0.8544947562118287
0.00408615218475461,0.041193372539541875,0.9896774193548387,0.0790945886720462,14071,71410,32,3068,74478,SmallRandomForest,XGBoost,0.99,0.16747193097645813,0.8544947562118287
0.0034393505193293095,0.041039836322060416,0.99,0.07881254734787689,13769,71712,31,3069,74781,SmallRandomForest,XGBoost,0.99,0.16747193097645813,0.8544947562118287
0.0026699453592300415,0.040873676499966705,0.99,0.07850610730958624,13465,72016,31,3069,75085,SmallRandomForest,XGBoost,0.99,0.16747193097645813,0.8544947562118287
0.0016820118762552738,0.04070939672096355,0.99,0.07820303740699215,13162,72319,31,3069,75388,SmallRandomForest,XGBoost,0.99,0.16747193097645813,0.8544947562118287
9.150996629614383e-05,0.04054589652803467,0.99,0.0779013097776424,12858,72623,31,3069,75692,SmallRandomForest,XGBoost,0.99,0.16747193097645813,0.8544947562118287
