threshold,precision,recall,f1,routed_count,routed_rate,heavy_call_reduction,tn,fp,fn,tp,model_name,model_role
0.9994838540025784,1.0,0.0003225806451612903,0.0006449532408900355,1,1.1289102629232002e-05,0.9999887108973707,85481,0,3099,1,HeavyRandomForest,heavy
0.9896165721243343,1.0,0.05741935483870968,0.10860280658938377,178,0.0020094602680032964,0.9979905397319967,85481,0,2922,178,HeavyRandomForest,heavy
0.9725984733483178,0.9915492957746479,0.1135483870967742,0.20376266280752536,355,0.004007631433377361,0.9959923685666227,85478,3,2748,352,HeavyRandomForest,heavy
0.9488847193751636,0.9511278195488722,0.16322580645161291,0.2786343612334802,532,0.006005802598751425,0.9939941974012486,85455,26,2594,506,HeavyRandomForest,heavy
0.9217291160832155,0.922425952045134,0.21096774193548387,0.3433972171173536,709,0.00800397376412549,0.9919960262358745,85426,55,2446,654,HeavyRandomForest,heavy
0.884646768518647,0.9018058690744921,0.257741935483871,0.40090316106372303,886,0.010002144929499555,0.9899978550705004,85394,87,2301,799,HeavyRandomForest,heavy
0.8530438502263642,0.8795860771401693,0.3016129032258065,0.4491952918568341,1063,0.012000316094873618,0.9879996839051264,85353,128,2165,935,HeavyRandomForest,heavy
0.8185724030412613,0.8564516129032258,0.34258064516129033,0.4894009216589862,1240,0.013998487260247683,0.9860015127397523,85303,178,2038,1062,HeavyRandomForest,heavy
0.7893565035392762,0.8392101551480959,0.38387096774193546,0.5267817618415228,1418,0.01600794752825098,0.983992052471749,85253,228,1910,1190,HeavyRandomForest,heavy
0.7565144960405147,0.8137931034482758,0.41870967741935483,0.5529286474973375,1595,0.018006118693625044,0.981993881306375,85184,297,1802,1298,HeavyRandomForest,heavy
0.7288783865364936,0.7799097065462754,0.4458064516129032,0.5673234811165846,1772,0.02000428985899911,0.9799957101410008,85091,390,1718,1382,HeavyRandomForest,heavy
0.7077504286120596,0.746023601847101,0.46903225806451615,0.5759556347791641,1949,0.02200246102437317,0.9779975389756268,84986,495,1646,1454,HeavyRandomForest,heavy
0.6887507134269849,0.7154280338664158,0.4906451612903226,0.582089552238806,2126,0.024000632189747236,0.9759993678102528,84876,605,1579,1521,HeavyRandomForest,heavy
0.6718509539376624,0.6877985236647851,0.5109677419354839,0.5863409217101611,2303,0.0259988033551213,0.9740011966448787,84762,719,1516,1584,HeavyRandomForest,heavy
0.6571849898278174,0.6580645161290323,0.5264516129032258,0.5849462365591398,2480,0.027996974520495366,0.9720030254795047,84633,848,1468,1632,HeavyRandomForest,heavy
0.643402532052251,0.6331828442437923,0.5429032258064516,0.5845779784647446,2658,0.03000643478849866,0.9699935652115014,84506,975,1417,1683,HeavyRandomForest,heavy
0.6309989721188131,0.6077601410934744,0.5558064516129032,0.5806234203875316,2835,0.03200460595387273,0.9679953940461272,84369,1112,1377,1723,HeavyRandomForest,heavy
0.6196542948135627,0.5859893758300133,0.5693548387096774,0.5775523560209425,3012,0.03400277711924679,0.9659972228807532,84234,1247,1335,1765,HeavyRandomForest,heavy
0.6091828465905335,0.5628723737848855,0.5790322580645161,0.570837971060582,3189,0.03600094828462085,0.9639990517153791,84087,1394,1305,1795,HeavyRandomForest,heavy
0.6005811152980246,0.5412953060011884,0.587741935483871,0.5635632539437055,3366,0.03799911944999492,0.9620008805500051,83937,1544,1278,1822,HeavyRandomForest,heavy
0.5921047846025169,0.5227208580299182,0.5974193548387097,0.5575794068944755,3543,0.03999729061536898,0.9600027093846311,83790,1691,1248,1852,HeavyRandomForest,heavy
0.5843190105108163,0.5059139784946236,0.6070967741935483,0.5519061583577712,3720,0.04199546178074305,0.9580045382192569,83643,1838,1218,1882,HeavyRandomForest,heavy
0.5751626647070481,0.4887121600820934,0.614516129032258,0.5444412689339811,3898,0.04400492204874634,0.9559950779512536,83488,1993,1195,1905,HeavyRandomForest,heavy
0.5672079938628958,0.4750920245398773,0.6245161290322581,0.5396515679442508,4075,0.04600309321412041,0.9539969067858796,83342,2139,1164,1936,HeavyRandomForest,heavy
0.5591245639463491,0.4616650987770461,0.6332258064516129,0.5340043525571272,4252,0.04800126437949447,0.9519987356205055,83192,2289,1137,1963,HeavyRandomForest,heavy
0.5518300810351355,0.44818243395800406,0.6403225806451613,0.5272944614158587,4429,0.04999943554486854,0.9500005644551315,83037,2444,1115,1985,HeavyRandomForest,heavy
0.5450424254322908,0.43660442900564483,0.6487096774193548,0.5219309628860628,4606,0.0519976067102426,0.9480023932897574,82886,2595,1089,2011,HeavyRandomForest,heavy
0.5384953304229366,0.42483796780263433,0.655483870967742,0.5155397691234301,4783,0.053995777875616664,0.9460042221243833,82730,2751,1068,2032,HeavyRandomForest,heavy
0.5325467136097374,0.4129032258064516,0.6606451612903226,0.5081885856079404,4960,0.05599394904099073,0.9440060509590092,82569,2912,1052,2048,HeavyRandomForest,heavy
0.5264649400093795,0.4026858699883223,0.6674193548387096,0.5023063850449138,5138,0.05800340930899403,0.9419965906910059,82412,3069,1031,2069,HeavyRandomForest,heavy
0.5206079698905984,0.39266227657572905,0.6732258064516129,0.4960190136660724,5315,0.06000158047436809,0.9399984195256319,82253,3228,1013,2087,HeavyRandomForest,heavy
0.5148461964051433,0.3823743627093955,0.6774193548387096,0.48882681564245806,5492,0.061999751639742154,0.9380002483602579,82089,3392,1000,2100,HeavyRandomForest,heavy
0.509375491258167,0.37325807020638563,0.6825806451612904,0.48260919146995096,5669,0.06399792280511622,0.9360020771948838,81928,3553,984,2116,HeavyRandomForest,heavy
0.5044055311242142,0.3640095791994526,0.6864516129032258,0.4757433489827856,5846,0.06599609397049029,0.9340039060295097,81763,3718,972,2128,HeavyRandomForest,heavy
0.500020695100447,0.35596878631911005,0.6916129032258065,0.4700208264825167,6023,0.06799426513586435,0.9320057348641356,81602,3879,956,2144,HeavyRandomForest,heavy
0.49550903057388895,0.347258064516129,0.694516129032258,0.463010752688172,6200,0.06999243630123841,0.9300075636987616,81434,4047,947,2153,HeavyRandomForest,heavy
0.49094063033928925,0.33913452492944496,0.697741935483871,0.45642540620384053,6378,0.0720018965692417,0.9279981034307583,81266,4215,937,2163,HeavyRandomForest,heavy
0.4860448283488149,0.3322654462242563,0.7025806451612904,0.45116519937856037,6555,0.07400006773461577,0.9259999322653842,81104,4377,922,2178,HeavyRandomForest,heavy
0.481314671316619,0.3253119429590018,0.7064516129032258,0.4454841334418226,6732,0.07599823889998984,0.9240017611000102,80939,4542,910,2190,HeavyRandomForest,heavy
0.47743308514950683,0.3194384136633377,0.7119354838709677,0.4410030972125088,6909,0.07799641006536391,0.922003589934636,80779,4702,893,2207,HeavyRandomForest,heavy
0.4735227379033802,0.3127293254304262,0.7148387096774194,0.4351070096210485,7086,0.07999458123073797,0.920005418769262,80611,4870,884,2216,HeavyRandomForest,heavy
0.4695606752774593,0.3070356601955115,0.7193548387096774,0.4303773038695359,7263,0.08199275239611203,0.918007247603888,80448,5033,870,2230,HeavyRandomForest,heavy
0.46562710871768237,0.3009408602150538,0.7222580645161291,0.42485768500948773,7440,0.0839909235614861,0.9160090764385139,80280,5201,861,2239,HeavyRandomForest,heavy
0.4615755677207961,0.29509057495405616,0.7251612903225807,0.41948124650121293,7618,0.0860003838294894,0.9139996161705106,80111,5370,852,2248,HeavyRandomForest,heavy
0.45794277775381714,0.28967286722257857,0.7283870967741936,0.414502065167508,7795,0.08799855499486346,0.9120014450051366,79944,5537,842,2258,HeavyRandomForest,heavy
0.4541760839692818,0.28424485699949825,0.7309677419354839,0.40932080924855496,7972,0.08999672616023752,0.9100032738397625,79775,5706,834,2266,HeavyRandomForest,heavy
0.45035652465835674,0.2790526444962572,0.7335483870967742,0.4043026046759712,8149,0.09199489732561159,0.9080051026743884,79606,5875,826,2274,HeavyRandomForest,heavy
0.4464621169880925,0.2744415085275042,0.7370967741935484,0.39996499212322767,8326,0.09399306849098565,0.9060069315090143,79440,6041,815,2285,HeavyRandomForest,heavy
0.44264763796054646,0.2701399506056686,0.7409677419354839,0.39593208652934586,8503,0.09599123965635972,0.9040087603436403,79275,6206,803,2297,HeavyRandomForest,heavy
0.43922557875655,0.2662442396313364,0.7454838709677419,0.3923599320882853,8680,0.09798941082173378,0.9020105891782663,79112,6369,789,2311,HeavyRandomForest,heavy
0.43575442679773535,0.2617972454278618,0.7480645161290322,0.38785750125439034,8858,0.09999887108973708,0.900001128910263,78942,6539,781,2319,HeavyRandomForest,heavy
0.4325699480365012,0.25688987271721087,0.7487096774193548,0.3825298722702925,9035,0.10199704225511114,0.8980029577448889,78767,6714,779,2321,HeavyRandomForest,heavy
0.4294880283077474,0.25325662179765523,0.7525806451612903,0.3789798570500325,9212,0.1039952134204852,0.8960047865795148,78602,6879,767,2333,HeavyRandomForest,heavy
0.42646336907905036,0.24997337309617637,0.7570967741935484,0.37585074865881973,9389,0.10599338458585927,0.8940066154141407,78439,7042,753,2347,HeavyRandomForest,heavy
0.42321839313009446,0.2461844030942923,0.7596774193548387,0.3718616769303648,9566,0.10799155575123333,0.8920084442487667,78270,7211,745,2355,HeavyRandomForest,heavy
0.42041815162312085,0.24243046289643846,0.7619354838709678,0.3678268317371331,9743,0.1099897269166074,0.8900102730833926,78100,7381,738,2362,HeavyRandomForest,heavy
0.4175751773985382,0.23891129032258066,0.7645161290322581,0.36405529953917054,9920,0.11198789808198147,0.8880121019180185,77931,7550,730,2370,HeavyRandomForest,heavy
0.4146480181649863,0.2354164603347529,0.766774193548387,0.36023338637569136,10097,0.11398606924735553,0.8860139307526445,77761,7720,723,2377,HeavyRandomForest,heavy
0.4118463003707629,0.23201946472019463,0.7690322580645161,0.35648598130841125,10275,0.11599552951535883,0.8840044704846411,77590,7891,716,2384,HeavyRandomForest,heavy
0.40881687761296076,0.22895139686184462,0.7719354838709678,0.35315820543093274,10452,0.1179937006807329,0.8820062993192671,77422,8059,707,2393,HeavyRandomForest,heavy
0.40585891130755586,0.22655000470411138,0.7767741935483871,0.35079029790953453,10629,0.11999187184610695,0.8800081281538931,77260,8221,692,2408,HeavyRandomForest,heavy
0.40322090236939645,0.22367203405515454,0.7796774193548387,0.34761973248957284,10806,0.12199004301148102,0.878009956988519,77092,8389,683,2417,HeavyRandomForest,heavy
0.40046746558211105,0.22115997450605482,0.7835483870967742,0.3449549101753888,10983,0.12398821417685509,0.8760117858231449,76927,8554,671,2429,HeavyRandomForest,heavy
0.3977147790204713,0.21827956989247313,0.7858064516129032,0.3416549789621318,11160,0.12598638534222914,0.8740136146577708,76757,8724,664,2436,HeavyRandomForest,heavy
0.3948986142562743,0.2154008997089177,0.787741935483871,0.3382974302140334,11337,0.1279845565076032,0.8720154434923968,76586,8895,658,2442,HeavyRandomForest,heavy
0.39231548095645397,0.2125054277029961,0.7893548387096774,0.3348614437222032,11515,0.1299940167756065,0.8700059832243935,76413,9068,653,2447,HeavyRandomForest,heavy
0.38963679107447907,0.2105713308244954,0.7941935483870968,0.3328826392644673,11692,0.13199218794098058,0.8680078120590194,76251,9230,638,2462,HeavyRandomForest,heavy
0.3870307979329503,0.20776813547897885,0.795483870967742,0.32948092724964934,11869,0.13399035910635462,0.8660096408936454,76078,9403,634,2466,HeavyRandomForest,heavy
0.38415636224445504,0.20537937904698655,0.7980645161290323,0.3266869140367093,12046,0.1359885302717287,0.8640114697282713,75909,9572,626,2474,HeavyRandomForest,heavy
0.3818023319260598,0.20305980528511822,0.8006451612903226,0.3239574495855903,12223,0.13798670143710276,0.8620132985628972,75740,9741,618,2482,HeavyRandomForest,heavy
0.379291969588469,0.20048387096774192,0.8019354838709677,0.32077419354838704,12400,0.13998487260247683,0.8600151273975232,75567,9914,614,2486,HeavyRandomForest,heavy
0.3771132669299137,0.1984575017889799,0.8051612903225807,0.3184282707150603,12577,0.1419830437678509,0.8580169562321491,75400,10081,604,2496,HeavyRandomForest,heavy
0.37463952803979145,0.1960799686397491,0.8067741935483871,0.3154840744244718,12755,0.1439925040358542,0.8560074959641458,75227,10254,599,2501,HeavyRandomForest,heavy
0.3723763467305935,0.19409217445097432,0.8096774193548387,0.31312375249500995,12932,0.14599067520122824,0.8540093247987718,75059,10422,590,2510,HeavyRandomForest,heavy
0.3698969846834993,0.1920054924097948,0.8119354838709677,0.31056820285026837,13109,0.1479888463666023,0.8520111536333976,74889,10592,583,2517,HeavyRandomForest,heavy
0.3677576326210835,0.18989914195393648,0.8138709677419355,0.307945807396558,13286,0.14998701753197638,0.8500129824680236,74718,10763,577,2523,HeavyRandomForest,heavy
0.3654514461481844,0.1877738988338409,0.8154838709677419,0.3052587091710439,13463,0.15198518869735045,0.8480148113026496,74546,10935,572,2528,HeavyRandomForest,heavy
0.36320314113176844,0.18621700879765396,0.8193548387096774,0.3034647550776583,13640,0.15398335986272452,0.8460166401372755,74381,11100,560,2540,HeavyRandomForest,heavy
0.3606317481865286,0.18455525801548817,0.8225806451612904,0.3014718921794644,13817,0.15598153102809859,0.8440184689719015,74214,11267,550,2550,HeavyRandomForest,heavy
0.3585424252848906,0.18242229367631296,0.8235483870967742,0.2986838256800234,13995,0.15799099129610186,0.8420090087038982,74039,11442,547,2553,HeavyRandomForest,heavy
0.35633930441761197,0.18035563082133785,0.824516129032258,0.29597035664659566,14172,0.15998916246147593,0.840010837538524,73865,11616,544,2556,HeavyRandomForest,heavy
0.3543675809157096,0.17847933653913164,0.8261290322580646,0.29354117714482203,14349,0.16198733362685,0.83801266637315,73693,11788,539,2561,HeavyRandomForest,heavy
0.35222745994308147,0.17671760980311166,0.8280645161290323,0.29127425394303874,14526,0.16398550479222407,0.8360144952077759,73522,11959,533,2567,HeavyRandomForest,heavy
0.3500349470898911,0.17513432632796028,0.8306451612903226,0.28927708813121383,14703,0.16598367595759814,0.8340163240424019,73353,12128,525,2575,HeavyRandomForest,heavy
0.3478146348829114,0.17318548387096774,0.8312903225806452,0.2866518353726363,14880,0.1679818471229722,0.8320181528770279,73178,12303,523,2577,HeavyRandomForest,heavy
0.3457902513920328,0.17161453144716743,0.8335483870967741,0.28462851792697025,15057,0.16998001828834625,0.8300199817116538,73008,12473,516,2584,HeavyRandomForest,heavy
0.3436257706432508,0.17006892024942566,0.8358064516129032,0.28262885192255244,15235,0.17198947855634955,0.8280105214436504,72837,12644,509,2591,HeavyRandomForest,heavy
0.3419138609418921,0.16824552296911496,0.8364516129032258,0.28014261019879,15412,0.17398764972172362,0.8260123502782764,72662,12819,507,2593,HeavyRandomForest,heavy
0.33984715236475943,0.16665597536724613,0.8380645161290322,0.27802450639413556,15589,0.1759858208870977,0.8240141791129023,72490,12991,502,2598,HeavyRandomForest,heavy
0.33804901342636756,0.16529240137003678,0.8406451612903226,0.2762641789462525,15766,0.17798399205247176,0.8220160079475283,72321,13160,494,2606,HeavyRandomForest,heavy
0.33602003030447547,0.1636454870476071,0.8416129032258064,0.27401144777608566,15943,0.17998216321784583,0.8200178367821542,72147,13334,491,2609,HeavyRandomForest,heavy
0.33382890509070584,0.16253101736972705,0.8451612903225807,0.27263267429760674,16120,0.18198033438321987,0.8180196656167802,71981,13500,480,2620,HeavyRandomForest,heavy
0.3316733354903416,0.16094986807387862,0.8461290322580645,0.27045419394751763,16297,0.18397850554859393,0.816021494451406,71807,13674,477,2623,HeavyRandomForest,heavy
0.3294345311660869,0.15969650986342943,0.8487096774193549,0.26881226053639845,16475,0.18598796581659724,0.8140120341834027,71637,13844,469,2631,HeavyRandomForest,heavy
0.3276466738178945,0.15805909200096085,0.8490322580645161,0.26650465775617654,16652,0.1879861369819713,0.8120138630180287,71461,14020,468,2632,HeavyRandomForest,heavy
0.3256516261231756,0.1568720660764157,0.8516129032258064,0.2649405389131416,16829,0.18998430814734538,0.8100156918526547,71292,14189,460,2640,HeavyRandomForest,heavy
0.3236229949528085,0.1556509467246854,0.8538709677419355,0.263304486223018,17006,0.19198247931271945,0.8080175206872806,71122,14359,453,2647,HeavyRandomForest,heavy
0.32195632250682804,0.15439678752255137,0.8558064516129033,0.2615983828822166,17183,0.19398065047809349,0.8060193495219066,70951,14530,447,2653,HeavyRandomForest,heavy
0.32016353615569754,0.15316820276497695,0.857741935483871,0.259921798631476,17360,0.19597882164346755,0.8040211783565324,70780,14701,441,2659,HeavyRandomForest,heavy
0.31834326528603685,0.15179335120031934,0.8587096774193549,0.25798323399718953,17537,0.19797699280884162,0.8020230071911584,70606,14875,438,2662,HeavyRandomForest,heavy
0.3165992204832267,0.15043748235958226,0.8596774193548387,0.25606533749699734,17715,0.19998645307684493,0.8000135469231551,70431,15050,435,2665,HeavyRandomForest,heavy
0.3147736132578955,0.14922870556673373,0.8612903225806452,0.25438262195121947,17892,0.201984624242219,0.798015375757781,70259,15222,430,2670,HeavyRandomForest,heavy
0.3128291792515618,0.1478222369804638,0.8616129032258064,0.2523501346308281,18069,0.20398279540759304,0.796017204592407,70083,15398,429,2671,HeavyRandomForest,heavy
0.3111754136375584,0.14660747561109283,0.8629032258064516,0.2506324369905369,18246,0.2059809665729671,0.794019033427033,69910,15571,425,2675,HeavyRandomForest,heavy
0.3094259020239999,0.14557889594528578,0.8651612903225806,0.24922176276541372,18423,0.20797913773834117,0.7920208622616588,69740,15741,418,2682,HeavyRandomForest,heavy
0.3075510710972873,0.1443010752688172,0.8658064516129033,0.2473732718894009,18600,0.20997730890371524,0.7900226910962848,69565,15916,416,2684,HeavyRandomForest,heavy
0.3059553331568016,0.14320711508760717,0.8674193548387097,0.24582895278146,18777,0.2119754800690893,0.7880245199309107,69393,16088,411,2689,HeavyRandomForest,heavy
0.30404480936678946,0.14191506198892112,0.867741935483871,0.24393561550668785,18955,0.21398494033709262,0.7860150596629074,69216,16265,410,2690,HeavyRandomForest,heavy
0.30243454615392973,0.14086347480660674,0.8693548387096774,0.24244332493702775,19132,0.21598311150246666,0.7840168884975334,69044,16437,405,2695,HeavyRandomForest,heavy
0.30048689440496396,0.13983116681340307,0.8709677419354839,0.24097460841626134,19309,0.21798128266784073,0.7820187173321593,68872,16609,400,2700,HeavyRandomForest,heavy
0.2989196872459767,0.1387662937493585,0.8722580645161291,0.23944036128575222,19486,0.2199794538332148,0.7800205461667852,68699,16782,396,2704,HeavyRandomForest,heavy
0.297231060079276,0.1376188780959162,0.8729032258064516,0.23775425031849934,19663,0.22197762499858886,0.7780223750014111,68524,16957,394,2706,HeavyRandomForest,heavy
0.2956677044098656,0.13659274193548387,0.8741935483870967,0.23626852659110725,19840,0.22397579616396293,0.7760242038360371,68351,17130,390,2710,HeavyRandomForest,heavy
0.29390609596638306,0.13548483788779536,0.8748387096774194,0.2346325215209586,20017,0.225973967329337,0.774026032670663,68176,17305,388,2712,HeavyRandomForest,heavy
0.29239097979971085,0.13464395364959889,0.8770967741935484,0.233450673993303,20194,0.22797213849471107,0.7720278615052889,68006,17475,381,2719,HeavyRandomForest,heavy
0.2909342721654001,0.13356567838209307,0.8777419354838709,0.23185071574642124,20372,0.22998159876271435,0.7700184012372857,67830,17651,379,2721,HeavyRandomForest,heavy
0.2892003524642594,0.13251253102340746,0.8783870967741936,0.2302845786291175,20549,0.23197976992808841,0.7680202300719116,67655,17826,377,2723,HeavyRandomForest,heavy
0.2877789469805118,0.13162211714754415,0.88,0.22899353647276086,20726,0.23397794109346248,0.7660220589065375,67483,17998,372,2728,HeavyRandomForest,heavy
0.28600304234598195,0.1306989427354925,0.8812903225806452,0.22763821189018038,20903,0.23597611225883655,0.7640238877411635,67310,18171,368,2732,HeavyRandomForest,heavy
0.2845280149824225,0.12969639468690702,0.8819354838709678,0.2261373035566584,21080,0.23797428342421062,0.7620257165757893,67135,18346,366,2734,HeavyRandomForest,heavy
0.2830960420546775,0.12880462906336737,0.8832258064516129,0.22482243297614649,21257,0.23997245458958466,0.7600275454104153,66962,18519,362,2738,HeavyRandomForest,heavy
0.2813889183719702,0.12792759167677523,0.8845161290322581,0.2235265346050379,21434,0.24197062575495873,0.7580293742450412,66789,18692,358,2742,HeavyRandomForest,heavy
0.2800536909118735,0.1271515824541921,0.8864516129032258,0.22240207186791838,21612,0.24398008602296203,0.7560199139770379,66617,18864,352,2748,HeavyRandomForest,heavy
0.2786370728763577,0.12630226260957364,0.8877419354838709,0.22114186990236653,21789,0.2459782571883361,0.7540217428116639,66444,19037,348,2752,HeavyRandomForest,heavy
0.2771243622237967,0.12551215514886643,0.8893548387096775,0.21997925476741403,21966,0.24797642835371017,0.7520235716462899,66272,19209,343,2757,HeavyRandomForest,heavy
0.275709102258822,0.12468951813214109,0.8906451612903226,0.21875371390088344,22143,0.24997459951908424,0.7500254004809157,66099,19382,339,2761,HeavyRandomForest,heavy
0.2742362447092017,0.12383512544802867,0.8916129032258064,0.21746656176239182,22320,0.2519727706844583,0.7480272293155417,65925,19556,336,2764,HeavyRandomForest,heavy
0.2728183519440569,0.12294972663021736,0.892258064516129,0.21611907645427197,22497,0.2539709418498324,0.7460290581501676,65750,19731,334,2766,HeavyRandomForest,heavy
0.27111114502294675,0.12221046132133721,0.8938709677419355,0.21502289128579188,22674,0.2559691130152064,0.7440308869847936,65578,19903,329,2771,HeavyRandomForest,heavy
0.2697025036369548,0.12130229301592858,0.8941935483870967,0.21362515413070285,22852,0.2579785732832097,0.7420214267167903,65401,20080,328,2772,HeavyRandomForest,heavy
0.26828628529811643,0.12045681531981414,0.8948387096774194,0.21233112633472387,23029,0.25997674444858376,0.7400232555514162,65226,20255,326,2774,HeavyRandomForest,heavy
0.2669346804196554,0.11971041971903817,0.8961290322580645,0.21120656884360983,23206,0.26197491561395786,0.7380250843860421,65053,20428,322,2778,HeavyRandomForest,heavy
0.2656561208115347,0.11893255784116666,0.8970967741935484,0.2100215232413246,23383,0.2639730867793319,0.736026913220668,64879,20602,319,2781,HeavyRandomForest,heavy
0.2642459776003086,0.1181239388794567,0.8977419354838709,0.20877719429857464,23560,0.265971257944706,0.734028742055294,64704,20777,317,2783,HeavyRandomForest,heavy
0.2628195106826016,0.11749589248852003,0.8996774193548387,0.20784737489287175,23737,0.26796942911008004,0.73203057088992,64533,20948,311,2789,HeavyRandomForest,heavy
0.2615142249117491,0.11670987705946308,0.9003225806451612,0.20663359739394388,23914,0.2699676002754541,0.7300323997245459,64358,21123,309,2791,HeavyRandomForest,heavy
0.26005060916305994,0.11597210692346006,0.9012903225806451,0.20550161812297732,24092,0.2719770605434574,0.7280229394565426,64183,21298,306,2794,HeavyRandomForest,heavy
0.25883365754786053,0.11533231694754625,0.9029032258064517,0.20453798092732653,24269,0.2739752317088315,0.7260247682911685,64011,21470,301,2799,HeavyRandomForest,heavy
0.25760425272831494,0.11453816575308844,0.9032258064516129,0.20329630436360996,24446,0.2759734028742055,0.7240265971257944,63835,21646,300,2800,HeavyRandomForest,heavy
0.25619143162436137,0.11375543191325184,0.9035483870967742,0.20207048299246114,24623,0.2779715740395796,0.7220284259604204,63659,21822,299,2801,HeavyRandomForest,heavy
0.2549352427331902,0.1130241935483871,0.9041935483870968,0.2009318996415771,24800,0.27996974520495366,0.7200302547950463,63484,21997,297,2803,HeavyRandomForest,heavy
0.2535507789828704,0.11230331905352925,0.9048387096774193,0.19980767175980343,24977,0.2819679163703277,0.7180320836296723,63309,22172,295,2805,HeavyRandomForest,heavy
0.2523383303579686,0.11159258964776973,0.905483870967742,0.19869752955333758,25154,0.2839660875357018,0.7160339124642983,63134,22347,293,2807,HeavyRandomForest,heavy
0.2510702254476488,0.11088741512711195,0.9061290322580645,0.19759425998874508,25332,0.2859755478037051,0.7140244521962948,62958,22523,291,2809,HeavyRandomForest,heavy
0.24974146615131748,0.11019640127013995,0.9067741935483871,0.19651158726274948,25509,0.28797371896907914,0.7120262810309208,62783,22698,289,2811,HeavyRandomForest,heavy
0.24843703069898931,0.1095538425601495,0.9077419354838709,0.19551170707983048,25686,0.28997189013445324,0.7100281098655468,62609,22872,286,2814,HeavyRandomForest,heavy
0.24714635667142687,0.10888141360244365,0.9083870967741936,0.19445499430307633,25863,0.2919700612998273,0.7080299387001727,62434,23047,284,2816,HeavyRandomForest,heavy
0.2458916561730407,0.10821812596006145,0.9090322580645162,0.19341111873713107,26040,0.2939682324652013,0.7060317675347987,62259,23222,282,2818,HeavyRandomForest,heavy
0.24457213638866715,0.10752565129496129,0.9093548387096774,0.19231162806562746,26217,0.2959664036305754,0.7040335963694246,62083,23398,281,2819,HeavyRandomForest,heavy
0.2430974605540219,0.1069561263923619,0.9106451612903226,0.19142876517257745,26394,0.29796457479594946,0.7020354252040506,61910,23571,277,2823,HeavyRandomForest,heavy
0.24200965279549683,0.10631491795875357,0.9112903225806451,0.19041520625505529,26572,0.29997403506395276,0.7000259649360472,61734,23747,275,2825,HeavyRandomForest,heavy
0.24089255150348252,0.10583573217690381,0.9132258064516129,0.1896880967536601,26749,0.30197220622932686,0.6980277937706731,61563,23918,269,2831,HeavyRandomForest,heavy
0.23955729714560936,0.10521429101983214,0.9138709677419354,0.18870312395923533,26926,0.3039703773947009,0.6960296226052991,61388,24093,267,2833,HeavyRandomForest,heavy
0.23829222338109096,0.10467475925174335,0.9151612903225806,0.18786213290070525,27103,0.30596854856007494,0.6940314514399251,61215,24266,263,2837,HeavyRandomForest,heavy
0.23710483162760373,0.10410557184750734,0.9161290322580645,0.18696510862409482,27280,0.30796671972544903,0.692033280274551,61041,24440,260,2840,HeavyRandomForest,heavy
0.23599238724789326,0.10354372291218997,0.9170967741935484,0.18607847629021174,27457,0.3099648908908231,0.690035109109177,60867,24614,257,2843,HeavyRandomForest,heavy
0.23506469567915972,0.10291669682275457,0.9174193548387096,0.18507190733389733,27634,0.31196306205619717,0.6880369379438028,60691,24790,256,2844,HeavyRandomForest,heavy
0.23386028223217803,0.10236588522939738,0.9183870967741935,0.18420031055900624,27812,0.3139725223242005,0.6860274776757995,60516,24965,253,2847,HeavyRandomForest,heavy
0.2328570092057267,0.10178998892422023,0.9190322580645162,0.18328025989899963,27989,0.3159706934895745,0.6840293065104255,60341,25140,251,2849,HeavyRandomForest,heavy
0.2318515976898743,0.10115032308457005,0.9190322580645162,0.18224269174182822,28166,0.31796886465494856,0.6820311353450514,60164,25317,251,2849,HeavyRandomForest,heavy
0.23083681831883784,0.10062449282009667,0.92,0.18140762649874376,28343,0.31996703582032265,0.6800329641796774,59990,25491,248,2852,HeavyRandomForest,heavy
0.22988619888239892,0.10010518934081346,0.9209677419354839,0.1805819101834282,28520,0.3219652069856967,0.6780347930143034,59816,25665,245,2855,HeavyRandomForest,heavy
0.22872242217322802,0.0995922918771997,0.9219354838709677,0.17976538667169858,28697,0.3239633781510708,0.6760366218489292,59642,25839,242,2858,HeavyRandomForest,heavy
0.22777873464591125,0.09901641615294036,0.922258064516129,0.1788328016513417,28874,0.32596154931644483,0.6740384506835552,59466,26015,241,2859,HeavyRandomForest,heavy
0.22678454866319248,0.09844416907613934,0.9225806451612903,0.17790495148046778,29052,0.32797100958444814,0.6720289904155519,59289,26192,240,2860,HeavyRandomForest,heavy
0.22588705628508796,0.0980533032262479,0.9245161290322581,0.1773021126542733,29229,0.3299691807498222,0.6700308192501778,59118,26363,234,2866,HeavyRandomForest,heavy
0.2248007316817973,0.09766714275998095,0.9264516129032258,0.17670583892204514,29406,0.3319673519151963,0.6680326480848038,58947,26534,228,2872,HeavyRandomForest,heavy
0.2238056822130414,0.09718419362471689,0.9274193548387096,0.17593244194229413,29583,0.3339655230805703,0.6660344769194297,58773,26708,225,2875,HeavyRandomForest,heavy
0.22281166353247636,0.09680779569892473,0.9293548387096774,0.17534996956786364,29760,0.3359636942459444,0.6640363057540556,58602,26879,219,2881,HeavyRandomForest,heavy
0.22190633382905028,0.09626883121221232,0.9296774193548387,0.17447104761328205,29937,0.33796186541131845,0.6620381345886815,58426,27055,218,2882,HeavyRandomForest,heavy
0.220771214711179,0.09576940957694095,0.9303225806451613,0.17366170891792618,30114,0.3399600365766925,0.6600399634233075,58251,27230,216,2884,HeavyRandomForest,heavy
0.21970006899012218,0.09527582450232742,0.9309677419354838,0.1728609505555389,30291,0.3419582077420666,0.6580417922579334,58076,27405,214,2886,HeavyRandomForest,heavy
0.21872268375553958,0.09485050379073813,0.932258064516129,0.17218266853346836,30469,0.3439676680100699,0.6560323319899302,57902,27579,210,2890,HeavyRandomForest,heavy
0.21778080005667172,0.09440057430007179,0.9332258064516129,0.1714573579090855,30646,0.34596583917544393,0.6540341608245561,57728,27753,207,2893,HeavyRandomForest,heavy
0.21680801713701509,0.09398825552347273,0.9345161290322581,0.1707985732393951,30823,0.34796401034081803,0.652035989659182,57555,27926,203,2897,HeavyRandomForest,heavy
0.2159420516354167,0.0934516129032258,0.9345161290322581,0.16991202346041054,31000,0.34996218150619207,0.6500378184938079,57378,28103,203,2897,HeavyRandomForest,heavy
0.2149954294348186,0.09295313853160984,0.9348387096774193,0.1690929777985238,31177,0.3519603526715661,0.6480396473284339,57202,28279,202,2898,HeavyRandomForest,heavy
0.21393814203075417,0.09252407986221854,0.9358064516129032,0.16839844430254836,31354,0.3539585238369402,0.6460414761630597,57028,28453,199,2901,HeavyRandomForest,heavy
0.21289277827989628,0.09203640861374521,0.9361290322580645,0.16759550691576913,31531,0.35595669500231425,0.6440433049976857,56852,28629,198,2902,HeavyRandomForest,heavy
0.2119485531348843,0.09155129458513356,0.9364516129032258,0.16679594357781033,31709,0.35796615527031755,0.6420338447296825,56675,28806,197,2903,HeavyRandomForest,heavy
0.21113883159533298,0.09107445273787869,0.9367741935483871,0.16600926084719603,31886,0.35996432643569165,0.6400356735643083,56499,28982,196,2904,HeavyRandomForest,heavy
0.2101603793355801,0.09063406418613355,0.9374193548387096,0.16528737593493162,32063,0.3619624976010657,0.6380375023989343,56324,29157,194,2906,HeavyRandomForest,heavy
0.2092841694890841,0.09016749379652605,0.937741935483871,0.16451612903225807,32240,0.36396066876643973,0.6360393312335603,56148,29333,193,2907,HeavyRandomForest,heavy
0.20833074271483626,0.08973686645895672,0.9383870967741935,0.163808880254526,32417,0.36595883993181383,0.6340411600681861,55973,29508,191,2909,HeavyRandomForest,heavy
0.20737207141720074,0.08934159661287354,0.9393548387096774,0.16316467753684094,32594,0.36795701109718787,0.6320429889028121,55799,29682,188,2912,HeavyRandomForest,heavy
0.2065108203998166,0.08888956699520918,0.9396774193548387,0.16241532156895544,32771,0.36995518226256197,0.630044817737438,55623,29858,187,2913,HeavyRandomForest,heavy
0.20557109540394458,0.08843970985462381,0.94,0.1616688396349413,32949,0.37196464253056527,0.6280353574694347,55446,30035,186,2914,HeavyRandomForest,heavy
0.2047207032664425,0.08799734347642335,0.9403225806451613,0.1609341357036383,33126,0.3739628136959393,0.6260371863040607,55270,30211,185,2915,HeavyRandomForest,heavy
0.2037658745037214,0.08758970663303606,0.9409677419354838,0.16026151690794715,33303,0.37596098486131335,0.6240390151386866,55095,30386,183,2917,HeavyRandomForest,heavy
0.2029074957817559,0.08721624850657109,0.9419354838709677,0.15965008201202843,33480,0.37795915602668745,0.6220408439733125,54921,30560,180,2920,HeavyRandomForest,heavy
0.2021203656604608,0.08675758386071249,0.9419354838709677,0.15888130152079877,33657,0.3799573271920615,0.6200426728079385,54744,30737,180,2920,HeavyRandomForest,heavy
0.20132740268656785,0.08636283028905835,0.9425806451612904,0.1582281908268804,33834,0.3819554983574356,0.6180445016425644,54569,30912,178,2922,HeavyRandomForest,heavy
0.20044685410797092,0.08594278321719444,0.9429032258064516,0.1575274177467597,34011,0.3839536695228096,0.6160463304771904,54393,31088,177,2923,HeavyRandomForest,heavy
0.19958463650539135,0.08549533475679312,0.9429032258064516,0.15677545656896136,34189,0.38596312979081293,0.6140368702091871,54215,31266,177,2923,HeavyRandomForest,heavy
0.19876264968876503,0.08505499621719141,0.9429032258064516,0.15603480488976673,34366,0.38796130095618697,0.612038699043813,54038,31443,177,2923,HeavyRandomForest,heavy
0.19799088221950428,0.08464811973482327,0.9432258064516129,0.1553542491299843,34543,0.38995947212156107,0.6100405278784389,53862,31619,176,2924,HeavyRandomForest,heavy
0.19711279259964865,0.08424539170506913,0.9435483870967742,0.1546800634584876,34720,0.3919576432869351,0.6080423567130648,53686,31795,175,2925,HeavyRandomForest,heavy
0.19628456444761805,0.08384674900421239,0.9438709677419355,0.15401215885464642,34897,0.3939558144523092,0.6060441855476908,53510,31971,174,2926,HeavyRandomForest,heavy
0.1953641205641465,0.08350915207846268,0.9448387096774193,0.15345523130926808,35074,0.39595398561768325,0.6040460143823168,53336,32145,171,2929,HeavyRandomForest,heavy
0.1945172310204038,0.08314657740205951,0.9454838709677419,0.15285129462073999,35251,0.39795215678305734,0.6020478432169427,53161,32320,169,2931,HeavyRandomForest,heavy
0.19373500510898023,0.08281351435264896,0.9464516129032258,0.15230086428404574,35429,0.3999616170510606,0.6000383829489394,52986,32495,166,2934,HeavyRandomForest,heavy
0.19286505384017677,0.08242992754030219,0.9467741935483871,0.15165607399369607,35606,0.4019597882164347,0.5980402117835653,52810,32671,165,2935,HeavyRandomForest,heavy
0.19206169891778388,0.08205013553922254,0.9470967741935484,0.15101715402618113,35783,0.40395795938180873,0.5960420406181912,52634,32847,164,2936,HeavyRandomForest,heavy
0.1912194751242805,0.08170189098998888,0.947741935483871,0.1504352278545827,35960,0.4059561305471828,0.5940438694528172,52459,33022,162,2938,HeavyRandomForest,heavy
0.1904307958202408,0.08135705786313197,0.9483870967741935,0.1498585518770548,36137,0.40795430171255687,0.5920456982874431,52284,33197,160,2940,HeavyRandomForest,heavy
0.18958281377316868,0.08101558627526574,0.9490322580645161,0.14928705536103923,36314,0.4099524728779309,0.5900475271220691,52109,33372,158,2942,HeavyRandomForest,heavy
0.18867298659580095,0.08065002329341482,0.9493548387096774,0.1486701523073426,36491,0.411950644043305,0.588049355956695,51933,33548,157,2943,HeavyRandomForest,heavy
0.18787935130271574,0.08025852900269982,0.9493548387096774,0.1480047273001584,36669,0.4139601043113083,0.5860398956886916,51755,33726,157,2943,HeavyRandomForest,heavy
0.18702729893648629,0.07992726483200348,0.95,0.14744905622590498,36846,0.41595827547668235,0.5840417245233176,51580,33901,155,2945,HeavyRandomForest,heavy
0.18614223272927394,0.0795991680847041,0.9506451612903226,0.14689828776512223,37023,0.41795644664205645,0.5820435533579436,51405,34076,153,2947,HeavyRandomForest,heavy
0.18533141119556998,0.079247311827957,0.9509677419354838,0.14630272952853599,37200,0.4199546178074305,0.5800453821925695,51229,34252,152,2948,HeavyRandomForest,heavy
0.18460320974937083,0.07889878802472108,0.9512903225806452,0.14571237987004967,37377,0.4219527889728045,0.5780472110271955,51053,34428,151,2949,HeavyRandomForest,heavy
0.18381021250880963,0.07852692123342386,0.9512903225806452,0.14507797510700055,37554,0.4239509601381786,0.5760490398618214,50876,34605,151,2949,HeavyRandomForest,heavy
0.1829504605198538,0.07815854337282341,0.9512903225806452,0.144449070559134,37731,0.42594913130355266,0.5740508686964474,50699,34782,151,2949,HeavyRandomForest,heavy
0.18214551432749834,0.07784431137724551,0.9519354838709677,0.14391962739886366,37909,0.42795859157155597,0.572041408428444,50523,34958,149,2951,HeavyRandomForest,heavy
0.1814180456982365,0.07750879588300162,0.952258064516129,0.14334968193075318,38086,0.42995676273693006,0.5700432372630699,50347,35134,148,2952,HeavyRandomForest,heavy
0.18061186626402098,0.07720251940516948,0.9529032258064516,0.14283296666102555,38263,0.4319549339023041,0.5680450660976959,50172,35309,146,2954,HeavyRandomForest,heavy
0.17982320523132156,0.07684703433922997,0.9529032258064516,0.1422243620606644,38440,0.43395310506767815,0.5660468949323219,49995,35486,146,2954,HeavyRandomForest,heavy
0.1790810093699932,0.07652070331719191,0.9532258064516129,0.1416688640122732,38617,0.43595127623305224,0.5640487237669478,49819,35662,145,2955,HeavyRandomForest,heavy
0.17847186837129128,0.07617157292364798,0.9532258064516129,0.14107032033226716,38794,0.4379494473984263,0.5620505526015738,49642,35839,145,2955,HeavyRandomForest,heavy
0.17774935293524904,0.07585127402427445,0.9535483870967741,0.1405243516911887,38971,0.4399476185638004,0.5600523814361996,49466,36015,144,2956,HeavyRandomForest,heavy
0.17698896433621358,0.07558302894071368,0.954516129032258,0.14007432128571093,39149,0.4419570788318037,0.5580429211681963,49291,36190,141,2959,HeavyRandomForest,heavy
0.17615732059251518,0.07526827035549001,0.9548387096774194,0.13953707632112383,39326,0.4439552499971777,0.5560447500028223,49115,36366,140,2960,HeavyRandomForest,heavy
0.17525259159744705,0.07495633243044832,0.9551612903225807,0.13900429547214982,39503,0.44595342116255177,0.5540465788374482,48939,36542,139,2961,HeavyRandomForest,heavy
0.17439959526886392,0.07464717741935484,0.9554838709677419,0.13847592332865824,39680,0.44795159232792586,0.5520484076720742,48763,36718,138,2962,HeavyRandomForest,heavy
0.1736702642043272,0.07434076824648117,0.9558064516129032,0.13795190539376584,39857,0.4499497634932999,0.5500502365067002,48587,36894,137,2963,HeavyRandomForest,heavy
0.17302791633653467,0.07401208972373483,0.9558064516129032,0.13738582093012472,40034,0.451947934658674,0.548052065341326,48410,37071,137,2963,HeavyRandomForest,heavy
0.17231682950238947,0.07371117355947378,0.9561290322580646,0.13687054097111587,40211,0.45394610582404804,0.546053894175952,48234,37247,136,2964,HeavyRandomForest,heavy
0.17161479148893785,0.0734624145785877,0.9570967741935484,0.13645143487858719,40388,0.45594427698942214,0.5440557230105778,48060,37421,133,2967,HeavyRandomForest,heavy
0.17089049469311834,0.07314006803727259,0.9570967741935484,0.13589520450693904,40566,0.4579537372574254,0.5420462627425746,47882,37599,133,2967,HeavyRandomForest,heavy
0.1701304000480385,0.0728959575878065,0.9580645161290322,0.13548342950984194,40743,0.4599519084227995,0.5400480915772006,47708,37773,130,2970,HeavyRandomForest,heavy
0.16934361582255325,0.07265395894428152,0.9590322580645161,0.1350749659245797,40920,0.4619500795881735,0.5380499204118265,47534,37947,127,2973,HeavyRandomForest,heavy
0.16862632908320654,0.07234104679173663,0.9590322580645161,0.134534018146028,41097,0.4639482507535476,0.5360517492464524,47357,38124,127,2973,HeavyRandomForest,heavy
0.1677286535761762,0.07205504676067258,0.9593548387096774,0.1340424572948123,41274,0.46594642191892166,0.5340535780810783,47181,38300,126,2974,HeavyRandomForest,heavy
0.16702012960416493,0.0717714892282454,0.9596774193548387,0.13355480236133868,41451,0.46794459308429576,0.5320554069157042,47005,38476,125,2975,HeavyRandomForest,heavy
0.16646517780333878,0.07149034303833958,0.96,0.13307100697549634,41628,0.4699427642496698,0.5300572357503301,46829,38652,124,2976,HeavyRandomForest,heavy
0.1658012373828182,0.07125771420370282,0.9609677419354838,0.13267714781989046,41806,0.4719522245176731,0.528047775482327,46654,38827,121,2979,HeavyRandomForest,heavy
0.16507069600535942,0.07098111140223423,0.9612903225806452,0.13220060776789477,41983,0.47395039568304714,0.5260496043169529,46478,39003,120,2980,HeavyRandomForest,heavy
0.16432494318638957,0.0707068311195446,0.9616129032258065,0.13172779496243925,42160,0.47594856684842124,0.5240514331515788,46302,39179,119,2981,HeavyRandomForest,heavy
0.1636829372892711,0.07043484422609066,0.9619354838709677,0.1312586658450162,42337,0.4779467380137953,0.5220532619862047,46126,39355,118,2982,HeavyRandomForest,heavy
0.16299016940067126,0.07014160041398128,0.9619354838709677,0.13074933134563949,42514,0.4799449091791693,0.5200550908208307,45949,39532,118,2982,HeavyRandomForest,heavy
0.16232415729065175,0.06985078822234195,0.9619354838709677,0.13024393439758905,42691,0.4819430803445434,0.5180569196554565,45772,39709,118,2982,HeavyRandomForest,heavy
0.16166450975045563,0.06963235980218345,0.9629032258064516,0.12987295509919944,42868,0.48394125150991746,0.5160587484900825,45598,39883,115,2985,HeavyRandomForest,heavy
0.1609684567488098,0.0694141151326488,0.9638709677419355,0.12950201534260825,43046,0.48595071177792076,0.5140492882220793,45423,40058,112,2988,HeavyRandomForest,heavy
0.160321256602947,0.06917613307729681,0.964516129032258,0.12909353884679317,43223,0.48794888294329486,0.5120511170567051,45248,40233,110,2990,HeavyRandomForest,heavy
0.15964959109455773,0.06891705069124424,0.9648387096774194,0.12864516129032255,43400,0.4899470541086689,0.5100529458913311,45072,40409,109,2991,HeavyRandomForest,heavy
0.15900041906475867,0.06863712508892306,0.9648387096774194,0.12815733658975512,43577,0.49194522527404294,0.5080547747259571,44895,40586,109,2991,HeavyRandomForest,heavy
0.15825684757401198,0.06835946427755177,0.9648387096774194,0.12767319759252144,43754,0.49394339643941704,0.5060566035605829,44718,40763,109,2991,HeavyRandomForest,heavy
0.15748482247320658,0.06808404088229268,0.9648387096774194,0.12719270268546276,43931,0.4959415676047911,0.5040584323952089,44541,40940,109,2991,HeavyRandomForest,heavy
0.1567412501585706,0.06783349959191076,0.9651612903225807,0.12675817658024063,44108,0.4979397387701652,0.5020602612298348,44365,41116,108,2992,HeavyRandomForest,heavy
0.15610625425105157,0.06760601544506165,0.9658064516129032,0.1263664373443633,44286,0.4999491990381685,0.5000508009618315,44189,41292,106,2994,HeavyRandomForest,heavy
0.15550087192345535,0.06738186807008074,0.9664516129032258,0.12598027878813364,44463,0.5019473702035425,0.4980526297964575,44014,41467,104,2996,HeavyRandomForest,heavy
0.15480743089935284,0.06713709677419355,0.9667741935483871,0.12555509007121912,44640,0.5039455413689166,0.49605445863108344,43838,41643,103,2997,HeavyRandomForest,heavy
0.15409361254077167,0.06687194591338108,0.9667741935483871,0.12509130371266983,44817,0.5059437125342906,0.4940562874657094,43661,41820,103,2997,HeavyRandomForest,heavy
0.15336732422423527,0.06667555674089878,0.967741935483871,0.12475568678005572,44994,0.5079418836996648,0.49205811630033525,43487,41994,100,3000,HeavyRandomForest,heavy
0.15264092458391035,0.06645856855061875,0.9683870967741935,0.12438109838205133,45171,0.5099400548650388,0.4900599451349612,43312,42169,98,3002,HeavyRandomForest,heavy
0.15190544621173457,0.066221222545647,0.9687096774193549,0.12396796565389698,45348,0.5119382260304128,0.48806177396958716,43136,42345,97,3003,HeavyRandomForest,heavy
0.15125915874794008,0.065984272723279,0.9690322580645161,0.12355529963394069,45526,0.5139476862984161,0.48605231370158386,42959,42522,96,3004,HeavyRandomForest,heavy
0.15051755212738263,0.06575060718114785,0.9693548387096774,0.12314816712087372,45703,0.5159458574637902,0.4840541425362098,42783,42698,95,3005,HeavyRandomForest,heavy
0.14992729146113842,0.06551874455100262,0.9696774193548388,0.12274397713352389,45880,0.5179440286291642,0.4820559713708358,42607,42874,94,3006,HeavyRandomForest,heavy
0.14930075331227244,0.06528866404672472,0.97,0.1223426978863641,46057,0.5199421997945384,0.4800578002054616,42431,43050,93,3007,HeavyRandomForest,heavy
0.1487274341055405,0.0650603452005018,0.9703225806451613,0.12194429805002638,46234,0.5219403709599124,0.4780596290400876,42255,43226,92,3008,HeavyRandomForest,heavy
0.14804671580780188,0.06481222124065415,0.9703225806451613,0.12150835167942477,46411,0.5239385421252865,0.47606145787471355,42078,43403,92,3008,HeavyRandomForest,heavy
0.14737926752359692,0.06458744741135056,0.9706451612903226,0.12111576235710834,46588,0.5259367132906605,0.4740632867093395,41902,43579,91,3009,HeavyRandomForest,heavy
0.1467517817462589,0.06436299875978274,0.9709677419354839,0.12072353908474712,46766,0.5279461735586638,0.4720538264413362,41725,43756,90,3010,HeavyRandomForest,heavy
0.1461070122799972,0.06416292098928487,0.9716129032258064,0.12037647623044181,46943,0.5299443447240378,0.47005565527596216,41550,43931,88,3012,HeavyRandomForest,heavy
0.1455051284648783,0.06394312393887945,0.9719354838709677,0.11999203504579847,47120,0.531942515889412,0.468057484110588,41374,44107,87,3013,HeavyRandomForest,heavy
0.14490936370099358,0.0637249719855382,0.9722580645161291,0.11961029426354743,47297,0.533940687054786,0.46605931294521397,41198,44283,86,3014,HeavyRandomForest,heavy
0.14430032810403795,0.06355057505160719,0.9732258064516129,0.11931031755447463,47474,0.5359388582201601,0.4640611417798399,41024,44457,83,3017,HeavyRandomForest,heavy
0.1436682075818307,0.0633355018782397,0.9735483870967742,0.11893361707158481,47651,0.5379370293855341,0.4620629706144659,40848,44633,82,3018,HeavyRandomForest,heavy
0.14301745878551234,0.06318474533745923,0.9748387096774194,0.11867734841344643,47828,0.5399352005509082,0.46006479944909184,40675,44806,78,3022,HeavyRandomForest,heavy
0.1424002743987027,0.06297129525475982,0.9751612903225807,0.11830313466129222,48006,0.5419446608189115,0.45805533918108854,40498,44983,77,3023,HeavyRandomForest,heavy
0.14176071371887275,0.06276072473694042,0.9754838709677419,0.11793381822436284,48183,0.5439428319842856,0.4560571680157144,40322,45159,76,3024,HeavyRandomForest,heavy
0.14112597690665654,0.06261373035566584,0.9767741935483871,0.11768363777691411,48360,0.5459410031496597,0.45405899685034035,40149,45332,72,3028,HeavyRandomForest,heavy
0.14050101131637516,0.06238539670766632,0.9767741935483871,0.11728024478571566,48537,0.5479391743150337,0.4520608256849663,39972,45509,72,3028,HeavyRandomForest,heavy
0.13987961015315672,0.06215872233854744,0.9767741935483871,0.11687960782800016,48714,0.5499373454804077,0.45006265451959226,39795,45686,72,3028,HeavyRandomForest,heavy
0.13911288199024316,0.0619336892270561,0.9767741935483871,0.11648169875555384,48891,0.5519355166457818,0.4480644833542182,39618,45863,72,3028,HeavyRandomForest,heavy
0.13837308819388977,0.061730659492948564,0.9770967741935483,0.11612482748044779,49068,0.5539336878111559,0.44606631218884407,39442,46039,71,3029,HeavyRandomForest,heavy
0.13769286994460345,0.06156970250786882,0.9780645161290322,0.11584678574840004,49245,0.55593185897653,0.44406814102347003,39268,46213,68,3032,HeavyRandomForest,heavy
0.13701462732933295,0.061368188899904905,0.9783870967741936,0.11549226053348059,49423,0.5579413192445333,0.4420586807554667,39091,46390,67,3033,HeavyRandomForest,heavy
0.1363748620936857,0.06116935483870968,0.9787096774193549,0.11514231499051232,49600,0.5599394904099073,0.4400605095900927,38915,46566,66,3034,HeavyRandomForest,heavy
0.13580870153096883,0.06097193482933885,0.9790322580645161,0.11479471225674678,49777,0.5619376615752814,0.43806233842471864,38739,46742,65,3035,HeavyRandomForest,heavy
0.13527470817227852,0.06075589542378989,0.9790322580645161,0.114411731443435,49954,0.5639358327406554,0.4360641672593446,38562,46919,65,3035,HeavyRandomForest,heavy
0.13459139724274619,0.06056132931718897,0.9793548387096774,0.11406886964362871,50131,0.5659340039060295,0.43406599609397045,38386,47095,64,3036,HeavyRandomForest,heavy
0.1339242492374238,0.06034825475073547,0.9793548387096774,0.11369083283403235,50308,0.5679321750714036,0.4320678249285964,38209,47272,64,3036,HeavyRandomForest,heavy
0.13338658986254293,0.06013667425968109,0.9793548387096774,0.11331529345899038,50485,0.5699303462367776,0.43006965376322237,38032,47449,64,3036,HeavyRandomForest,heavy
0.13268009262718183,0.059945127607918994,0.9796774193548388,0.1129773264140766,50663,0.5719398065047809,0.42806019349521907,37855,47626,63,3037,HeavyRandomForest,heavy
0.13208402494378346,0.05975609756097561,0.98,0.11264367816091952,50840,0.573937977670155,0.426062022329845,37679,47802,62,3038,HeavyRandomForest,heavy
0.13142587781643955,0.059568379167728405,0.9803225806451613,0.11231221242862685,51017,0.575936148835529,0.424063851164471,37503,47978,61,3039,HeavyRandomForest,heavy
0.1307859145167119,0.059362425284213,0.9803225806451613,0.11194607138910377,51194,0.5779343200009032,0.42206567999909683,37326,48155,61,3039,HeavyRandomForest,heavy
0.130291075515419,0.05917735687450118,0.9806451612903225,0.11161902663802757,51371,0.5799324911662772,0.4200675088337228,37150,48331,60,3040,HeavyRandomForest,heavy
0.1296834147347616,0.058993559400946693,0.9809677419354839,0.1112941004245352,51548,0.5819306623316512,0.41806933766834875,36974,48507,59,3041,HeavyRandomForest,heavy
0.12904160671337303,0.05881101981633639,0.9812903225806452,0.11097127222982216,51725,0.5839288334970253,0.4160711665029747,36798,48683,58,3042,HeavyRandomForest,heavy
0.12844984716691568,0.0586285956495771,0.9816129032258064,0.11064851008126832,51903,0.5859382937650286,0.4140617062349714,36621,48860,57,3043,HeavyRandomForest,heavy
0.12784979269084265,0.058448540706605226,0.9819354838709677,0.11032982964842333,52080,0.5879364649304026,0.41206353506959736,36445,49036,56,3044,HeavyRandomForest,heavy
0.12721925210792173,0.058269705494000804,0.9822580645161291,0.1100131871308055,52257,0.5899346360957768,0.4100653639042232,36269,49212,55,3045,HeavyRandomForest,heavy
0.12661676256342294,0.05807300606476713,0.9822580645161291,0.10966254906903879,52434,0.5919328072611508,0.40806719273884917,36092,49389,55,3045,HeavyRandomForest,heavy
0.126100820048973,0.057877630153389974,0.9822580645161291,0.10931413903896896,52611,0.5939309784265249,0.40606902157347513,35915,49566,55,3045,HeavyRandomForest,heavy
0.1255162022066242,0.05768356444646511,0.9822580645161291,0.10896793587174348,52788,0.5959291495918989,0.4040708504081011,35738,49743,55,3045,HeavyRandomForest,heavy
0.12490976577791746,0.057509676201264986,0.9825806451612903,0.10865959154552753,52965,0.597927320757273,0.40207267924272705,35562,49919,54,3046,HeavyRandomForest,heavy
0.1241967650283172,0.05735468453041793,0.983225806451613,0.1083868214711164,53143,0.5999367810252763,0.40006321897472374,35386,50095,52,3048,HeavyRandomForest,heavy
0.12355010087032665,0.05716429107276819,0.983225806451613,0.10804679191775966,53320,0.6019349521906504,0.3980650478093496,35209,50272,52,3048,HeavyRandomForest,heavy
0.12290458231112576,0.05697515748546648,0.983225806451613,0.1077088891637366,53497,0.6039331233560244,0.39606687664397555,35032,50449,52,3048,HeavyRandomForest,heavy
0.12231914626802064,0.05678727130454224,0.983225806451613,0.10737309331736358,53674,0.6059312945213985,0.3940687054786015,34855,50626,52,3048,HeavyRandomForest,heavy
0.12169186040740317,0.05663775974448014,0.9838709677419355,0.107109620551,53851,0.6079294656867725,0.39207053431322747,34680,50801,50,3050,HeavyRandomForest,heavy
0.1210511193422119,0.0564707188865033,0.9841935483870968,0.10681277132054334,54028,0.6099276368521466,0.39007236314785343,34504,50977,49,3051,HeavyRandomForest,heavy
0.12043035632708819,0.05628632045014297,0.9841935483870968,0.10648285489922345,54205,0.6119258080175207,0.3880741919824793,34327,51154,49,3051,HeavyRandomForest,heavy
0.1198856797713745,0.05610209072688156,0.9841935483870968,0.10615312353217474,54383,0.613935268285524,0.386064731714476,34149,51332,49,3051,HeavyRandomForest,heavy
0.11930168142946054,0.05592008797653959,0.9841935483870968,0.10582726326742976,54560,0.6159334394508981,0.38406656054910193,33972,51509,49,3051,HeavyRandomForest,heavy
0.11864279516169039,0.05575753146865922,0.984516129032258,0.10553797741929904,54737,0.6179316106162721,0.3820683893837279,33796,51685,48,3052,HeavyRandomForest,heavy
0.11806892578461008,0.05557781257967003,0.984516129032258,0.10521598234908815,54914,0.6199297817816461,0.38007021821835385,33619,51862,48,3052,HeavyRandomForest,heavy
0.11747621308975506,0.055417400301319635,0.9848387096774194,0.10493031568455603,55091,0.6219279529470202,0.3780720470529798,33443,52038,47,3053,HeavyRandomForest,heavy
0.11696232864088078,0.05523992183542013,0.9848387096774194,0.10461211622807018,55268,0.6239261241123943,0.37607387588760566,33266,52215,47,3053,HeavyRandomForest,heavy
0.11639794784698085,0.055081612408693297,0.9851612903225806,0.1043300025621317,55445,0.6259242952777684,0.3740757047222316,33090,52391,46,3054,HeavyRandomForest,heavy
0.11578644472252964,0.05492332308577387,0.9854838709677419,0.10404781772048431,55623,0.6279337555457717,0.3720662444542283,32913,52568,45,3055,HeavyRandomForest,heavy
0.11529494567546389,0.05474910394265233,0.9854838709677419,0.10373514431239389,55800,0.6299319267111457,0.37006807328885427,32736,52745,45,3055,HeavyRandomForest,heavy
0.11475627007403809,0.054611715526019615,0.9861290322580645,0.10349205274472299,55977,0.6319300978765198,0.36806990212348023,32561,52920,43,3057,HeavyRandomForest,heavy
0.11421382163355269,0.05445738504826014,0.9864516129032258,0.1032166604786175,56154,0.6339282690418938,0.3660717309581062,32385,53096,42,3058,HeavyRandomForest,heavy
0.11362346766491692,0.054286272212458506,0.9864516129032258,0.10290925611213003,56331,0.635926440207268,0.36407355979273204,32208,53273,42,3058,HeavyRandomForest,heavy
0.1130995745005924,0.05413392793940681,0.9867741935483871,0.10263722990202656,56508,0.637924611372642,0.362075388627358,32032,53449,41,3059,HeavyRandomForest,heavy
0.11250084663448684,0.05398253506218576,0.9870967741935484,0.10236681441833234,56685,0.639922782538016,0.36007721746198396,31856,53625,40,3060,HeavyRandomForest,heavy
0.11185939882348239,0.05381355187028472,0.9870967741935484,0.10206293881226756,56863,0.6419322428060193,0.35806775719398065,31678,53803,40,3060,HeavyRandomForest,heavy
0.1113057839986611,0.05364656381486676,0.9870967741935484,0.10176255404057201,57040,0.6439304139713934,0.3560695860286066,31501,53980,40,3060,HeavyRandomForest,heavy
0.1107042383039875,0.05351556355628572,0.987741935483871,0.10153024852031767,57217,0.6459285851367674,0.35407141486323257,31326,54155,38,3062,HeavyRandomForest,heavy
0.1101506894029854,0.05336794786911524,0.9880645161290322,0.10126624128012697,57394,0.6479267563021416,0.3520732436978584,31150,54331,37,3063,HeavyRandomForest,heavy
0.10961934225898552,0.05322123986034635,0.9883870967741936,0.10100377445567074,57571,0.6499249274675156,0.3500750725324844,30974,54507,36,3064,HeavyRandomForest,heavy
0.10902265500601818,0.05305811456673824,0.9883870967741936,0.10070996581646069,57748,0.6519230986328897,0.34807690136711034,30797,54684,36,3064,HeavyRandomForest,heavy
0.10837004775087636,0.05289598618903755,0.9883870967741936,0.10041786153215894,57925,0.6539212697982637,0.3460787302017363,30620,54861,36,3064,HeavyRandomForest,heavy
0.10785592922890852,0.0527511488219197,0.9887096774193549,0.10015848896295934,58103,0.655930730066267,0.344069269933733,30443,55038,35,3065,HeavyRandomForest,heavy
0.10731255957319241,0.052590940288263555,0.9887096774193549,0.09986966438579341,58280,0.657928901231641,0.34207109876835895,30266,55215,35,3065,HeavyRandomForest,heavy
0.10679517862451145,0.05244880852592504,0.9890322580645161,0.09961499098396608,58457,0.6599270723970152,0.3400729276029848,30090,55391,34,3066,HeavyRandomForest,heavy
0.1062160700766968,0.05229047992632261,0.9890322580645161,0.09932938089221498,58634,0.6619252435623892,0.33807475643761076,29913,55568,34,3066,HeavyRandomForest,heavy
0.10561402989948263,0.052150107972998246,0.9893548387096774,0.09907770832323819,58811,0.6639234147277633,0.3360765852722367,29737,55744,33,3067,HeavyRandomForest,heavy
0.10505227646680461,0.05199362582220113,0.9893548387096774,0.09879525834299706,58988,0.6659215858931373,0.3340784141068627,29560,55921,33,3067,HeavyRandomForest,heavy
0.10453018975163127,0.05183807994591397,0.9893548387096774,0.09851441419738213,59165,0.6679197570585114,0.33208024294148863,29383,56098,33,3067,HeavyRandomForest,heavy
0.10394559417898919,0.05168346196622965,0.9893548387096774,0.09823516223054994,59342,0.6699179282238855,0.3300820717761145,29206,56275,33,3067,HeavyRandomForest,heavy
0.10340094573330665,0.051528897849462366,0.9893548387096774,0.09795592462472053,59520,0.6719273884918888,0.3280726115081112,29028,56453,33,3067,HeavyRandomForest,heavy
0.10281957528937688,0.051392867313265325,0.9896774193548387,0.09771167412456008,59697,0.6739255596572629,0.32607444034273714,28852,56629,32,3068,HeavyRandomForest,heavy
0.10224998444432608,0.05124093930587567,0.9896774193548387,0.0974370375075428,59874,0.6759237308226369,0.3240762691773631,28675,56806,32,3068,HeavyRandomForest,heavy
0.10168071855694409,0.051089906912457746,0.9896774193548387,0.09716394039682665,60051,0.6779219019880109,0.32207809801198906,28498,56983,32,3068,HeavyRandomForest,heavy
0.10116007330093005,0.050939762236833365,0.9896774193548387,0.09689236988377968,60228,0.679920073153385,0.320079926846615,28321,57160,32,3068,HeavyRandomForest,heavy
0.10059718486367097,0.050807052396324805,0.99,0.09665380678686716,60405,0.6819182443187591,0.31808175568124086,28145,57336,31,3069,HeavyRandomForest,heavy
0.10001839541817888,0.050675118021854676,0.9903225806451613,0.09641656983134952,60582,0.6839164154841332,0.3160835845158668,27969,57512,30,3070,HeavyRandomForest,heavy
0.0994776923562574,0.050526662277814355,0.9903225806451613,0.0961478233636079,60760,0.6859258757521365,0.3140741242478635,27791,57690,30,3070,HeavyRandomForest,heavy
0.09890291463447293,0.050379900553030176,0.9903225806451613,0.09588206817933381,60937,0.6879240469175105,0.3120759530824895,27614,57867,30,3070,HeavyRandomForest,heavy
0.0983954105987767,0.05023398893870472,0.9903225806451613,0.09561777805462983,61114,0.6899222180828846,0.31007778191711544,27437,58044,30,3070,HeavyRandomForest,heavy
0.09789026913196765,0.05008892006983081,0.9903225806451613,0.09535494090789087,61291,0.6919203892482586,0.3080796107517414,27260,58221,30,3070,HeavyRandomForest,heavy
0.09735507293050076,0.049960955293811414,0.9906451612903225,0.09512451988601164,61468,0.6939185604136328,0.30608143958636724,27084,58397,29,3071,HeavyRandomForest,heavy
0.09679065225693928,0.04983372536296537,0.9909677419354839,0.0948953587149587,61645,0.6959167315790068,0.3040832684209932,26908,58573,28,3072,HeavyRandomForest,heavy
0.09623781972654072,0.049691048494063604,0.9909677419354839,0.0946366408921475,61822,0.6979149027443808,0.30208509725561916,26731,58750,28,3072,HeavyRandomForest,heavy
0.09574329398497902,0.04954838709677419,0.9909677419354839,0.0943778801843318,62000,0.6999243630123841,0.30007563698761586,26553,58928,28,3072,HeavyRandomForest,heavy
0.0952361324760478,0.049407337118227,0.9909677419354839,0.09412197251711936,62177,0.7019225341777582,0.2980774658222418,26376,59105,28,3072,HeavyRandomForest,heavy
0.09467563533903264,0.04928312538088976,0.9912903225806452,0.09389800470559477,62354,0.7039207053431322,0.2960792946568678,26200,59281,27,3073,HeavyRandomForest,heavy
0.09415331900880007,0.049159616830052294,0.9916129032258064,0.09367524492998736,62531,0.7059188765085064,0.2940811234914936,26024,59457,26,3074,HeavyRandomForest,heavy
0.09360233970283072,0.04903680551125853,0.9919354838709677,0.09345368344274253,62708,0.7079170476738804,0.2920829523261196,25848,59633,25,3075,HeavyRandomForest,heavy
0.09304184333728809,0.04889878349367894,0.9919354838709677,0.09320300068197318,62885,0.7099152188392545,0.29008478116074554,25671,59810,25,3075,HeavyRandomForest,heavy
0.09247097754088335,0.048777393676064824,0.9922580645161291,0.09298388803240532,63062,0.7119133900046285,0.2880866099953715,25495,59986,24,3076,HeavyRandomForest,heavy
0.0920018214610727,0.04864010120177103,0.9922580645161291,0.09273439855290924,63240,0.7139228502726318,0.2860771497273682,25317,60164,24,3076,HeavyRandomForest,heavy
0.09144101838666313,0.04850434426100257,0.9922580645161291,0.09248763473999128,63417,0.7159210214380058,0.28407897856199416,25140,60341,24,3076,HeavyRandomForest,heavy
0.09086047223034885,0.04836934301978174,0.9922580645161291,0.09224218070591057,63594,0.71791919260338,0.28208080739662,24963,60518,24,3076,HeavyRandomForest,heavy
0.09039860193223777,0.0482664534035847,0.9929032258064516,0.09205784271208746,63771,0.719917363768754,0.28008263623124596,24788,60693,22,3078,HeavyRandomForest,heavy
0.08985506137628457,0.048132857947082004,0.9929032258064516,0.09181481923398162,63948,0.7219155349341281,0.2780844650658719,24611,60870,22,3078,HeavyRandomForest,heavy
0.08931464502250308,0.048,0.9929032258064516,0.09157307549274823,64125,0.7239137060995021,0.2760862939004979,24434,61047,22,3078,HeavyRandomForest,heavy
0.08877042027628416,0.04786787347205375,0.9929032258064516,0.09133260140648647,64302,0.7259118772648762,0.27408812273512384,24257,61224,22,3078,HeavyRandomForest,heavy
0.08827672255999784,0.04775124069478908,0.993225806451613,0.09112163361941403,64480,0.7279213375328795,0.27207866246712054,24080,61401,21,3079,HeavyRandomForest,heavy
0.08780731226055542,0.04762052059328456,0.993225806451613,0.09088359874256534,64657,0.7299195086982536,0.2700804913017464,23903,61578,21,3079,HeavyRandomForest,heavy
0.08726294968781573,0.047505938242280284,0.9935483870967742,0.09067624459033767,64834,0.7319176798636277,0.26808232013637234,23727,61754,20,3080,HeavyRandomForest,heavy
0.08674722291708473,0.04737659780652505,0.9935483870967742,0.09044060430767423,65011,0.7339158510290017,0.2660841489709983,23550,61931,20,3080,HeavyRandomForest,heavy
0.08620648731259056,0.04724795974719274,0.9935483870967742,0.09020618556701032,65188,0.7359140221943757,0.26408597780562426,23373,62108,20,3080,HeavyRandomForest,heavy
0.08563545173500893,0.04712001835844871,0.9935483870967742,0.08997297889432557,65365,0.7379121933597498,0.2620878066402502,23196,62285,20,3080,HeavyRandomForest,heavy
0.08517129692192625,0.04700802538830063,0.9938709677419355,0.08977011159348502,65542,0.7399103645251239,0.26008963547487607,23020,62461,19,3081,HeavyRandomForest,heavy
0.08469155099927275,0.046880706025563,0.9938709677419355,0.089537925021796,65720,0.7419198247931272,0.25808017520687276,22842,62639,19,3081,HeavyRandomForest,heavy
0.08415921587718717,0.04675478398106135,0.9938709677419355,0.08930823079264316,65897,0.7439179959585013,0.2560820040414987,22665,62816,19,3081,HeavyRandomForest,heavy
0.08368903714555885,0.04662953658019796,0.9938709677419355,0.08907971203053171,66074,0.7459161671238753,0.2540838328761247,22488,62993,19,3081,HeavyRandomForest,heavy
0.08318658238802566,0.04652005252750902,0.9941935483870967,0.08888119854075643,66251,0.7479143382892494,0.25208566171075064,22312,63169,18,3082,HeavyRandomForest,heavy
0.08273943513452178,0.04641115192388752,0.9945161290322581,0.08868369577724083,66428,0.7499125094546234,0.2500874905453766,22136,63345,17,3083,HeavyRandomForest,heavy
0.08221127536797866,0.04630283011785902,0.9948387096774194,0.08848719604045621,66605,0.7519106806199976,0.24808931938000245,21960,63521,16,3084,HeavyRandomForest,heavy
0.08171019313724086,0.04619508250726244,0.9951612903225806,0.0882916917088807,66782,0.7539088517853716,0.2460911482146284,21784,63697,15,3085,HeavyRandomForest,heavy
0.08122936704911717,0.04608721624850657,0.9954838709677419,0.08809591778475592,66960,0.7559183120533749,0.2440816879466251,21607,63874,14,3086,HeavyRandomForest,heavy
0.08068165768420962,0.04596502725729095,0.9954838709677419,0.08787266152225291,67138,0.7579277723213782,0.2420722276786218,21429,64052,14,3086,HeavyRandomForest,heavy
0.08019398900779198,0.045844165490603876,0.9954838709677419,0.08765177874032522,67315,0.7599259434867522,0.24007405651324776,21252,64229,14,3086,HeavyRandomForest,heavy
0.07965365855730458,0.045738754222722694,0.9958064516129033,0.08746033544877606,67492,0.7619241146521263,0.23807588534787372,21076,64405,13,3087,HeavyRandomForest,heavy
0.07917658730223685,0.04563389439773013,0.9961290322580645,0.08726984979298845,67669,0.7639222858175003,0.23607771418249968,20900,64581,12,3088,HeavyRandomForest,heavy
0.07867481153600564,0.04551484243728444,0.9961290322580645,0.08705212415076255,67846,0.7659204569828745,0.23407954301712552,20723,64758,12,3088,HeavyRandomForest,heavy
0.0782239154371679,0.04539641003778134,0.9961290322580645,0.08683548219282089,68023,0.7679186281482485,0.23208137185175148,20546,64935,12,3088,HeavyRandomForest,heavy
0.07769979555494991,0.045292591017727014,0.9964516129032258,0.08664675109746006,68201,0.7699280884162518,0.23007191158374818,20369,65112,11,3089,HeavyRandomForest,heavy
0.07720882940256299,0.0451753487963965,0.9964516129032258,0.08643218892526372,68378,0.7719262595816259,0.22807374041837414,20192,65289,11,3089,HeavyRandomForest,heavy
0.07672773788945528,0.04505871198307928,0.9964516129032258,0.0862186867629614,68555,0.7739244307469999,0.2260755692530001,20015,65466,11,3089,HeavyRandomForest,heavy
0.0763033111299454,0.04494267590059943,0.9964516129032258,0.08600623677469652,68732,0.7759226019123739,0.22407739808762606,19838,65643,11,3089,HeavyRandomForest,heavy
0.07582110374411855,0.04484174781233221,0.9967741935483871,0.0858226055076449,68909,0.7779207730777481,0.2220792269222519,19662,65819,10,3090,HeavyRandomForest,heavy
0.07533083529420345,0.04472686217178589,0.9967741935483871,0.08561216856454161,69086,0.7799189442431221,0.22008105575687786,19485,65996,10,3090,HeavyRandomForest,heavy
0.07484541134780644,0.04461256370645222,0.9967741935483871,0.08540276107955722,69263,0.7819171154084962,0.21808288459150382,19308,66173,10,3090,HeavyRandomForest,heavy
0.07435418780168336,0.04451324884792627,0.9970967741935484,0.0852219465122691,69440,0.7839152865738702,0.21608471342612978,19132,66349,9,3091,HeavyRandomForest,heavy
0.07387431589984707,0.044413801028469646,0.9974193548387097,0.08504084270744519,69618,0.7859247468418735,0.21407525315812648,18955,66526,8,3092,HeavyRandomForest,heavy
0.07338383497837762,0.04430116770542303,0.9974193548387097,0.08483435077851707,69795,0.7879229180072476,0.21207708199275244,18778,66703,8,3092,HeavyRandomForest,heavy
0.07294239327703596,0.044203395643971875,0.997741935483871,0.0846562294723013,69972,0.7899210891726217,0.21007891082737828,18602,66879,7,3093,HeavyRandomForest,heavy
0.07251018467396228,0.04409186160886114,0.997741935483871,0.08445166486914496,70149,0.7919192603379958,0.20808073966200424,18425,67056,7,3093,HeavyRandomForest,heavy
0.07202541453009552,0.043980889002644824,0.997741935483871,0.08424808650886607,70326,0.7939174315033698,0.2060825684966302,18248,67233,7,3093,HeavyRandomForest,heavy
0.0714966956836291,0.04387047359686822,0.997741935483871,0.08404548727633385,70503,0.7959156026687438,0.20408439733125616,18071,67410,7,3093,HeavyRandomForest,heavy
0.07105756573954033,0.04376061120543294,0.997741935483871,0.08384386012469504,70680,0.7979137738341179,0.20208622616588212,17894,67587,7,3093,HeavyRandomForest,heavy
0.0705812125474916,0.0436506816449801,0.997741935483871,0.08364206711917574,70858,0.7999232341021212,0.20007676589787882,17716,67765,7,3093,HeavyRandomForest,heavy
0.07008629470037288,0.043541915956922646,0.997741935483871,0.08344236865178392,71035,0.8019214052674953,0.19807859473250466,17539,67942,7,3093,HeavyRandomForest,heavy
0.06965159793432342,0.043447733528057066,0.9980645161290322,0.08327053504144688,71212,0.8039195764328694,0.19608042356713062,17363,68118,6,3094,HeavyRandomForest,heavy
0.06917313960199548,0.04334001036574262,0.9980645161290322,0.08307266844769026,71389,0.8059177475982434,0.19408225240175658,17186,68295,6,3094,HeavyRandomForest,heavy
0.06870610970520218,0.043232820054215686,0.9980645161290322,0.08287573996196394,71566,0.8079159187636175,0.19208408123638254,17009,68472,6,3094,HeavyRandomForest,heavy
0.06825255061283968,0.04312615864962435,0.9980645161290322,0.08267974292853039,71743,0.8099140899289915,0.1900859100710085,16832,68649,6,3094,HeavyRandomForest,heavy
0.06781679592463802,0.04302002224694105,0.9980645161290322,0.08248467075446549,71920,0.8119122610943657,0.18808773890563435,16655,68826,6,3094,HeavyRandomForest,heavy
0.06734321623426727,0.0429138117562207,0.9980645161290322,0.08228942259102637,72098,0.813921721362369,0.18607827863763104,16477,69004,6,3094,HeavyRandomForest,heavy
0.06689568159880034,0.04280871670702179,0.9980645161290322,0.08209618573797679,72275,0.815919892527743,0.184080107472257,16300,69181,6,3094,HeavyRandomForest,heavy
0.06643532483872146,0.04270413515154861,0.9980645161290322,0.08190385429902583,72452,0.817918063693117,0.18208193630688296,16123,69358,6,3094,HeavyRandomForest,heavy
0.06593775822549863,0.04260006333558221,0.9980645161290322,0.08171242192555032,72629,0.8199162348584911,0.18008376514150892,15946,69535,6,3094,HeavyRandomForest,heavy
0.06546838164302632,0.042496497541411424,0.9980645161290322,0.0815218823281427,72806,0.8219144060238651,0.17808559397613488,15769,69712,6,3094,HeavyRandomForest,heavy
0.06502640301689085,0.042393434087390214,0.9980645161290322,0.08133222927592235,72983,0.8239125771892393,0.17608742281076073,15592,69889,6,3094,HeavyRandomForest,heavy
0.06460427002266526,0.04229086932750137,0.9980645161290322,0.08114345659585627,73160,0.8259107483546133,0.1740892516453867,15415,70066,6,3094,HeavyRandomForest,heavy
0.06413205288039739,0.04218822438572091,0.9980645161290322,0.08095449907114262,73338,0.8279202086226166,0.17207979137738338,15237,70244,6,3094,HeavyRandomForest,heavy
0.06361167905233453,0.042086648983200706,0.9980645161290322,0.08076747373229784,73515,0.8299183797879907,0.17008162021200934,15060,70421,6,3094,HeavyRandomForest,heavy
0.06319173292145865,0.04198556152635293,0.9980645161290322,0.08058131055318263,73692,0.8319165509533647,0.1680834490466353,14883,70598,6,3094,HeavyRandomForest,heavy
0.06274866575513585,0.04188495850762837,0.9980645161290322,0.08039600358585924,73869,0.8339147221187387,0.16608527788126126,14706,70775,6,3094,HeavyRandomForest,heavy
0.06231733236173054,0.04178483645301569,0.9980645161290322,0.08021154693697663,74046,0.8359128932841129,0.1640871067158871,14529,70952,6,3094,HeavyRandomForest,heavy
0.06185742863907405,0.04168519192164154,0.9980645161290322,0.0800279347671456,74223,0.8379110644494869,0.16208893555051307,14352,71129,6,3094,HeavyRandomForest,heavy
0.061358908179122006,0.041586021505376346,0.9980645161290322,0.07984516129032258,74400,0.839909235614861,0.16009076438513903,14175,71306,6,3094,HeavyRandomForest,heavy
0.06088910557555753,0.04148676553407171,0.9980645161290322,0.07966219521614873,74578,0.8419186958828643,0.15808130411713572,13997,71484,6,3094,HeavyRandomForest,heavy
0.06039636426313481,0.041401912915524045,0.9983870967741936,0.07950677541583713,74755,0.8439168670482383,0.15608313295176168,13821,71660,5,3095,HeavyRandomForest,heavy
0.0598871055976554,0.04130411573159665,0.9983870967741936,0.07932643018248924,74932,0.8459150382136124,0.15408496178638764,13644,71837,5,3095,HeavyRandomForest,heavy
0.059494229943469285,0.041206779480488356,0.9983870967741936,0.0791469012517741,75109,0.8479132093789865,0.1520867906210135,13467,72014,5,3095,HeavyRandomForest,heavy
0.05907344301350735,0.04110990091119199,0.9983870967741936,0.07896818309391983,75286,0.8499113805443606,0.15008861945563945,13290,72191,5,3095,HeavyRandomForest,heavy
0.058651142583924475,0.04101347680320157,0.9983870967741936,0.0787902702289882,75463,0.8519095517097346,0.1480904482902654,13113,72368,5,3095,HeavyRandomForest,heavy
0.05818784461008647,0.040917503966155476,0.9983870967741936,0.07861315722631447,75640,0.8539077228751086,0.14609227712489137,12936,72545,5,3095,HeavyRandomForest,heavy
0.05774715871397698,0.04082144081880292,0.9983870967741936,0.07843584480093262,75818,0.8559171831431119,0.14408281685688806,12758,72723,5,3095,HeavyRandomForest,heavy
0.057232002904344485,0.040739522336995855,0.9987096774193548,0.07828560591693533,75995,0.857915354308486,0.14208464569151402,12582,72899,4,3096,HeavyRandomForest,heavy
0.05681192681760178,0.04064485637767159,0.9987096774193548,0.07811080835603997,76172,0.8599135254738601,0.14008647452613987,12405,73076,4,3096,HeavyRandomForest,heavy
0.05642060191676432,0.04055062934681528,0.9987096774193548,0.07793678963863611,76349,0.8619116966392342,0.13808830336076583,12228,73253,4,3096,HeavyRandomForest,heavy
0.05598667401631745,0.04045683819878211,0.9987096774193548,0.07776354457086881,76526,0.8639098678046082,0.1360901321953918,12051,73430,4,3096,HeavyRandomForest,heavy
0.05558746039895272,0.040363479916039786,0.9987096774193548,0.07759106800496221,76703,0.8659080389699823,0.13409196103001775,11874,73607,4,3096,HeavyRandomForest,heavy
0.05514771417840798,0.040270551508844954,0.9987096774193548,0.07741935483870968,76880,0.8679062101353563,0.1320937898646437,11697,73784,4,3096,HeavyRandomForest,heavy
0.05469206946113862,0.0401905058527343,0.9990322580645161,0.07727238703560467,77058,0.8699156704033596,0.1300843295966404,11520,73961,3,3097,HeavyRandomForest,heavy
0.05418268623660648,0.04009840098400984,0.9990322580645161,0.07710213481048112,77235,0.8719138415687337,0.12808615843126625,11343,74138,3,3097,HeavyRandomForest,heavy
0.05376023334838156,0.040006717304810625,0.9990322580645161,0.07693263116057233,77412,0.8739120127341078,0.1260879872658922,11166,74315,3,3097,HeavyRandomForest,heavy
0.05338568493096522,0.03991545193261931,0.9990322580645161,0.07676387115963762,77589,0.8759101838994818,0.12408981610051817,10989,74492,3,3097,HeavyRandomForest,heavy
0.052915183966386246,0.03982460201116169,0.9990322580645161,0.07659584992456657,77766,0.8779083550648559,0.12209164493514413,10812,74669,3,3097,HeavyRandomForest,heavy
0.052433519869188205,0.03973416471010867,0.9990322580645161,0.07642856261490814,77943,0.8799065262302299,0.12009347376977009,10635,74846,3,3097,HeavyRandomForest,heavy
0.05189900560640101,0.03964413722478238,0.9990322580645161,0.0762620044324058,78120,0.8819046973956041,0.11809530260439594,10458,75023,3,3097,HeavyRandomForest,heavy
0.05145660152437577,0.03955401159672022,0.9990322580645161,0.07609523575517826,78298,0.8839141576636074,0.11608584233639263,10280,75201,3,3097,HeavyRandomForest,heavy
0.050972002262558186,0.03946479770627588,0.9990322580645161,0.07593012565124117,78475,0.8859123288289814,0.11408767117101859,10103,75378,3,3097,HeavyRandomForest,heavy
0.05054710300618022,0.03937598535320144,0.9990322580645161,0.07576573050200607,78652,0.8879104999943555,0.11208950000564455,9926,75555,3,3097,HeavyRandomForest,heavy
0.0500790336765909,0.039287571832701165,0.9990322580645161,0.07560204567369308,78829,0.8899086711597295,0.11009132884027051,9749,75732,3,3097,HeavyRandomForest,heavy
0.04967232832343682,0.039199554464217905,0.9990322580645161,0.07543906657247948,79006,0.8919068423251035,0.10809315767489647,9572,75909,3,3097,HeavyRandomForest,heavy
0.049255057447962484,0.039124559564553,0.9993548387096775,0.07530109500139762,79183,0.8939050134904777,0.10609498650952232,9396,76085,2,3098,HeavyRandomForest,heavy
0.04874333864402176,0.039037298387096776,0.9993548387096775,0.0751394615571186,79360,0.8959031846558517,0.10409681534414827,9219,76262,2,3098,HeavyRandomForest,heavy
0.04835945687164259,0.03895042558809108,0.9993548387096775,0.07497852051744376,79537,0.8979013558212258,0.10209864417877423,9042,76439,2,3098,HeavyRandomForest,heavy
0.04791630439453796,0.03886345104434548,0.9993548387096775,0.07481736400410553,79715,0.8999108160892291,0.10008918391077093,8864,76617,2,3098,HeavyRandomForest,heavy
0.047419499147166644,0.03877734942171932,0.9993548387096775,0.07465779834200888,79892,0.9019089872546031,0.09809101274539689,8687,76794,2,3098,HeavyRandomForest,heavy
0.04693034359918555,0.038691628470444245,0.9993548387096775,0.07449891185417644,80069,0.9039071584199772,0.09609284158002285,8510,76971,2,3098,HeavyRandomForest,heavy
0.04644660951254704,0.03860628567155995,0.9993548387096775,0.07434070021356753,80246,0.9059053295853513,0.0940946704146487,8333,77148,2,3098,HeavyRandomForest,heavy
0.04599099847044004,0.03852131852828171,0.9993548387096775,0.07418315912982053,80423,0.9079035007507253,0.09209649924927465,8156,77325,2,3098,HeavyRandomForest,heavy
0.0454950471137174,0.03843672456575682,0.9993548387096775,0.074026284348865,80600,0.9099016719160994,0.09009832808390061,7979,77502,2,3098,HeavyRandomForest,heavy
0.044978890815503283,0.038352501330824365,0.9993548387096775,0.07387007165253882,80777,0.9118998430814734,0.08810015691852657,7802,77679,2,3098,HeavyRandomForest,heavy
0.044510430476959385,0.03826817367673399,0.9993548387096775,0.0737136398786509,80955,0.9139093033494767,0.08609069665052327,7624,77857,2,3098,HeavyRandomForest,heavy
0.04411812075193817,0.038184686683429475,0.9993548387096775,0.07355874252065722,81132,0.9159074745148508,0.08409252548514923,7447,78034,2,3098,HeavyRandomForest,heavy
0.043681166694353284,0.03810156317258852,0.9993548387096775,0.07340449478136217,81309,0.9179056456802249,0.08209435431977508,7270,78211,2,3098,HeavyRandomForest,heavy
0.04316049948665464,0.03801880077559335,0.9993548387096775,0.0732508925826969,81486,0.919903816845599,0.08009618315440103,7093,78388,2,3098,HeavyRandomForest,heavy
0.04271161160086063,0.03793639714436158,0.9993548387096775,0.07309793188065548,81663,0.921901988010973,0.078098011989027,6916,78565,2,3098,HeavyRandomForest,heavy
0.04220429624451467,0.03785434995112415,0.9993548387096775,0.07294560866493996,81840,0.923900159176347,0.07609984082365295,6739,78742,2,3098,HeavyRandomForest,heavy
0.04170894788266665,0.0377726568882061,0.9993548387096775,0.07279391895860991,82017,0.9258983303417211,0.07410166965827891,6562,78919,2,3098,HeavyRandomForest,heavy
0.0412388775916323,0.0376908571080966,0.9993548387096775,0.07264200715165016,82195,0.9279077906097244,0.07209220939027561,6384,79097,2,3098,HeavyRandomForest,heavy
0.04073973992206752,0.03762200747826931,0.9996774193548387,0.07251497566454512,82372,0.9299059617750985,0.07009403822490146,6208,79273,1,3099,HeavyRandomForest,heavy
0.040268648800541346,0.037541339083453466,0.9996774193548387,0.07236511809828486,82549,0.9319041329404726,0.06809586705952742,6031,79450,1,3099,HeavyRandomForest,heavy
0.039790713193889125,0.03746101588376085,0.9996774193548387,0.07221587863817491,82726,0.9339023041058466,0.06609769589415337,5854,79627,1,3099,HeavyRandomForest,heavy
0.03918705427960329,0.03738103566819054,0.9996774193548387,0.07206725346790227,82903,0.9359004752712207,0.06409952472877933,5677,79804,1,3099,HeavyRandomForest,heavy
0.03867090222893048,0.037301396244583535,0.9996774193548387,0.07191923880250639,83080,0.9378986464365947,0.06210135356340529,5500,79981,1,3099,HeavyRandomForest,heavy
0.03814628265215869,0.03722209543942251,0.9996774193548387,0.0717718308880577,83257,0.9398968176019689,0.06010318239803114,5323,80158,1,3099,HeavyRandomForest,heavy
0.03758608249841854,0.03714268592317373,0.9996774193548387,0.07162419830126539,83435,0.9419062778699722,0.058093722130027836,5145,80336,1,3099,HeavyRandomForest,heavy
0.037061786803573644,0.03706405779074774,0.9996774193548387,0.07147799612510379,83612,0.9439044490353462,0.056095550964653795,4968,80513,1,3099,HeavyRandomForest,heavy
0.03656403905596933,0.036985761854181336,0.9996774193548387,0.0713323896005248,83789,0.9459026202007202,0.054097379799279754,4791,80690,1,3099,HeavyRandomForest,heavy
0.03612922867561914,0.036907796012671794,0.9996774193548387,0.0711873750947557,83966,0.9479007913660943,0.052099208633905714,4614,80867,1,3099,HeavyRandomForest,heavy
0.03567310627448884,0.03683015818309307,0.9996774193548387,0.07104294900450465,84143,0.9498989625314683,0.05010103746853167,4437,81044,1,3099,HeavyRandomForest,heavy
0.035058448015971466,0.036752846299810245,0.9996774193548387,0.07089910775566231,84320,0.9518971336968425,0.04810286630315752,4260,81221,1,3099,HeavyRandomForest,heavy
0.03440711634156702,0.03667585831449637,0.9996774193548387,0.07075584780300695,84497,0.9538953048622165,0.04610469513778348,4083,81398,1,3099,HeavyRandomForest,heavy
0.0337592227086654,0.03659875996457042,0.9996774193548387,0.07061236115066932,84675,0.9559047651302198,0.044095234869780175,3905,81576,1,3099,HeavyRandomForest,heavy
0.033154013164398,0.036534200725969926,1.0,0.07049299617973441,84852,0.9579029362955939,0.042097063704406135,3729,81752,0,3100,HeavyRandomForest,heavy
0.032557547272219045,0.036458149572498794,1.0,0.07035141667328576,85029,0.9599011074609679,0.040098892539032094,3552,81929,0,3100,HeavyRandomForest,heavy
0.03194451453134782,0.03638241438396357,1.0,0.0702104047290105,85206,0.961899278626342,0.03810072137365805,3375,82106,0,3100,HeavyRandomForest,heavy
0.031278583171986105,0.03630699319536676,1.0,0.0700699569408813,85383,0.9638974497917161,0.0361025502082839,3198,82283,0,3100,HeavyRandomForest,heavy
0.030656867773835708,0.036231884057971016,1.0,0.06993006993006994,85560,0.9658956209570901,0.03410437904290986,3021,82460,0,3100,HeavyRandomForest,heavy
0.02994005792906705,0.036157085039131294,1.0,0.0697907403446762,85737,0.9678937921224642,0.03210620787753582,2844,82637,0,3100,HeavyRandomForest,heavy
0.02921931439331229,0.03608217424198336,1.0,0.0696511823849913,85915,0.9699032523904675,0.030096747609532515,2666,82815,0,3100,HeavyRandomForest,heavy
0.028485449978082472,0.0360079914510059,1.0,0.06951296080365953,86092,0.9719014235558415,0.028098576444158474,2489,82992,0,3100,HeavyRandomForest,heavy
0.027791404359303346,0.03593411306494801,1.0,0.06937528673253589,86269,0.9738995947212156,0.026100405278784433,2312,83169,0,3100,HeavyRandomForest,heavy
0.02706688615748608,0.035860537213983294,1.0,0.06923815692493243,86446,0.9758977658865897,0.02410223411341028,2135,83346,0,3100,HeavyRandomForest,heavy
0.026243418008597936,0.03578684891023273,1.0,0.06910079800276404,86624,0.977907226154593,0.022092773845406977,1957,83524,0,3100,HeavyRandomForest,heavy
0.02541650105225487,0.035713874264121384,1.0,0.0689647501140143,86801,0.9799053973199671,0.020094602680032936,1780,83701,0,3100,HeavyRandomForest,heavy
0.02451876251734823,0.03564119662443376,1.0,0.06882923688358977,86978,0.9819035684853411,0.018096431514658895,1603,83878,0,3100,HeavyRandomForest,heavy
0.023558241882309493,0.0355684060764606,1.0,0.06869349406133665,87156,0.9839130287533444,0.01608697124665559,1425,84056,0,3100,HeavyRandomForest,heavy
0.02252660592320711,0.03549631868823927,1.0,0.06855904371191932,87333,0.9859111999187185,0.01408880008128155,1248,84233,0,3100,HeavyRandomForest,heavy
0.021523729882315563,0.035424522911667235,1.0,0.06842511864032667,87510,0.9879093710840925,0.012090628915907509,1071,84410,0,3100,HeavyRandomForest,heavy
0.020044898999169475,0.03535301698085235,1.0,0.06829171577428488,87687,0.9899075422494666,0.010092457750533357,894,84587,0,3100,HeavyRandomForest,heavy
0.018408752267525502,0.03528179914413184,1.0,0.06815883206543248,87864,0.9919057134148407,0.008094286585159316,717,84764,0,3100,HeavyRandomForest,heavy
0.01641042376554406,0.03521086766392931,1.0,0.06802646448908833,88041,0.9939038845802147,0.006096115419785275,540,84941,0,3100,HeavyRandomForest,heavy
0.013752902446532008,0.03514022081661339,1.0,0.06789461004402199,88218,0.9959020557455888,0.004097944254411234,363,85118,0,3100,HeavyRandomForest,heavy
0.0007948726278567172,0.03499621815061921,1.0,0.06762578942201765,88581,1.0,0.0,0,85481,0,3100,HeavyRandomForest,heavy
0.9998735189437866,1.0,0.0003225806451612903,0.0006449532408900355,1,1.1289102629232002e-05,0.9999887108973707,85481,0,3099,1,XGBoost,heavy
0.9989542961120605,1.0,0.05838709677419355,0.11033221578786956,181,0.0020433275758909926,0.997956672424109,85481,0,2919,181,XGBoost,heavy
0.997570812702179,0.997229916897507,0.11612903225806452,0.208032360589425,361,0.004075366049152753,0.9959246339508473,85480,1,2740,360,XGBoost,heavy
0.9954934120178223,0.987012987012987,0.17161290322580644,0.2923880186864523,539,0.0060848263171560495,0.993915173682844,85474,7,2568,532,XGBoost,heavy
0.992573618888855,0.979050279329609,0.22612903225806452,0.36740041928721173,716,0.008082997482530113,0.9919170025174698,85466,15,2399,701,XGBoost,heavy
0.9877609014511108,0.9697986577181208,0.2796774193548387,0.4341512268402603,894,0.01009245775053341,0.9899075422494666,85454,27,2233,867,XGBoost,heavy
0.9804856777191162,0.957983193277311,0.3309677419354839,0.4919683529129706,1071,0.012090628915907474,0.9879093710840925,85436,45,2074,1026,XGBoost,heavy
0.9686635732650757,0.9519230769230769,0.3832258064516129,0.546458141674333,1248,0.014088800081281539,0.9859111999187185,85421,60,1912,1188,XGBoost,heavy
0.9527713656425476,0.9396491228070175,0.43193548387096775,0.5918232044198894,1425,0.016086971246655604,0.9839130287533444,85395,86,1761,1339,XGBoost,heavy
0.9350417256355286,0.9263420724094882,0.47870967741935483,0.6312207571246278,1602,0.01808514241202967,0.9819148575879704,85363,118,1616,1484,XGBoost,heavy
0.9152156114578247,0.9139966273187183,0.5245161290322581,0.6665300266448043,1779,0.02008331357740373,0.9799166864225962,85328,153,1474,1626,XGBoost,heavy
0.890192985534668,0.8957055214723927,0.5651612903225807,0.6930379746835443,1956,0.022081484742777796,0.9779185152572222,85277,204,1348,1752,XGBoost,heavy
0.8616635799407959,0.8672607879924953,0.5964516129032258,0.7068042813455657,2132,0.02406836680552263,0.9759316331944774,85198,283,1251,1849,XGBoost,heavy
0.8354775309562683,0.8371589432654829,0.6235483870967742,0.7147347014235533,2309,0.026066537970896694,0.9739334620291034,85105,376,1167,1933,XGBoost,heavy
0.8095859289169312,0.8077232502011263,0.6477419354838709,0.718940207662012,2486,0.02806470913627076,0.9719352908637292,85003,478,1092,2008,XGBoost,heavy
0.7861225008964539,0.7769432970334209,0.6674193548387096,0.7180288044421309,2663,0.030062880301644824,0.9699371196983552,84887,594,1031,2069,XGBoost,heavy
0.7638794779777527,0.7524647887323944,0.6893548387096774,0.7195286195286195,2840,0.03206105146701889,0.9679389485329811,84778,703,963,2137,XGBoost,heavy
0.7426367402076721,0.7245608220086178,0.7051612903225807,0.7147294425371915,3017,0.03405922263239295,0.9659407773676071,84650,831,914,2186,XGBoost,heavy
0.7210531234741211,0.6970266040688576,0.7183870967741935,0.7075456711675934,3195,0.03606868290039625,0.9639313170996038,84513,968,873,2227,XGBoost,heavy
0.7017085552215576,0.6723013048635824,0.7312903225806452,0.7005562422744128,3372,0.03806685406577031,0.9619331459342297,84376,1105,833,2267,XGBoost,heavy
0.6831892132759094,0.6503240349394196,0.7445161290322581,0.6942397352985412,3549,0.04006502523114438,0.9599349747688556,84240,1241,792,2308,XGBoost,heavy
0.6654306650161743,0.6282877079978529,0.7551612903225806,0.6859068268385585,3726,0.04206319639651844,0.9579368036034815,84096,1385,759,2341,XGBoost,heavy
0.648478627204895,0.6068135245901639,0.7641935483870967,0.676470588235294,3904,0.04407265666452174,0.9559273433354782,83946,1535,731,2369,XGBoost,heavy
0.6327167749404907,0.5850490196078432,0.77,0.6649025069637884,4080,0.04605953872726657,0.9539404612727335,83788,1693,713,2387,XGBoost,heavy
0.6172171235084534,0.5661263800798685,0.7774193548387097,0.6551583525893707,4257,0.04805770989264063,0.9519422901073593,83634,1847,690,2410,XGBoost,heavy
0.6031823754310608,0.5487144790257105,0.7848387096774193,0.6458720467215291,4434,0.0500558810580147,0.9499441189419853,83480,2001,667,2433,XGBoost,heavy
0.5886173844337463,0.532639340707005,0.792258064516129,0.6370120606925171,4611,0.05205405222338876,0.9479459477766112,83326,2155,644,2456,XGBoost,heavy
0.5734748840332031,0.516499582289056,0.797741935483871,0.627028397565923,4788,0.054052223388762824,0.9459477766112372,83166,2315,627,2473,XGBoost,heavy
0.5620087385177612,0.5031218529707956,0.8058064516129032,0.6194668319900806,4965,0.05605039455413689,0.9439496054458631,83014,2467,602,2498,XGBoost,heavy
0.5501636862754822,0.48891481913652274,0.8109677419354838,0.6100461053142441,5142,0.058048565719510954,0.941951434280489,82853,2628,586,2514,XGBoost,heavy
0.5378556251525879,0.4756533182929122,0.8161290322580645,0.6010214989903789,5319,0.06004673688488502,0.939953263115115,82692,2789,570,2530,XGBoost,heavy
0.5260415077209473,0.4632459970887918,0.8212903225806452,0.5923685435086087,5496,0.062044908050259084,0.9379550919497409,82531,2950,554,2546,XGBoost,heavy
0.5148700475692749,0.45065209728586536,0.8248387096774193,0.582858445406884,5674,0.06405436831826238,0.9359456316817376,82364,3117,543,2557,XGBoost,heavy
0.5039260983467102,0.4380447786703128,0.8267741935483871,0.5726734443078986,5851,0.06605253948363644,0.9339474605163636,82193,3288,537,2563,XGBoost,heavy
0.49330058693885803,0.4265803882528621,0.8293548387096774,0.5633833680289252,6027,0.06803942154638128,0.9319605784536187,82025,3456,529,2571,XGBoost,heavy
0.4833398163318634,0.41634429400386846,0.8332258064516129,0.5552450558899399,6204,0.07003759271175534,0.9299624072882446,81860,3621,517,2583,XGBoost,heavy
0.4745502173900604,0.4069895000783576,0.837741935483871,0.5478325071195022,6381,0.07203576387712941,0.9279642361228706,81697,3784,503,2597,XGBoost,heavy
0.4648377597332001,0.3970722781335773,0.84,0.5392420791054049,6558,0.07403393504250347,0.9259660649574966,81527,3954,496,2604,XGBoost,heavy
0.4558979570865631,0.3879732739420935,0.8429032258064516,0.5313675648195222,6735,0.07603210620787754,0.9239678937921225,81359,4122,487,2613,XGBoost,heavy
0.44677969813346863,0.3793402777777778,0.8458064516129032,0.5237714742309229,6912,0.0780302773732516,0.9219697226267484,81191,4290,478,2622,XGBoost,heavy
0.4391400218009949,0.37112239142695996,0.8490322580645161,0.5164835164835164,7092,0.08006231584651335,0.9199376841534866,81021,4460,468,2632,XGBoost,heavy
0.4310607612133026,0.3631861328931077,0.8516129032258064,0.5092101456263863,7269,0.08206048701188742,0.9179395129881126,80852,4629,460,2640,XGBoost,heavy
0.424014151096344,0.35517658117362694,0.853225806451613,0.5015644259031004,7447,0.08406994727989073,0.9159300527201093,80679,4802,455,2645,XGBoost,heavy
0.4166308045387268,0.34863588667366213,0.8574193548387097,0.4957105557627751,7624,0.08606811844526478,0.9139318815547353,80515,4966,442,2658,XGBoost,heavy
0.4096391201019287,0.34136649147545184,0.8590322580645161,0.48857902944683973,7801,0.08806628961063885,0.9119337103893611,80343,5138,437,2663,XGBoost,heavy
0.4015076458454132,0.3352137395010656,0.8625806451612903,0.48280220276248087,7977,0.09005317167338368,0.9099468283266163,80178,5303,426,2674,XGBoost,heavy
0.39508017897605896,0.32879568310031887,0.8648387096774194,0.47645281677625734,8154,0.09205134283875775,0.9079486571612423,80008,5473,419,2681,XGBoost,heavy
0.3888108432292938,0.32313047653342936,0.8683870967741936,0.47099991251858986,8331,0.0940495140041318,0.9059504859958682,79842,5639,408,2692,XGBoost,heavy
0.3820551037788391,0.31660594664472913,0.8690322580645161,0.46412266345077097,8509,0.09605897427213511,0.9039410257278648,79666,5815,406,2694,XGBoost,heavy
0.37589702010154724,0.31096016578402025,0.8712903225806452,0.4583404038689971,8686,0.09805714543750917,0.9019428545624908,79496,5985,399,2701,XGBoost,heavy
0.36994311213493347,0.30542705630147804,0.8732258064516129,0.4525620663713115,8863,0.10005531660288323,0.8999446833971168,79325,6156,393,2707,XGBoost,heavy
0.3647310733795166,0.3008849557522124,0.8774193548387097,0.44810543657331137,9040,0.1020534877682573,0.8979465122317427,79161,6320,380,2720,XGBoost,heavy
0.35910239815711975,0.296083324292069,0.8803225806451613,0.44312738491515796,9217,0.10405165893363137,0.8959483410663687,78993,6488,371,2729,XGBoost,heavy
0.353068083524704,0.29156908665105385,0.8835483870967742,0.43845045621898504,9394,0.10604983009900543,0.8939501699009946,78826,6655,361,2739,XGBoost,heavy
0.34744691848754883,0.286490439870442,0.8845161290322581,0.4327993055007498,9571,0.1080480012643795,0.8919519987356205,78652,6829,358,2742,XGBoost,heavy
0.340933620929718,0.28200656544932295,0.886774193548387,0.42792652552926524,9748,0.11004617242975356,0.8899538275702464,78482,6999,351,2749,XGBoost,heavy
0.33588236570358276,0.2771788413098237,0.8874193548387097,0.4224184261036468,9925,0.11204434359512762,0.8879556564048724,78307,7174,349,2751,XGBoost,heavy
0.3310557007789612,0.27242130271233417,0.8877419354838709,0.41690652931374034,10102,0.11404251476050169,0.8859574852394984,78131,7350,348,2752,XGBoost,heavy
0.3266284167766571,0.2680221811460259,0.8887096774193548,0.4118394498841468,10279,0.11604068592587576,0.8839593140741242,77957,7524,345,2755,XGBoost,heavy
0.3222433626651764,0.2643205508271971,0.8916129032258064,0.4077598288706941,10457,0.11805014619387905,0.881949853806121,77788,7693,336,2764,XGBoost,heavy
0.31819865107536316,0.2603911980440098,0.8932258064516129,0.4032328527741372,10634,0.12004831735925311,0.8799516826407469,77616,7865,331,2769,XGBoost,heavy
0.3132428228855133,0.2567755064286375,0.895483870967742,0.39910861907842715,10811,0.12204648852462718,0.8779535114753728,77446,8035,324,2776,XGBoost,heavy
0.3088628947734833,0.2530032763014197,0.896774193548387,0.39466212379329924,10988,0.12404465969000124,0.8759553403099988,77273,8208,320,2780,XGBoost,heavy
0.3038990795612335,0.2495297805642633,0.8987096774193548,0.39060637924991237,11165,0.1260428308553753,0.8739571691446247,77102,8379,314,2786,XGBoost,heavy
0.3001982867717743,0.24616469758420031,0.9006451612903226,0.38665004846974105,11342,0.12804100202074936,0.8719589979792506,76931,8550,308,2792,XGBoost,heavy
0.2962850034236908,0.2427951388888889,0.902258064516129,0.3826265389876881,11520,0.13005046228875267,0.8699495377112474,76758,8723,303,2797,XGBoost,heavy
0.2926959693431854,0.2394631101991964,0.9035483870967742,0.37859025478137465,11697,0.13204863345412673,0.8679513665458732,76585,8896,299,2801,XGBoost,heavy
0.2891260087490082,0.23641876526572897,0.905483870967742,0.3749415614773258,11873,0.13403551551687157,0.8659644844831285,76415,9066,293,2807,XGBoost,heavy
0.2855845093727112,0.23311203319502075,0.9061290322580645,0.3708250825082508,12050,0.13603368668224564,0.8639663133177544,76240,9241,291,2809,XGBoost,heavy
0.28166183829307556,0.2301463973174123,0.9077419354838709,0.3671951458211001,12227,0.1380318578476197,0.8619681421523803,76068,9413,286,2814,XGBoost,heavy
0.27788370847702026,0.22726539825862624,0.9093548387096774,0.3636480908152735,12404,0.14003002901299375,0.8599699709870062,75896,9585,281,2819,XGBoost,heavy
0.27414071559906006,0.22422700898179795,0.91,0.35979848223965305,12581,0.1420282001783678,0.8579717998216322,75721,9760,279,2821,XGBoost,heavy
0.2707923352718353,0.22127292679103308,0.9106451612903226,0.35603480892924705,12758,0.14402637134374188,0.8559736286562581,75546,9935,277,2823,XGBoost,heavy
0.26736757159233093,0.21861471861471862,0.912258064516129,0.35270641057620356,12936,0.1460358316117452,0.8539641683882548,75373,10108,272,2828,XGBoost,heavy
0.26414039731025696,0.2159688858384809,0.9135483870967742,0.34934928760870904,13113,0.14803400277711926,0.8519659972228808,75200,10281,268,2832,XGBoost,heavy
0.2614714801311493,0.21324303987960871,0.9141935483870968,0.34582062233068944,13290,0.15003217394249332,0.8499678260575066,75025,10456,266,2834,XGBoost,heavy
0.2581643760204315,0.21088586916165442,0.9161290322580645,0.34285024446188206,13467,0.15203034510786737,0.8479696548921326,74854,10627,260,2840,XGBoost,heavy
0.25447532534599304,0.20822339489885663,0.9164516129032259,0.3393454371715241,13644,0.15402851627324143,0.8459714837267586,74678,10803,259,2841,XGBoost,heavy
0.2516342103481293,0.20571635311143271,0.9170967741935484,0.3360520094562648,13820,0.15601539833598627,0.8439846016640138,74504,10977,257,2843,XGBoost,heavy
0.24875295162200928,0.20318639708508965,0.9174193548387096,0.33268994560449194,13997,0.15801356950136033,0.8419864304986396,74328,11153,256,2844,XGBoost,heavy
0.24627867341041565,0.2009312826301679,0.9187096774193548,0.3297441241171703,14174,0.1600117406667344,0.8399882593332656,74155,11326,252,2848,XGBoost,heavy
0.24339845776557922,0.1988014772489722,0.9203225806451613,0.3269726663228468,14351,0.16200991183210847,0.8379900881678916,73983,11498,247,2853,XGBoost,heavy
0.24092282354831696,0.19658590308370044,0.9212903225806451,0.32402995234853643,14528,0.16400808299748254,0.8359919170025174,73809,11672,244,2856,XGBoost,heavy
0.23826518654823303,0.19441044471644228,0.922258064516129,0.32112770976075483,14706,0.16601754326548582,0.8339824567345142,73634,11847,241,2859,XGBoost,heavy
0.23561379313468933,0.19236713028287308,0.9235483870967742,0.31841183339820944,14883,0.16801571443085989,0.8319842855691402,73461,12020,237,2863,XGBoost,heavy
0.23290997743606567,0.19022641258880552,0.9241935483870968,0.31551126039315014,15061,0.1700251746988632,0.8299748253011368,73285,12196,235,2865,XGBoost,heavy
0.2305905669927597,0.18826694665004265,0.925483870967742,0.3128851082392715,15239,0.1720346349668665,0.8279653650331336,73111,12370,231,2869,XGBoost,heavy
0.22796061635017395,0.18629994810586403,0.9264516129032258,0.3102181896737956,15416,0.17403280613224054,0.8259671938677595,72937,12544,228,2872,XGBoost,heavy
0.22568075358867645,0.18450586801770025,0.9280645161290323,0.30781575991012683,15593,0.1760309772976146,0.8239690227023854,72765,12716,223,2877,XGBoost,heavy
0.22318238019943237,0.1826368190754011,0.9290322580645162,0.30526260003179817,15769,0.17801785936035944,0.8219821406396406,72592,12889,220,2880,XGBoost,heavy
0.2209368646144867,0.18084906251959615,0.9303225806451613,0.302829841969864,15947,0.18002731962836274,0.8199726803716373,72418,13063,216,2884,XGBoost,heavy
0.2186933308839798,0.1789878442073927,0.9309677419354838,0.3002496878901373,16124,0.1820254907937368,0.8179745092062631,72243,13238,214,2886,XGBoost,heavy
0.21634434163570404,0.17747377461505429,0.9332258064516129,0.2982320498943354,16301,0.18402366195911088,0.8159763380408891,72073,13408,207,2893,XGBoost,heavy
0.21416348218917847,0.1757494841606991,0.9341935483870968,0.2958422719378894,16478,0.18602183312448495,0.813978166875515,71899,13582,204,2896,XGBoost,heavy
0.2119198888540268,0.17387127761767532,0.9341935483870968,0.29317675642842683,16656,0.18803129339248822,0.8119687066075117,71721,13760,204,2896,XGBoost,heavy
0.20995643734931946,0.1721024178696608,0.9345161290322581,0.2906737570862389,16833,0.1900294645578623,0.8099705354421377,71545,13936,203,2897,XGBoost,heavy
0.20791146159172058,0.1702915588996003,0.9345161290322581,0.28808671439936356,17012,0.19205021392849483,0.8079497860715051,71366,14115,203,2897,XGBoost,heavy
0.2057218849658966,0.16877072546395952,0.9358064516129032,0.28596776578441524,17189,0.19404838509386887,0.8059516149061311,71193,14288,199,2901,XGBoost,heavy
0.2038675844669342,0.16709852018195429,0.9361290322580645,0.2835784433478282,17367,0.19605784536187218,0.8039421546381278,71016,14465,198,2902,XGBoost,heavy
0.20193539559841156,0.16569767441860464,0.937741935483871,0.2816314667700058,17544,0.19805601652724625,0.8019439834727538,70844,14637,193,2907,XGBoost,heavy
0.1999087780714035,0.16410835214446953,0.9380645161290323,0.2793467819404419,17720,0.20004289858999108,0.7999571014100089,70669,14812,192,2908,XGBoost,heavy
0.19771572947502136,0.16270883388277366,0.9393548387096774,0.277372958041625,17897,0.20204106975536515,0.7979589302446348,70496,14985,188,2912,XGBoost,heavy
0.19586698710918427,0.1612171507607192,0.94,0.2752302243211334,18075,0.20405053002336845,0.7959494699766315,70320,15161,186,2914,XGBoost,heavy
0.1941448301076889,0.1596449898646798,0.94,0.27293588722896084,18253,0.20605999029137173,0.7939400097086282,70142,15339,186,2914,XGBoost,heavy
0.19199290871620178,0.15827455236028215,0.9409677419354838,0.27097073850441245,18430,0.2080581614567458,0.7919418385432542,69968,15513,183,2917,XGBoost,heavy
0.19013646245002747,0.15687644434890094,0.9416129032258065,0.26894550145114476,18607,0.21005633262211987,0.7899436673778801,69793,15688,181,2919,XGBoost,heavy
0.18829543888568878,0.15545144804088587,0.9419354838709677,0.2668616340705538,18784,0.21205450378749394,0.7879454962125061,69617,15864,180,2920,XGBoost,heavy
0.18651701509952545,0.15410579610780023,0.9425806451612904,0.2649018630161824,18961,0.214052674952868,0.785947325047132,69442,16039,178,2922,XGBoost,heavy
0.184758722782135,0.15277705209258582,0.9432258064516129,0.2629614640946086,19139,0.21606213522087128,0.7839378647791287,69266,16215,176,2924,XGBoost,heavy
0.18314428627490997,0.15137709670739283,0.9432258064516129,0.26088508208422556,19316,0.21806030638624535,0.7819396936137546,69089,16392,176,2924,XGBoost,heavy
0.18137980997562408,0.15005386549017596,0.9435483870967742,0.2589297570043819,19493,0.22005847755161942,0.7799415224483806,68913,16568,175,2925,XGBoost,heavy
0.17955952882766724,0.14876201128679648,0.9438709677419355,0.25701611840660543,19669,0.22204535961436425,0.7779546403856358,68738,16743,174,2926,XGBoost,heavy
0.17796312272548676,0.14763680338607277,0.9451612903225807,0.25538220169092657,19846,0.22404353077973832,0.7759564692202616,68565,16916,170,2930,XGBoost,heavy
0.17656272649765015,0.14643160365579583,0.9458064516129032,0.2536003113782814,20023,0.2260417019451124,0.7739582980548876,68390,17091,168,2932,XGBoost,heavy
0.17482098937034607,0.14514851485148514,0.9458064516129032,0.25167381974248926,20200,0.22803987311048646,0.7719601268895135,68213,17268,168,2932,XGBoost,heavy
0.1731080561876297,0.14398586641802033,0.9464516129032258,0.24994675639988076,20377,0.2300380442758605,0.7699619557241395,68038,17443,166,2934,XGBoost,heavy
0.17146927118301392,0.14283629287278035,0.9470967741935484,0.24823504544493763,20555,0.2320475045438638,0.7679524954561362,67862,17619,164,2936,XGBoost,heavy
0.16998755931854248,0.14161682423306965,0.9470967741935484,0.24639140651225244,20732,0.23404567570923787,0.7659543242907622,67685,17796,164,2936,XGBoost,heavy
0.16846205294132233,0.14041128646580583,0.9470967741935484,0.24456476468138275,20910,0.23605513597724118,0.7639448640227589,67507,17974,164,2936,XGBoost,heavy
0.1668851524591446,0.13932754777825201,0.947741935483871,0.24294042254103443,21087,0.23805330714261524,0.7619466928573848,67332,18149,162,2938,XGBoost,heavy
0.16545726358890533,0.1382083235363273,0.9480645161290323,0.2412476913605582,21265,0.24006276741061852,0.7599372325893815,67155,18326,161,2939,XGBoost,heavy
0.16400234401226044,0.1371607126200914,0.9487096774193549,0.23967076847852664,21442,0.2420609385759926,0.7579390614240074,66980,18501,159,2941,XGBoost,heavy
0.162480890750885,0.13613655287260615,0.9493548387096774,0.23812606197912453,21618,0.24404782063873742,0.7559521793612626,66806,18675,157,2943,XGBoost,heavy
0.1609148532152176,0.1350247751881079,0.9493548387096774,0.23642352185089976,21796,0.24605728090674073,0.7539427190932593,66628,18853,157,2943,XGBoost,heavy
0.15952198207378387,0.13393100937471558,0.9493548387096774,0.23474515434314433,21974,0.24806674117474403,0.751933258825256,66450,19031,157,2943,XGBoost,heavy
0.15819858014583588,0.13285482123510292,0.9493548387096774,0.23309044828132425,22152,0.25007620144274734,0.7499237985572527,66272,19209,157,2943,XGBoost,heavy
0.15686966478824615,0.1318912624837655,0.95,0.2316253096857918,22329,0.2520743726081214,0.7479256273918786,66097,19384,155,2945,XGBoost,heavy
0.15572667121887207,0.13085399449035812,0.95,0.2300242130750605,22506,0.2540725437734954,0.7459274562265046,65920,19561,155,2945,XGBoost,heavy
0.15445399284362793,0.12991535884323752,0.9506451612903226,0.22859137449581132,22684,0.2560820040414987,0.7439179959585013,65744,19737,153,2947,XGBoost,heavy
0.1532604992389679,0.1289969817593281,0.9512903225806452,0.22718693424752515,22861,0.2580801752068728,0.7419198247931271,65569,19912,151,2949,XGBoost,heavy
0.1520157754421234,0.12804930983592325,0.9516129032258065,0.22572499808707627,23038,0.26007834637224686,0.7399216536277531,65393,20088,150,2950,XGBoost,heavy
0.15081308782100677,0.12720223993107904,0.9525806451612904,0.22443473304199127,23215,0.26207651753762096,0.737923482462379,65219,20262,147,2953,XGBoost,heavy
0.14951346814632416,0.12631983926815715,0.9532258064516129,0.22307779413429965,23393,0.2640859778056242,0.7359140221943758,65043,20438,145,2955,XGBoost,heavy
0.14814960956573486,0.1254136614340263,0.9535483870967741,0.22167229096362953,23570,0.2660841489709983,0.7339158510290017,64867,20614,144,2956,XGBoost,heavy
0.14695923030376434,0.1245683483534069,0.9541935483870968,0.22036802503166208,23746,0.26807103103374313,0.7319289689662569,64693,20788,142,2958,XGBoost,heavy
0.14564673602581024,0.12373030138360573,0.9548387096774194,0.2190726418236317,23923,0.2700692021991172,0.7299307978008829,64518,20963,140,2960,XGBoost,heavy
0.14456301927566528,0.12282157676348547,0.9548387096774194,0.2176470588235294,24100,0.27206737336449127,0.7279326266355087,64341,21140,140,2960,XGBoost,heavy
0.1434125155210495,0.12204967664867981,0.9558064516129032,0.21645907148336194,24277,0.2740655445298653,0.7259344554701347,64167,21314,137,2963,XGBoost,heavy
0.14226177334785461,0.12124805757749244,0.9564516129032258,0.21521376206721346,24454,0.2760637156952394,0.7239362843047605,63992,21489,135,2965,XGBoost,heavy
0.1409522294998169,0.12049855872680768,0.9574193548387097,0.2140564710973279,24631,0.27806188686061345,0.7219381131393865,63818,21663,132,2968,XGBoost,heavy
0.139737069606781,0.11963882618510158,0.9574193548387097,0.21269886770818405,24808,0.2800600580259875,0.7199399419740125,63641,21840,132,2968,XGBoost,heavy
0.13868825137615204,0.11882654286400385,0.957741935483871,0.21142206081321657,24986,0.2820695182939908,0.7179304817060093,63464,22017,131,2969,XGBoost,heavy
0.13763296604156494,0.11799070063188014,0.957741935483871,0.21009800799632028,25163,0.2840676894593649,0.7159323105406351,63287,22194,131,2969,XGBoost,heavy
0.13663756847381592,0.11720599842146803,0.9580645161290322,0.2088607594936709,25340,0.28606586062473893,0.7139341393752611,63111,22370,130,2970,XGBoost,heavy
0.1355171650648117,0.11647137202649215,0.9587096774193549,0.20770870461613727,25517,0.28806403179011303,0.7119359682098869,62936,22545,128,2972,XGBoost,heavy
0.13430359959602356,0.11571245086210252,0.9590322580645161,0.20650852637793907,25693,0.29005091385285786,0.7099490861471421,62761,22720,127,2973,XGBoost,heavy
0.13319745659828186,0.11495941244684964,0.9593548387096774,0.20531584397652744,25870,0.2920490850182319,0.7079509149817681,62585,22896,126,2974,XGBoost,heavy
0.13217386603355408,0.11425061425061425,0.96,0.20419925895430216,26048,0.2940585452862352,0.7059414547137648,62409,23072,124,2976,XGBoost,heavy
0.13111957907676697,0.11347085065009342,0.96,0.2029529102874484,26227,0.2960792946568677,0.7039207053431322,62230,23251,124,2976,XGBoost,heavy
0.13025009632110596,0.11271019542493561,0.96,0.20173535791757047,26404,0.2980774658222418,0.7019225341777582,62053,23428,124,2976,XGBoost,heavy
0.12915951013565063,0.11195967044129265,0.96,0.20053232707792865,26581,0.30007563698761586,0.6999243630123841,61876,23605,124,2976,XGBoost,heavy
0.12821701169013977,0.11125644667015472,0.9603225806451613,0.19941054323799315,26758,0.3020738081529899,0.6979261918470101,61700,23781,123,2977,XGBoost,heavy
0.12707066535949707,0.11059959160943011,0.9609677419354838,0.19836857000166475,26935,0.304071979318364,0.6959280206816361,61525,23956,121,2979,XGBoost,heavy
0.12608042359352112,0.10987754499852463,0.9609677419354838,0.19720640804978154,27112,0.30607015048373803,0.693929849516262,61348,24133,121,2979,XGBoost,heavy
0.12511534988880157,0.10923815456777457,0.9616129032258065,0.19618941064200865,27289,0.30806832164911213,0.6919316783508879,61173,24308,119,2981,XGBoost,heavy
0.12422437965869904,0.1086798223257846,0.9629032258064516,0.1953150559445135,27466,0.31006649281448617,0.6899335071855138,61000,24481,115,2985,XGBoost,heavy
0.12333274632692337,0.10806019824904131,0.9635483870967742,0.19432697937674842,27642,0.312053374877231,0.687946625122769,60826,24655,113,2987,XGBoost,heavy
0.12237142026424408,0.10744069015097052,0.9641935483870968,0.19333764553686936,27820,0.3140628351452343,0.6859371648547656,60650,24831,111,2989,XGBoost,heavy
0.12143009901046753,0.10679715683823267,0.964516129032258,0.1923015081840692,27997,0.31606100631060835,0.6839389936893916,60474,25007,110,2990,XGBoost,heavy
0.12049448490142822,0.10619720309505218,0.9651612903225807,0.19134105007354354,28174,0.31805917747598245,0.6819408225240176,60299,25182,108,2992,XGBoost,heavy
0.11956673860549927,0.10553419632464463,0.9651612903225807,0.19026422053352834,28351,0.3200573486413565,0.6799426513586435,60122,25359,108,2992,XGBoost,heavy
0.118581622838974,0.10487941671340438,0.9651612903225807,0.18919944353104848,28528,0.3220555198067306,0.6779444801932695,59945,25536,108,2992,XGBoost,heavy
0.1174536719918251,0.10422908102835644,0.9651612903225807,0.1881406024020625,28706,0.32406498007473383,0.6759350199252662,59767,25714,108,2992,XGBoost,heavy
0.1162969097495079,0.10359034726309593,0.9651612903225807,0.1870993965544195,28883,0.32606315124010793,0.673936848759892,59590,25891,108,2992,XGBoost,heavy
0.1154368445277214,0.10295585148480782,0.9651612903225807,0.18606386617331552,29061,0.32807261150811123,0.6719273884918888,59412,26069,108,2992,XGBoost,heavy
0.11446017026901245,0.10240098501949518,0.9658064516129032,0.18516915084420807,29238,0.3300707826734853,0.6699292173265148,59237,26244,106,2994,XGBoost,heavy
0.1134890541434288,0.10178480367159612,0.9658064516129032,0.18416115638935876,29415,0.33206895383885937,0.6679310461611406,59060,26421,106,2994,XGBoost,heavy
0.1125246211886406,0.10124700077726335,0.9664516129032258,0.18329203756385548,29591,0.3340558359016042,0.6659441640983959,58886,26595,104,2996,XGBoost,heavy
0.11171717941761017,0.10064498790647676,0.9664516129032258,0.1823049774857004,29768,0.33605400706697824,0.6639459929330218,58709,26772,104,2996,XGBoost,heavy
0.11089436709880829,0.10011353770119548,0.9670967741935483,0.18144404769109723,29946,0.33806346733498155,0.6619365326650184,58533,26948,102,2998,XGBoost,heavy
0.11007106304168701,0.09955847691133021,0.9674193548387097,0.18053757938777357,30123,0.3400616385003556,0.6599383614996444,58357,27124,101,2999,XGBoost,heavy
0.10916518419981003,0.09910891089108911,0.9687096774193549,0.17982035928143714,30300,0.3420598096657297,0.6579401903342703,58184,27297,97,3003,XGBoost,heavy
0.1084943637251854,0.09856613183712308,0.9690322580645161,0.17893200702862078,30477,0.3440579808311037,0.6559420191688963,58008,27473,96,3004,XGBoost,heavy
0.10767855495214462,0.09799699876035754,0.9690322580645161,0.1779937192629022,30654,0.3460561519964778,0.6539438480035222,57831,27650,96,3004,XGBoost,heavy
0.10673384368419647,0.09753170510200772,0.97,0.1772420500427338,30831,0.34805432316185186,0.6519456768381482,57657,27824,93,3007,XGBoost,heavy
0.10601108521223068,0.09700722394220847,0.9703225806451613,0.17638090770493728,31008,0.3500524943272259,0.6499475056727742,57481,28000,92,3008,XGBoost,heavy
0.10515643656253815,0.09651766818444174,0.9709677419354839,0.1755818701510821,31186,0.3520619545952292,0.6479380454047707,57305,28176,90,3010,XGBoost,heavy
0.10439465939998627,0.09597296177023881,0.9709677419354839,0.17468009169253984,31363,0.3540601257606033,0.6459398742393967,57128,28353,90,3010,XGBoost,heavy
0.10353626310825348,0.09543739497130536,0.9709677419354839,0.17379254597419092,31539,0.35604700782334814,0.6439529921766518,56952,28529,90,3010,XGBoost,heavy
0.10275187343358994,0.09496484535107355,0.9716129032258064,0.17301892753539938,31717,0.35805646809135144,0.6419435319086486,56776,28705,88,3012,XGBoost,heavy
0.10204039514064789,0.09443486439880859,0.9716129032258064,0.17213887698242608,31895,0.3600659283593547,0.6399340716406453,56598,28883,88,3012,XGBoost,heavy
0.10134170949459076,0.09391076606491441,0.9716129032258064,0.17126773377306456,32073,0.362075388627358,0.637924611372642,56420,29061,88,3012,XGBoost,heavy
0.1006498709321022,0.09342345973768255,0.9719354838709677,0.1704619388418998,32251,0.3640848488953613,0.6359151511046387,56243,29238,87,3013,XGBoost,heavy
0.09997798502445221,0.09291353151597385,0.9719354838709677,0.16961269984237784,32428,0.3660830200607354,0.6339169799392645,56066,29415,87,3013,XGBoost,heavy
0.09922868758440018,0.09240347164719231,0.9719354838709677,0.16876242753521717,32607,0.3681037694313679,0.6318962305686321,55887,29594,87,3013,XGBoost,heavy
0.09858011454343796,0.09196559297218156,0.9725806451612903,0.16804146694905808,32784,0.37010194059674195,0.629898059403258,55712,29769,85,3015,XGBoost,heavy
0.09790173918008804,0.09146896426187731,0.9725806451612903,0.16721202373689759,32962,0.37211140086474526,0.6278885991352547,55534,29947,85,3015,XGBoost,heavy
0.09719366580247879,0.09098041582425541,0.9725806451612903,0.16639531995916002,33139,0.37410957203011935,0.6258904279698807,55357,30124,85,3015,XGBoost,heavy
0.09647553414106369,0.09052707407852083,0.9729032258064516,0.1656414762741652,33316,0.3761077431954934,0.6238922568045067,55181,30300,84,3016,XGBoost,heavy
0.09588158130645752,0.09008121342410128,0.9732258064516129,0.16489943156974204,33492,0.3780946252582382,0.6219053747417618,55006,30475,83,3017,XGBoost,heavy
0.09517720341682434,0.0896670527785203,0.9738709677419355,0.16421441975577253,33669,0.38009279642361227,0.6199072035763877,54831,30650,81,3019,XGBoost,heavy
0.09450269490480423,0.0892250421012202,0.9741935483870968,0.16347741359244325,33847,0.38210225669161557,0.6178977433083844,54654,30827,80,3020,XGBoost,heavy
0.09385154396295547,0.08879026569480367,0.974516129032258,0.16275185863592284,34024,0.38410042785698967,0.6158995721430103,54478,31003,79,3021,XGBoost,heavy
0.09320270270109177,0.08833075056284904,0.974516129032258,0.16197957159325485,34201,0.3860985990223637,0.6139014009776362,54301,31180,79,3021,XGBoost,heavy
0.09250646084547043,0.08787596718831811,0.974516129032258,0.16121457921980895,34378,0.38809677018773775,0.6119032298122622,54124,31357,79,3021,XGBoost,heavy
0.09182221442461014,0.08748372160324121,0.9751612903225807,0.16056300624087105,34555,0.39009494135311185,0.6099050586468882,53949,31532,77,3023,XGBoost,heavy
0.09116479754447937,0.08703538421673912,0.9751612903225807,0.15980757539714005,34733,0.39210440162111515,0.6078955983788848,53771,31710,77,3023,XGBoost,heavy
0.09038896858692169,0.08659161868751969,0.9751612903225807,0.15905921969956063,34911,0.39411386188911846,0.6058861381108815,53593,31888,77,3023,XGBoost,heavy
0.08973411470651627,0.08614990025648332,0.9751612903225807,0.15831369468447237,35090,0.39613461125975097,0.603865388740249,53414,32067,77,3023,XGBoost,heavy
0.0891561210155487,0.08571752629937335,0.9751612903225807,0.1575833398493497,35267,0.398132782425125,0.6018672175748749,53237,32244,77,3023,XGBoost,heavy
0.08840499073266983,0.08529187709843974,0.9751612903225807,0.15686376255091716,35443,0.40011966448786984,0.5998803355121302,53061,32420,77,3023,XGBoost,heavy
0.08778064697980881,0.08489374245529323,0.9754838709677419,0.1561943131633997,35621,0.40212912475587315,0.5978708752441269,52884,32597,76,3024,XGBoost,heavy
0.08709365129470825,0.0844739929605006,0.9754838709677419,0.15548357242017585,35798,0.40412729592124724,0.5958727040787528,52707,32774,76,3024,XGBoost,heavy
0.08646924793720245,0.08405837387074357,0.9754838709677419,0.1547792706333973,35975,0.4061254670866213,0.5938745329133788,52530,32951,76,3024,XGBoost,heavy
0.08588314056396484,0.08364682451869883,0.9754838709677419,0.15408132069703454,36152,0.4081236382519953,0.5918763617480047,52353,33128,76,3024,XGBoost,heavy
0.08514714986085892,0.08326681163808528,0.9758064516129032,0.1534403611554947,36329,0.4101218094173694,0.5898781905826306,52177,33304,75,3025,XGBoost,heavy
0.08452898263931274,0.08289048375609488,0.9761290322580645,0.1528051305357774,36506,0.41211998058274346,0.5878800194172565,52001,33480,74,3026,XGBoost,heavy
0.08394148200750351,0.08251553810925744,0.9764516129032258,0.15217172732756887,36684,0.41412944085074677,0.5858705591492532,51824,33657,73,3027,XGBoost,heavy
0.08334110677242279,0.08217357098288164,0.9770967741935483,0.1515978078626661,36861,0.41612761201612086,0.5838723879838792,51649,33832,71,3029,XGBoost,heavy
0.08280415087938309,0.08180787299530212,0.9774193548387097,0.15097912202899996,37038,0.4181257831814949,0.5818742168185052,51473,34008,70,3030,XGBoost,heavy
0.08221700042486191,0.08141659501289768,0.9774193548387097,0.15031253100506003,37216,0.4201352434494982,0.5798647565505017,51295,34186,70,3030,XGBoost,heavy
0.0815964937210083,0.08103337612323491,0.9774193548387097,0.14965919193914845,37392,0.42212212551224304,0.577877874487757,51119,34362,70,3030,XGBoost,heavy
0.08103011548519135,0.08065160105406052,0.9774193548387097,0.14900784381224028,37569,0.4241202966776171,0.5758797033223829,50942,34539,70,3030,XGBoost,heavy
0.08047723025083542,0.08032639220049807,0.9780645161290322,0.1484600695294521,37746,0.4261184678429912,0.5738815321570088,50767,34714,68,3032,XGBoost,heavy
0.0799359530210495,0.07997784985365082,0.9783870967741936,0.14786826901981814,37923,0.4281166390083652,0.5718833609916347,50591,34890,67,3033,XGBoost,heavy
0.07937907427549362,0.07960629921259843,0.9783870967741936,0.14723300970873787,38100,0.4301148101737393,0.5698851898262607,50414,35067,67,3033,XGBoost,heavy
0.07877520471811295,0.07923404477650932,0.9783870967741936,0.14659609947074603,38279,0.43213555954437183,0.5678644404556281,50235,35246,67,3033,XGBoost,heavy
0.0781782791018486,0.07897131861559664,0.9796774193548388,0.14616069494910605,38457,0.43414501981237513,0.5658549801876249,50061,35420,63,3037,XGBoost,heavy
0.07760395109653473,0.07863336353047755,0.98,0.1455852402060621,38635,0.43615448008037844,0.5638455199196215,49884,35597,62,3038,XGBoost,heavy
0.07699446380138397,0.07830052561063588,0.9803225806451613,0.14501813323153276,38812,0.4381526512457525,0.5618473487542475,49708,35773,61,3039,XGBoost,heavy
0.0764167532324791,0.07794506142758213,0.9803225806451613,0.14440827769726056,38989,0.4401508224111265,0.5598491775888734,49531,35950,61,3039,XGBoost,heavy
0.07593929767608643,0.07761636071182373,0.9806451612903225,0.14384744599805996,39167,0.4421602826791298,0.5578397173208702,49354,36127,60,3040,XGBoost,heavy
0.07531517744064331,0.07729259861732411,0.9809677419354839,0.14329469418527943,39344,0.4441584538445039,0.5558415461554961,49178,36303,59,3041,XGBoost,heavy
0.07477914541959763,0.07694448661504985,0.9809677419354839,0.14269626014734174,39522,0.4461679141125072,0.5538320858874928,49000,36481,59,3041,XGBoost,heavy
0.07427789270877838,0.07662468513853904,0.9812903225806452,0.14214953271028033,39700,0.4481773743805105,0.5518226256194896,48823,36658,58,3042,XGBoost,heavy
0.07373465597629547,0.07628457506833514,0.9812903225806452,0.14156409242152782,39877,0.45017554554588457,0.5498244544541154,48646,36835,58,3042,XGBoost,heavy
0.0732523649930954,0.07594557483460242,0.9812903225806452,0.14098018769551615,40055,0.4521850058138879,0.5478149941861121,48468,37013,58,3042,XGBoost,heavy
0.07270347326993942,0.07560957423010961,0.9812903225806452,0.14040108000830775,40233,0.4541944660818911,0.5458055339181089,48290,37191,58,3042,XGBoost,heavy
0.07221922278404236,0.07527653361708446,0.9812903225806452,0.13982671048700326,40411,0.45620392634989443,0.5437960736501055,48112,37369,58,3042,XGBoost,heavy
0.07178596407175064,0.07497289839361387,0.9816129032258064,0.1393059879143014,40588,0.4582020975152685,0.5417979024847315,47936,37545,57,3043,XGBoost,heavy
0.07125061005353928,0.07467006819408331,0.9819354838709677,0.138786303743218,40766,0.46021155778327183,0.5397884422167282,47759,37722,56,3044,XGBoost,heavy
0.07082872092723846,0.07437168746794323,0.9822580645161291,0.13827395953954086,40943,0.46220972894864587,0.5377902710513541,47583,37898,55,3045,XGBoost,heavy
0.07039422541856766,0.07405155642023346,0.9822580645161291,0.13772048846675713,41120,0.4642079001140199,0.5357920998859801,47406,38075,55,3045,XGBoost,heavy
0.06987674534320831,0.07378438589693917,0.9829032258064516,0.13726461843409316,41296,0.46619478217676474,0.5338052178232353,47232,38249,53,3047,XGBoost,heavy
0.06940479576587677,0.073491826204369,0.983225806451613,0.13676134069188317,41474,0.46820424244476805,0.5317957575552319,47055,38426,52,3048,XGBoost,heavy
0.06888449937105179,0.07322753355261578,0.9838709677419355,0.13630980313289087,41651,0.47020241361014214,0.5297975863898579,46880,38601,50,3050,XGBoost,heavy
0.06841455399990082,0.07291766280960123,0.9838709677419355,0.13577279202279202,41828,0.4722005847755162,0.5277994152244838,46703,38778,50,3050,XGBoost,heavy
0.06796801835298538,0.07260694646130407,0.9838709677419355,0.13523399915755868,42007,0.4742213341461487,0.5257786658538512,46524,38957,50,3050,XGBoost,heavy
0.06744550168514252,0.07234799099205878,0.984516129032258,0.13479076957049796,42185,0.476230794414152,0.523769205585848,46348,39133,48,3052,XGBoost,heavy
0.06696009635925293,0.07206760616575786,0.9848387096774194,0.13430701889448562,42363,0.4782402546821553,0.5217597453178446,46171,39310,47,3053,XGBoost,heavy
0.06648966670036316,0.07178788021249588,0.9851612903225806,0.13382410937294595,42542,0.4802610040527878,0.5197389959472122,45993,39488,46,3054,XGBoost,heavy
0.06603197008371353,0.07148709065799022,0.9851612903225806,0.1333013247201065,42721,0.4822817534234204,0.5177182465765796,45814,39667,46,3054,XGBoost,heavy
0.06557445228099823,0.07119047064034127,0.9851612903225806,0.13278549533685516,42899,0.4842912136914237,0.5157087863085763,45636,39845,46,3054,XGBoost,heavy
0.06512005627155304,0.07089794781316743,0.9851612903225806,0.13227650727650725,43076,0.48628938485679774,0.5137106151432023,45459,40022,46,3054,XGBoost,heavy
0.064635269343853,0.07060945158605382,0.9851612903225806,0.1317742492233345,43252,0.48827626691954257,0.5117237330804574,45283,40198,46,3054,XGBoost,heavy
0.06417588144540787,0.07032167445715996,0.9851612903225806,0.1312729695458746,43429,0.4902744380849166,0.5097255619150833,45106,40375,46,3054,XGBoost,heavy
0.06375988572835922,0.07003623354584232,0.9851612903225806,0.13077548923050572,43606,0.4922726092502907,0.5077273907497093,44929,40552,46,3054,XGBoost,heavy
0.063351571559906,0.0697987803485371,0.9858064516129033,0.130367084017661,43783,0.49427078041566475,0.5057292195843353,44754,40727,44,3056,XGBoost,heavy
0.06288991868495941,0.06953732769209772,0.9861290322580645,0.12991373082316945,43962,0.4962915297862973,0.5037084702137027,44576,40905,43,3057,XGBoost,heavy
0.06247418746352196,0.06925690983235161,0.9861290322580645,0.12942421676545302,44140,0.49830099005430056,0.5016990099456995,44398,41083,43,3057,XGBoost,heavy
0.062094077467918396,0.06897718811345022,0.9861290322580645,0.12893565870220797,44319,0.5003217394249331,0.4996782605750669,44219,41262,43,3057,XGBoost,heavy
0.061661891639232635,0.06872527867673499,0.9864516129032258,0.12849819312547273,44496,0.5023199105903072,0.49768008940969277,44043,41438,42,3058,XGBoost,heavy
0.06126246973872185,0.06845144826968706,0.9864516129032258,0.1280194247917277,44674,0.5043293708583104,0.4956706291416896,43865,41616,42,3058,XGBoost,heavy
0.06081908568739891,0.0681813114534793,0.9864516129032258,0.1275468707639048,44851,0.5063275420236846,0.4936724579763154,43688,41793,42,3058,XGBoost,heavy
0.060420650988817215,0.067911790179662,0.9864516129032258,0.1270751521951422,45029,0.5083370022916879,0.4916629977083121,43510,41971,42,3058,XGBoost,heavy
0.06000369042158127,0.0676680086714153,0.9867741935483871,0.12665093363143298,45206,0.5103351734570619,0.4896648265429381,43334,42147,41,3059,XGBoost,heavy
0.059593308717012405,0.06744964964082675,0.9874193548387097,0.12627366857802896,45382,0.5123220555198067,0.4876779444801933,43160,42321,39,3061,XGBoost,heavy
0.059166837483644485,0.06718612818261634,0.9874193548387097,0.1258117550349363,45560,0.51433151578781,0.48566848421219,42982,42499,39,3061,XGBoost,heavy
0.0587778203189373,0.06692612108358659,0.9874193548387097,0.12535577533427522,45737,0.516329686953184,0.48367031304681596,42805,42676,39,3061,XGBoost,heavy
0.05837520211935043,0.0666681186566189,0.9874193548387097,0.12490308891337171,45914,0.5183278581185582,0.4816721418814418,42628,42853,39,3061,XGBoost,heavy
0.0579131580889225,0.0664120978065132,0.9874193548387097,0.12445366022239843,46091,0.5203260292839322,0.47967397071606777,42451,43030,39,3061,XGBoost,heavy
0.05752872675657272,0.06617964900146969,0.987741935483871,0.1240479662939556,46268,0.5223242004493063,0.4776757995506937,42275,43206,38,3062,XGBoost,heavy
0.0571507066488266,0.06592744105931747,0.987741935483871,0.12360480371379554,46445,0.5243223716146803,0.4756776283853197,42098,43383,38,3062,XGBoost,heavy
0.05677230656147003,0.06567714812749346,0.987741935483871,0.12316479626724593,46622,0.5263205427800545,0.47367945721994553,41921,43560,38,3062,XGBoost,heavy
0.05635906010866165,0.06542874847753156,0.987741935483871,0.1227279103789655,46799,0.5283187139454285,0.4716812860545715,41744,43737,38,3062,XGBoost,heavy
0.05592939257621765,0.06520350817438691,0.9880645161290322,0.1223340522405943,46976,0.5303168851108025,0.46968311488919745,41568,43913,37,3063,XGBoost,heavy
0.05552077293395996,0.06495737371166815,0.9880645161290322,0.12190074421936563,47154,0.5323263453788059,0.46767365462119415,41390,44091,37,3063,XGBoost,heavy
0.05513019114732742,0.06471582505810268,0.9880645161290322,0.12147531231409876,47330,0.5343132274415506,0.46568677255844937,41214,44267,37,3063,XGBoost,heavy
0.0547633096575737,0.06447470899025406,0.9880645161290322,0.1210504475665422,47507,0.5363113986069248,0.4636886013930752,41037,44444,37,3063,XGBoost,heavy
0.05442548170685768,0.06423538293767302,0.9880645161290322,0.12062854442344047,47684,0.5383095697722988,0.4616904302277012,40860,44621,37,3063,XGBoost,heavy
0.05405838042497635,0.0639964899084869,0.9880645161290322,0.12020721321769162,47862,0.5403190300403021,0.45968096995969787,40682,44799,37,3063,XGBoost,heavy
0.05369110032916069,0.06375936719400499,0.9880645161290322,0.11978881501759875,48040,0.5423284903083054,0.45767150969169457,40504,44977,37,3063,XGBoost,heavy
0.05327630788087845,0.06354605222224527,0.9883870967741936,0.11941461893719432,48217,0.5443266614736795,0.4556733385263205,40328,45153,36,3064,XGBoost,heavy
0.05290312319993973,0.06331363392156053,0.9883870967741936,0.11900415582397952,48394,0.5463248326390535,0.4536751673609465,40151,45330,36,3064,XGBoost,heavy
0.05254119634628296,0.06310349797204093,0.9887096774193549,0.1186352112403476,48571,0.5483230038044276,0.45167699619557244,39975,45506,35,3065,XGBoost,heavy
0.05213012173771858,0.06289488799540494,0.9890322580645161,0.11826878568122202,48748,0.5503211749698016,0.4496788250301984,39799,45682,34,3066,XGBoost,heavy
0.05180378258228302,0.06266734798160449,0.9890322580645161,0.11786641037962517,48925,0.5523193461351757,0.44768065386482425,39622,45859,34,3066,XGBoost,heavy
0.051449794322252274,0.06246181418272168,0.9893548387096774,0.11750507643385312,49102,0.5543175173005498,0.4456824826994502,39446,46035,33,3067,XGBoost,heavy
0.05107817053794861,0.062238727221072286,0.9893548387096774,0.117110237122456,49278,0.5563043993632946,0.44369560063670543,39270,46211,33,3067,XGBoost,heavy
0.050717923790216446,0.06201472015528955,0.9893548387096774,0.11671360073064921,49456,0.5583138596312979,0.44168614036870213,39092,46389,33,3067,XGBoost,heavy
0.05038159340620041,0.06181371265085729,0.9896774193548387,0.11635977471412588,49633,0.560312030796672,0.439687969203328,38916,46565,32,3068,XGBoost,heavy
0.04996165260672569,0.061594057418189116,0.9896774193548387,0.11597051597051596,49810,0.5623102019620461,0.43768979803795394,38739,46742,32,3068,XGBoost,heavy
0.04962731897830963,0.06137472993518445,0.9896774193548387,0.11558167570825799,49988,0.5643196622300494,0.43568033776995063,38561,46920,32,3068,XGBoost,heavy
0.04926082491874695,0.061175673251340525,0.99,0.11523081833029832,50167,0.5663404116006818,0.4336595883993182,38383,47098,31,3069,XGBoost,heavy
0.04891957342624664,0.060959380276094946,0.99,0.11484703901206848,50345,0.5683498718686851,0.43165012813131487,38205,47276,31,3069,XGBoost,heavy
0.04857068136334419,0.06076320164674214,0.9903225806451613,0.11450096971505296,50524,0.5703706212393177,0.4296293787606823,38027,47454,30,3070,XGBoost,heavy
0.04825058951973915,0.06055107394331473,0.9903225806451613,0.11412427278303378,50701,0.5723687924046917,0.42763120759530826,37850,47631,30,3070,XGBoost,heavy
0.04791947081685066,0.060339236227127106,0.9903225806451613,0.11374793901332,50879,0.574378252672695,0.42562174732730496,37672,47809,30,3070,XGBoost,heavy
0.047600872814655304,0.06013005327483548,0.9903225806451613,0.11337617253859221,51056,0.5763764238380691,0.4236235761619309,37495,47986,30,3070,XGBoost,heavy
0.047274503856897354,0.059943004372267336,0.9906451612903225,0.11304571891334757,51232,0.578363305900814,0.421636694099186,37320,48161,29,3071,XGBoost,heavy
0.04696839675307274,0.059735460027232054,0.9906451612903225,0.11267657310585213,51410,0.5803727661688173,0.4196272338311827,37142,48339,29,3071,XGBoost,heavy
0.046651992946863174,0.05953050187062632,0.9906451612903225,0.11231188399436795,51587,0.5823709373341913,0.4176290626658087,36965,48516,29,3071,XGBoost,heavy
0.04631618782877922,0.05936558225793988,0.9912903225806452,0.11202245552639253,51764,0.5843691084995654,0.41563089150043464,36790,48691,27,3073,XGBoost,heavy
0.045985255390405655,0.05916328141545215,0.9912903225806452,0.11166221543939972,51941,0.5863672796649394,0.4136327203350606,36613,48868,27,3073,XGBoost,heavy
0.04561024159193039,0.058962354656740476,0.9912903225806452,0.11130428483465538,52118,0.5883654508303136,0.41163454916968645,36436,49045,27,3073,XGBoost,heavy
0.045288603752851486,0.05878078629340676,0.9916129032258064,0.11098274243627698,52296,0.5903749110983167,0.40962508890168325,36259,49222,26,3074,XGBoost,heavy
0.04496411979198456,0.058601566519924535,0.9919354838709677,0.11066525111115111,52473,0.5923730822636909,0.4076269177363091,36083,49398,25,3075,XGBoost,heavy
0.044668830931186676,0.058403449127272036,0.9919354838709677,0.11031192265609585,52651,0.5943825425316942,0.4056174574683058,35905,49576,25,3075,XGBoost,heavy
0.044370200484991074,0.05822669796320133,0.9922580645161291,0.1099985695894722,52828,0.5963807136970682,0.40361928630293176,35729,49752,24,3076,XGBoost,heavy
0.04406091943383217,0.058032261107442695,0.9922580645161291,0.10965154620800284,53005,0.5983788848624423,0.4016211151375577,35552,49929,24,3076,XGBoost,heavy
0.04370948299765587,0.05784020608864068,0.9922580645161291,0.10930864767861269,53181,0.6003657669251872,0.39963423307481283,35376,50105,24,3076,XGBoost,heavy
0.043385498225688934,0.057648337643839725,0.9922580645161291,0.10896595699458003,53358,0.6023639380905612,0.3976360619094388,35199,50282,24,3076,XGBoost,heavy
0.04312155023217201,0.05745773792845802,0.9922580645161291,0.10862540831641211,53535,0.6043621092559353,0.39563789074406475,35022,50459,24,3076,XGBoost,heavy
0.04285299777984619,0.05728701221328567,0.9925806451612903,0.10832218545377736,53712,0.6063602804213093,0.3936397195786907,34846,50635,23,3077,XGBoost,heavy
0.0425296276807785,0.05711528826705758,0.9929032258064516,0.10801705532452492,53891,0.6083810297919419,0.39161897020805814,34668,50813,22,3078,XGBoost,heavy
0.04222191870212555,0.05692831249537619,0.9929032258064516,0.10768261964735518,54068,0.6103792009573159,0.3896207990426841,34491,50990,22,3078,XGBoost,heavy
0.04190082475543022,0.05677837997271688,0.9935483870967742,0.1074181285529941,54246,0.6123886612253192,0.3876113387746808,34315,51166,20,3080,XGBoost,heavy
0.04164564609527588,0.056593719567094795,0.9935483870967742,0.1070875997427116,54423,0.6143868323906932,0.38561316760930675,34138,51343,20,3080,XGBoost,heavy
0.04136479273438454,0.05640922327429901,0.9935483870967742,0.10675724857454809,54601,0.6163962926586966,0.38360370734130345,33960,51521,20,3080,XGBoost,heavy
0.041087910532951355,0.05622592599353767,0.9935483870967742,0.1064289293180601,54779,0.6184057529266999,0.38159424707330014,33782,51699,20,3080,XGBoost,heavy
0.04082223027944565,0.05604279631718767,0.9935483870967742,0.10610079575596819,54958,0.6204265022973324,0.3795734977026676,33603,51878,20,3080,XGBoost,heavy
0.040552277117967606,0.0558638952370588,0.9935483870967742,0.10578012844729882,55134,0.6224133843600772,0.3775866156399228,33427,52054,20,3080,XGBoost,heavy
0.0402740053832531,0.05568512592431885,0.9935483870967742,0.10545958809128418,55311,0.6244115555254512,0.37558844447454875,33250,52231,20,3080,XGBoost,heavy
0.04000188782811165,0.05550749711649366,0.9935483870967742,0.1051409845019458,55488,0.6264097266908254,0.3735902733091746,33073,52408,20,3080,XGBoost,heavy
0.039744384586811066,0.05533000395214314,0.9935483870967742,0.1048225164210598,55666,0.6284191869588286,0.3715808130411714,32895,52586,20,3080,XGBoost,heavy
0.039444707334041595,0.055172537292050926,0.9938709677419355,0.10454167585633578,55843,0.6304173581242027,0.36958264187579726,32719,52762,19,3081,XGBoost,heavy
0.03918639197945595,0.05501508362935328,0.9941935483870967,0.10426075337020686,56021,0.632426818392206,0.36757318160779395,32542,52939,18,3082,XGBoost,heavy
0.03887728601694107,0.054841809317057545,0.9941935483870967,0.10394954298627272,56198,0.6344249895575801,0.3655750104424199,32365,53116,18,3082,XGBoost,heavy
0.038592420518398285,0.05466962305986696,0.9941935483870967,0.10364018495166036,56375,0.6364231607229541,0.36357683927704587,32188,53293,18,3082,XGBoost,heavy
0.03834370896220207,0.0545161974819635,0.9945161290322581,0.10336619057198415,56552,0.6384213318883282,0.36157866811167183,32012,53469,17,3083,XGBoost,heavy
0.038107980042696,0.05434610164113593,0.9945161290322581,0.1030603887746745,56729,0.6404195030537022,0.3595804969462978,31835,53646,17,3083,XGBoost,heavy
0.03784525394439697,0.05417611190187499,0.9945161290322581,0.10275467862082757,56907,0.6424289633217055,0.3575710366782945,31657,53824,17,3083,XGBoost,heavy
0.037559401243925095,0.05400718227205045,0.9945161290322581,0.10245077677162084,57085,0.6444384235897088,0.3555615764102912,31479,54002,17,3083,XGBoost,heavy
0.03727363795042038,0.05384024309315078,0.9945161290322581,0.10215035949769724,57262,0.646436594755083,0.35356340524491703,31302,54179,17,3083,XGBoost,heavy
0.037010375410318375,0.05367339832869081,0.9945161290322581,0.10185001651800463,57440,0.6484460550230862,0.35155394497691383,31124,54357,17,3083,XGBoost,heavy
0.036725178360939026,0.05352494012287827,0.9948387096774194,0.10158437366184657,57618,0.6504555152910895,0.34954448470891053,30947,54534,16,3084,XGBoost,heavy
0.036448027938604355,0.05336009412416084,0.9948387096774194,0.10128744088281662,57796,0.6524649755590928,0.3475350244409072,30769,54712,16,3084,XGBoost,heavy
0.03621179983019829,0.05319717799665361,0.9948387096774194,0.10099389255481146,57973,0.6544631467244669,0.3455368532755331,30592,54889,16,3084,XGBoost,heavy
0.03593797609210014,0.053034341627830994,0.9948387096774194,0.10070039672821669,58151,0.6564726069924701,0.3435273930075299,30414,55067,16,3084,XGBoost,heavy
0.03568841889500618,0.05287159266243786,0.9948387096774194,0.1004069672798307,58330,0.6584933563631027,0.3415066436368973,30235,55246,16,3084,XGBoost,heavy
0.035395100712776184,0.05271164134206163,0.9948387096774194,0.10011849302838963,58507,0.6604915275284767,0.33950847247152327,30058,55423,16,3084,XGBoost,heavy
0.03512493893504143,0.052569695317292615,0.9951612903225806,0.09986404247054252,58684,0.6624896986938508,0.33751030130614923,29882,55599,15,3085,XGBoost,heavy
0.034847650676965714,0.05241161380200812,0.9951612903225806,0.09957876728910121,58861,0.6644878698592249,0.3355121301407751,29705,55776,15,3085,XGBoost,heavy
0.03459777310490608,0.052255365279401056,0.9951612903225806,0.09929671532259363,59037,0.6664747519219697,0.3335252480780303,29529,55952,15,3085,XGBoost,heavy
0.0343509167432785,0.05209916573783227,0.9951612903225806,0.09901466765092917,59214,0.6684729230873437,0.33152707691265626,29352,56129,15,3085,XGBoost,heavy
0.034090761095285416,0.05196073479146672,0.9954838709677419,0.09876622233601638,59391,0.6704710942527179,0.3295289057472821,29176,56305,14,3086,XGBoost,heavy
0.03385244682431221,0.051804599630686586,0.9954838709677419,0.09848412318493698,59570,0.6724918436233503,0.32750815637664965,28997,56484,14,3086,XGBoost,heavy
0.033588957041502,0.05164939998995799,0.9954838709677419,0.09820363092491527,59749,0.6745125929939829,0.3254874070060171,28818,56663,14,3086,XGBoost,heavy
0.033320970833301544,0.05149684611020258,0.9954838709677419,0.09792783930441405,59926,0.676510764159357,0.32348923584064304,28641,56840,14,3086,XGBoost,heavy
0.03309078887104988,0.05136182886045622,0.9958064516129033,0.0976852364602946,60103,0.678508935324731,0.321491064675269,28465,57016,13,3087,XGBoost,heavy
0.03282474726438522,0.05121101526211015,0.9958064516129033,0.09741243294414641,60280,0.6805071064901052,0.31949289350989485,28288,57193,13,3087,XGBoost,heavy
0.03256092220544815,0.05106024016672731,0.9958064516129033,0.09713962050410647,60458,0.6825165667581083,0.31748343324189165,28110,57371,13,3087,XGBoost,heavy
0.0323195606470108,0.0509111899068195,0.9958064516129033,0.09686985172981878,60635,0.6845147379234825,0.3154852620765175,27933,57548,13,3087,XGBoost,heavy
0.03206934779882431,0.05076300730119056,0.9958064516129033,0.09660157716860683,60812,0.6865129090888565,0.31348709091114346,27756,57725,13,3087,XGBoost,heavy
0.031830426305532455,0.050615684795618884,0.9958064516129033,0.0963347844403876,60989,0.6885110802542306,0.3114889197457694,27579,57902,13,3087,XGBoost,heavy
0.03159764036536217,0.050469214923323416,0.9958064516129033,0.09606946130146578,61166,0.6905092514196046,0.3094907485803954,27402,58079,13,3087,XGBoost,heavy
0.031333815306425095,0.050323590303702134,0.9958064516129033,0.09580559564266096,61343,0.6925074225849788,0.30749257741502123,27225,58256,13,3087,XGBoost,heavy
0.031094135716557503,0.050178803641092326,0.9958064516129033,0.09554317548746517,61520,0.6945055937503528,0.3054944062496472,27048,58433,13,3087,XGBoost,heavy
0.030867990106344223,0.0500348477235522,0.9958064516129033,0.09528218899023103,61697,0.6965037649157269,0.30349623508427315,26871,58610,13,3087,XGBoost,heavy
0.03062639944255352,0.04989171542166338,0.9958064516129033,0.09502262443438914,61874,0.6985019360811009,0.3014980639188991,26694,58787,13,3087,XGBoost,heavy
0.030416948720812798,0.049765515463086815,0.9961290322580645,0.09479516814784117,62051,0.7005001072464749,0.29949989275352507,26518,58963,12,3088,XGBoost,heavy
0.03015146031975746,0.04962396348910458,0.9961290322580645,0.09453832965956406,62228,0.7024982784118491,0.2975017215881509,26341,59140,12,3088,XGBoost,heavy
0.029932184144854546,0.04948321448601875,0.9961290322580645,0.09428287916952904,62405,0.7044964495772231,0.2955035504227769,26164,59317,12,3088,XGBoost,heavy
0.0297218207269907,0.04934168477566151,0.9961290322580645,0.09402594239084099,62584,0.7065171989478556,0.2934828010521444,25985,59496,12,3088,XGBoost,heavy
0.02950521744787693,0.04920253023374389,0.9961290322580645,0.09377324972290126,62761,0.7085153701132297,0.29148462988677026,25808,59673,12,3088,XGBoost,heavy
0.029246866703033447,0.04906493795382684,0.9961290322580645,0.09352332783136726,62937,0.7105022521759745,0.2894977478240255,25632,59849,12,3088,XGBoost,heavy
0.029016446322202682,0.04892733783312736,0.9961290322580645,0.09327332588274383,63114,0.7125004233413486,0.28749957665865145,25455,60026,12,3088,XGBoost,heavy
0.028761185705661774,0.04879050733911615,0.9961290322580645,0.0930246569565152,63291,0.7144985945067227,0.2855014054932773,25278,60203,12,3088,XGBoost,heavy
0.02855009399354458,0.048654440032772424,0.9961290322580645,0.09277731041942075,63468,0.7164967656720967,0.28350323432790325,25101,60380,12,3088,XGBoost,heavy
0.028323397040367126,0.04851912954670438,0.9961290322580645,0.09253127575099258,63645,0.7184949368374708,0.2815050631625292,24924,60557,12,3088,XGBoost,heavy
0.028118448331952095,0.04840023816238914,0.9964516129032258,0.09231642808045187,63822,0.7204931080028448,0.27950689199715517,24748,60733,11,3089,XGBoost,heavy
0.0279063917696476,0.04826637916217441,0.9964516129032258,0.09207290719682858,63999,0.7224912791682189,0.27750872083178113,24571,60910,11,3089,XGBoost,heavy
0.027687150985002518,0.048133258539017704,0.9964516129032258,0.09183066769724718,64176,0.724489450333593,0.275510549666407,24394,61087,11,3089,XGBoost,heavy
0.027451572939753532,0.04800012431239705,0.9964516129032258,0.09158834168470364,64354,0.7264989106015963,0.2735010893984037,24216,61265,11,3089,XGBoost,heavy
0.027229640632867813,0.04786846631851358,0.9964516129032258,0.091348641894989,64531,0.7284970817669704,0.27150291823302963,24039,61442,11,3089,XGBoost,heavy
0.027052873745560646,0.04773679086371293,0.9964516129032258,0.09110884985768852,64709,0.7305065420349737,0.26949345796502633,23861,61620,11,3089,XGBoost,heavy
0.026832450181245804,0.04760730523233413,0.9964516129032258,0.09087298668824005,64885,0.7324934240977184,0.26750657590228155,23685,61796,11,3089,XGBoost,heavy
0.02660490944981575,0.04749170047952785,0.9967741935483871,0.09066369344522036,65064,0.734514173468351,0.265485826531649,23507,61974,10,3090,XGBoost,heavy
0.026369985193014145,0.0473621286901076,0.9967741935483871,0.0904275555295426,65242,0.7365236337363543,0.2634763662636457,23329,62152,10,3090,XGBoost,heavy
0.026152219623327255,0.0472339840107614,0.9967741935483871,0.09019396079919438,65419,0.7385218049017284,0.26147819509827164,23152,62329,10,3090,XGBoost,heavy
0.025960516184568405,0.04710653088602964,0.9967741935483871,0.08996156981483638,65596,0.7405199760671024,0.2594800239328976,22975,62506,10,3090,XGBoost,heavy
0.025758981704711914,0.0469797637328387,0.9967741935483871,0.08973037329577628,65773,0.7425181472324764,0.25748185276752356,22798,62683,10,3090,XGBoost,heavy
0.02556494064629078,0.046852966596412485,0.9967741935483871,0.08949906590780726,65951,0.7445276075004797,0.25547239249952025,22620,62861,10,3090,XGBoost,heavy
0.02535361982882023,0.04672755867408662,0.9967741935483871,0.08927023747616572,66128,0.7465257786658539,0.2534742213341461,22443,63038,10,3090,XGBoost,heavy
0.025173641741275787,0.04661790211899555,0.9970967741935484,0.08907139255096895,66305,0.7485239498312279,0.25147605016877206,22267,63214,9,3091,XGBoost,heavy
0.024963339790701866,0.04649378779218435,0.9970967741935484,0.08884481618809463,66482,0.750522120996602,0.24947787900339802,22090,63391,9,3091,XGBoost,heavy
0.024744734168052673,0.046370332588247645,0.9970967741935484,0.08861938961280981,66659,0.752520292161976,0.24747970783802398,21913,63568,9,3091,XGBoost,heavy
0.02451375313103199,0.046247531270572746,0.9970967741935484,0.08839510409517273,66836,0.7545184633273501,0.24548153667264994,21736,63745,9,3091,XGBoost,heavy
0.0243060402572155,0.04612606697307945,0.9970967741935484,0.08817320858055683,67012,0.756505345390095,0.24349465460990505,21560,63921,9,3091,XGBoost,heavy
0.024115920066833496,0.04601943770557681,0.9974193548387097,0.08797962696865798,67189,0.758503516555469,0.241496483444531,21384,64097,8,3092,XGBoost,heavy
0.023902548477053642,0.045898524478223436,0.9974193548387097,0.08775863537024949,67366,0.760501687720843,0.23949831227915697,21207,64274,8,3092,XGBoost,heavy
0.023723993450403214,0.04577756721544475,0.9974193548387097,0.08753751203216127,67544,0.7625111479888463,0.23748885201115366,21029,64452,8,3092,XGBoost,heavy
0.02349884808063507,0.04565791999527473,0.9974193548387097,0.08731873314412392,67721,0.7645093191542204,0.23549068084577962,20852,64629,8,3092,XGBoost,heavy
0.023307304829359055,0.04553889658016436,0.9974193548387097,0.08710104509986197,67898,0.7665074903195945,0.23349250968040547,20675,64806,8,3092,XGBoost,heavy
0.02309449203312397,0.045419824901580585,0.9974193548387097,0.08688321906260538,68076,0.7685169505875978,0.23148304941240216,20497,64984,8,3092,XGBoost,heavy
0.02289183996617794,0.04531668937629115,0.997741935483871,0.08669572407607248,68253,0.7705151217529719,0.22948487824702812,20321,65160,7,3093,XGBoost,heavy
0.022691182792186737,0.045198152910918866,0.997741935483871,0.08647877872840126,68432,0.7725358711236043,0.22746412887639567,20142,65339,7,3093,XGBoost,heavy
0.022514473646879196,0.04509546713307098,0.9980645161290322,0.08629200948263839,68610,0.7745453313916076,0.22545466860839236,19965,65516,6,3094,XGBoost,heavy
0.02231713756918907,0.044979429252620405,0.9980645161290322,0.08607954150263607,68787,0.7765435025569818,0.2234564974430182,19788,65693,6,3094,XGBoost,heavy
0.02212858572602272,0.04486463755927091,0.9980645161290322,0.08586930879924509,68963,0.7785303846197266,0.22146961538027343,19612,65869,6,3094,XGBoost,heavy
0.021959245204925537,0.04474978304888632,0.9980645161290322,0.08565891472868217,69140,0.7805285557851006,0.2194714442148994,19435,66046,6,3094,XGBoost,heavy
0.021769795566797256,0.044649941572774354,0.9983870967741936,0.0854771669635583,69317,0.7825267269504748,0.21747327304952524,19259,66222,5,3095,XGBoost,heavy
0.021587645635008812,0.044536218954154314,0.9983870967741936,0.08526875499352563,69494,0.7845248981158488,0.2154751018841512,19082,66399,5,3095,XGBoost,heavy
0.0214015431702137,0.044423074162851114,0.9983870967741936,0.0850613568591884,69671,0.7865230692812228,0.21347693071877716,18905,66576,5,3095,XGBoost,heavy
0.021206084638834,0.04431050280609323,0.9983870967741936,0.08485496518067664,69848,0.7885212404465969,0.21147875955340312,18728,66753,5,3095,XGBoost,heavy
0.021012701094150543,0.04419850053552303,0.9983870967741936,0.08464957264957265,70025,0.7905194116119709,0.20948058838802908,18551,66930,5,3095,XGBoost,heavy
0.020843520760536194,0.04408706304663685,0.9983870967741936,0.08444517202804835,70202,0.7925175827773451,0.20748241722265492,18374,67107,5,3095,XGBoost,heavy
0.0206245556473732,0.043975561238988346,0.9983870967741936,0.08424060968971148,70380,0.7945270430453484,0.20547295695465162,18196,67285,5,3095,XGBoost,heavy
0.020438628271222115,0.04386524370367221,0.9983870967741936,0.08403817695534707,70557,0.7965252142107224,0.20347478578927758,18019,67462,5,3095,XGBoost,heavy
0.020258765667676926,0.04375547827070433,0.9983870967741936,0.08383671479264297,70734,0.7985233853760965,0.20147661462390354,17842,67639,5,3095,XGBoost,heavy
0.020063791424036026,0.04364687632209843,0.9983870967741936,0.08363734630455343,70910,0.8005102674388412,0.19948973256115876,17666,67815,5,3095,XGBoost,heavy
0.019888712093234062,0.04353819967082589,0.9983870967741936,0.0834377990753097,71087,0.8025084386042154,0.1974915613957846,17489,67992,5,3095,XGBoost,heavy
0.019704541191458702,0.04343006286484059,0.9983870967741936,0.08323920176429454,71264,0.8045066097695894,0.19549339023041057,17312,68169,5,3095,XGBoost,heavy
0.019530020654201508,0.04332246189163086,0.9983870967741936,0.08304154760467394,71441,0.8065047809349635,0.19349521906503653,17135,68346,5,3095,XGBoost,heavy
0.01933743804693222,0.04321539277835181,0.9983870967741936,0.08284482989373378,71618,0.8085029521003375,0.1914970478996625,16958,68523,5,3095,XGBoost,heavy
0.019135575741529465,0.04310825115605326,0.9983870967741936,0.08264793847468489,71796,0.8105124123683408,0.18948758763165918,16780,68701,5,3095,XGBoost,heavy
0.018952561542391777,0.04300223694996735,0.9983870967741936,0.08245307900310365,71973,0.8125105835337149,0.18748941646628514,16603,68878,5,3095,XGBoost,heavy
0.018777839839458466,0.04289614835553215,0.9983870967741936,0.08225804308248394,72151,0.8145200438017182,0.18547995619828184,16425,69056,5,3095,XGBoost,heavy
0.018601587042212486,0.042791173542749694,0.9983870967741936,0.08206501564405791,72328,0.8165182149670923,0.18348178503290768,16248,69233,5,3095,XGBoost,heavy
0.01838703267276287,0.04268671126129232,0.9983870967741936,0.08187289200449704,72505,0.8185163861324664,0.18148361386753364,16071,69410,5,3095,XGBoost,heavy
0.018223462626338005,0.04258217189714238,0.9983870967741936,0.081680587994669,72683,0.8205258464004697,0.17947415359953034,15893,69588,5,3095,XGBoost,heavy
0.018040234223008156,0.04247930935093811,0.9983870967741936,0.08149133084953726,72859,0.8225127284632144,0.17748727153678556,15717,69764,5,3095,XGBoost,heavy
0.017856406047940254,0.04237520194967003,0.9983870967741936,0.08129974519950615,73038,0.824533477833847,0.175466522166153,15538,69943,5,3095,XGBoost,heavy
0.017661860212683678,0.04227275831455303,0.9983870967741936,0.08111118390879905,73215,0.826531648999221,0.17346835100077895,15361,70120,5,3095,XGBoost,heavy
0.017488038167357445,0.04218385949613723,0.9987096774193548,0.08094858353051912,73393,0.8285411092672244,0.17145889073277565,15184,70297,4,3096,XGBoost,heavy
0.01730317622423172,0.04208237053146663,0.9987096774193548,0.08076170601278204,73570,0.8305392804325984,0.1694607195674016,15007,70474,4,3096,XGBoost,heavy
0.017122754827141762,0.0419813687336434,0.9987096774193548,0.08057568935677385,73747,0.8325374515979724,0.16746254840202757,14830,70651,4,3096,XGBoost,heavy
0.016962770372629166,0.041880284071694286,0.9987096774193548,0.08038948393378774,73925,0.8345469118659757,0.16545308813402426,14652,70829,4,3096,XGBoost,heavy
0.016799096018075943,0.04177968503299462,0.9987096774193548,0.0802041371449296,74103,0.836556372133979,0.16344362786602096,14474,71007,4,3096,XGBoost,heavy
0.016604479402303696,0.04168012924071082,0.9987096774193548,0.08002067717756527,74280,0.8385545432993531,0.16144545670064692,14297,71184,4,3096,XGBoost,heavy
0.01643647812306881,0.04159336010421843,0.9990322580645161,0.0798617826428912,74459,0.8405752926699857,0.15942470733001435,14119,71362,3,3097,XGBoost,heavy
0.01626407355070114,0.041494721046143955,0.9990322580645161,0.07967994236904395,74636,0.8425734638353597,0.1574265361646403,13942,71539,3,3097,XGBoost,heavy
0.016091320663690567,0.041396548728162216,0.9990322580645161,0.07949892829181265,74813,0.8445716350007338,0.15542836499926616,13765,71716,3,3097,XGBoost,heavy
0.01591990701854229,0.041298839845312706,0.9990322580645161,0.07931873479318735,74990,0.8465698061661079,0.15343019383389211,13588,71893,3,3097,XGBoost,heavy
0.015749847516417503,0.04120159112376442,0.9990322580645161,0.07913935630597826,75167,0.8485679773314819,0.15143202266851807,13411,72070,3,3097,XGBoost,heavy
0.015581401996314526,0.0411047993204502,0.9990322580645161,0.07896078731324256,75344,0.850566148496856,0.14943385150314403,13234,72247,3,3097,XGBoost,heavy
0.015410879626870155,0.0410079182225047,0.9990322580645161,0.07878202029966166,75522,0.8525756087648593,0.14742439123514073,13056,72425,3,3097,XGBoost,heavy
0.015249494463205338,0.0409114927344782,0.9990322580645161,0.07860406091370557,75700,0.8545850690328626,0.14541493096713742,12878,72603,3,3097,XGBoost,heavy
0.01507633738219738,0.04081605756685162,0.9990322580645161,0.07842789672942756,75877,0.8565832401982366,0.14341675980176338,12701,72780,3,3097,XGBoost,heavy
0.01487950049340725,0.04071999579257389,0.9990322580645161,0.07825054323108796,76056,0.8586039895688692,0.14139601043113081,12522,72959,3,3097,XGBoost,heavy
0.014708580449223518,0.04062438512494261,0.9990322580645161,0.078073990042226,76235,0.8606247389395018,0.13937526106049825,12343,73138,3,3097,XGBoost,heavy
0.014551263302564621,0.040530283201591376,0.9990322580645161,0.0779001911661133,76412,0.8626229101048758,0.1373770898951242,12166,73315,3,3097,XGBoost,heavy
0.014364056289196014,0.04043661622426197,0.9990322580645161,0.07772716435141613,76589,0.8646210812702498,0.13537891872975016,11989,73492,3,3097,XGBoost,heavy
0.014196108095347881,0.0403433811843785,0.9990322580645161,0.07755490446497884,76766,0.8666192524356239,0.13338074756437612,11812,73669,3,3097,XGBoost,heavy
0.014027448371052742,0.040250575101048826,0.9990322580645161,0.07738340641904976,76943,0.8686174236009979,0.13138257639900208,11635,73846,3,3097,XGBoost,heavy
0.013857299461960793,0.04015819502074689,0.9990322580645161,0.07721266517078036,77120,0.8706155947663721,0.12938440523362793,11458,74023,3,3097,XGBoost,heavy
0.013691126368939877,0.040066238016999364,0.9990322580645161,0.0770426757217309,77297,0.8726137659317461,0.1273862340682539,11281,74200,3,3097,XGBoost,heavy
0.01349917147308588,0.03997470119007667,0.9990322580645161,0.07687343311738279,77474,0.8746119370971202,0.12538806290287985,11104,74377,3,3097,XGBoost,heavy
0.013344621285796165,0.039882554440910205,0.9990322580645161,0.07670303270466731,77653,0.8766326864677527,0.12336731353224728,10925,74556,3,3097,XGBoost,heavy
0.013170195743441582,0.03979083153458732,0.9990322580645161,0.07653338605248851,77832,0.8786534358383852,0.12134656416161482,10746,74735,3,3097,XGBoost,heavy
0.013012991286814213,0.0396995295535245,0.9990322580645161,0.07636448817053174,78011,0.8806741852090177,0.11932581479098225,10567,74914,3,3097,XGBoost,heavy
0.012844011187553406,0.03960915218253207,0.9990322580645161,0.07619727146354364,78189,0.882683645477021,0.11731635452297895,10389,75092,3,3097,XGBoost,heavy
0.012670489959418774,0.039518681094324215,0.9990322580645161,0.07602985221191143,78368,0.8847043948476535,0.11529560515234649,10210,75271,3,3097,XGBoost,heavy
0.012527483515441418,0.03942912433478471,0.9990322580645161,0.07586409622026799,78546,0.8867138551156568,0.11328614488434319,10032,75449,3,3097,XGBoost,heavy
0.012343313544988632,0.03934097202814969,0.9990322580645161,0.07570091173523014,78722,0.8887007371784017,0.1112992628215983,9856,75625,3,3097,XGBoost,heavy
0.012195316143333912,0.03925271549702784,0.9990322580645161,0.07553750655495799,78899,0.8906989083437757,0.10930109165622426,9679,75802,3,3097,XGBoost,heavy
0.012025585398077965,0.03916485406444433,0.9990322580645161,0.07537480529595016,79076,0.8926970795091498,0.10730292049085022,9502,75979,3,3097,XGBoost,heavy
0.011857113800942898,0.039076892018068486,0.9990322580645161,0.07521189013284116,79254,0.8947065397771531,0.10529346022284691,9324,76157,3,3097,XGBoost,heavy
0.011686161160469055,0.03898883335641358,0.9990322580645161,0.0750487683714393,79433,0.8967272891477857,0.10327271085221434,9145,76336,3,3097,XGBoost,heavy
0.011514817364513874,0.03890214797136038,0.9990322580645161,0.074888163462701,79610,0.8987254603131597,0.1012745396868403,8968,76513,3,3097,XGBoost,heavy
0.01137624867260456,0.038815847193151766,0.9990322580645161,0.07472824447742107,79787,0.9007236314785337,0.09927636852146626,8791,76690,3,3097,XGBoost,heavy
0.011211993172764778,0.038729928467810516,0.9990322580645161,0.0745690070307233,79964,0.9027218026439079,0.09727819735609211,8614,76867,3,3097,XGBoost,heavy
0.01104811578989029,0.03864342487803052,0.9990322580645161,0.07440865898634119,80143,0.9047425520145403,0.09525744798545965,8435,77046,3,3097,XGBoost,heavy
0.010878464207053185,0.03855778688014343,0.9990322580645161,0.07424988911664929,80321,0.9067520122825437,0.09324798771745635,8257,77224,3,3097,XGBoost,heavy
0.010677637532353401,0.03848542820939651,0.9993548387096775,0.0741166056604225,80498,0.9087501834479177,0.09124981655208231,8081,77400,2,3098,XGBoost,heavy
0.010511331260204315,0.038401467635173665,0.9993548387096775,0.07396089478835917,80674,0.9107370655106626,0.08926293448933742,7905,77576,2,3098,XGBoost,heavy
0.010354525409638882,0.03831739867163053,0.9993548387096775,0.07380495765386952,80851,0.9127352366760366,0.08726476332396338,7728,77753,2,3098,XGBoost,heavy
0.010158556513488293,0.038233696993631834,0.9993548387096775,0.07364967668314949,81028,0.9147334078414107,0.08526659215858934,7551,77930,2,3098,XGBoost,heavy
0.009998012334108353,0.0381503601994951,0.9993548387096775,0.07349504774331296,81205,0.9167315790067847,0.0832684209932153,7374,78107,2,3098,XGBoost,heavy
0.00983334705233574,0.03806645040794259,0.9993548387096775,0.07333933052412292,81384,0.9187523283774173,0.08124767162258273,7195,78286,2,3098,XGBoost,heavy
0.009678928181529045,0.03798290891703346,0.9993548387096775,0.07318427175980062,81563,0.9207730777480498,0.07922692225195016,7016,78465,2,3098,XGBoost,heavy
0.009506501257419586,0.03790019696358009,0.9993548387096775,0.07303072806779741,81741,0.9227825380160531,0.07721746198394686,6838,78643,2,3098,XGBoost,heavy
0.009336724877357483,0.0378173828125,0.9993548387096775,0.07287697012467656,81920,0.9248032873866856,0.0751967126133144,6659,78822,2,3098,XGBoost,heavy
0.009171199053525925,0.03773538941265317,0.9993548387096775,0.07272471184769594,82098,0.9268127476546889,0.0731872523453111,6481,79000,2,3098,XGBoost,heavy
0.008993031457066536,0.037654208447280464,0.9993548387096775,0.07257393850658858,82275,0.928810918820063,0.07118908117993705,6304,79177,2,3098,XGBoost,heavy
0.008815724402666092,0.03757337602483869,0.9993548387096775,0.0724237890405835,82452,0.9308090899854371,0.0691909100145629,6127,79354,2,3098,XGBoost,heavy
0.008630161173641682,0.03749334366074454,0.9993548387096775,0.07227510265024262,82628,0.9327959720481819,0.06720402795181812,5951,79530,2,3098,XGBoost,heavy
0.008473608642816544,0.0374131996860093,0.9993548387096775,0.07212618590303242,82805,0.9347941432135559,0.06520585678644408,5774,79707,2,3098,XGBoost,heavy
0.00829222984611988,0.03733294771218201,0.9993548387096775,0.07197704540966277,82983,0.9368036034815592,0.06319639651844078,5596,79885,2,3098,XGBoost,heavy
0.00809832476079464,0.037253487253487254,0.9993548387096775,0.07182935311847902,83160,0.9388017746469333,0.06119822535306674,5419,80062,2,3098,XGBoost,heavy
0.007901701144874096,0.03717436432796957,0.9993548387096775,0.07168226569640317,83337,0.9407999458123074,0.059200054187692586,5242,80239,2,3098,XGBoost,heavy
0.007699897512793541,0.03709557678952032,0.9993548387096775,0.07153577943519523,83514,0.9427981169776815,0.057201883022318545,5065,80416,2,3098,XGBoost,heavy
0.007518935017287731,0.03701712251018628,0.9993548387096775,0.07138989065686535,83691,0.9447962881430555,0.055203711856944504,4888,80593,2,3098,XGBoost,heavy
0.007302691228687763,0.03693899937997806,0.9993548387096775,0.07124459571336583,83868,0.9467944593084295,0.05320554069157046,4711,80770,2,3098,XGBoost,heavy
0.0071145170368254185,0.036861205306680946,0.9993548387096775,0.07109989098628723,84045,0.9487926304738037,0.05120736952619631,4534,80947,2,3098,XGBoost,heavy
0.00695565203204751,0.03678373821566812,0.9993548387096775,0.07095577288655781,84222,0.9507908016391777,0.04920919836082227,4357,81124,2,3098,XGBoost,heavy
0.00677560456097126,0.03670616113744076,0.9993548387096775,0.07081142857142858,84400,0.952800261907181,0.047199738092818966,4179,81302,2,3098,XGBoost,heavy
0.006583940237760544,0.036629776768823306,0.9993548387096775,0.07066928235777178,84576,0.9547871439699258,0.04521285603007419,4003,81478,2,3098,XGBoost,heavy
0.0063858637586236,0.03655327835002891,0.9993548387096775,0.07052690289460804,84753,0.9567853151352999,0.04321468486470015,3826,81655,2,3098,XGBoost,heavy
0.006168392486870289,0.036477098787236546,0.9993548387096775,0.0703850959900034,84930,0.958783486300674,0.041216513699325996,3649,81832,2,3098,XGBoost,heavy
0.005971594713628292,0.03640123609103834,0.9993548387096775,0.07024385819719524,85107,0.960781657466048,0.039218342533951955,3472,82009,2,3098,XGBoost,heavy
0.005806205328553915,0.03632568828854181,0.9993548387096775,0.07010318609703113,85284,0.9627798286314221,0.037220171368577915,3295,82186,2,3098,XGBoost,heavy
0.00560291251167655,0.03625002925276731,0.9993548387096775,0.06996228630789729,85462,0.9647892888994254,0.03521071110057461,3117,82364,2,3098,XGBoost,heavy
0.005410450045019388,0.03618678405866486,0.9996774193548387,0.0698452765976628,85639,0.9667874600647994,0.03321253993520057,2941,82540,1,3099,XGBoost,heavy
0.005210005212575197,0.036112146918989466,0.9996774193548387,0.06970623959692294,85816,0.9687856312301735,0.031214368769826528,2764,82717,1,3099,XGBoost,heavy
0.005019027274101973,0.03603781703161885,0.9996774193548387,0.0695677550424837,85993,0.9707838023955476,0.029216197604452376,2587,82894,1,3099,XGBoost,heavy
0.004806386772543192,0.035963792503191365,0.9996774193548387,0.06942981964825809,86170,0.9727819735609217,0.027218026439078336,2410,83071,1,3099,XGBoost,heavy
0.004574628546833992,0.03589007145586992,0.9996774193548387,0.06929243015416951,86347,0.9747801447262957,0.025219855273704295,2233,83248,1,3099,XGBoost,heavy
0.004356712568551302,0.03581706598245553,0.9996774193548387,0.06915635495352754,86523,0.9767670267890406,0.023232973210959407,2057,83424,1,3099,XGBoost,heavy
0.00413879007101059,0.0357439446366782,0.9996774193548387,0.06902004454342986,86700,0.9787651979544146,0.021234802045585366,1880,83601,1,3099,XGBoost,heavy
0.0039139664731919765,0.035671121240374325,0.9996774193548387,0.06888427042466408,86877,0.9807633691197887,0.019236630880211325,1703,83778,1,3099,XGBoost,heavy
0.0036306786350905895,0.03559859397615273,0.9996774193548387,0.06874902943851631,87054,0.9827615402851627,0.017238459714837284,1526,83955,1,3099,XGBoost,heavy
0.0033511719666421413,0.03553782485584253,1.0,0.06863645924433473,87231,0.9847597114505368,0.015240288549463243,1350,84131,0,3100,XGBoost,heavy
0.0030537392012774944,0.03546586124839832,1.0,0.06850223184690857,87408,0.9867578826159109,0.013242117384089092,1173,84308,0,3100,XGBoost,heavy
0.002732139779254794,0.03539418850259748,1.0,0.06836852842256162,87585,0.988756053781285,0.01124394621871505,996,84485,0,3100,XGBoost,heavy
0.0023412483278661966,0.03532280485859483,1.0,0.06823534590918096,87762,0.990754224946659,0.00924577505334101,819,84662,0,3100,XGBoost,heavy
0.001902532996609807,0.03525170857071379,1.0,0.06810268126846736,87939,0.992752396112033,0.007247603887966969,642,84839,0,3100,XGBoost,heavy
0.001407420844770968,0.035180897907304005,1.0,0.06797053148570426,88116,0.9947505672774071,0.005249432722592928,465,85016,0,3100,XGBoost,heavy
0.0006524308701045811,0.03511037115060084,1.0,0.0678388935695294,88293,0.9967487384427812,0.0032512615572187764,288,85193,0,3100,XGBoost,heavy
6.814092193963006e-05,0.03499621815061921,1.0,0.06762578942201765,88581,1.0,0.0,0,85481,0,3100,XGBoost,heavy
0.22722388405092175,0.0,0.0,0.0,1,1.1289102629232002e-05,0.9999887108973707,85480,1,3100,0,HeavyLightGBM,heavy
0.2159243959318032,0.8125854993160054,0.19161290322580646,0.3101018010963195,731,0.008252334021968594,0.9917476659780314,85344,137,2506,594,HeavyLightGBM,heavy
0.21343006722346372,0.7796954314720812,0.24774193548387097,0.3760097919216646,985,0.011119766089793523,0.9888802339102065,85264,217,2332,768,HeavyLightGBM,heavy
0.2108927833633295,0.7502116850127011,0.28580645161290325,0.4139219808455969,1181,0.013332430205122994,0.986667569794877,85186,295,2214,886,HeavyLightGBM,heavy
0.20744821982870681,0.7045454545454546,0.34,0.45865970409051354,1496,0.016888497533331076,0.9831115024666689,85039,442,2046,1054,HeavyLightGBM,heavy
0.2040003020366017,0.6774386594853381,0.36516129032258066,0.4745336407461748,1671,0.018864090493446676,0.9811359095065533,84942,539,1968,1132,HeavyLightGBM,heavy
0.20060573801586817,0.6564215148188803,0.3858064516129032,0.485981308411215,1822,0.02056874499046071,0.9794312550095393,84855,626,1904,1196,HeavyLightGBM,heavy
0.19749738596822577,0.6400409626216078,0.4032258064516129,0.4947555907381753,1953,0.0220476174348901,0.9779523825651099,84778,703,1850,1250,HeavyLightGBM,heavy
0.1955159545313876,0.6212906264719736,0.42548387096774193,0.505073712425809,2123,0.023966764881859542,0.9760332351181404,84677,804,1781,1319,HeavyLightGBM,heavy
0.19365612974331192,0.6,0.45193548387096777,0.5155473781048757,2335,0.026360054639256725,0.9736399453607433,84547,934,1699,1401,HeavyLightGBM,heavy
0.19224392692023828,0.5822887181560857,0.4645161290322581,0.5167773192176567,2473,0.02791795080209074,0.9720820491979093,84448,1033,1660,1440,HeavyLightGBM,heavy
0.19041753534549047,0.5577063550036523,0.4925806451612903,0.5231243576567317,2738,0.030909562998837223,0.9690904370011628,84270,1211,1573,1527,HeavyLightGBM,heavy
0.18878230483922337,0.5444482877896921,0.5077419354838709,0.5254548489400768,2891,0.03263679570110972,0.9673632042988902,84164,1317,1526,1574,HeavyLightGBM,heavy
0.18716859862913776,0.5260770975056689,0.5238709677419355,0.5249717148860514,3087,0.03484945981643919,0.9651505401835608,84018,1463,1476,1624,HeavyLightGBM,heavy
0.18578363794128158,0.5192007492975336,0.5364516129032258,0.52768522925591,3203,0.0361589957214301,0.9638410042785699,83941,1540,1437,1663,HeavyLightGBM,heavy
0.1840142993284548,0.5092647937836222,0.5496774193548387,0.5286999689730065,3346,0.03777333739741028,0.9622266626025897,83839,1642,1396,1704,HeavyLightGBM,heavy
0.18266395089439905,0.49320113314447594,0.5616129032258065,0.5251885369532429,3530,0.03985053228118897,0.960149467718811,83692,1789,1359,1741,HeavyLightGBM,heavy
0.18142469848972667,0.4857377948436643,0.5712903225806452,0.5250518825970946,3646,0.04116006818617988,0.9588399318138201,83606,1875,1329,1771,HeavyLightGBM,heavy
0.18004438889874252,0.47046632124352333,0.5858064516129032,0.5218390804597701,3860,0.04357593614883553,0.9564240638511645,83437,2044,1284,1816,HeavyLightGBM,heavy
0.17851450892859458,0.4629303845187233,0.5941935483870968,0.5204124876394971,3979,0.04491933936171414,0.9550806606382859,83344,2137,1258,1842,HeavyLightGBM,heavy
0.1765946216977705,0.45002414292612264,0.6012903225806452,0.5147749240541286,4142,0.04675946309027895,0.953240536909721,83203,2278,1236,1864,HeavyLightGBM,heavy
0.1751614729088099,0.4412039197386841,0.61,0.5120498239913349,4286,0.04838509386888836,0.9516149061311117,83086,2395,1209,1891,HeavyLightGBM,heavy
0.17368689650479474,0.43494003168137585,0.62,0.5112381965686926,4419,0.04988654451857622,0.9501134554814238,82984,2497,1178,1922,HeavyLightGBM,heavy
0.1722043947538728,0.42407002188183807,0.6251612903225806,0.5053455019556715,4570,0.05159119901559025,0.9484088009844097,82849,2632,1162,1938,HeavyLightGBM,heavy
0.17032963369423978,0.4140261934938741,0.632258064516129,0.500382946132244,4734,0.053442611846784296,0.9465573881532157,82707,2774,1140,1960,HeavyLightGBM,heavy
0.16881095703593293,0.40236204439014456,0.6374193548387097,0.4933216826863063,4911,0.055440783012158365,0.9445592169878416,82546,2935,1124,1976,HeavyLightGBM,heavy
0.1671176644006218,0.3972194637537239,0.6451612903225806,0.4917025199754148,5035,0.056840631738183135,0.9431593682618169,82446,3035,1100,2000,HeavyLightGBM,heavy
0.1655185520785526,0.3887605850654349,0.6516129032258065,0.4869816779170684,5196,0.05865817726148948,0.9413418227385105,82305,3176,1080,2020,HeavyLightGBM,heavy
0.16393845868524554,0.38190672410563775,0.6577419354838709,0.4832326104988743,5339,0.06027251893746966,0.9397274810625303,82181,3300,1061,2039,HeavyLightGBM,heavy
0.1623985650769015,0.37300435413642963,0.6632258064516129,0.47747329307942404,5512,0.0622255336923268,0.9377744663076732,82025,3456,1044,2056,HeavyLightGBM,heavy
0.16100542124900008,0.3662522202486678,0.6651612903225806,0.4723940435280641,5630,0.06355764780257617,0.9364423521974239,81913,3568,1038,2062,HeavyLightGBM,heavy
0.1598354669532652,0.3608839394466678,0.6690322580645162,0.4688595003956143,5747,0.06487847281019632,0.9351215271898037,81808,3673,1026,2074,HeavyLightGBM,heavy
0.15876925604693282,0.35457488498892487,0.6712903225806451,0.464042814137585,5869,0.06625574333096262,0.9337442566690374,81693,3788,1019,2081,HeavyLightGBM,heavy
0.15761037795765948,0.3481949758775578,0.6751612903225807,0.45944462737350455,6011,0.06785879590431357,0.9321412040956865,81563,3918,1007,2093,HeavyLightGBM,heavy
0.1566238448761049,0.3425504229017567,0.6793548387096774,0.4554498269896194,6148,0.06940540296451835,0.9305945970354816,81439,4042,994,2106,HeavyLightGBM,heavy
0.15569667984271587,0.3372480558641485,0.6854838709677419,0.4520795660036166,6301,0.07113263566679084,0.9288673643332092,81305,4176,975,2125,HeavyLightGBM,heavy
0.154650911002437,0.3324035332403533,0.6919354838709677,0.4490735894483408,6453,0.07284857926643411,0.9271514207335659,81173,4308,955,2145,HeavyLightGBM,heavy
0.1535971930304359,0.3271651751858031,0.6958064516129032,0.4450634478489631,6593,0.07442905363452659,0.9255709463654734,81045,4436,943,2157,HeavyLightGBM,heavy
0.15259365084253645,0.3229120142920947,0.6996774193548387,0.44188652337781403,6717,0.07582890236055136,0.9241710976394486,80933,4548,931,2169,HeavyLightGBM,heavy
0.15149844115154917,0.31785766264008153,0.704516129032258,0.4380704041720991,6871,0.07756742416545309,0.9224325758345469,80794,4687,916,2184,HeavyLightGBM,heavy
0.15030538368020224,0.31324786324786325,0.7093548387096774,0.4345849802371542,7020,0.07924950045720866,0.9207504995427913,80660,4821,901,2199,HeavyLightGBM,heavy
0.14912391546932266,0.30883382332353354,0.7116129032258065,0.4307331836376062,7143,0.08063806008060419,0.9193619399193959,80544,4937,894,2206,HeavyLightGBM,heavy
0.14793550000805483,0.3049772507927754,0.7135483870967742,0.427315753887762,7253,0.08187986136981971,0.9181201386301803,80440,5041,888,2212,HeavyLightGBM,heavy
0.14686220311811923,0.3011102085025724,0.7174193548387097,0.42418462712187677,7386,0.08338131201950758,0.9166186879804924,80319,5162,876,2224,HeavyLightGBM,heavy
0.14578233609880753,0.29744476976310885,0.7209677419354839,0.42114188807235725,7514,0.08482631715604927,0.9151736828439507,80202,5279,865,2235,HeavyLightGBM,heavy
0.14481223298624818,0.2936164634945602,0.7225806451612903,0.4175598844253891,7629,0.08612456395841095,0.913875436041589,80092,5389,860,2240,HeavyLightGBM,heavy
0.1440037993282228,0.2894702925634747,0.724516129032258,0.413666083433097,7759,0.0875921473002111,0.9124078526997889,79968,5513,854,2246,HeavyLightGBM,heavy
0.14290237277802387,0.28573237118622613,0.7280645161290322,0.4104009455405037,7899,0.08917262166830359,0.9108273783316965,79839,5642,843,2257,HeavyLightGBM,heavy
0.1418941934806724,0.2818825282503415,0.7322580645161291,0.407065363579306,8053,0.09091114347320531,0.9090888565267947,79698,5783,830,2270,HeavyLightGBM,heavy
0.14098121969821975,0.2787426614481409,0.7351612903225806,0.4042213550904576,8176,0.09229970309660085,0.9077002969033992,79584,5897,821,2279,HeavyLightGBM,heavy
0.13998787541694482,0.27527347036903477,0.7387096774193549,0.4010859094491637,8319,0.09391404477258103,0.906085955227419,79452,6029,810,2290,HeavyLightGBM,heavy
0.13906949052244996,0.2715772050130054,0.7409677419354839,0.3974736113514449,8458,0.09548323003804428,0.9045167699619557,79320,6161,803,2297,HeavyLightGBM,heavy
0.1380992749630588,0.2675860470506432,0.7448387096774194,0.3937249552391508,8629,0.09741366658764294,0.9025863334123571,79161,6320,791,2309,HeavyLightGBM,heavy
0.13725365926169214,0.26466216988681834,0.7467741935483871,0.3908162403984131,8747,0.09874578069789232,0.9012542193021077,79049,6432,785,2315,HeavyLightGBM,heavy
0.13660304489924413,0.26085001124353496,0.7483870967741936,0.3868600967150242,8894,0.10040527878438943,0.8995947212156106,78907,6574,780,2320,HeavyLightGBM,heavy
0.13577199043708427,0.2574717733008634,0.7503225806451613,0.3833855282676776,9034,0.10198575315248191,0.8980142468475181,78773,6708,774,2326,HeavyLightGBM,heavy
0.1349934015224893,0.25353030632196394,0.7529032258064516,0.37932715748415413,9206,0.10392747880470982,0.8960725211952902,78609,6872,766,2334,HeavyLightGBM,heavy
0.13427897341250988,0.2505616775435969,0.7554838709677419,0.3763155780509359,9347,0.10551924227543152,0.8944807577245685,78476,7005,758,2342,HeavyLightGBM,heavy
0.13341143930157157,0.247574862927035,0.7574193548387097,0.3731722822631914,9484,0.10706584933563632,0.8929341506643637,78345,7136,752,2348,HeavyLightGBM,heavy
0.13269393332601231,0.24502966586863745,0.7593548387096775,0.37050444636814356,9607,0.10845440895903184,0.8915455910409682,78228,7253,746,2354,HeavyLightGBM,heavy
0.13180117205951705,0.24107689169895982,0.7625806451612903,0.36634123663412366,9806,0.11070094038224902,0.889299059617751,78039,7442,736,2364,HeavyLightGBM,heavy
0.13099647029711292,0.23832010449110821,0.7651612903225806,0.36344135447789777,9953,0.11236043846874612,0.8876395615312539,77900,7581,728,2372,HeavyLightGBM,heavy
0.13025577805791308,0.23590710599444223,0.766774193548387,0.3608075288403157,10076,0.11374899809214166,0.8862510019078583,77782,7699,723,2377,HeavyLightGBM,heavy
0.12950416075912996,0.23316671567186123,0.7674193548387097,0.35766368488310907,10203,0.11518271412605412,0.8848172858739459,77657,7824,721,2379,HeavyLightGBM,heavy
0.12873623696450417,0.23078412391093903,0.7690322580645161,0.35502606105733436,10330,0.11661643015996659,0.8833835698400334,77535,7946,716,2384,HeavyLightGBM,heavy
0.12793673252607995,0.22842639593908629,0.7693548387096775,0.35226349604903623,10441,0.11786952055181134,0.8821304794481887,77425,8056,715,2385,HeavyLightGBM,heavy
0.12707842596729158,0.2265151515151515,0.7716129032258064,0.35021961932650075,10560,0.11921292376468995,0.88078707623531,77313,8168,708,2392,HeavyLightGBM,heavy
0.1262373007530788,0.224250936329588,0.7725806451612903,0.3476052249637155,10680,0.12056761608019778,0.8794323839198022,77196,8285,705,2395,HeavyLightGBM,heavy
0.1255860221388785,0.22282961178541646,0.7758064516129032,0.34621751961419417,10793,0.121843284677301,0.878156715322699,77093,8388,695,2405,HeavyLightGBM,heavy
0.12476643467943396,0.22062328139321724,0.7764516129032258,0.34361170592433976,10910,0.12316410968492114,0.8768358903150788,76978,8503,693,2407,HeavyLightGBM,heavy
0.12414665882214655,0.21848131052583944,0.7787096774193548,0.3412255283058873,11049,0.12473329495038439,0.8752667050496156,76846,8635,686,2414,HeavyLightGBM,heavy
0.12343882964503874,0.216124419020379,0.78,0.33846584546472563,11188,0.12630248021584764,0.8736975197841523,76711,8770,682,2418,HeavyLightGBM,heavy
0.12281610201672655,0.21378823944282818,0.782258064516129,0.3358028110503358,11343,0.1280522911233786,0.8719477088766214,76563,8918,675,2425,HeavyLightGBM,heavy
0.12206451758581566,0.2111024237685692,0.7838709677419354,0.3326261036205599,11511,0.12994886036508957,0.8700511396349104,76400,9081,670,2430,HeavyLightGBM,heavy
0.12132027799425874,0.20926435201100035,0.785483870967742,0.33048317046688386,11636,0.13135999819374358,0.8686400018062564,76280,9201,665,2435,HeavyLightGBM,heavy
0.12063864654602564,0.2070488322717622,0.7864516129032258,0.3277983193277311,11775,0.13292918345920682,0.8670708165407932,76144,9337,662,2438,HeavyLightGBM,heavy
0.12007232952183587,0.20525741160661795,0.7883870967741935,0.3257146664889718,11907,0.13441934500626546,0.8655806549937346,76018,9463,656,2444,HeavyLightGBM,heavy
0.11935004307630899,0.20359132097431207,0.79,0.32374909114944805,12029,0.13579661552703176,0.8642033844729682,75901,9580,651,2449,HeavyLightGBM,heavy
0.11875826393066002,0.20222405271828667,0.7919354838709678,0.32217847769028873,12140,0.1370497059188765,0.8629502940811236,75796,9685,645,2455,HeavyLightGBM,heavy
0.11805448071850336,0.20052189513169696,0.7932258064516129,0.32011976827442556,12263,0.13843826554227204,0.861561734457728,75677,9804,641,2459,HeavyLightGBM,heavy
0.11755217688650495,0.19877231241418303,0.7938709677419354,0.31793811769265556,12381,0.13977037965252143,0.8602296203474786,75561,9920,639,2461,HeavyLightGBM,heavy
0.11692648044059949,0.1958058622607038,0.7951612903225806,0.31423290203327175,12589,0.14211851299940167,0.8578814870005983,75357,10124,635,2465,HeavyLightGBM,heavy
0.11634616106488785,0.19386474187980543,0.7970967741935484,0.3118768143380033,12746,0.1438909021121911,0.8561090978878089,75206,10275,629,2471,HeavyLightGBM,heavy
0.1158567258342165,0.19203601645579446,0.7980645161290323,0.30957892761058625,12883,0.1454375091723959,0.8545624908276042,75072,10409,626,2474,HeavyLightGBM,heavy
0.11540466200390266,0.19035532994923857,0.7983870967741935,0.30741522792199727,13002,0.1467809123852745,0.8532190876147255,74954,10527,625,2475,HeavyLightGBM,heavy
0.11465509200653208,0.188751046502778,0.8,0.30543752694131415,13139,0.14832751944547928,0.8516724805545207,74822,10659,620,2480,HeavyLightGBM,heavy
0.11410269782714907,0.1876837265395342,0.8032258064516129,0.3042707887823059,13267,0.14977252458202098,0.850227475417979,74704,10777,610,2490,HeavyLightGBM,heavy
0.11357171612729826,0.18616624384420236,0.8048387096774193,0.30238758938310506,13402,0.1512965534369673,0.8487034465630328,74574,10907,605,2495,HeavyLightGBM,heavy
0.11302135285183165,0.18508103307925702,0.8067741935483871,0.301089508216457,13513,0.15254964382881206,0.8474503561711879,74469,11012,599,2501,HeavyLightGBM,heavy
0.11256130263867481,0.184011734506784,0.8093548387096774,0.29985061248879596,13635,0.15392691434957836,0.8460730856504216,74355,11126,591,2509,HeavyLightGBM,heavy
0.11203164386280651,0.1822006237760209,0.8103225806451613,0.2975069580150411,13787,0.1556428579492216,0.8443571420507784,74206,11275,588,2512,HeavyLightGBM,heavy
0.11161697451518496,0.18089693833548945,0.8119354838709677,0.2958739861290702,13914,0.15707657398313407,0.8429234260168659,74084,11397,583,2517,HeavyLightGBM,heavy
0.11112537391529395,0.1789645621759818,0.8129032258064516,0.29334730225248823,14081,0.15896185412221583,0.8410381458777841,73920,11561,580,2520,HeavyLightGBM,heavy
0.11055731194870368,0.17806869369369369,0.8161290322580645,0.2923503582158539,14208,0.1603955701561283,0.8396044298438717,73803,11678,570,2530,HeavyLightGBM,heavy
0.11005434062408365,0.17672112833403156,0.8164516129032258,0.2905521754104007,14322,0.16168252785586074,0.8383174721441393,73690,11791,569,2531,HeavyLightGBM,heavy
0.10955620788331037,0.1755344911091123,0.8183870967741935,0.28906739588674296,14453,0.16316140030029014,0.8368385996997099,73565,11916,563,2537,HeavyLightGBM,heavy
0.10901194755231408,0.17421124828532236,0.8193548387096774,0.2873303167420814,14580,0.1645951163342026,0.8354048836657975,73441,12040,560,2540,HeavyLightGBM,heavy
0.10850556854512311,0.17275252354176546,0.8225806451612904,0.28553832372207605,14761,0.16663844391009358,0.8333615560899064,73270,12211,550,2550,HeavyLightGBM,heavy
0.10809481560834648,0.17163978494623655,0.8238709677419355,0.28409343715239155,14880,0.1679818471229722,0.8320181528770279,73155,12326,546,2554,HeavyLightGBM,heavy
0.10766497246956866,0.17056588682263546,0.8254838709677419,0.28271557200464015,15003,0.16937040674636772,0.8306295932536323,73037,12444,541,2559,HeavyLightGBM,heavy
0.10721392547566844,0.16923483896567687,0.8254838709677419,0.28088469348553863,15121,0.1707025208566171,0.8292974791433829,72919,12562,541,2559,HeavyLightGBM,heavy
0.1067691918183527,0.16797797010228166,0.8264516129032258,0.2792066259808195,15252,0.1721813933010465,0.8278186066989535,72791,12690,538,2562,HeavyLightGBM,heavy
0.1062982660677509,0.1669591213361929,0.8287096774193549,0.277925028398334,15387,0.17370542215599283,0.8262945778440072,72663,12818,531,2569,HeavyLightGBM,heavy
0.10591895967994995,0.166042849767682,0.83,0.27672617767261776,15496,0.17493593434257912,0.8250640656574209,72558,12923,527,2573,HeavyLightGBM,heavy
0.1054728296123808,0.16511881124703773,0.8316129032258065,0.27553037994976753,15613,0.17625675935019924,0.8237432406498008,72446,13035,522,2578,HeavyLightGBM,heavy
0.10510633284284737,0.16433566433566432,0.8338709677419355,0.2745618693574084,15730,0.1775775843578194,0.8224224156421807,72336,13145,515,2585,HeavyLightGBM,heavy
0.10466581434330964,0.16349977905435262,0.8354838709677419,0.2734808088274114,15841,0.17883067474966416,0.8211693252503358,72230,13251,510,2590,HeavyLightGBM,heavy
0.10421349956067315,0.16245691005954246,0.8361290322580646,0.27205457885069534,15955,0.1801176324493966,0.8198823675506034,72118,13363,508,2592,HeavyLightGBM,heavy
0.10373822081996598,0.1614868224763799,0.8380645161290322,0.2707942464040025,16088,0.18161908309908445,0.8183809169009155,71991,13490,502,2598,HeavyLightGBM,heavy
0.10324051801844059,0.16066038317008563,0.8412903225806452,0.2697977551337092,16233,0.1832560029803231,0.8167439970196769,71856,13625,492,2608,HeavyLightGBM,heavy
0.10280557509060968,0.15912693573954395,0.8419354838709677,0.26766485488667824,16402,0.1851638613246633,0.8148361386753367,71689,13792,490,2610,HeavyLightGBM,heavy
0.10244283284269763,0.15826728779720492,0.8438709677419355,0.2665443985939171,16529,0.18659757735857577,0.8134024226414243,71568,13913,484,2616,HeavyLightGBM,heavy
0.10198820780370084,0.1574140831530882,0.8451612903225807,0.2653970826580227,16644,0.18789582416093745,0.8121041758390626,71457,14024,480,2620,HeavyLightGBM,heavy
0.10149289935412736,0.15635626081250373,0.8454838709677419,0.2639077682122539,16763,0.18923922737381604,0.810760772626184,71339,14142,479,2621,HeavyLightGBM,heavy
0.10111373807610725,0.15524682234702927,0.8470967741935483,0.26240319760179864,16915,0.19095517097345932,0.8090448290265406,71192,14289,474,2626,HeavyLightGBM,heavy
0.10066719457855379,0.15429744793194486,0.8483870967741935,0.26110697443534375,17045,0.1924227543152595,0.8075772456847405,71066,14415,470,2630,HeavyLightGBM,heavy
0.10022670862350111,0.15336244541484717,0.8496774193548388,0.2598273736128237,17175,0.19389033765705965,0.8061096623429403,70940,14541,466,2634,HeavyLightGBM,heavy
0.09981499825199898,0.1524316197305268,0.8503225806451613,0.25852008041975183,17293,0.195222451767309,0.804777548232691,70824,14657,464,2636,HeavyLightGBM,heavy
0.09939357940543044,0.1514298840013782,0.8506451612903225,0.2570927171687628,17414,0.19658843318544608,0.803411566814554,70704,14777,463,2637,HeavyLightGBM,heavy
0.09897644687835674,0.15063024011863343,0.8519354838709677,0.25599767362962245,17533,0.1979318363983247,0.8020681636016753,70589,14892,459,2641,HeavyLightGBM,heavy
0.0986050726051875,0.14986406887177164,0.8535483870967742,0.2549624205049143,17656,0.19932039602172022,0.8006796039782798,70471,15010,454,2646,HeavyLightGBM,heavy
0.09820293668200535,0.1489134707170532,0.8554838709677419,0.2536706681333397,17809,0.20104762872399273,0.7989523712760073,70324,15157,448,2652,HeavyLightGBM,heavy
0.09774782618827565,0.1477835252238723,0.8570967741935483,0.2520992456947673,17979,0.20296677617096218,0.7970332238290379,70159,15322,443,2657,HeavyLightGBM,heavy
0.09739428717851564,0.14692074012703674,0.8580645161290322,0.2508842254185334,18105,0.2043892031022454,0.7956107968977546,70036,15445,440,2660,HeavyLightGBM,heavy
0.09702789356264505,0.14614878209348256,0.8593548387096774,0.24981245311327835,18228,0.20577776272564094,0.794222237274359,69917,15564,436,2664,HeavyLightGBM,heavy
0.09667445844883917,0.14519995641277106,0.8596774193548387,0.24843851962338026,18354,0.20720018965692416,0.7927998103430758,69792,15689,435,2665,HeavyLightGBM,heavy
0.0962682674993424,0.1445665710108831,0.8612903225806452,0.24757754184245906,18469,0.20849843645928584,0.7915015635407141,69682,15799,430,2670,HeavyLightGBM,heavy
0.09586929787989837,0.14398666092943202,0.8635483870967742,0.24681910381707542,18592,0.20988699608268138,0.7901130039173186,69566,15915,423,2677,HeavyLightGBM,heavy
0.09551173722312366,0.14320076972418216,0.8641935483870967,0.2456896551724138,18708,0.2111965319876723,0.7888034680123277,69452,16029,421,2679,HeavyLightGBM,heavy
0.09514571056982361,0.1424551343315281,0.8654838709677419,0.2446430199689979,18834,0.21261895891895552,0.7873810410810445,69330,16151,417,2683,HeavyLightGBM,heavy
0.09470108783124916,0.14167326471364475,0.8658064516129033,0.24350192787480152,18945,0.21387204931080028,0.7861279506891997,69220,16261,416,2684,HeavyLightGBM,heavy
0.09428964121348897,0.1408502385071028,0.8667741935483871,0.24232312756459395,19077,0.21536221085785892,0.7846377891421411,69091,16390,413,2687,HeavyLightGBM,heavy
0.09384193730180239,0.14006039779235654,0.867741935483871,0.2411907110194566,19206,0.21681850509702982,0.7831814949029702,68965,16516,410,2690,HeavyLightGBM,heavy
0.0934680053575762,0.13930991671408618,0.8687096774193548,0.24011412776960459,19331,0.21822964292568384,0.7817703570743162,68843,16638,407,2693,HeavyLightGBM,heavy
0.09310401195017952,0.13846074804767777,0.8693548387096774,0.23887608580039002,19464,0.21973109357537168,0.7802689064246283,68712,16769,405,2695,HeavyLightGBM,heavy
0.09275769581121342,0.13775848863926474,0.8703225806451613,0.23786643156270665,19585,0.22109707499350878,0.7789029250064912,68594,16887,402,2698,HeavyLightGBM,heavy
0.0923776831072063,0.13707876573284614,0.8712903225806452,0.2368882652166287,19704,0.22244047820638738,0.7775595217936127,68478,17003,399,2701,HeavyLightGBM,heavy
0.09203568344675744,0.13599315757697725,0.8719354838709678,0.23528899721448468,19876,0.2243822038586153,0.7756177961413847,68308,17173,397,2703,HeavyLightGBM,heavy
0.09171908885999087,0.13525410164065627,0.8722580645161291,0.23419366014204052,19992,0.22569173976360618,0.7743082602363938,68193,17288,396,2704,HeavyLightGBM,heavy
0.09138386725262808,0.134599135145882,0.8735483870967742,0.2332572462207675,20119,0.22712545579751867,0.7728745442024814,68070,17411,392,2708,HeavyLightGBM,heavy
0.09103898110888838,0.1339228375240824,0.8745161290322581,0.23227520027417214,20243,0.22852530452354342,0.7714746954764566,67949,17532,389,2711,HeavyLightGBM,heavy
0.0906621731005641,0.13323184206649316,0.8751612903225806,0.23125772492861102,20363,0.22987999683905128,0.7701200031609488,67831,17650,387,2713,HeavyLightGBM,heavy
0.09042315251543859,0.13254247217340362,0.8758064516129033,0.23024084124830393,20484,0.23124597825718834,0.7687540217428117,67712,17769,385,2715,HeavyLightGBM,heavy
0.09003640250564479,0.13204156954156954,0.8770967741935484,0.2295289549214925,20592,0.2324652013411454,0.7675347986588545,67608,17873,381,2719,HeavyLightGBM,heavy
0.08968252048805954,0.13157513403854515,0.8787096774193548,0.22887871276729824,20703,0.23371829173299014,0.7662817082670099,67502,17979,376,2724,HeavyLightGBM,heavy
0.08936606093131082,0.13090036014405762,0.8793548387096775,0.22787878787878785,20825,0.23509556225375644,0.7649044377462435,67382,18099,374,2726,HeavyLightGBM,heavy
0.08905807444603127,0.13026032959159303,0.8796774193548387,0.226919076346994,20935,0.23633736354297197,0.763662636457028,67273,18208,373,2727,HeavyLightGBM,heavy
0.08872124698313608,0.12960676291793313,0.8803225806451613,0.22594800463652923,21056,0.23770334496110904,0.762296655038891,67154,18327,371,2729,HeavyLightGBM,heavy
0.0884129209887474,0.12891196601368893,0.8809677419354839,0.2249124974263949,21185,0.23915963920027997,0.7608403607997201,67027,18454,369,2731,HeavyLightGBM,heavy
0.0880702248150804,0.12814505927001826,0.882258064516129,0.2237859509880129,21343,0.24094331741569863,0.7590566825843014,66873,18608,365,2735,HeavyLightGBM,heavy
0.0877321645035394,0.12747017151379567,0.882258064516129,0.22275614920996903,21456,0.24221898601280184,0.7577810139871981,66760,18721,365,2735,HeavyLightGBM,heavy
0.08741499329101934,0.1267599110781771,0.8829032258064516,0.22169123602786328,21592,0.2437543039703774,0.7562456960296227,66626,18855,363,2737,HeavyLightGBM,heavy
0.08709588064969576,0.1260067191311151,0.8832258064516129,0.22054855209633897,21729,0.24530091103058219,0.7546990889694178,66490,18991,362,2738,HeavyLightGBM,heavy
0.08677488721033255,0.12552646035524628,0.8845161290322581,0.21985246953175108,21844,0.24659915783294387,0.7534008421670562,66379,19102,358,2742,HeavyLightGBM,heavy
0.08641469773304766,0.1251366120218579,0.8864516129032258,0.2193136472466081,21960,0.24790869373793478,0.7520913062620652,66269,19212,352,2748,HeavyLightGBM,heavy
0.08618204313605056,0.12464397124643971,0.8893548387096775,0.21864467266743326,22119,0.24970366105598266,0.7502963389440174,66119,19362,343,2757,HeavyLightGBM,heavy
0.08587683934022403,0.12410071942446044,0.8903225806451613,0.21783741120757694,22240,0.2510696424741197,0.7489303575258803,66001,19480,340,2760,HeavyLightGBM,heavy
0.08556182976027721,0.12345237563134134,0.8909677419354839,0.2168570643426373,22373,0.2525710931238076,0.7474289068761923,65870,19611,338,2762,HeavyLightGBM,heavy
0.08526798501690257,0.1227992174995554,0.8909677419354839,0.21584870271959986,22492,0.2539144963366862,0.7460855036633138,65751,19730,338,2762,HeavyLightGBM,heavy
0.08498335063512338,0.122179952225073,0.8909677419354839,0.21489146502762002,22606,0.25520145403641864,0.7447985459635813,65637,19844,338,2762,HeavyLightGBM,heavy
0.08469273403752131,0.12160140783106027,0.8916129032258064,0.2140147115756872,22730,0.2566013027624434,0.7433986972375566,65515,19966,336,2764,HeavyLightGBM,heavy
0.08436327736441127,0.12103443749179539,0.892258064516129,0.21315454860709743,22853,0.25798986238583893,0.742010137614161,65394,20087,334,2766,HeavyLightGBM,heavy
0.08404825042705714,0.12063864961280779,0.8945161290322581,0.21260446216361267,22986,0.2594913130355268,0.7405086869644733,65268,20213,327,2773,HeavyLightGBM,heavy
0.08376893296429372,0.12011765214758424,0.8958064516129032,0.21183111484038294,23119,0.2609927636852147,0.7390072363147853,65139,20342,323,2777,HeavyLightGBM,heavy
0.0834738639868647,0.11946655194665519,0.8958064516129032,0.210817992028848,23245,0.2624151906164979,0.7375848093835021,65013,20468,323,2777,HeavyLightGBM,heavy
0.0832196611602807,0.11887244417828728,0.8964516129032258,0.20991011405695295,23378,0.26391664126618575,0.7360833587338143,64882,20599,321,2779,HeavyLightGBM,heavy
0.08297127575712283,0.11830015313935681,0.8970967741935484,0.2090348767288034,23508,0.2653842246079859,0.7346157753920142,64754,20727,319,2781,HeavyLightGBM,heavy
0.08266981759020378,0.11781888997078871,0.8977419354838709,0.20830058755286107,23621,0.26665989320508915,0.7333401067949108,64643,20838,317,2783,HeavyLightGBM,heavy
0.08241524244630237,0.11721611721611722,0.8980645161290323,0.20736657852593945,23751,0.2681274765468893,0.7318725234531107,64514,20967,316,2784,HeavyLightGBM,heavy
0.08213118408304662,0.11655928374194628,0.8987096774193548,0.2063550848085327,23902,0.2698321310439033,0.7301678689560966,64365,21116,314,2786,HeavyLightGBM,heavy
0.0818375542859758,0.11614459836099672,0.9006451612903226,0.20575555473672574,24039,0.2713787381041081,0.7286212618958918,64234,21247,308,2792,HeavyLightGBM,heavy
0.081581076515336,0.11564400678555174,0.9016129032258065,0.2049946826066229,24169,0.27284632144590826,0.7271536785540917,64107,21374,305,2795,HeavyLightGBM,heavy
0.0812956846550667,0.11510109953465388,0.9016129032258065,0.20414125552349996,24283,0.27413327914564073,0.7258667208543592,63993,21488,305,2795,HeavyLightGBM,heavy
0.08102015141591513,0.11458418680868497,0.902258064516129,0.20334423845874228,24410,0.2755669951795532,0.7244330048204468,63868,21613,303,2797,HeavyLightGBM,heavy
0.08076267355619207,0.1138982774768905,0.902258064516129,0.2022634414433959,24557,0.27722649326605026,0.7227735067339498,63721,21760,303,2797,HeavyLightGBM,heavy
0.08049280680495019,0.11346224005837285,0.9029032258064517,0.2015917029781411,24669,0.27849087276052426,0.7215091272394758,63611,21870,301,2799,HeavyLightGBM,heavy
0.08017715593892505,0.11303856704857189,0.9038709677419355,0.20094664371772805,24788,0.2798342759734029,0.7201657240265971,63495,21986,298,2802,HeavyLightGBM,heavy
0.07986294534672514,0.11256071614949219,0.9045161290322581,0.20020706151154902,24911,0.2812228355967984,0.7187771644032016,63374,22107,296,2804,HeavyLightGBM,heavy
0.07963561827903659,0.11214131564223484,0.9051612903225806,0.19955906407794607,25022,0.2824759259886432,0.7175240740113569,63265,22216,294,2806,HeavyLightGBM,heavy
0.07936094885492209,0.11176961934688358,0.9064516129032258,0.1990014517899508,25141,0.28381932920152175,0.7161806707984782,63150,22331,290,2810,HeavyLightGBM,heavy
0.07909760147546009,0.11128253817548857,0.9074193548387097,0.19825216717175279,25278,0.28536593626172657,0.7146340637382734,63016,22465,287,2813,HeavyLightGBM,heavy
0.07882012877235764,0.11095793288167638,0.9087096774193548,0.1977674810446504,25388,0.2866077375509421,0.7133922624490578,62910,22571,283,2817,HeavyLightGBM,heavy
0.07856488899186825,0.11050547037371083,0.9090322580645162,0.19705604699136392,25501,0.2878834061480453,0.7121165938519547,62798,22683,282,2818,HeavyLightGBM,heavy
0.07830643586187394,0.11011788586150363,0.91,0.19646214917473362,25618,0.28920423115566546,0.7107957688443345,62684,22797,279,2821,HeavyLightGBM,heavy
0.07812121449604977,0.1098063613033673,0.9109677419354839,0.1959886182247207,25718,0.2903331414185886,0.7096668585814114,62587,22894,276,2824,HeavyLightGBM,heavy
0.07782576263931777,0.10938225731537389,0.9116129032258065,0.19532761957423275,25836,0.291665255528838,0.7083347444711621,62471,23010,274,2826,HeavyLightGBM,heavy
0.07758732708631357,0.10893607182767523,0.9119354838709678,0.19462324876940554,25951,0.29296350233119967,0.7070364976688004,62357,23124,273,2827,HeavyLightGBM,heavy
0.07734137484744025,0.10851553509781357,0.9125806451612903,0.1939664038395612,26070,0.2943069055440783,0.7056930944559217,62240,23241,271,2829,HeavyLightGBM,heavy
0.07707358859458938,0.1081277213352685,0.9132258064516129,0.1933611092138515,26182,0.2955712850385523,0.7044287149614477,62130,23351,269,2831,HeavyLightGBM,heavy
0.07676061580608845,0.10772682333257282,0.9138709677419354,0.19273419960541535,26298,0.2968808209435432,0.7031191790564568,62016,23465,267,2833,HeavyLightGBM,heavy
0.07646188073325738,0.10726722180166541,0.9141935483870968,0.19200542005420057,26420,0.2982580914643095,0.7017419085356905,61895,23586,266,2834,HeavyLightGBM,heavy
0.07616627196723157,0.10685096606530828,0.9151612903225806,0.19135948197362654,26551,0.2997369639087389,0.7002630360912612,61767,23714,263,2837,HeavyLightGBM,heavy
0.07592016216354282,0.10635586868535452,0.915483870967742,0.19057211925866235,26684,0.30123841455842676,0.6987615854415732,61635,23846,262,2838,HeavyLightGBM,heavy
0.07568764897960077,0.10598992349318903,0.9161290322580645,0.18999832747951165,26795,0.3024915049502715,0.6975084950497286,61526,23955,260,2840,HeavyLightGBM,heavy
0.07546135457985902,0.105583831779173,0.9167741935483871,0.18935936302761766,26917,0.3038687754710378,0.6961312245289621,61406,24075,258,2842,HeavyLightGBM,heavy
0.07516076168722087,0.10514442102148748,0.9170967741935484,0.18865921231626798,27039,0.3052460459918041,0.694753954008196,61285,24196,257,2843,HeavyLightGBM,heavy
0.07488130522605778,0.1047475231114876,0.9174193548387096,0.18802684208786485,27151,0.3065104254862781,0.693489574513722,61174,24307,256,2844,HeavyLightGBM,heavy
0.07459604510887348,0.10429650267614927,0.917741935483871,0.18730660346303243,27278,0.30794414152019056,0.6920558584798094,61048,24433,255,2845,HeavyLightGBM,heavy
0.07436731342103414,0.10384966247035213,0.9180645161290323,0.18659236190788397,27405,0.309377857554103,0.6906221424458969,60922,24559,254,2846,HeavyLightGBM,heavy
0.0741043398225483,0.1034683130561104,0.9190322580645162,0.18599640933572711,27535,0.31084544089590316,0.6891545591040968,60795,24686,251,2849,HeavyLightGBM,heavy
0.07385769419757318,0.10293373798684877,0.9190322580645162,0.18513223731236597,27678,0.31245978257188334,0.6875402174281167,60652,24829,251,2849,HeavyLightGBM,heavy
0.07356609051037528,0.102680338190322,0.9206451612903226,0.18475481469493446,27795,0.3137806075795035,0.6862193924204965,60540,24941,246,2854,HeavyLightGBM,heavy
0.07334863024996764,0.10224626518109842,0.9206451612903226,0.18405184922451873,27913,0.3151127216897529,0.6848872783102471,60422,25059,246,2854,HeavyLightGBM,heavy
0.07313347628487235,0.10184127890379674,0.9206451612903226,0.18339545045623953,28024,0.31636581208159764,0.6836341879184024,60311,25170,246,2854,HeavyLightGBM,heavy
0.07289246016268806,0.10147503110005332,0.9209677419354839,0.1828077477189051,28135,0.3176189024734424,0.6823810975265576,60201,25280,245,2855,HeavyLightGBM,heavy
0.07268358461862656,0.1010969568294409,0.9216129032258065,0.18220663265306125,28260,0.31903004030209636,0.6809699596979036,60078,25403,243,2857,HeavyLightGBM,heavy
0.07243749777182405,0.10086668545659526,0.9235483870967742,0.18187015626985134,28384,0.32042988902812114,0.6795701109718788,59960,25521,237,2863,HeavyLightGBM,heavy
0.07219287600445712,0.10046991162855941,0.9241935483870968,0.18123734817813766,28516,0.3219200505751798,0.6780799494248202,59830,25651,235,2865,HeavyLightGBM,heavy
0.07194403548665533,0.10005587762799469,0.9241935483870968,0.18056343354131216,28634,0.32325216468542917,0.6767478353145708,59712,25769,235,2865,HeavyLightGBM,heavy
0.07172102656278193,0.09981908009185164,0.925483870967742,0.18020224860247472,28742,0.3244713877693862,0.6755286122306138,59608,25873,231,2869,HeavyLightGBM,heavy
0.07149175809852162,0.09953904273385783,0.9264516129032258,0.1797640284167371,28853,0.32572447816123096,0.674275521838769,59500,25981,228,2872,HeavyLightGBM,heavy
0.07127625034453428,0.0991510215350635,0.9267741935483871,0.17913704950741988,28976,0.3271130377846265,0.6728869622153735,59378,26103,227,2873,HeavyLightGBM,heavy
0.07103671281958962,0.09887617280131972,0.9280645161290323,0.17871230238842126,29097,0.32847901920276357,0.6715209807972364,59261,26220,223,2877,HeavyLightGBM,heavy
0.07079389257835818,0.09853127460714163,0.9283870967741935,0.17815469373858675,29209,0.32974339869723757,0.6702566013027624,59150,26331,222,2878,HeavyLightGBM,heavy
0.07056885150751942,0.09831929908294412,0.9303225806451613,0.1778435544044646,29333,0.33114324742326234,0.6688567525767377,59032,26449,216,2884,HeavyLightGBM,heavy
0.07035626081990363,0.09795599619720223,0.9306451612903226,0.17725485377242567,29452,0.3324866506361409,0.6675133493638591,58914,26567,215,2885,HeavyLightGBM,heavy
0.07010945972290039,0.0976154236428209,0.9309677419354838,0.17670289300474515,29565,0.3337623192332442,0.6662376807667558,58802,26679,214,2886,HeavyLightGBM,heavy
0.06988551469096048,0.09730312110703343,0.932258064516129,0.17621413981281062,29701,0.3352976371908197,0.6647023628091804,58670,26811,210,2890,HeavyLightGBM,heavy
0.06966441608932249,0.09700140873415174,0.9329032258064516,0.1757306921067023,29814,0.33657330578792294,0.663426694212077,58559,26922,208,2892,HeavyLightGBM,heavy
0.06943063077054154,0.09667714113792873,0.9329032258064516,0.1751984006785,29914,0.3377022160508461,0.662297783949154,58459,27022,208,2892,HeavyLightGBM,heavy
0.06917230746174598,0.09638754786082904,0.9338709677419355,0.17473970122227253,30035,0.3390681974689832,0.6609318025310168,58341,27140,205,2895,HeavyLightGBM,heavy
0.06892869748036726,0.09604219885213815,0.9338709677419355,0.17417200613663028,30143,0.34028742055294026,0.6597125794470597,58233,27248,205,2895,HeavyLightGBM,heavy
0.06872017301065005,0.09578442717804596,0.9345161290322581,0.17375918428550008,30245,0.3414389090211219,0.6585610909788782,58133,27348,203,2897,HeavyLightGBM,heavy
0.06848413858529583,0.09542311491603556,0.9348387096774193,0.1731700029877502,30370,0.34285004684977594,0.6571499531502241,58009,27472,202,2898,HeavyLightGBM,heavy
0.06825418022781134,0.09509755697655353,0.9354838709677419,0.17264473880041675,30495,0.3442611846784299,0.6557388153215701,57886,27595,200,2900,HeavyLightGBM,heavy
0.06807329118113925,0.0947777523759757,0.9361290322580645,0.17212847356090039,30619,0.3456610334044547,0.6543389665955452,57764,27717,198,2902,HeavyLightGBM,heavy
0.06788719860699072,0.09446179877651958,0.9364516129032258,0.171612674391109,30732,0.3469367020015579,0.6530632979984421,57652,27829,197,2903,HeavyLightGBM,heavy
0.06767447712325464,0.09417025827149292,0.9374193548387096,0.17114756029329486,30859,0.34837041803547036,0.6516295819645297,57528,27953,194,2906,HeavyLightGBM,heavy
0.0674610532138844,0.09385792208630539,0.9380645161290323,0.17064225566998212,30983,0.34977026676149514,0.6502297332385049,57406,28075,192,2908,HeavyLightGBM,heavy
0.06729541883051986,0.09360936093609361,0.9393548387096774,0.17025257249766135,31108,0.3511814045901491,0.6488185954098509,57285,28196,188,2912,HeavyLightGBM,heavy
0.06710434141113952,0.093216,0.9396774193548387,0.1696069868995633,31250,0.3527844571635001,0.6472155428364998,57144,28337,187,2913,HeavyLightGBM,heavy
0.06688044326073332,0.09291795542233985,0.94,0.16911871390847627,31361,0.35403754755534483,0.6459624524446552,57034,28447,186,2914,HeavyLightGBM,heavy
0.06668848123755997,0.09259259259259259,0.9403225806451613,0.16858481290844946,31482,0.3554035289734819,0.6445964710265182,56914,28567,185,2915,HeavyLightGBM,heavy
0.06649511817393974,0.09225804410415414,0.9406451612903226,0.16803526666090415,31607,0.3568146668021359,0.6431853331978641,56790,28691,184,2916,HeavyLightGBM,heavy
0.0662793158782159,0.0918396270983591,0.9406451612903226,0.16734096582594477,31751,0.3584402975807453,0.6415597024192548,56646,28835,184,2916,HeavyLightGBM,heavy
0.06602000473432981,0.09144792548687553,0.9406451612903226,0.16669048503729958,31887,0.35997561553832086,0.6400243844616791,56510,28971,184,2916,HeavyLightGBM,heavy
0.06580676023641405,0.09116764595574446,0.9409677419354838,0.16622976977433326,31996,0.3612061277249071,0.6387938722750929,56402,29079,183,2917,HeavyLightGBM,heavy
0.06556756630070425,0.09083834013012483,0.9412903225806452,0.1656871930272833,32123,0.36263984375881964,0.6373601562411804,56276,29205,182,2918,HeavyLightGBM,heavy
0.06537918542317087,0.09054238550328907,0.9412903225806452,0.16519474637681159,32228,0.36382519953488895,0.6361748004651111,56171,29310,182,2918,HeavyLightGBM,heavy
0.06517813051506846,0.09021231881818463,0.9416129032258065,0.1646501396057196,32357,0.3652814937740599,0.6347185062259402,56043,29438,181,2919,HeavyLightGBM,heavy
0.0649867645634559,0.08985685701092812,0.9416129032258065,0.16405788956020792,32485,0.3667264989106016,0.6332735010893984,55915,29566,181,2919,HeavyLightGBM,heavy
0.06477767013035726,0.08963422118571253,0.942258064516129,0.16369648060972877,32588,0.3678892764814125,0.6321107235185874,55814,29667,179,2921,HeavyLightGBM,heavy
0.064605848368049,0.08941349152957005,0.9432258064516129,0.16334283000949668,32702,0.3691762341811449,0.6308237658188551,55703,29778,176,2924,HeavyLightGBM,heavy
0.06436639265712442,0.08911102307012464,0.9432258064516129,0.16283796953749338,32813,0.3704293245729897,0.6295706754270103,55592,29889,176,2924,HeavyLightGBM,heavy
0.06417925749364095,0.08883557067363178,0.9435483870967742,0.1623827235885194,32926,0.3717049931700929,0.6282950068299071,55480,30001,175,2925,HeavyLightGBM,heavy
0.06400193416548783,0.08860031480808815,0.9441935483870968,0.16199911445649767,33036,0.37294679445930845,0.6270532055406915,55372,30109,173,2927,HeavyLightGBM,heavy
0.06383853093284024,0.08833283087126922,0.9451612903225807,0.16156603253377447,33170,0.37445953421162553,0.6255404657883745,55241,30240,170,2930,HeavyLightGBM,heavy
0.06363563674510613,0.08802235106798449,0.9451612903225807,0.16104652760601315,33287,0.3757803592192457,0.6242196407807543,55124,30357,170,2930,HeavyLightGBM,heavy
0.06344916867114966,0.0877571184766011,0.9454838709677419,0.1606071399216417,33399,0.37704473871371963,0.6229552612862803,55013,30468,169,2931,HeavyLightGBM,heavy
0.06325602390893982,0.08760148042024833,0.9467741935483871,0.16036498743306743,33504,0.378230094489789,0.621769905510211,54912,30569,165,2935,HeavyLightGBM,heavy
0.06306319135309325,0.08727586309435309,0.9467741935483871,0.15981921642299002,33629,0.379641232318443,0.620358767681557,54787,30694,165,2935,HeavyLightGBM,heavy
0.06288037690247134,0.08697842579421526,0.9467741935483871,0.15932037780914124,33744,0.38093947912080467,0.6190605208791953,54672,30809,165,2935,HeavyLightGBM,heavy
0.06269053012363629,0.08671390611160319,0.9474193548387096,0.15888558290505816,33870,0.3823619060520879,0.617638093947912,54548,30933,163,2937,HeavyLightGBM,heavy
0.06250165504815831,0.08643828359526752,0.9474193548387096,0.15842278440045307,33978,0.383581129136045,0.6164188708639551,54440,31041,163,2937,HeavyLightGBM,heavy
0.062347770345300965,0.08617604786906403,0.947741935483871,0.1579867179307934,34093,0.38487937593840665,0.6151206240615934,54326,31155,162,2938,HeavyLightGBM,heavy
0.06218364045370631,0.08595142765292106,0.9487096774193549,0.1576225312860091,34217,0.38627922466443143,0.6137207753355686,54205,31276,159,2941,HeavyLightGBM,heavy
0.061999126613525156,0.08572011305031904,0.9490322580645161,0.1572379145399642,34321,0.38745329133787154,0.6125467086621285,54102,31379,158,2942,HeavyLightGBM,heavy
0.06182077412438377,0.08541648520744419,0.9490322580645161,0.15672695309378581,34443,0.38883056185863785,0.6111694381413622,53980,31501,158,2942,HeavyLightGBM,heavy
0.06161463739637829,0.08508546143390115,0.9490322580645161,0.15616954640762268,34577,0.39034330161095493,0.609656698389045,53846,31635,158,2942,HeavyLightGBM,heavy
0.061453422957894875,0.08481512435516873,0.9493548387096774,0.15571840524881608,34699,0.39172057213172123,0.6082794278682788,53725,31756,157,2943,HeavyLightGBM,heavy
0.06127610587697217,0.08449127239320166,0.9493548387096774,0.15517241379310345,34832,0.3932220227814091,0.6067779772185908,53592,31889,157,2943,HeavyLightGBM,heavy
0.06108645486727951,0.08422257187812902,0.9496774193548387,0.1547234266193667,34955,0.3946105824048046,0.6053894175951954,53470,32011,156,2944,HeavyLightGBM,heavy
0.060925220646842505,0.08396533044420368,0.95,0.15429349819248703,35074,0.39595398561768325,0.6040460143823168,53352,32129,155,2945,HeavyLightGBM,heavy
0.060727986046080706,0.08370281946339245,0.95,0.1538501723957789,35184,0.3971957869068988,0.6028042130931013,53242,32239,155,2945,HeavyLightGBM,heavy
0.06056223734501175,0.08338524265247182,0.95,0.15331355093966367,35318,0.39870852665921586,0.6012914733407841,53108,32373,155,2945,HeavyLightGBM,heavy
0.06038731457989968,0.08308881616070421,0.95,0.1528123702781237,35444,0.4001309535904991,0.5998690464095009,52982,32499,155,2945,HeavyLightGBM,heavy
0.060195662368660204,0.0828458942632171,0.9503225806451613,0.15240558717020175,35560,0.40144048949549,0.5985595105045101,52867,32614,154,2946,HeavyLightGBM,heavy
0.06002953527765192,0.08255364446187462,0.9506451612903226,0.15191504716737975,35698,0.402998385658324,0.597001614341676,52730,32751,153,2947,HeavyLightGBM,heavy
0.05989155119539931,0.08225180719528873,0.9506451612903226,0.1514038377559146,35829,0.4044772581027534,0.5955227418972466,52599,32882,153,2947,HeavyLightGBM,heavy
0.0597252689620653,0.08198864900957044,0.9506451612903226,0.15095789365843662,35944,0.4057755049051151,0.594224495094885,52484,32997,153,2947,HeavyLightGBM,heavy
0.05956440675750348,0.08169880319148937,0.9512903225806452,0.15047453821818552,36096,0.4074914485047584,0.5925085514952416,52334,33147,151,2949,HeavyLightGBM,heavy
0.05938242684740368,0.08142872915976593,0.9516129032258065,0.15002034174125306,36228,0.408981610051817,0.591018389948183,52203,33278,150,2950,HeavyLightGBM,heavy
0.059191312436780115,0.08116954560457697,0.9519354838709677,0.14958434712084348,36356,0.41042661518835866,0.5895733848116413,52076,33405,149,2951,HeavyLightGBM,heavy
0.05902824661131045,0.0809232709229968,0.952258064516129,0.1491700144015766,36479,0.4118151748117542,0.5881848251882458,51954,33527,148,2952,HeavyLightGBM,heavy
0.05885678644404039,0.08066234937289941,0.952258064516129,0.1487266040254931,36597,0.4131472889220036,0.5868527110779964,51836,33645,148,2952,HeavyLightGBM,heavy
0.05867605604411993,0.08041501007570394,0.9525806451612904,0.14830997940836724,36722,0.41455842675065757,0.5854415732493424,51712,33769,147,2953,HeavyLightGBM,heavy
0.0584939490346148,0.08024322710244856,0.9535483870967741,0.14802944564074316,36838,0.4158679626556485,0.5841320373443515,51599,33882,144,2956,HeavyLightGBM,heavy
0.058358842474117927,0.07997619112037012,0.9535483870967741,0.14757494820398892,36961,0.41725652227904403,0.5827434777209559,51476,34005,144,2956,HeavyLightGBM,heavy
0.0582042527375638,0.07977876703089168,0.9538709677419355,0.147242624175277,37065,0.41843058895248414,0.5815694110475158,51373,34108,143,2957,HeavyLightGBM,heavy
0.05804215201167125,0.07955370345476542,0.954516129032258,0.14686685693014023,37195,0.41989817229428433,0.5801018277057157,51245,34236,141,2959,HeavyLightGBM,heavy
0.05791477408824338,0.0793255053348346,0.954516129032258,0.14647789713380527,37302,0.4211061062756121,0.5788938937243879,51138,34343,141,2959,HeavyLightGBM,heavy
0.05776279485407109,0.07910344090617653,0.9551612903225807,0.14610677982828382,37432,0.4225736896174123,0.5774263103825876,51010,34471,139,2961,HeavyLightGBM,heavy
0.057606216975894915,0.07887939069532103,0.9554838709677419,0.14572827236722344,37551,0.42391709283029094,0.5760829071697091,50892,34589,138,2962,HeavyLightGBM,heavy
0.05743178373788205,0.07865526581337298,0.9554838709677419,0.14534569900387653,37658,0.42512502681161873,0.5748749731883813,50785,34696,138,2962,HeavyLightGBM,heavy
0.05728868017008952,0.07844070665397228,0.9567741935483871,0.14499413375048886,37812,0.4268635486165205,0.5731364513834796,50635,34846,134,2966,HeavyLightGBM,heavy
0.05716264278117465,0.07817606747496046,0.9567741935483871,0.144541910331384,37940,0.42830855375306215,0.5716914462469378,50507,34974,134,2966,HeavyLightGBM,heavy
0.057004470709048745,0.0779480171348979,0.9567741935483871,0.14415202546718187,38051,0.42956164414490694,0.5704383558550931,50396,35085,134,2966,HeavyLightGBM,heavy
0.05681214382385423,0.0777027027027027,0.9570967741935484,0.14373607208603817,38184,0.43106309479459476,0.5689369052054052,50264,35217,133,2967,HeavyLightGBM,heavy
0.056642323457402985,0.07748942613962717,0.9574193548387097,0.14337471619728515,38302,0.4323952089048442,0.5676047910951558,50147,35334,132,2968,HeavyLightGBM,heavy
0.05647980766832828,0.07726338251750071,0.957741935483871,0.14299130686059675,38427,0.43380634673349816,0.5661936532665018,50023,35458,131,2969,HeavyLightGBM,heavy
0.05627281648497033,0.07703884376864994,0.957741935483871,0.14260669084271957,38539,0.43507072622797216,0.5649292737720278,49911,35570,131,2969,HeavyLightGBM,heavy
0.056127037830169466,0.07679375096994465,0.957741935483871,0.14218667688329104,38662,0.4364592858513677,0.5635407141486324,49788,35693,131,2969,HeavyLightGBM,heavy
0.05596176991330817,0.07655218646864687,0.957741935483871,0.14177251456403397,38784,0.437836556372134,0.562163443627866,49666,35815,131,2969,HeavyLightGBM,heavy
0.05581934863736489,0.07640120268290802,0.9590322580645161,0.14152762240258968,38913,0.4392928506113049,0.560707149388695,49541,35940,127,2973,HeavyLightGBM,heavy
0.05567721811559382,0.07623709094636497,0.9596774193548387,0.14125299717494008,39023,0.44053465190052044,0.5594653480994796,49433,36048,125,2975,HeavyLightGBM,heavy
0.055527702653476646,0.07601502414594885,0.9596774193548387,0.14087174751994697,39137,0.44182160960025285,0.5581783903997471,49319,36162,125,2975,HeavyLightGBM,heavy
0.05538988850493242,0.07578111074329658,0.96,0.1404734370206037,39271,0.44333434935257,0.55666565064743,49186,36295,124,2976,HeavyLightGBM,heavy
0.05525674246718004,0.07554066402680475,0.96,0.14006024096385541,39396,0.444745487181224,0.555254512818776,49061,36420,124,2976,HeavyLightGBM,heavy
0.05509868399543745,0.07530936052838019,0.96,0.139662575967337,39517,0.446111468599361,0.553888531400639,48940,36541,124,2976,HeavyLightGBM,heavy
0.054952678825727366,0.0750643192251425,0.96,0.13924109858232347,39646,0.44756776283853195,0.552432237161468,48811,36670,124,2976,HeavyLightGBM,heavy
0.0548102589273814,0.0748340374170187,0.96,0.13884482597741904,39768,0.44894503335929825,0.5510549666407017,48689,36792,124,2976,HeavyLightGBM,heavy
0.054673561983570984,0.07458459687727124,0.96,0.13841538568870493,39901,0.4504464840089861,0.5495535159910139,48556,36925,124,2976,HeavyLightGBM,heavy
0.05447693147977742,0.07438966490916815,0.9603225806451613,0.13808297966093835,40019,0.4517785981192355,0.5482214018807645,48439,37042,123,2977,HeavyLightGBM,heavy
0.054322632501829456,0.07420512309379049,0.9606451612903226,0.13776831976313839,40132,0.4530542667163387,0.5469457332836614,48327,37154,122,2978,HeavyLightGBM,heavy
0.0541354321362351,0.07397287495653038,0.9606451612903226,0.13736795977674246,40258,0.45447669364762194,0.5455233063523781,48201,37280,122,2978,HeavyLightGBM,heavy
0.053980411780642036,0.07374857652126554,0.9609677419354838,0.13698441164298525,40394,0.4560120116051975,0.5439879883948024,48066,37415,121,2979,HeavyLightGBM,heavy
0.05380586028835963,0.07352650804620398,0.9609677419354838,0.13660124724871606,40516,0.4573892821259638,0.5426107178740363,47944,37537,121,2979,HeavyLightGBM,heavy
0.05365739337009812,0.0733039690937277,0.9609677419354838,0.13621710601522669,40639,0.4587778417493593,0.5412221582506407,47821,37660,121,2979,HeavyLightGBM,heavy
0.05349497071179162,0.07314619423860234,0.9616129032258065,0.1359511105030328,40754,0.460076088551721,0.539923911448279,47708,37773,119,2981,HeavyLightGBM,heavy
0.053342848732361954,0.07289833822091886,0.962258064516129,0.1355293048614266,40920,0.4619500795881735,0.5380499204118265,47544,37937,117,2983,HeavyLightGBM,heavy
0.053200457486524515,0.07271663904864022,0.9625806451612903,0.13521841580569152,41036,0.46325961549316447,0.5367403845068355,47429,38052,116,2984,HeavyLightGBM,heavy
0.053043966291375665,0.07248700383811883,0.9625806451612903,0.13482130754981247,41166,0.4647271988349646,0.5352728011650354,47299,38182,116,2984,HeavyLightGBM,heavy
0.05290231343018649,0.07229003196745132,0.9629032258064516,0.13448369075509098,41292,0.46614962576624785,0.5338503742337521,47174,38307,115,2985,HeavyLightGBM,heavy
0.052739284887061894,0.07207511646431244,0.9632258064516129,0.13411484650452515,41429,0.4676962328264526,0.5323037671735473,47038,38443,114,2986,HeavyLightGBM,heavy
0.05259957128075992,0.07188033571411394,0.9641935483870968,0.13378689882058054,41583,0.46943475463135437,0.5305652453686456,46887,38594,111,2989,HeavyLightGBM,heavy
0.05242094907632237,0.07167521941393698,0.9641935483870968,0.133431543234677,41702,0.47077815784423294,0.5292218421557671,46768,38713,111,2989,HeavyLightGBM,heavy
0.05228594086106255,0.0714849448736039,0.9641935483870968,0.13310177454189212,41813,0.4720312482360777,0.5279687517639222,46657,38824,111,2989,HeavyLightGBM,heavy
0.0521539698065326,0.07127357703221499,0.9641935483870968,0.1327353065257455,41937,0.4734310969621025,0.5265689030378975,46533,38948,111,2989,HeavyLightGBM,heavy
0.05198053605409533,0.071055008795702,0.9641935483870968,0.1323561971394412,42066,0.47488739120127343,0.5251126087987266,46404,39077,111,2989,HeavyLightGBM,heavy
0.05184975984790307,0.070865022389651,0.9648387096774194,0.13203257774736796,42207,0.47647915467199514,0.5235208453280049,46265,39216,109,2991,HeavyLightGBM,heavy
0.051706477416657924,0.07067079365829454,0.9648387096774194,0.13169539660524404,42323,0.47778869057698603,0.522211309423014,46149,39332,109,2991,HeavyLightGBM,heavy
0.0515624094307915,0.07048790256084057,0.9651612903225807,0.13138077151074715,42447,0.4791885393030108,0.5208114606969891,46026,39455,108,2992,HeavyLightGBM,heavy
0.05140754358006913,0.07030442544395377,0.9654838709677419,0.13106498511122786,42572,0.4805996771316648,0.5194003228683353,45902,39579,107,2993,HeavyLightGBM,heavy
0.0512553244713645,0.07006414157966197,0.9654838709677419,0.130647343838666,42718,0.48224788611553265,0.5177521138844674,45756,39725,107,2993,HeavyLightGBM,heavy
0.05112005431363514,0.06986461251167134,0.9654838709677419,0.1303003918154114,42840,0.48362515663629896,0.516374843363701,45634,39847,107,2993,HeavyLightGBM,heavy
0.05097145030422001,0.06974741008031661,0.9664516129032258,0.13010530886982954,42955,0.48492340343866064,0.5150765965613393,45522,39959,104,2996,HeavyLightGBM,heavy
0.05083396843144804,0.06956824512534819,0.9667741935483871,0.12979644867908186,43080,0.4863345412673147,0.5136654587326853,45398,40083,103,2997,HeavyLightGBM,heavy
0.05067761527071321,0.06938756622937924,0.9674193548387097,0.12948770536041967,43221,0.4879263047380364,0.5120736952619636,45259,40222,101,2999,HeavyLightGBM,heavy
0.05054166914871856,0.06920023997415663,0.9674193548387097,0.12916146259528832,43338,0.48924712974565654,0.5107528702543435,45142,40339,101,2999,HeavyLightGBM,heavy
0.0503948915207021,0.06897424103035879,0.9674193548387097,0.12876771146414773,43480,0.49085018231900746,0.5091498176809925,45000,40481,101,2999,HeavyLightGBM,heavy
0.050271473227932545,0.06876705418357754,0.9674193548387097,0.1284065851726574,43611,0.49232905476343686,0.5076709452365631,44869,40612,101,2999,HeavyLightGBM,heavy
0.05015186838294266,0.06862879619465788,0.9680645161290322,0.12817117963611513,43728,0.493649879771057,0.506350120228943,44754,40727,99,3001,HeavyLightGBM,heavy
0.050034838734464064,0.06845441692890045,0.9683870967741935,0.12786983004642843,43854,0.4950723067023402,0.5049276932976599,44629,40852,98,3002,HeavyLightGBM,heavy
0.049925105479217635,0.06826916516953585,0.9683870967741935,0.12754657659380111,43973,0.49641570991521883,0.5035842900847811,44510,40971,98,3002,HeavyLightGBM,heavy
0.04978117529034461,0.06808491336296833,0.9683870967741935,0.12722495338192913,44092,0.49775911312809745,0.5022408868719026,44391,41090,98,3002,HeavyLightGBM,heavy
0.04967998089771617,0.06788322818442892,0.9683870967741935,0.1268727679986476,44223,0.49923798557252685,0.5007620144274731,44260,41221,98,3002,HeavyLightGBM,heavy
0.049557390203622535,0.0676934178185672,0.9683870967741935,0.12654119333150673,44347,0.5006378342985516,0.4993621657014484,44136,41345,98,3002,HeavyLightGBM,heavy
0.0494136742780422,0.06747735395266245,0.9683870967741935,0.1261636092374288,44489,0.5022408868719026,0.4977591131280974,43994,41487,98,3002,HeavyLightGBM,heavy
0.04929074069330573,0.06727150537634409,0.9687096774193549,0.12580645161290321,44640,0.5039455413689166,0.49605445863108344,43844,41637,97,3003,HeavyLightGBM,heavy
0.04918606945510648,0.0670851577160218,0.9687096774193549,0.12548052816312888,44764,0.5053453900949414,0.4946546099050586,43720,41761,97,3003,HeavyLightGBM,heavy
0.0490513854661671,0.06688791874554526,0.9687096774193549,0.12513542795232935,44896,0.506835551642,0.493164448358,43588,41893,97,3003,HeavyLightGBM,heavy
0.0489261707457527,0.06670665067306411,0.9687096774193549,0.12481815536805355,45018,0.5082128221627663,0.4917871778372337,43466,42015,97,3003,HeavyLightGBM,heavy
0.04876057444386863,0.066517520932087,0.9687096774193549,0.12448700410396715,45146,0.509657827299308,0.490342172700692,43338,42143,97,3003,HeavyLightGBM,heavy
0.04863542520585884,0.06630895601483837,0.9687096774193549,0.12412168306191618,45288,0.5112608798726589,0.4887391201273411,43196,42285,97,3003,HeavyLightGBM,heavy
0.04851819840325351,0.06608278502739696,0.9687096774193549,0.12372535690006799,45443,0.5130106907801899,0.4869893092198101,43041,42440,97,3003,HeavyLightGBM,heavy
0.04838943319081977,0.06590490393894201,0.9693548387096774,0.1234187612945622,45596,0.5147379234824624,0.4852620765175376,42890,42591,95,3005,HeavyLightGBM,heavy
0.04828298470838486,0.06572615923009624,0.9693548387096774,0.1231052847193773,45720,0.5161377722084871,0.4838622277915129,42766,42715,95,3005,HeavyLightGBM,heavy
0.04814240217807074,0.06554981131252317,0.9693548387096774,0.12279590544102324,45843,0.5175263318318827,0.4824736681681173,42643,42838,95,3005,HeavyLightGBM,heavy
0.048004609551489476,0.06536445304852849,0.9693548387096774,0.12247060501701545,45973,0.5189939151736829,0.4810060848263171,42513,42968,95,3005,HeavyLightGBM,heavy
0.04787136036812746,0.06519003818118708,0.9693548387096774,0.12216440361004959,46096,0.5203824747970783,0.47961752520292167,42390,43091,95,3005,HeavyLightGBM,heavy
0.04774128772129432,0.06491963359834083,0.9693548387096774,0.12168947922572286,46288,0.5225499825018909,0.4774500174981091,42198,43283,95,3005,HeavyLightGBM,heavy
0.04763310852145627,0.06478448275862068,0.9696774193548388,0.12145454545454545,46400,0.5238143619963649,0.4761856380036351,42087,43394,94,3006,HeavyLightGBM,heavy
0.04752655240564684,0.06459304448692887,0.97,0.12112057680301291,46553,0.5255415946986374,0.47445840530136263,41935,43546,93,3007,HeavyLightGBM,heavy
0.047401567542846246,0.06441178990660612,0.97,0.1208018640527077,46684,0.5270204671430668,0.47297953285693317,41804,43677,93,3007,HeavyLightGBM,heavy
0.04727409587006291,0.06422880577567977,0.97,0.12047999679467918,46817,0.5285219177927547,0.4714780822072453,41671,43810,93,3007,HeavyLightGBM,heavy
0.047129538699988274,0.06402860852721429,0.9703225806451613,0.12013019429301704,46979,0.5303507524186902,0.46964924758130977,41510,43971,92,3008,HeavyLightGBM,heavy
0.046989228913496696,0.063862300231339,0.9706451612903226,0.11983989485632354,47117,0.5319086485815242,0.4680913514184758,41373,44108,91,3009,HeavyLightGBM,heavy
0.04685526953022893,0.06366328257191202,0.9709677419354839,0.11949186184994046,47280,0.5337487723100891,0.4662512276899109,41211,44270,90,3010,HeavyLightGBM,heavy
0.04673265206378781,0.06349407248027676,0.9709677419354839,0.11919375915732784,47406,0.5351711992413724,0.46482880075862765,41085,44396,90,3010,HeavyLightGBM,heavy
0.046576497346034175,0.06330711311151306,0.9709677419354839,0.11886427358527821,47546,0.5367516736094647,0.46324832639053526,40945,44536,90,3010,HeavyLightGBM,heavy
0.046468871955937296,0.06317004091052135,0.9712903225806452,0.1186250369348961,47665,0.5380950768223434,0.46190492317765663,40827,44654,89,3011,HeavyLightGBM,heavy
0.04632405427505563,0.06300991590310029,0.9716129032258064,0.11834505520411773,47802,0.5396416838825482,0.4603583161174518,40691,44790,88,3012,HeavyLightGBM,heavy
0.0462182644250216,0.06284820031298904,0.9716129032258064,0.11805977462028418,47925,0.5410302435059438,0.45896975649405625,40568,44913,88,3012,HeavyLightGBM,heavy
0.0460772239819842,0.062684703433923,0.9716129032258064,0.11777126099706747,48050,0.5424413813345977,0.45755861866540226,40443,45038,88,3012,HeavyLightGBM,heavy
0.04596452232461367,0.06252075033200531,0.9719354838709677,0.11748420806363566,48192,0.5440444339079487,0.45595556609205135,40302,45179,87,3013,HeavyLightGBM,heavy
0.045853395691003766,0.062377200057909865,0.9729032258064516,0.11723776019902431,48351,0.5458394012259965,0.4541605987740035,40146,45335,84,3016,HeavyLightGBM,heavy
0.04573866474924992,0.06220993791382191,0.9729032258064516,0.11694228494988464,48481,0.5473069845677967,0.4526930154322033,40016,45465,84,3016,HeavyLightGBM,heavy
0.045587072275113515,0.062051229297397384,0.9729032258064516,0.11666183154433807,48605,0.5487068332938215,0.4512931667061785,39892,45589,84,3016,HeavyLightGBM,heavy
0.045433038442750394,0.06192331351240517,0.9741935483870968,0.1164449585502217,48770,0.5505695352276447,0.44943046477235526,39731,45750,80,3020,HeavyLightGBM,heavy
0.04529696892941698,0.06173849047346471,0.9741935483870968,0.11611811750230698,48916,0.5522177442115126,0.4477822557884874,39585,45896,80,3020,HeavyLightGBM,heavy
0.04519086847723233,0.061563856452894784,0.974516129032258,0.11581146614019283,49071,0.5539675551190436,0.4460324448809564,39431,46050,79,3021,HeavyLightGBM,heavy
0.04507259429022727,0.06142151582284913,0.9748387096774194,0.11556184394179846,49201,0.5554351384608438,0.4445648615391562,39302,46179,78,3022,HeavyLightGBM,heavy
0.04493919581112347,0.0612836522867337,0.9751612903225807,0.11532005798428321,49328,0.5568688544947562,0.4431311455052438,39176,46305,77,3023,HeavyLightGBM,heavy
0.044810127305571525,0.06113492962303834,0.9751612903225807,0.11505671005556825,49448,0.5582235468102641,0.4417764531897359,39056,46425,77,3023,HeavyLightGBM,heavy
0.0446892427106419,0.06096774193548387,0.9754838709677419,0.11476280834914612,49600,0.5599394904099073,0.4400605095900927,38905,46576,76,3024,HeavyLightGBM,heavy
0.04457326134641429,0.0608254887762491,0.9754838709677419,0.11451075431687369,49716,0.5612490263148983,0.43875097368510174,38789,46692,76,3024,HeavyLightGBM,heavy
0.044465822670505604,0.06061456433281886,0.9754838709677419,0.11413689633697562,49889,0.5632020410697554,0.43679795893024465,38616,46865,76,3024,HeavyLightGBM,heavy
0.044322636896725026,0.06048,0.9754838709677419,0.11389830508474576,50000,0.5644551314616001,0.4355448685383999,38505,46976,76,3024,HeavyLightGBM,heavy
0.04418492200609613,0.06034018624498993,0.9761290322580645,0.11365471652049804,50149,0.5661372077533556,0.43386279224664437,38358,47123,74,3026,HeavyLightGBM,heavy
0.04408052912673855,0.06019015793451884,0.9761290322580645,0.11338854123730656,50274,0.5675483455820097,0.43245165441799027,38233,47248,74,3026,HeavyLightGBM,heavy
0.04396496435379235,0.05998017839444995,0.9761290322580645,0.113015873015873,50450,0.5695352276447545,0.4304647723552455,38057,47424,74,3026,HeavyLightGBM,heavy
0.04382609023915597,0.05983514202692285,0.9764516129032258,0.11276052822738362,50589,0.5711044129102177,0.42889558708978226,37919,47562,73,3027,HeavyLightGBM,heavy
0.043713346622128356,0.05968412958179703,0.9764516129032258,0.11249233513573778,50717,0.5725494180467595,0.4274505819532405,37791,47690,73,3027,HeavyLightGBM,heavy
0.04361814474233915,0.059508129042404705,0.9764516129032258,0.11217966535104786,50867,0.5742427834411442,0.4257572165588558,37641,47840,73,3027,HeavyLightGBM,heavy
0.0434963729717106,0.059314397649363367,0.9767741935483871,0.11183748845798706,51050,0.5763086892222937,0.4236913107777063,37459,48022,72,3028,HeavyLightGBM,heavy
0.04335528844563779,0.05915911222256955,0.9767741935483871,0.11156141772898091,51184,0.5778214289746109,0.42217857102538914,37325,48156,72,3028,HeavyLightGBM,heavy
0.043234602704185325,0.059023040037425444,0.9767741935483871,0.1113194367854123,51302,0.5791535430848602,0.4208464569151398,37207,48274,72,3028,HeavyLightGBM,heavy
0.043075526098825916,0.05887383622616572,0.9770967741935483,0.11105611468587874,51449,0.5808130411713572,0.41918695882864276,37061,48420,71,3029,HeavyLightGBM,heavy
0.042984042030438006,0.058699357037725615,0.977741935483871,0.11074978076585792,51636,0.5829241033630237,0.4170758966369763,36876,48605,69,3031,HeavyLightGBM,heavy
0.042874756665352454,0.05854289797968092,0.977741935483871,0.11047126143528813,51774,0.5844819995258577,0.41551800047414233,36738,48743,69,3031,HeavyLightGBM,heavy
0.04276858304458006,0.058397395140935976,0.977741935483871,0.11021217024525935,51903,0.5859382937650286,0.4140617062349714,36609,48872,69,3031,HeavyLightGBM,heavy
0.04267016749451336,0.05825933187252528,0.977741935483871,0.1099662591154809,52026,0.5873268533884242,0.41267314661157584,36486,48995,69,3031,HeavyLightGBM,heavy
0.04256712772353788,0.05803092941356607,0.9780645161290322,0.10956132109561321,52248,0.5898330341721136,0.41016696582788637,36265,49216,68,3032,HeavyLightGBM,heavy
0.04245512340405662,0.05784714007707864,0.9780645161290322,0.1092337068126959,52414,0.5917070252085662,0.4082929747914338,36099,49382,68,3032,HeavyLightGBM,heavy
0.0423431241614602,0.05770731428788946,0.9780645161290322,0.10898438202045255,52541,0.5931407412424786,0.4068592587575214,35972,49509,68,3032,HeavyLightGBM,heavy
0.04223497165243996,0.05757253531824396,0.9780645161290322,0.10874399253998995,52664,0.5945293008658742,0.4054706991341258,35849,49632,68,3032,HeavyLightGBM,heavy
0.042143737913873956,0.05740838885523925,0.9783870967741936,0.10845312164771508,52832,0.5964258701075852,0.4035741298924148,35682,49799,67,3033,HeavyLightGBM,heavy
0.04203506186630297,0.05728851963746224,0.9787096774193549,0.10824117017481272,52960,0.5978708752441269,0.40212912475587315,35555,49926,66,3034,HeavyLightGBM,heavy
0.04194153035212414,0.057108438270559225,0.9787096774193549,0.10791968271471003,53127,0.5997561553832086,0.4002438446167914,35388,50093,66,3034,HeavyLightGBM,heavy
0.041862904272860116,0.05694337568739326,0.9787096774193549,0.10762490910058355,53281,0.6014946771881103,0.39850532281188966,35234,50247,66,3034,HeavyLightGBM,heavy
0.041772879311130974,0.056802651040008985,0.9787096774193549,0.10737352467573832,53413,0.602984838735169,0.39701516126483105,35102,50379,66,3034,HeavyLightGBM,heavy
0.04167790260330181,0.05665695937873357,0.9790322580645161,0.1071151267029011,53568,0.6047346496426999,0.39526535035730015,34948,50533,65,3035,HeavyLightGBM,heavy
0.041595460623643346,0.05646511627906977,0.9790322580645161,0.10677220756376431,53750,0.6067892663212201,0.3932107336787799,34766,50715,65,3035,HeavyLightGBM,heavy
0.04150347758528787,0.05634743875278397,0.9793548387096774,0.10656370656370658,53880,0.6082568496630203,0.3917431503369797,34637,50844,64,3036,HeavyLightGBM,heavy
0.04141139096228642,0.05621657630317722,0.98,0.10633345583731471,54041,0.6100743951863267,0.38992560481367333,34478,51003,62,3038,HeavyLightGBM,heavy
0.04132205003089118,0.05596801827527127,0.98,0.10588870880605078,54281,0.6127837798173423,0.38721622018265767,34238,51243,62,3038,HeavyLightGBM,heavy
0.041222630377931384,0.055839335587240926,0.9803225806451613,0.1056602461581253,54424,0.6143981214933225,0.3856018785066775,34096,51385,61,3039,HeavyLightGBM,heavy
0.04114254027429585,0.05568381706244503,0.9803225806451613,0.10538178791871836,54576,0.6161140650929657,0.38388593490703427,33944,51537,61,3039,HeavyLightGBM,heavy
0.04105212046817029,0.05555047967108269,0.9806451612903225,0.10514483354950281,54725,0.6177961413847213,0.3822038586152787,33796,51685,60,3040,HeavyLightGBM,heavy
0.04094711455651084,0.05529987448383752,0.9806451612903225,0.10469581388941505,54973,0.6205958388367708,0.37940416116322917,33548,51933,60,3040,HeavyLightGBM,heavy
0.04084868639676674,0.055162787325067075,0.9816129032258064,0.10445558149114377,55164,0.6227520574389542,0.37724794256104577,33360,52121,57,3043,HeavyLightGBM,heavy
0.040742398380184446,0.05500225937641211,0.9816129032258064,0.10416773641420625,55325,0.6245696029622605,0.3754303970377395,33199,52282,57,3043,HeavyLightGBM,heavy
0.04065981715078327,0.0547945205479452,0.9819354838709677,0.10379690723407156,55553,0.6271435183617254,0.37285648163827456,32972,52509,56,3044,HeavyLightGBM,heavy
0.04055731030134368,0.05456957441468574,0.9819354838709677,0.10339322713223058,55782,0.6297287228638195,0.37027127713618047,32743,52738,56,3044,HeavyLightGBM,heavy
0.04046709538193708,0.054376563058235086,0.9819354838709677,0.1030467163168585,55980,0.6319639651844075,0.36803603481559255,32545,52936,56,3044,HeavyLightGBM,heavy
0.040371553263499727,0.054070851460534496,0.9822580645161291,0.10249936884625095,56315,0.6357458145652002,0.3642541854347998,32211,53270,55,3045,HeavyLightGBM,heavy
0.040277288048618555,0.053955432741701205,0.9825806451612903,0.10229371662692682,56454,0.6373149998306634,0.3626850001693366,32073,53408,54,3046,HeavyLightGBM,heavy
0.04018205665075576,0.0537797624300616,0.9829032258064516,0.10197968438843985,56657,0.6396066876643975,0.36039331233560246,31871,53610,53,3047,HeavyLightGBM,heavy
0.04006562284083824,0.053614161036036036,0.9829032258064516,0.10168190616031501,56832,0.6415822806245132,0.35841771937548683,31696,53785,53,3047,HeavyLightGBM,heavy
0.03996456845492597,0.05346336671870341,0.983225806451613,0.1014123870838948,57011,0.6436030299951457,0.35639697000485426,31518,53963,52,3048,HeavyLightGBM,heavy
0.03985783348701954,0.053300468498706385,0.9835483870967742,0.10112098699920405,57204,0.6457818268025874,0.35421817319741256,31326,54155,51,3049,HeavyLightGBM,heavy
0.039734362804981896,0.05309996516893069,0.9835483870967742,0.10076007931262393,57420,0.6482202729705016,0.35177972702949845,31110,54371,51,3049,HeavyLightGBM,heavy
0.03962775502288406,0.05294138074732602,0.9835483870967742,0.10047452712054306,57592,0.6501619986227295,0.3498380013772705,30938,54543,51,3049,HeavyLightGBM,heavy
0.0395028824965014,0.05276360176455324,0.9838709677419355,0.1001559806255644,57805,0.6525665774827559,0.3474334225172441,30726,54755,50,3050,HeavyLightGBM,heavy
0.03940422163397591,0.052568079972423305,0.9838709677419355,0.09980366492146597,58020,0.6549937345480408,0.3450062654519592,30511,54970,50,3050,HeavyLightGBM,heavy
0.03929375386090094,0.05242538275168823,0.9841935483870968,0.0995481018646916,58197,0.6569919057134148,0.3430080942865852,30335,55146,49,3051,HeavyLightGBM,heavy
0.03918413697100398,0.05221378224868268,0.984516129032258,0.09916818299974006,58452,0.659870626883869,0.340129373116131,30081,55400,48,3052,HeavyLightGBM,heavy
0.039090674447104096,0.05201996967063675,0.9848387096774194,0.09882017834889706,58689,0.662546144206997,0.337453855793003,29845,55636,47,3053,HeavyLightGBM,heavy
0.03899847326171906,0.05170194750211685,0.9848387096774194,0.09824617860016092,59050,0.6666215102561497,0.3333784897438503,29484,55997,47,3053,HeavyLightGBM,heavy
0.03888014374192348,0.05148397976391231,0.9848387096774194,0.09785256410256409,59300,0.6694437859134578,0.33055621408654223,29234,56247,47,3053,HeavyLightGBM,heavy
0.03877746418821483,0.051370496878733324,0.9848387096774194,0.09764756680686379,59431,0.6709226583578871,0.3290773416421129,29103,56378,47,3053,HeavyLightGBM,heavy
0.03868774075166736,0.051214113227797155,0.9851612903225806,0.09736657527258814,59632,0.6731917679863627,0.3268082320136373,28903,56578,46,3054,HeavyLightGBM,heavy
0.03857533999561402,0.051016487646793514,0.9851612903225806,0.0970093547003796,59863,0.6757995506937153,0.32420044930628467,28672,56809,46,3054,HeavyLightGBM,heavy
0.03848780274903508,0.050703102950210015,0.9851612903225806,0.09644261285585712,60233,0.6799765186665312,0.3200234813334688,28302,57179,46,3054,HeavyLightGBM,heavy
0.03838814963571865,0.05059789989731359,0.9854838709677419,0.096253820221179,60378,0.6816134385477698,0.3183865614522302,28158,57323,45,3055,HeavyLightGBM,heavy
0.038271127391078956,0.05045750338585538,0.9854838709677419,0.0959997486094963,60546,0.6835100077894808,0.3164899922105192,27990,57491,45,3055,HeavyLightGBM,heavy
0.038160950636665636,0.05026067792707597,0.9858064516129033,0.09564496189537268,60803,0.6864113071651934,0.3135886928348066,27734,57747,44,3056,HeavyLightGBM,heavy
0.03807047335284532,0.05012629990486501,0.9858064516129033,0.09540161708238379,60966,0.6882514308937583,0.3117485691062417,27571,57910,44,3056,HeavyLightGBM,heavy
0.03795076708487752,0.05001636661211129,0.9858064516129033,0.09520249221183799,61100,0.6897641706460753,0.3102358293539247,27437,58044,44,3056,HeavyLightGBM,heavy
0.0378427620809449,0.04993305248032396,0.9864516129032258,0.09505455223648626,61242,0.6913672232194263,0.30863277678057366,27297,58184,42,3058,HeavyLightGBM,heavy
0.03773147496480875,0.04978915319363715,0.9864516129032258,0.0947937816767154,61419,0.6933653943848004,0.3066346056151996,27120,58361,42,3058,HeavyLightGBM,heavy
0.037609803806757845,0.04967349988629349,0.9864516129032258,0.0945841452475952,61562,0.6949797360607806,0.30502026393921944,26977,58504,42,3058,HeavyLightGBM,heavy
0.03750938750883989,0.049554367201426024,0.9864516129032258,0.09436815306279896,61710,0.6966505232499068,0.30334947675009316,26829,58652,42,3058,HeavyLightGBM,heavy
0.03739878373940575,0.04942400594574508,0.9867741935483871,0.09413321434616036,61893,0.6987164290310564,0.30128357096894365,26647,58834,41,3059,HeavyLightGBM,heavy
0.03729687942517781,0.04933415019507948,0.9870967741935484,0.09397168565549856,62026,0.7002178796807442,0.2997821203192558,26515,58966,40,3060,HeavyLightGBM,heavy
0.037199082452849294,0.049170321109022856,0.9874193548387097,0.09367588328003305,62253,0.7027805059775798,0.2972194940224202,26289,59192,39,3061,HeavyLightGBM,heavy
0.03708627016429479,0.04907759131926079,0.987741935483871,0.09350903177535845,62391,0.7043384021404139,0.2956615978595861,26152,59329,38,3062,HeavyLightGBM,heavy
0.03699339581781122,0.048937972478383863,0.987741935483871,0.09325556959904978,62569,0.7063478624084172,0.2936521375915828,25974,59507,38,3062,HeavyLightGBM,heavy
0.03689568599506194,0.04874631855448539,0.987741935483871,0.09290753242812712,62815,0.7091249816552082,0.2908750183447918,25728,59753,38,3062,HeavyLightGBM,heavy
0.03679154087402647,0.0485901868121412,0.9883870967741936,0.09262674204177879,63058,0.7118682335941116,0.28813176640588845,25487,59994,36,3064,HeavyLightGBM,heavy
0.03668674894748665,0.048424811198533826,0.9887096774193549,0.09232761996565954,63294,0.7145324618146104,0.2854675381853896,25252,60229,35,3065,HeavyLightGBM,heavy
0.03659804679265862,0.048210579281715835,0.9890322580645161,0.09193954659949624,63596,0.7179417708086384,0.2820582291913616,24951,60530,34,3066,HeavyLightGBM,heavy
0.03649570673492654,0.04806019280507877,0.9890322580645161,0.09166604379998505,63795,0.7201883022318556,0.2798116977681444,24752,60729,34,3066,HeavyLightGBM,heavy
0.03638128238786196,0.04792262379099673,0.9893548387096774,0.09141715971922085,63999,0.7224912791682189,0.27750872083178113,24549,60932,33,3067,HeavyLightGBM,heavy
0.03628945278279628,0.047776999143502294,0.9896774193548387,0.0911535319022506,64215,0.724929725336133,0.275070274663867,24334,61147,32,3068,HeavyLightGBM,heavy
0.0361768431713611,0.04758064516129032,0.9896774193548387,0.09079609351879254,64480,0.7279213375328795,0.27207866246712054,24069,61412,32,3068,HeavyLightGBM,heavy
0.03604997525890332,0.04747682641865648,0.9896774193548387,0.09060704951196823,64621,0.7295131010036012,0.2704868989963988,23928,61553,32,3068,HeavyLightGBM,heavy
0.03591561279906253,0.04729469417947019,0.99,0.09027665426306423,64891,0.7325611587134938,0.2674388412865062,23659,61822,31,3069,HeavyLightGBM,heavy
0.035774558297093854,0.04715459642116581,0.9903225806451613,0.09002272560662708,65105,0.7349770266761495,0.2650229733238505,23446,62035,30,3070,HeavyLightGBM,heavy
0.03563462319293841,0.0469852052447178,0.9906451612903225,0.08971531236762535,65361,0.737867036949233,0.26213296305076705,23191,62290,29,3071,HeavyLightGBM,heavy
0.03549834310824542,0.046612935051530746,0.9906451612903225,0.0890364292651813,65883,0.743759948521692,0.256240051478308,22669,62812,29,3071,HeavyLightGBM,heavy
0.035381702662113476,0.04643499554091026,0.9909677419354839,0.08871305427610206,66157,0.7468531626421016,0.25314683735789845,22396,63085,28,3072,HeavyLightGBM,heavy
0.03526483878111396,0.04620452118459248,0.9909677419354839,0.08829235345682383,66487,0.7505785665097482,0.2494214334902518,22066,63415,28,3072,HeavyLightGBM,heavy
0.0351465321952488,0.04600179694519317,0.9909677419354839,0.08792215226101889,66780,0.7538862735801131,0.24611372641988694,21773,63708,28,3072,HeavyLightGBM,heavy
0.03501905323588984,0.045806191959694126,0.9912903225806452,0.08756607348939263,67087,0.7573520280872873,0.2426479719127127,21467,64014,27,3073,HeavyLightGBM,heavy
0.03490360760364618,0.045212101620700294,0.9925806451612903,0.08648481526764759,68057,0.7683024576376424,0.23169754236235762,20501,64980,23,3077,HeavyLightGBM,heavy
0.03476961311101662,0.04511355311355311,0.993225806451613,0.08630693763139453,68250,0.7704812544450842,0.2295187455549158,20310,65171,21,3079,HeavyLightGBM,heavy
0.03462453070292415,0.044839526289754704,0.9941935483870967,0.08580894840883146,68734,0.7759451801176325,0.22405481988236753,19829,65652,18,3082,HeavyLightGBM,heavy
0.034493967497624275,0.04459713583104296,0.9945161290322581,0.08536619133324103,69130,0.7804156647588083,0.2195843352411917,19434,66047,17,3083,HeavyLightGBM,heavy
0.034343647109810437,0.04444925028835064,0.9945161290322581,0.0850952249516975,69360,0.7830121583635317,0.21698784163646834,19204,66277,17,3083,HeavyLightGBM,heavy
0.03420464755100047,0.04424956582894378,0.9945161290322581,0.08472922649883885,69673,0.7865456474864813,0.21345435251351874,18891,66590,17,3083,HeavyLightGBM,heavy
0.034092350388321986,0.0441229087057948,0.9945161290322581,0.08449700574184973,69873,0.7888034680123277,0.2111965319876723,18691,66790,17,3083,HeavyLightGBM,heavy
0.03393290544847904,0.0439925799086758,0.9945161290322581,0.08425799398742825,70080,0.7911403122565788,0.20885968774342123,18484,66997,17,3083,HeavyLightGBM,heavy
0.0337937772231026,0.04381128321728009,0.9945161290322581,0.08392541173268,70370,0.794414152019056,0.20558584798094404,18194,67287,17,3083,HeavyLightGBM,heavy
0.033673376261099855,0.043675978919929734,0.9945161290322581,0.0836771251764195,70588,0.7968751763922286,0.2031248236077714,17976,67505,17,3083,HeavyLightGBM,heavy
0.03354712180508397,0.043480712040704146,0.9951612903225806,0.08332095447731969,70951,0.8009731206466398,0.19902687935336016,17615,67866,15,3085,HeavyLightGBM,heavy
0.033436840398835085,0.04329168244351887,0.9958064516129033,0.08297606407999249,71307,0.8049920411826464,0.19500795881735355,17261,68220,13,3087,HeavyLightGBM,heavy
0.03331665217331945,0.04290539131885085,0.9958064516129033,0.08226625271489292,71949,0.8122396450706133,0.1877603549293867,16619,68862,13,3087,HeavyLightGBM,heavy
0.03319003035979434,0.042762975682712014,0.9961290322580645,0.08200552368812408,72212,0.8152086790621014,0.18479132093789863,16357,69124,12,3088,HeavyLightGBM,heavy
0.03308755382941516,0.04262720521244582,0.9961290322580645,0.0817558444309126,72442,0.8178051726668247,0.18219482733317527,16127,69354,12,3088,HeavyLightGBM,heavy
0.032978034342692315,0.042485863269265164,0.9961290322580645,0.08149584999274244,72683,0.8205258464004697,0.17947415359953034,15886,69595,12,3088,HeavyLightGBM,heavy
0.032873025216848886,0.0422048191124414,0.9961290322580645,0.08097866705128037,73167,0.8259897720730179,0.17401022792698206,15402,70079,12,3088,HeavyLightGBM,heavy
0.03276367435555045,0.04212176995977364,0.9964516129032258,0.08082684634002747,73335,0.8278863413147289,0.17211365868527106,15235,70246,11,3089,HeavyLightGBM,heavy
0.03263934757104388,0.04195015957085625,0.9964516129032258,0.08051084902586825,73635,0.8312730721034985,0.16872692789650146,14935,70546,11,3089,HeavyLightGBM,heavy
0.03253733023627625,0.04168971518773864,0.9967741935483871,0.08003211644802445,74119,0.8367369977760468,0.16326300222395318,14452,71029,10,3090,HeavyLightGBM,heavy
0.03242376939009104,0.04054213626881142,0.9967741935483871,0.07791520102878323,76217,0.8604215350921756,0.13957846490782444,12354,73127,10,3090,HeavyLightGBM,heavy
0.032300112648312417,0.040273704789833824,0.9967741935483871,0.07741935483870968,76725,0.8661563992278254,0.1338436007721746,11846,73635,10,3090,HeavyLightGBM,heavy
0.03219194445427253,0.03965576945274525,0.9974193548387097,0.07627881733295507,77971,0.8802226211038484,0.11977737889615159,10602,74879,8,3092,HeavyLightGBM,heavy
0.03210514435529157,0.03938702979503968,0.9974193548387097,0.07578152763991519,78503,0.8862284237025999,0.11377157629740009,10070,75411,8,3092,HeavyLightGBM,heavy
0.032007725830731665,0.03715162853168322,0.9993548387096775,0.07163999630006475,83388,0.9413756900463982,0.058624309953601794,5191,80290,2,3098,HeavyLightGBM,heavy
0.031924860275390744,0.03701402661951301,0.9993548387096775,0.07138413327496025,83698,0.9448753118614601,0.05512468813853988,4881,80600,2,3098,HeavyLightGBM,heavy
0.03182591619389346,0.03641897688411503,0.9996774193548387,0.07027768643769915,85093,0.9606236100292388,0.039376389970761205,3487,81994,1,3099,HeavyLightGBM,heavy
0.03172831071180534,0.03630463560642448,0.9996774193548387,0.07006477430732187,85361,0.963649089533873,0.03635091046612704,3219,82262,1,3099,HeavyLightGBM,heavy
0.031626105750565875,0.036172000840394986,0.9996774193548387,0.06981773942821096,85674,0.9671825786568226,0.032817421343177444,2906,82575,1,3099,HeavyLightGBM,heavy
0.031504060684180824,0.03607473371747861,0.9996774193548387,0.0696365372731869,85905,0.9697903613641752,0.03020963863582482,2675,82806,1,3099,HeavyLightGBM,heavy
0.03135789480669928,0.03586058460043046,0.9996774193548387,0.06923747179338233,86418,0.9755816710129712,0.02441832898702878,2162,83319,1,3099,HeavyLightGBM,heavy
0.031191557321568274,0.03550566945367083,1.0,0.0685764849021126,87310,0.9856515505582462,0.014348449441753841,1271,84210,0,3100,HeavyLightGBM,heavy
0.03100168323652854,0.03532240237913471,1.0,0.0682345949396344,87763,0.9907655140492883,0.009234485950711746,818,84663,0,3100,HeavyLightGBM,heavy
0.0307689853043633,0.03514261098263275,1.0,0.06789907131592782,88212,0.9958343211298134,0.0041656788701865954,369,85112,0,3100,HeavyLightGBM,heavy
0.02981512108739925,0.03499621815061921,1.0,0.06762578942201765,88581,1.0,0.0,0,85481,0,3100,HeavyLightGBM,heavy
0.9999822212193916,1.0,0.0003225806451612903,0.0006449532408900355,1,1.1289102629232002e-05,0.9999887108973707,85481,0,3099,1,HeavyCatBoost,heavy
0.9993472203232803,0.9831460674157303,0.056451612903225805,0.10677242220866381,178,0.0020094602680032964,0.9979905397319967,85478,3,2925,175,HeavyCatBoost,heavy
0.9985362798428796,0.9915492957746479,0.1135483870967742,0.20376266280752536,355,0.004007631433377361,0.9959923685666227,85478,3,2748,352,HeavyCatBoost,heavy
0.9974544214901692,0.9906191369606003,0.1703225806451613,0.2906688687035508,533,0.006017091701380657,0.9939829082986193,85476,5,2572,528,HeavyCatBoost,heavy
0.9961318495992977,0.9830985915492958,0.22516129032258064,0.36640419947506564,710,0.008015262866754722,0.9919847371332453,85469,12,2402,698,HeavyCatBoost,heavy
0.9942718802918888,0.9819616685456595,0.28096774193548385,0.43691998996739406,887,0.010013434032128786,0.9899865659678713,85465,16,2229,871,HeavyCatBoost,heavy
0.9915166442196044,0.9755868544600939,0.33516129032258063,0.4989195678271308,1065,0.012022894300132083,0.987977105699868,85455,26,2061,1039,HeavyCatBoost,heavy
0.9878635547351428,0.9710144927536232,0.38903225806451613,0.5555043758636573,1242,0.014021065465506147,0.9859789345344938,85445,36,1894,1206,HeavyCatBoost,heavy
0.982056213645535,0.9654686398872445,0.44193548387096776,0.6063288338127905,1419,0.016019236630880212,0.9839807633691198,85432,49,1730,1370,HeavyCatBoost,heavy
0.9746412052387529,0.960551033187226,0.49483870967741933,0.6531828826910794,1597,0.018028696898883506,0.9819713031011165,85418,63,1566,1534,HeavyCatBoost,heavy
0.9642511817045877,0.9492671927846674,0.5432258064516129,0.6910135412392285,1774,0.02002686806425757,0.9799731319357424,85391,90,1416,1684,HeavyCatBoost,heavy
0.9476059120138807,0.9379805228088159,0.5903225806451613,0.7246089883191448,1951,0.022025039229631636,0.9779749607703684,85360,121,1270,1830,HeavyCatBoost,heavy
0.9289821261015209,0.9210897134805073,0.6325806451612903,0.7500478102887742,2129,0.024034499497634934,0.9759655005023651,85313,168,1139,1961,HeavyCatBoost,heavy
0.9020607035591113,0.9002601908065915,0.6696774193548387,0.7680355160932297,2306,0.026032670663008996,0.973967329336991,85251,230,1024,2076,HeavyCatBoost,heavy
0.8787016043303065,0.8759565042287555,0.7016129032258065,0.7791509940891993,2483,0.02803084182838306,0.9719691581716169,85173,308,925,2175,HeavyCatBoost,heavy
0.8510980619410674,0.846674182638106,0.7267741935483871,0.7821558757160216,2661,0.03004030209638636,0.9699596979036137,85073,408,847,2253,HeavyCatBoost,heavy
0.8236857227318677,0.8185341789992953,0.7493548387096775,0.782418322667565,2838,0.032038473261760424,0.9679615267382395,84966,515,777,2323,HeavyCatBoost,heavy
0.7956449852122722,0.7903814262023218,0.7687096774193548,0.7793949304987735,3015,0.034036644427134485,0.9659633555728655,84849,632,717,2383,HeavyCatBoost,heavy
0.7684107994040095,0.7622925148762919,0.7851612903225806,0.7735579215000795,3193,0.03604610469513778,0.9639538953048622,84722,759,666,2434,HeavyCatBoost,heavy
0.7455880553586333,0.7323442136498516,0.7961290322580645,0.7629057187017001,3370,0.038044275860511845,0.9619557241394882,84579,902,632,2468,HeavyCatBoost,heavy
0.7209591797315826,0.7054678692220969,0.8074193548387096,0.7530084235860409,3548,0.04005373612851514,0.9599462638714849,84436,1045,597,2503,HeavyCatBoost,heavy
0.6994688168715378,0.6802684563758389,0.8174193548387096,0.7425641025641025,3725,0.04205190729388921,0.9579480927061108,84290,1191,566,2534,HeavyCatBoost,heavy
0.6774940650365788,0.6570989236289082,0.8270967741935484,0.7323621822336475,3902,0.04405007845926327,0.9559499215407368,84143,1338,536,2564,HeavyCatBoost,heavy
0.65736143840925,0.6330882352941176,0.8332258064516129,0.7194986072423398,4080,0.04605953872726657,0.9539404612727335,83984,1497,517,2583,HeavyCatBoost,heavy
0.6369578724802454,0.6109936575052854,0.8390322580645161,0.7070816909066195,4257,0.04805770989264063,0.9519422901073593,83825,1656,499,2601,HeavyCatBoost,heavy
0.6200895264491783,0.5893098782138024,0.8429032258064516,0.6936554287231218,4434,0.0500558810580147,0.9499441189419853,83660,1821,487,2613,HeavyCatBoost,heavy
0.6026706150914244,0.571335646140503,0.85,0.683350622406639,4612,0.05206534132601799,0.947934658673982,83504,1977,465,2635,HeavyCatBoost,heavy
0.5877573248415516,0.555648360826895,0.8583870967741936,0.6746102167575104,4789,0.05406351249139206,0.9459364875086079,83353,2128,439,2661,HeavyCatBoost,heavy
0.572990418282572,0.5380587998389046,0.8619354838709677,0.6625340937267542,4966,0.05606168365676612,0.9439383163432339,83187,2294,428,2672,HeavyCatBoost,heavy
0.5578276692141638,0.5213841368584758,0.8651612903225806,0.6506550218340611,5144,0.05807114392476942,0.9419288560752306,83019,2462,418,2682,HeavyCatBoost,heavy
0.5442582647263107,0.5072354820522458,0.8706451612903225,0.6410165063531647,5321,0.06006931509014348,0.9399306849098565,82859,2622,401,2699,HeavyCatBoost,heavy
0.5306906177266222,0.49272462713714077,0.8738709677419355,0.6301465457083043,5498,0.06206748625551755,0.9379325137444825,82692,2789,391,2709,HeavyCatBoost,heavy
0.518860227701371,0.47903453136011276,0.8770967741935484,0.6196444849589791,5676,0.06407694652352085,0.9359230534764792,82524,2957,381,2719,HeavyCatBoost,heavy
0.5068656729622305,0.46591491542798563,0.8796774193548387,0.6091812800178711,5853,0.06607511768889492,0.933924882311105,82355,3126,373,2727,HeavyCatBoost,heavy
0.4948241699745359,0.45356550580431176,0.882258064516129,0.5991237677984667,6030,0.06807328885426897,0.931926711145731,82186,3295,365,2735,HeavyCatBoost,heavy
0.48441144965555605,0.4420103092783505,0.8851612903225806,0.5896003437902879,6208,0.07008274912227228,0.9299172508777277,82017,3464,356,2744,HeavyCatBoost,heavy
0.47378246388538775,0.4313234142521535,0.8883870967741936,0.5807063784923563,6385,0.07208092028764633,0.9279190797123537,81850,3631,346,2754,HeavyCatBoost,heavy
0.46351968752384665,0.42045108198719905,0.89,0.5711032912440489,6562,0.0740790914530204,0.9259209085469796,81678,3803,341,2759,HeavyCatBoost,heavy
0.4542180874618331,0.4105341246290801,0.8925806451612903,0.5623983739837398,6740,0.07608855172102369,0.9239114482789763,81508,3973,333,2767,HeavyCatBoost,heavy
0.4455198841589206,0.40089634234494725,0.8945161290322581,0.5536587800738745,6917,0.07808672288639776,0.9219132771136023,81337,4144,327,2773,HeavyCatBoost,heavy
0.4365052529707524,0.39210711768851303,0.8974193548387097,0.5457577243746936,7095,0.08009618315440106,0.919903816845599,81168,4313,318,2782,HeavyCatBoost,heavy
0.4282356972618345,0.38366336633663367,0.9,0.5379868877747783,7272,0.08209435431977512,0.9179056456802249,80999,4482,310,2790,HeavyCatBoost,heavy
0.4205794844355299,0.3754866425023493,0.902258064516129,0.530287231017158,7449,0.08409252548514919,0.9159074745148508,80829,4652,303,2797,HeavyCatBoost,heavy
0.41288127955146636,0.3673790481185263,0.9038709677419355,0.522420061526988,7627,0.08610198575315248,0.9138980142468476,80656,4825,298,2802,HeavyCatBoost,heavy
0.4048321405251361,0.35955920041004613,0.9051612903225806,0.5146735143066764,7804,0.08810015691852655,0.9118998430814734,80483,4998,294,2806,HeavyCatBoost,heavy
0.39751951213380504,0.3520862047362486,0.9064516129032258,0.5071744427398249,7981,0.09009832808390061,0.9099016719160994,80310,5171,290,2810,HeavyCatBoost,heavy
0.3908815771358853,0.34477264370633653,0.9074193548387097,0.4996891375788258,8159,0.0921077883519039,0.9078922116480961,80135,5346,287,2813,HeavyCatBoost,heavy
0.3842361278967565,0.338531669865643,0.9103225806451613,0.49352920601608946,8336,0.09410595951727797,0.905894040482722,79967,5514,278,2822,HeavyCatBoost,heavy
0.37780967199200544,0.3325502173146952,0.9132258064516129,0.48755704813571005,8513,0.09610413068265204,0.903895869317348,79799,5682,269,2831,HeavyCatBoost,heavy
0.3714229752430919,0.32654470141525715,0.915483870967742,0.4813841065219235,8691,0.09811359095065533,0.9018864090493447,79628,5853,262,2838,HeavyCatBoost,heavy
0.36513041826964643,0.32047812359043754,0.9167741935483871,0.47493315508021394,8868,0.1001117621160294,0.8998882378839705,79455,6026,258,2842,HeavyCatBoost,heavy
0.3592240467046415,0.31475953565505804,0.9183870967741935,0.46883491148620837,9045,0.10210993328140346,0.8978900667185965,79283,6198,253,2847,HeavyCatBoost,heavy
0.3529938739911644,0.3092269326683292,0.92,0.46287430008926395,9223,0.10411939354940676,0.8958806064505932,79110,6371,248,2852,HeavyCatBoost,heavy
0.34758925431768356,0.303936170212766,0.9216129032258065,0.45712,9400,0.10611756471478082,0.8938824352852192,78938,6543,243,2857,HeavyCatBoost,heavy
0.34192140631305884,0.2986321395008875,0.9225806451612903,0.4512108543030685,9577,0.10811573588015488,0.8918842641198451,78764,6717,240,2860,HeavyCatBoost,heavy
0.33676557084508946,0.2936955407483342,0.9241935483870968,0.44574095682613774,9755,0.11012519614815819,0.8898748038518418,78591,6890,235,2865,HeavyCatBoost,heavy
0.3311982802283363,0.28846153846153844,0.9241935483870968,0.4396869244935543,9932,0.11212336731353224,0.8878766326864678,78414,7067,235,2865,HeavyCatBoost,heavy
0.32677461470250163,0.28390543080423386,0.9258064516129032,0.43455219925808164,10109,0.11412153847890631,0.8858784615210937,78242,7239,230,2870,HeavyCatBoost,heavy
0.3223591430510032,0.2791873238067464,0.9264516129032258,0.42907298125046683,10287,0.1161309987469096,0.8838690012530904,78066,7415,228,2872,HeavyCatBoost,heavy
0.3178376193332765,0.2745603975535168,0.9267741935483871,0.4236213506340312,10464,0.11812916991228367,0.8818708300877163,77890,7591,227,2873,HeavyCatBoost,heavy
0.3134100971879813,0.27015598571697047,0.9274193548387096,0.41842526560908166,10642,0.12013863018028696,0.8798613698197131,77714,7767,225,2875,HeavyCatBoost,heavy
0.3088257265514327,0.2661983547462797,0.9290322580645162,0.41382283210000714,10819,0.12213680134566103,0.8778631986543389,77542,7939,220,2880,HeavyCatBoost,heavy
0.30414415196779826,0.2621862495452892,0.93,0.40905221339387055,10996,0.1241349725110351,0.8758650274889649,77368,8113,217,2883,HeavyCatBoost,heavy
0.29984451187097166,0.2584571326293181,0.9316129032258065,0.40465181448788007,11174,0.1261444327790384,0.8738555672209616,77195,8286,212,2888,HeavyCatBoost,heavy
0.2956441184995907,0.25460311866795876,0.932258064516129,0.3999723202546536,11351,0.12814260394441246,0.8718573960555875,77020,8461,210,2890,HeavyCatBoost,heavy
0.29174696102094,0.25078070784177653,0.9325806451612904,0.39526934645884604,11528,0.13014077510978653,0.8698592248902135,76844,8637,209,2891,HeavyCatBoost,heavy
0.28763828640816225,0.24730907227063045,0.9338709677419355,0.39105767931919494,11706,0.13215023537778983,0.8678497646222102,76670,8811,205,2895,HeavyCatBoost,heavy
0.2835353645652622,0.24370950096776908,0.9341935483870968,0.3865714476406594,11883,0.13414840654316387,0.8658515934568362,76494,8987,204,2896,HeavyCatBoost,heavy
0.27994773673643397,0.24046434494195687,0.9354838709677419,0.3825857519788918,12060,0.13614657770853794,0.863853422291462,76321,9160,200,2900,HeavyCatBoost,heavy
0.2760752416146483,0.23713025004085636,0.9361290322580645,0.37840657191289606,12238,0.13815603797654125,0.8618439620234588,76145,9336,198,2902,HeavyCatBoost,heavy
0.27284984710724414,0.23407168747482884,0.9374193548387096,0.3746052207541089,12415,0.14015420914191531,0.8598457908580847,75972,9509,194,2906,HeavyCatBoost,heavy
0.2690720637683607,0.23101969504447267,0.9383870967741935,0.3707621718072903,12592,0.14215238030728938,0.8578476196927106,75798,9683,191,2909,HeavyCatBoost,heavy
0.26566907321302724,0.2277995301487862,0.9383870967741935,0.36660365469439193,12770,0.14416184057529266,0.8558381594247073,75620,9861,191,2909,HeavyCatBoost,heavy
0.26233714194837604,0.22468525527149147,0.9383870967741935,0.362559980058578,12947,0.14616001174066673,0.8538399882593333,75443,10038,191,2909,HeavyCatBoost,heavy
0.2589124396959295,0.22195976836330386,0.9396774193548387,0.35909763313609466,13124,0.1481581829060408,0.8518418170939592,75270,10211,187,2913,HeavyCatBoost,heavy
0.25570988058323957,0.21913997895053375,0.9403225806451613,0.3554444579929277,13302,0.1501676431740441,0.8498323568259559,75094,10387,185,2915,HeavyCatBoost,heavy
0.25238622964969787,0.21626233400103864,0.9403225806451613,0.3516496773026117,13479,0.15216581433941817,0.8478341856605818,74917,10564,185,2915,HeavyCatBoost,heavy
0.24950012133591995,0.21359010031485684,0.9409677419354838,0.348153010682103,13657,0.15417527460742145,0.8458247253925786,74741,10740,183,2917,HeavyCatBoost,heavy
0.2462206635284203,0.21100187942749746,0.9416129032258065,0.3447502066847762,13834,0.15617344577279552,0.8438265542272045,74566,10915,181,2919,HeavyCatBoost,heavy
0.24344330174735682,0.2086217971593748,0.9429032258064516,0.3416515691660335,14011,0.15817161693816958,0.8418283830618304,74393,11088,177,2923,HeavyCatBoost,heavy
0.24042699675960577,0.20621608288110507,0.9438709677419355,0.3384811151599283,14189,0.1601810772061729,0.8398189227938271,74218,11263,174,2926,HeavyCatBoost,heavy
0.23740308156288487,0.20374495336210496,0.9441935483870968,0.33516546433069966,14366,0.16217924837154696,0.837820751628453,74042,11439,173,2927,HeavyCatBoost,heavy
0.23479074689077023,0.20147149831534072,0.9451612903225807,0.3321430595703678,14543,0.164177419536921,0.835822580463079,73868,11613,170,2930,HeavyCatBoost,heavy
0.23225748973465918,0.19917125195299232,0.9458064516129032,0.3290499971943213,14721,0.1661868798049243,0.8338131201950757,73692,11789,168,2932,HeavyCatBoost,heavy
0.22932204134391834,0.19693918646798228,0.9464516129032258,0.32603622624736084,14898,0.16818505097029837,0.8318149490297017,73517,11964,166,2934,HeavyCatBoost,heavy
0.22687770814206604,0.19475953565505805,0.9470967741935484,0.32308115543328747,15075,0.17018322213567244,0.8298167778643275,73342,12139,164,2936,HeavyCatBoost,heavy
0.22417218159549077,0.19261784566970433,0.947741935483871,0.32016564049474205,15253,0.17219268240367575,0.8278073175963243,73166,12315,162,2938,HeavyCatBoost,heavy
0.22177366582450506,0.19047310434219053,0.9480645161290323,0.3172153264975715,15430,0.17419085356904979,0.8258091464309503,72990,12491,161,2939,HeavyCatBoost,heavy
0.21926219439382202,0.18863330556801436,0.9496774193548387,0.3147484898701021,15607,0.17618902473442385,0.8238109752655761,72818,12663,156,2944,HeavyCatBoost,heavy
0.21660464122558595,0.18663287931580613,0.9503225806451613,0.3119936457505957,15785,0.17819848500242716,0.8218015149975728,72642,12839,154,2946,HeavyCatBoost,heavy
0.21421481380786228,0.18468863550933468,0.9509677419354838,0.3093064736124226,15962,0.18019665616780123,0.8198033438321988,72467,13014,152,2948,HeavyCatBoost,heavy
0.21198192025845716,0.1827250759030919,0.9512903225806452,0.3065647902697645,16139,0.1821948273331753,0.8178051726668247,72291,13190,151,2949,HeavyCatBoost,heavy
0.20944065912483045,0.18085432371146656,0.9519354838709677,0.3039604470309522,16317,0.18420428760117857,0.8157957123988214,72115,13366,149,2951,HeavyCatBoost,heavy
0.2074191060081817,0.17909542864071784,0.9529032258064516,0.3015208737368582,16494,0.18620245876655264,0.8137975412334474,71941,13540,146,2954,HeavyCatBoost,heavy
0.20509652901115713,0.1772539139823646,0.9532258064516129,0.2989226645086237,16671,0.1882006299319267,0.8117993700680732,71765,13716,145,2955,HeavyCatBoost,heavy
0.2030089564513237,0.17555938037865748,0.9541935483870968,0.2965562183568098,16849,0.19021009019993002,0.80978990980007,71590,13891,142,2958,HeavyCatBoost,heavy
0.2010897647188298,0.17379302243627393,0.954516129032258,0.29404750074530456,17026,0.19220826136530408,0.8077917386346959,71414,14067,141,2959,HeavyCatBoost,heavy
0.19893238263856083,0.17205301092769124,0.9548387096774194,0.2915681639085895,17204,0.19421772163330736,0.8057822783666926,71237,14244,140,2960,HeavyCatBoost,heavy
0.19700682734697447,0.1703584373741442,0.9551612903225807,0.2891460377911235,17381,0.19621589279868143,0.8037841072013185,71061,14420,139,2961,HeavyCatBoost,heavy
0.19508360999732707,0.1686410752933136,0.9551612903225807,0.2866686029625327,17558,0.1982140639640555,0.8017859360359445,70884,14597,139,2961,HeavyCatBoost,heavy
0.1928968867068417,0.1670613441587731,0.9558064516129032,0.2844115953157995,17736,0.2002235242320588,0.7997764757679412,70708,14773,137,2963,HeavyCatBoost,heavy
0.19085072751280993,0.16557807179143638,0.9567741935483871,0.2823014324465807,17913,0.20222169539743287,0.7977783046025672,70534,14947,134,2966,HeavyCatBoost,heavy
0.18904214261884644,0.16395798783858484,0.9567741935483871,0.2799433695139217,18090,0.2042198665628069,0.7957801334371931,70357,15124,134,2966,HeavyCatBoost,heavy
0.18684228145435158,0.16241515217867308,0.9570967741935484,0.2777049794084612,18268,0.20622932683081022,0.7937706731691898,70180,15301,133,2967,HeavyCatBoost,heavy
0.18516031899877555,0.16096503117375982,0.957741935483871,0.27560919006730095,18445,0.20822749799618429,0.7917725020038158,70005,15476,131,2969,HeavyCatBoost,heavy
0.18352947053324714,0.1594887767157126,0.9580645161290322,0.2734554829205414,18622,0.21022566916155835,0.7897743308384416,69829,15652,130,2970,HeavyCatBoost,heavy
0.18165116773036138,0.15808510638297874,0.9587096774193549,0.2714155251141553,18800,0.21223512942956163,0.7877648705704383,69653,15828,128,2972,HeavyCatBoost,heavy
0.17992655319170242,0.15671602466143225,0.9593548387096774,0.2694206640394981,18977,0.2142333005949357,0.7857666994050643,69478,16003,126,2974,HeavyCatBoost,heavy
0.178045161437602,0.15537224600605617,0.96,0.26745753572391473,19154,0.21623147176030977,0.7837685282396902,69303,16178,124,2976,HeavyCatBoost,heavy
0.17639248456055787,0.15394165114835506,0.96,0.2653352353780314,19332,0.21824093202831307,0.7817590679716869,69125,16356,124,2976,HeavyCatBoost,heavy
0.17457943316074134,0.15259623763391256,0.9603225806451613,0.26334645495156794,19509,0.22023910319368714,0.7797608968063129,68949,16532,123,2977,HeavyCatBoost,heavy
0.17287664503077543,0.15127501777913238,0.9606451612903226,0.26138857193013254,19686,0.2222372743590612,0.7777627256409387,68773,16708,122,2978,HeavyCatBoost,heavy
0.17104470173160224,0.1500201369311317,0.9612903225806452,0.25953666608604775,19864,0.2242467346270645,0.7757532653729355,68597,16884,120,2980,HeavyCatBoost,heavy
0.16958950025931982,0.1486951748914725,0.9612903225806452,0.25755153191305474,20041,0.22624490579243856,0.7737550942075615,68420,17061,120,2980,HeavyCatBoost,heavy
0.16800654925931732,0.14744287268770404,0.9616129032258065,0.2556823055150528,20218,0.22824307695781262,0.7717569230421873,68244,17237,119,2981,HeavyCatBoost,heavy
0.16637541886573223,0.14615610904098844,0.9616129032258065,0.25374531835205993,20396,0.23025253722581593,0.769747462774184,68066,17415,119,2981,HeavyCatBoost,heavy
0.16488772045556097,0.14489865357507412,0.9616129032258065,0.25184809698812993,20573,0.23225070839119,0.76774929160881,67889,17592,119,2981,HeavyCatBoost,heavy
0.16340646387381755,0.1437039178834755,0.9619354838709677,0.25005240870403755,20751,0.23426016865919327,0.7657398313408067,67712,17769,118,2982,HeavyCatBoost,heavy
0.16206073289581926,0.14253631498470948,0.962258064516129,0.24829365739970033,20928,0.23625833982456734,0.7637416601754327,67536,17945,117,2983,HeavyCatBoost,heavy
0.1608167786224015,0.14148306088604595,0.9632258064516129,0.24672588308200785,21105,0.2382565109899414,0.7617434890100586,67362,18119,114,2986,HeavyCatBoost,heavy
0.1596146431867026,0.14039374148381337,0.9638709677419355,0.24508879137103717,21283,0.24026597125794472,0.7597340287420553,67186,18295,112,2988,HeavyCatBoost,heavy
0.1580426642225337,0.13928238583410998,0.9641935483870968,0.2434039087947883,21460,0.24226414242331876,0.7577358575766813,67010,18471,111,2989,HeavyCatBoost,heavy
0.15664123967328575,0.13814299579424136,0.9641935483870968,0.24166228726199623,21637,0.24426231358869283,0.7557376864113072,66833,18648,111,2989,HeavyCatBoost,heavy
0.15522076267728893,0.13701581480632594,0.9641935483870968,0.23993578165763596,21815,0.24627177385669613,0.7537282261433038,66655,18826,111,2989,HeavyCatBoost,heavy
0.15382634660476951,0.13600400145507457,0.9648387096774194,0.23840267814442853,21992,0.2482699450220702,0.7517300549779298,66480,19001,109,2991,HeavyCatBoost,heavy
0.15235579767744617,0.13491812891876043,0.9648387096774194,0.23673275555027898,22169,0.25026811618744427,0.7497318838125557,66303,19178,109,2991,HeavyCatBoost,heavy
0.15109064408714726,0.13388821765785117,0.9651612903225807,0.23515542107124612,22347,0.25227757645544757,0.7477224235445524,66126,19355,108,2992,HeavyCatBoost,heavy
0.14985790406462798,0.13288048304031255,0.9654838709677419,0.233609116453325,22524,0.2542757476208216,0.7457242523791784,65950,19531,107,2993,HeavyCatBoost,heavy
0.14864584953914073,0.131932513986168,0.9661290322580646,0.23216154412619666,22701,0.2562739187861957,0.7437260812138042,65775,19706,105,2995,HeavyCatBoost,heavy
0.1473774392909924,0.13094977927356966,0.9664516129032258,0.2306478309403749,22879,0.25828337905419896,0.741716620945801,65598,19883,104,2996,HeavyCatBoost,heavy
0.14608421694774726,0.1299444829979181,0.9664516129032258,0.22908701636335835,23056,0.26028155021957305,0.739718449780427,65421,20060,104,2996,HeavyCatBoost,heavy
0.14494094027478613,0.1290405888176301,0.9670967741935483,0.22769908479854176,23233,0.2622797213849471,0.737720278615053,65246,20235,102,2998,HeavyCatBoost,heavy
0.14369437961877715,0.12810217419161932,0.9674193548387097,0.22624570932820337,23411,0.2642891816529504,0.7357108183470495,65069,20412,101,2999,HeavyCatBoost,heavy
0.14256246332095185,0.1271409191114126,0.9674193548387097,0.22474520383693045,23588,0.2662873528183245,0.7337126471816755,64892,20589,101,2999,HeavyCatBoost,heavy
0.14137755983824493,0.12619398274773827,0.9674193548387097,0.22326447050065143,23765,0.26828552398369854,0.7317144760163015,64715,20766,101,2999,HeavyCatBoost,heavy
0.1401997705065676,0.12525581589608653,0.9674193548387097,0.22179491920275116,23943,0.27029498425170184,0.7297050157482982,64537,20944,101,2999,HeavyCatBoost,heavy
0.13898679508577996,0.12437810945273632,0.967741935483871,0.2204261572373255,24120,0.2722931554170759,0.7277068445829241,64361,21120,100,3000,HeavyCatBoost,heavy
0.13785387250680506,0.12346695201251132,0.967741935483871,0.21899408715964666,24298,0.2743026156850792,0.7256973843149208,64183,21298,100,3000,HeavyCatBoost,heavy
0.13655340255411863,0.12265577119509703,0.9683870967741935,0.21773345421577517,24475,0.2763007868504533,0.7236992131495468,64008,21473,98,3002,HeavyCatBoost,heavy
0.13551419494610878,0.12181567418465034,0.9687096774193549,0.21641683482271548,24652,0.2782989580158273,0.7217010419841727,63832,21649,97,3003,HeavyCatBoost,heavy
0.13438716879316512,0.12098268223922674,0.9690322580645161,0.21510920157536698,24830,0.28030841828383063,0.7196915817161693,63655,21826,96,3004,HeavyCatBoost,heavy
0.13326651076247117,0.12012636461790699,0.9690322580645161,0.21375458070943182,25007,0.28230658944920467,0.7176934105507953,63478,22003,96,3004,HeavyCatBoost,heavy
0.13222698801364527,0.119321791613723,0.9693548387096774,0.21248762551265737,25184,0.28430476061457877,0.7156952393854212,63302,22179,95,3005,HeavyCatBoost,heavy
0.13118653791388626,0.11848434666035802,0.9693548387096774,0.21115873796641133,25362,0.28631422088258207,0.7136857791174179,63124,22357,95,3005,HeavyCatBoost,heavy
0.13005229647360952,0.11774149340224754,0.97,0.2099933656901428,25539,0.2883123920479561,0.7116876079520439,62949,22532,93,3007,HeavyCatBoost,heavy
0.1289014902780403,0.11700886607559496,0.9706451612903226,0.2088423098278734,25716,0.29031056321333015,0.7096894367866698,62774,22707,91,3009,HeavyCatBoost,heavy
0.1277916382368229,0.11628176411523905,0.9712903225806452,0.207698144443678,25894,0.29232002348133346,0.7076799765186665,62598,22883,89,3011,HeavyCatBoost,heavy
0.1268376201485618,0.11556902305243374,0.9719354838709677,0.20657502313941928,26071,0.29431819464670755,0.7056818053532925,62423,23058,87,3013,HeavyCatBoost,heavy
0.12584813112035617,0.1148277964035355,0.9722580645161291,0.20539730134932532,26248,0.2963163658120816,0.7036836341879185,62247,23234,86,3014,HeavyCatBoost,heavy
0.12480656886282049,0.11405434042231136,0.9722580645161291,0.20415904626430942,26426,0.2983258260800849,0.701674173919915,62069,23412,86,3014,HeavyCatBoost,heavy
0.12385573193986946,0.11333308273502989,0.9725806451612903,0.203009796990203,26603,0.30032399724545894,0.699676002754541,61893,23588,85,3015,HeavyCatBoost,heavy
0.12282551057920933,0.11262135922330097,0.9729032258064516,0.20187416331994645,26780,0.30232216841083304,0.697677831589167,61717,23764,84,3016,HeavyCatBoost,heavy
0.12172867064114647,0.11187773573707248,0.9729032258064516,0.20067868787011778,26958,0.30433162867883634,0.6956683713211637,61539,23942,84,3016,HeavyCatBoost,heavy
0.12077869103203119,0.11118481665745347,0.9732258064516129,0.19957003472796428,27135,0.3063297998442104,0.6936702001557896,61363,24118,83,3017,HeavyCatBoost,heavy
0.11991749431135298,0.11046022040786439,0.9732258064516129,0.19840199914510245,27313,0.3083392601122137,0.6916607398877863,61185,24296,83,3017,HeavyCatBoost,heavy
0.11899537879195643,0.10982175336485996,0.9738709677419355,0.1973847662634848,27490,0.3103374312775877,0.6896625687224123,61010,24471,81,3019,HeavyCatBoost,heavy
0.11809448366919513,0.10911916723894893,0.9738709677419355,0.19624922806903503,27667,0.3123356024429618,0.6876643975570382,60833,24648,81,3019,HeavyCatBoost,heavy
0.11727866965281356,0.10845753277069492,0.9741935483870968,0.1951850056551947,27845,0.31434506271096513,0.6856549372890348,60656,24825,80,3020,HeavyCatBoost,heavy
0.11637242996146648,0.10777246449218471,0.9741935483870968,0.19407493091703615,28022,0.31634323387633917,0.6836567661236608,60479,25002,80,3020,HeavyCatBoost,heavy
0.115533020433952,0.10709599631192596,0.9741935483870968,0.19297741141889518,28199,0.3183414050417132,0.6816585949582867,60302,25179,80,3020,HeavyCatBoost,heavy
0.11470400976210121,0.10642421679529196,0.9741935483870968,0.19188613908568164,28377,0.3203508653097165,0.6796491346902835,60124,25357,80,3020,HeavyCatBoost,heavy
0.11382538558017706,0.10576451635497654,0.9741935483870968,0.19081316737221202,28554,0.3223490364750906,0.6776509635249094,59947,25534,80,3020,HeavyCatBoost,heavy
0.11290776531526635,0.10514774981727054,0.974516129032258,0.18981496025886713,28731,0.32434720764046465,0.6756527923595353,59771,25710,79,3021,HeavyCatBoost,heavy
0.11216885450544985,0.10453491992113183,0.9748387096774194,0.1888218938423568,28909,0.32635666790846796,0.673643332091532,59594,25887,78,3022,HeavyCatBoost,heavy
0.11132238544085887,0.10393316372137798,0.9751612903225807,0.18784564717579072,29086,0.328354839073842,0.671645160926158,59418,26063,77,3023,HeavyCatBoost,heavy
0.11040599092941454,0.10333868707924683,0.9754838709677419,0.18688007910267898,29263,0.3303530102392161,0.669646989760784,59242,26239,76,3024,HeavyCatBoost,heavy
0.10950342127984376,0.10278183485615298,0.9761290322580645,0.18598076273009434,29441,0.3323624705072194,0.6676375294927805,59066,26415,74,3026,HeavyCatBoost,heavy
0.10857670364932866,0.1022013640353839,0.9764516129032258,0.1850357601320374,29618,0.33436064167259344,0.6656393583274065,58890,26591,73,3027,HeavyCatBoost,heavy
0.1077467481417178,0.10162778989763382,0.9767741935483871,0.18410092719258245,29795,0.33635881283796754,0.6636411871620325,58714,26767,72,3028,HeavyCatBoost,heavy
0.10684542005994978,0.10102425516298001,0.9767741935483871,0.18311008980134852,29973,0.3383682731059708,0.6616317268940293,58536,26945,72,3028,HeavyCatBoost,heavy
0.10620249599120501,0.10046434494195688,0.9770967741935483,0.1821954887218045,30150,0.3403664442713449,0.6596335557286551,58360,27121,71,3029,HeavyCatBoost,heavy
0.10535380122431615,0.09994394434002704,0.977741935483871,0.1813504053609358,30327,0.3423646154367189,0.6576353845632811,58185,27296,69,3031,HeavyCatBoost,heavy
0.10453741986192383,0.09936076053106048,0.977741935483871,0.18038982294301442,30505,0.3443740757047222,0.6556259242952778,58007,27474,69,3031,HeavyCatBoost,heavy
0.10379468757823254,0.09878756274036894,0.977741935483871,0.17944467467882302,30682,0.3463722468700963,0.6536277531299037,57830,27651,69,3031,HeavyCatBoost,heavy
0.10294611541904478,0.09821775761503565,0.977741935483871,0.17850412249705538,30860,0.34838170713809957,0.6516182928619004,57652,27829,69,3031,HeavyCatBoost,heavy
0.10218394732061192,0.09768985404517189,0.9780645161290322,0.1776371678823564,31037,0.35037987830347367,0.6496201216965263,57476,28005,68,3032,HeavyCatBoost,heavy
0.10150890773850825,0.09723201127699109,0.9790322580645161,0.1768957276913213,31214,0.3523780494688477,0.6476219505311522,57302,28179,65,3035,HeavyCatBoost,heavy
0.10079644254481902,0.09668068297655454,0.9790322580645161,0.17598283659979128,31392,0.354387509736851,0.645612490263149,57124,28357,65,3035,HeavyCatBoost,heavy
0.10002537446205988,0.09617029364249739,0.9793548387096774,0.17514205774611327,31569,0.35638568090222505,0.643614319097775,56948,28533,64,3036,HeavyCatBoost,heavy
0.0993567314047666,0.09563409563409564,0.9793548387096774,0.17425242495551857,31746,0.35838385206759915,0.6416161479324008,56771,28710,64,3036,HeavyCatBoost,heavy
0.0987046160331077,0.09516351334419246,0.98,0.17348104157149385,31924,0.36039331233560246,0.6396066876643975,56595,28886,62,3038,HeavyCatBoost,heavy
0.09790010594741287,0.09466994797669855,0.9803225806451613,0.17266554927416836,32101,0.3623914835009765,0.6376085164990235,56419,29062,61,3039,HeavyCatBoost,heavy
0.09717923573899824,0.09415081479645579,0.9803225806451613,0.17180168466278478,32278,0.3643896546663506,0.6356103453336495,56242,29239,61,3039,HeavyCatBoost,heavy
0.09647249409505781,0.0937268917919645,0.9812903225806452,0.17111036112048597,32456,0.36639911493435384,0.6336008850656462,56067,29414,58,3042,HeavyCatBoost,heavy
0.09579177680297785,0.09324916495571967,0.9816129032258064,0.1703187529734419,32633,0.36839728609972794,0.631602713900272,55891,29590,57,3043,HeavyCatBoost,heavy
0.09504360701797651,0.09274611398963731,0.9816129032258064,0.16947925368977998,32810,0.370395457265102,0.629604542734898,55714,29767,57,3043,HeavyCatBoost,heavy
0.09429893194166172,0.09233660725112162,0.9825806451612903,0.1688095765905564,32988,0.3724049175331053,0.6275950824668948,55539,29942,54,3046,HeavyCatBoost,heavy
0.09364926907049367,0.09184381124679632,0.9825806451612903,0.16798566110574933,33165,0.3744030886984794,0.6255969113015206,55362,30119,54,3046,HeavyCatBoost,heavy
0.09308668033551566,0.09138623957770979,0.9829032258064516,0.16722463092036657,33342,0.3764012598638534,0.6235987401361466,55186,30295,53,3047,HeavyCatBoost,heavy
0.09244577769690529,0.09093078758949881,0.983225806451613,0.16646641179683233,33520,0.3784107201318567,0.6215892798681433,55009,30472,52,3048,HeavyCatBoost,heavy
0.09177564040303919,0.0904531560673057,0.983225806451613,0.16566567926733158,33697,0.38040889129723077,0.6195911087027692,54832,30649,52,3048,HeavyCatBoost,heavy
0.09115281596865547,0.09001003719667001,0.9835483870967742,0.1649267052523395,33874,0.38240706246260486,0.6175929375373952,54656,30825,51,3049,HeavyCatBoost,heavy
0.0905364807937803,0.0895688946317397,0.9838709677419355,0.16419035314384153,34052,0.38441652273060817,0.6155834772693918,54479,31002,50,3050,HeavyCatBoost,heavy
0.08990253456389057,0.08913494405328815,0.9841935483870968,0.16346540223418787,34229,0.3864146938959822,0.6135853061040177,54303,31178,49,3051,HeavyCatBoost,heavy
0.08926097939498069,0.08867381637457494,0.9841935483870968,0.16268963126882982,34407,0.3884241541639855,0.6115758458360145,54125,31356,49,3051,HeavyCatBoost,heavy
0.08852653466384368,0.08824890122600046,0.984516129032258,0.16197855853943316,34584,0.39042232532935955,0.6095776746706405,53949,31532,48,3052,HeavyCatBoost,heavy
0.08786479849136421,0.08779954546762175,0.984516129032258,0.16122130952695385,34761,0.39242049649473365,0.6075795035052663,53772,31709,48,3052,HeavyCatBoost,heavy
0.08728126207337841,0.08735224247975042,0.984516129032258,0.1604668892452483,34939,0.39442995676273696,0.605570043237263,53594,31887,48,3052,HeavyCatBoost,heavy
0.08662330693666588,0.08691194896913088,0.984516129032258,0.1597236759472472,35116,0.396428127928111,0.603571872071889,53417,32064,48,3052,HeavyCatBoost,heavy
0.08598875893276357,0.08647607174227184,0.984516129032258,0.15898731539603575,35293,0.39842629909348504,0.601573700906515,53240,32241,48,3052,HeavyCatBoost,heavy
0.08534057370909567,0.08604211891404245,0.984516129032258,0.1582536102252988,35471,0.40043575936148834,0.5995642406385117,53062,32419,48,3052,HeavyCatBoost,heavy
0.08477047983044485,0.08561490125673249,0.984516129032258,0.15753071126251675,35648,0.40243393052686244,0.5975660694731375,52885,32596,48,3052,HeavyCatBoost,heavy
0.08424791334352989,0.08519190509420796,0.984516129032258,0.15681438664097624,35825,0.4044321016922365,0.5955678983077635,52708,32773,48,3052,HeavyCatBoost,heavy
0.08364685950709289,0.08479848901480432,0.9848387096774194,0.15615170191545405,36003,0.4064415619602398,0.5935584380397603,52531,32950,47,3053,HeavyCatBoost,heavy
0.08302106560835643,0.08438363736871199,0.9848387096774194,0.1554480651731161,36180,0.4084397331256138,0.5915602668743862,52354,33127,47,3053,HeavyCatBoost,heavy
0.0824297235057462,0.08397282504056991,0.9848387096774194,0.15475074131332844,36357,0.4104379042909879,0.5895620957090121,52177,33304,47,3053,HeavyCatBoost,heavy
0.08183884697461902,0.0835637060353086,0.9848387096774194,0.15405575879904124,36535,0.4124473645589912,0.5875526354410088,51999,33482,47,3053,HeavyCatBoost,heavy
0.0812689289538199,0.08316081935062106,0.9848387096774194,0.15337084296192105,36712,0.41444553572436527,0.5855544642756347,51822,33659,47,3053,HeavyCatBoost,heavy
0.08076619096305034,0.08276179891024425,0.9848387096774194,0.15269199029733177,36889,0.41644370688973936,0.5835562931102607,51645,33836,47,3053,HeavyCatBoost,heavy
0.08025898635520039,0.08236436722691343,0.9848387096774194,0.1520153359723156,37067,0.4184531671577426,0.5815468328422574,51467,34014,47,3053,HeavyCatBoost,heavy
0.07968479025870104,0.08199978520030073,0.9851612903225806,0.1513979773944081,37244,0.4204513383231167,0.5795486616768832,51291,34190,46,3054,HeavyCatBoost,heavy
0.07908225779991415,0.08161192913070202,0.9851612903225806,0.15073665506774267,37421,0.42244950948849075,0.5775504905115092,51114,34367,46,3054,HeavyCatBoost,heavy
0.07858759820008912,0.0812521609617277,0.9854838709677419,0.15012653873559545,37599,0.42445896975649405,0.575541030243506,50937,34544,45,3055,HeavyCatBoost,heavy
0.07800679019393872,0.08089792460821686,0.9858064516129033,0.149525393874156,37776,0.4264571409218681,0.573542859078132,50761,34720,44,3056,HeavyCatBoost,heavy
0.07744065109202934,0.0805448701059177,0.9861290322580645,0.148925805037268,37954,0.4284666011898714,0.5715333988101285,50584,34897,43,3057,HeavyCatBoost,heavy
0.07687605654619296,0.08017098948362225,0.9861290322580645,0.1482864834711746,38131,0.4304647723552455,0.5695352276447545,50407,35074,43,3057,HeavyCatBoost,heavy
0.07630309191293264,0.07982666805889109,0.9864516129032258,0.14770092735703244,38308,0.43246294352061954,0.5675370564793805,50231,35250,42,3058,HeavyCatBoost,heavy
0.07569597761304042,0.0795094320012472,0.9870967741935484,0.14716491126821524,38486,0.43447240378862284,0.5655275962113772,50055,35426,40,3060,HeavyCatBoost,heavy
0.0752939634876388,0.07914543620515739,0.9870967741935484,0.14654119675310684,38663,0.4364705749539969,0.5635294250460031,49878,35603,40,3060,HeavyCatBoost,heavy
0.07478131654730182,0.07878475798146241,0.9870967741935484,0.14592274678111586,38840,0.438468746119371,0.561531253880629,49701,35780,40,3060,HeavyCatBoost,heavy
0.07422128277248187,0.07842534214977702,0.9870967741935484,0.14530604492141128,39018,0.4404782063873743,0.5595217936126258,49523,35958,40,3060,HeavyCatBoost,heavy
0.07365019324081859,0.07807118254879448,0.9870967741935484,0.14469795484099773,39195,0.4424763775527483,0.5575236224472517,49346,36135,40,3060,HeavyCatBoost,heavy
0.0731960449141087,0.07772020725388601,0.9870967741935484,0.14409493313241664,39372,0.4444745487181224,0.5555254512818776,49169,36312,40,3060,HeavyCatBoost,heavy
0.07265541425985954,0.07737041719342605,0.9870967741935484,0.14349355216881599,39550,0.44648400898612567,0.5535159910138743,48991,36490,40,3060,HeavyCatBoost,heavy
0.07216675118625332,0.07702570040526593,0.9870967741935484,0.14290050668970508,39727,0.44848218015149977,0.5515178198485002,48814,36667,40,3060,HeavyCatBoost,heavy
0.07171655684675675,0.0766840417000802,0.9870967741935484,0.14231234303785695,39904,0.4504803513168738,0.5495196486831262,48637,36844,40,3060,HeavyCatBoost,heavy
0.07122053758772598,0.07639339354323636,0.987741935483871,0.14181835023852532,40082,0.4524898115848771,0.5475101884151229,48461,37020,38,3062,HeavyCatBoost,heavy
0.07079859736356336,0.07608236667577437,0.9880645161290322,0.141285546253373,40259,0.4544879827502512,0.5455120172497487,48285,37196,37,3063,HeavyCatBoost,heavy
0.07035256446772344,0.07574933227816796,0.9880645161290322,0.14071113561190737,40436,0.45648615391562525,0.5435138460843747,48108,37373,37,3063,HeavyCatBoost,heavy
0.0698958657750396,0.07541734377308318,0.9880645161290322,0.1401381708377179,40614,0.45849561418362855,0.5415043858163715,47930,37551,37,3063,HeavyCatBoost,heavy
0.0694533026820401,0.07509009340295654,0.9880645161290322,0.1395730331958716,40791,0.4604937853490026,0.5395062146509975,47753,37728,37,3063,HeavyCatBoost,heavy
0.06901397363107308,0.07476384583465547,0.9880645161290322,0.13900928090040615,40969,0.4625032456170059,0.537496754382994,47575,37906,37,3063,HeavyCatBoost,heavy
0.06858707638432257,0.07449083750546834,0.9887096774193549,0.13854359716132533,41146,0.46450141678238,0.53549858321762,47400,38081,35,3065,HeavyCatBoost,heavy
0.06805166646564291,0.07417176874863878,0.9887096774193549,0.13799158093780248,41323,0.46649958794775404,0.533500412052246,47223,38258,35,3065,HeavyCatBoost,heavy
0.06760733421224678,0.07385364208091372,0.9887096774193549,0.13744086455460638,41501,0.46850904821575734,0.5314909517842427,47045,38436,35,3065,HeavyCatBoost,heavy
0.0671570368869506,0.07353999712078314,0.9887096774193549,0.13689758363482069,41678,0.4705072193811314,0.5294927806188686,46868,38613,35,3065,HeavyCatBoost,heavy
0.06675891577312892,0.07322900489786166,0.9887096774193549,0.13635858080302524,41855,0.4725053905465055,0.5274946094534945,46691,38790,35,3065,HeavyCatBoost,heavy
0.06632384934008029,0.0729188970570742,0.9887096774193549,0.135820796313119,42033,0.4745148508145088,0.5254851491854913,46513,38968,35,3065,HeavyCatBoost,heavy
0.06590207592991966,0.07261312485193082,0.9887096774193549,0.13529022290885015,42210,0.4765130219798828,0.5234869780201172,46336,39145,35,3065,HeavyCatBoost,heavy
0.06543810194798406,0.07230990633920778,0.9887096774193549,0.13476377866203532,42387,0.47851119314525686,0.5214888068547432,46159,39322,35,3065,HeavyCatBoost,heavy
0.06498868359602065,0.07200751791377892,0.9887096774193549,0.13423847585678308,42565,0.48052065341326017,0.5194793465867398,45981,39500,35,3065,HeavyCatBoost,heavy
0.06457124849943592,0.07173272191287258,0.9890322580645161,0.1337637973910388,42742,0.48251882457863426,0.5174811754213657,45805,39676,34,3066,HeavyCatBoost,heavy
0.06418761763431277,0.07143689275146206,0.9890322580645161,0.13324931006758078,42919,0.4845169957440083,0.5154830042559917,45628,39853,34,3066,HeavyCatBoost,heavy
0.06374394605480921,0.07114184281968583,0.9890322580645161,0.13273589194103513,43097,0.4865264560120116,0.5134735439879884,45450,40031,34,3066,HeavyCatBoost,heavy
0.06331186370821802,0.07085085732772566,0.9890322580645161,0.13222926639927546,43274,0.48852462717738565,0.5114753728226143,45273,40208,34,3066,HeavyCatBoost,heavy
0.06290361821504493,0.07056224252606384,0.9890322580645161,0.13172649352323257,43451,0.49052279834275975,0.5094772016572402,45096,40385,34,3066,HeavyCatBoost,heavy
0.06250749384001475,0.07027435879804717,0.9890322580645161,0.1312247212651672,43629,0.49253225861076305,0.507467741389237,44918,40563,34,3066,HeavyCatBoost,heavy
0.062060206181206855,0.06999041227229147,0.9890322580645161,0.13072954419477253,43806,0.4945304297761371,0.505469570223863,44741,40740,34,3066,HeavyCatBoost,heavy
0.06164111769277247,0.06970875110838279,0.9890322580645161,0.13023809018116944,43983,0.49652860094151113,0.5034713990584889,44564,40917,34,3066,HeavyCatBoost,heavy
0.06119015255050571,0.0694277756391386,0.9890322580645161,0.12974757199382153,44161,0.49853806120951444,0.5014619387904855,44386,41095,34,3066,HeavyCatBoost,heavy
0.060733250449352925,0.06915061572466057,0.9890322580645161,0.12926345967367933,44338,0.5005362323748885,0.49946376762511147,44209,41272,34,3066,HeavyCatBoost,heavy
0.06041323019083977,0.06894150417827298,0.99,0.12890625,44516,0.5025456926428918,0.49745430735710816,44034,41447,31,3069,HeavyCatBoost,heavy
0.0600427703110192,0.06866847157272951,0.99,0.128428849413094,44693,0.5045438638082659,0.4954561361917341,43857,41624,31,3069,HeavyCatBoost,heavy
0.059653379664189474,0.06839759304657901,0.99,0.1279549718574109,44870,0.5065420349736399,0.4934579650263601,43680,41801,31,3069,HeavyCatBoost,heavy
0.059265108539965264,0.06812733084709643,0.99,0.12748193071363298,45048,0.5085514952416432,0.4914485047583568,43502,41979,31,3069,HeavyCatBoost,heavy
0.05886400172673634,0.06786069651741293,0.99,0.12701500258665285,45225,0.5105496664070173,0.48945033359298273,43325,42156,31,3069,HeavyCatBoost,heavy
0.05850938412261946,0.06759614113915687,0.99,0.12655148241309638,45402,0.5125478375723914,0.4874521624276086,43148,42333,31,3069,HeavyCatBoost,heavy
0.058133310334341194,0.06737604212373847,0.9906451612903225,0.12617091207888248,45580,0.5145572978403946,0.4854427021596054,42972,42509,29,3071,HeavyCatBoost,heavy
0.05776116463266608,0.06711541403501103,0.9906451612903225,0.12571381787666044,45757,0.5165554690057688,0.48344453099423124,42795,42686,29,3071,HeavyCatBoost,heavy
0.05739187851962766,0.06685679453128401,0.9906451612903225,0.12526002365705427,45934,0.5185536401711428,0.4814463598288572,42618,42863,29,3071,HeavyCatBoost,heavy
0.05703441004993963,0.06664208882720334,0.9912903225806452,0.12488823864098189,46112,0.5205631004391461,0.4794368995608539,42442,43039,27,3073,HeavyCatBoost,heavy
0.056662214123364675,0.0663872626325909,0.9912903225806452,0.12444066492538824,46289,0.5225612716045202,0.47743872839547985,42265,43216,27,3073,HeavyCatBoost,heavy
0.056225194922583155,0.06615589893685705,0.9916129032258064,0.1240366380179962,46466,0.5245594427698942,0.4754405572301058,42089,43392,26,3074,HeavyCatBoost,heavy
0.0558653963645172,0.06590343881313782,0.9916129032258064,0.12359279511096817,46644,0.5265689030378975,0.4734310969621025,41911,43570,26,3074,HeavyCatBoost,heavy
0.05553438613508584,0.06565430042075138,0.9916129032258064,0.12315458424310412,46821,0.5285670742032715,0.47143292579672846,41734,43747,26,3074,HeavyCatBoost,heavy
0.05517395574055673,0.06540703859738713,0.9916129032258064,0.12271946983911533,46998,0.5305652453686457,0.4694347546313543,41557,43924,26,3074,HeavyCatBoost,heavy
0.05478255300171575,0.06516025097507207,0.9916129032258064,0.12228498687246399,47176,0.532574705636649,0.467425294363351,41379,44102,26,3074,HeavyCatBoost,heavy
0.054433105563730655,0.06493780753067388,0.9919354838709677,0.1218956256317761,47353,0.534572876802023,0.46542712319797697,41203,44278,25,3075,HeavyCatBoost,heavy
0.05408921339500008,0.06469598148537765,0.9919354838709677,0.12146948449535849,47530,0.5365710479673971,0.4634289520326029,41026,44455,25,3075,HeavyCatBoost,heavy
0.053684212033232884,0.064454598809424,0.9919354838709677,0.12104393008974966,47708,0.5385805082354004,0.4614194917645996,40848,44633,25,3075,HeavyCatBoost,heavy
0.053336097714048736,0.06421635167589015,0.9919354838709677,0.12062371285672256,47885,0.5405786794007744,0.4594213205992256,40671,44810,25,3075,HeavyCatBoost,heavy
0.05300429573609299,0.06397852818176143,0.9919354838709677,0.12020405371068936,48063,0.5425881396687777,0.4574118603312223,40493,44988,25,3075,HeavyCatBoost,heavy
0.052634043778122586,0.06374378109452736,0.9919354838709677,0.11978963770938837,48240,0.5445863108341518,0.45541368916584823,40316,45165,25,3075,HeavyCatBoost,heavy
0.05230792124178703,0.06351075035627982,0.9919354838709677,0.11937806937515773,48417,0.5465844819995258,0.4534155180004742,40139,45342,25,3075,HeavyCatBoost,heavy
0.05193573320452069,0.06329869328120177,0.9922580645161291,0.11900570654802206,48595,0.5485939422675291,0.4514060577324709,39962,45519,24,3076,HeavyCatBoost,heavy
0.05162216003646021,0.06306897400147626,0.9922580645161291,0.11859962985811232,48772,0.5505921134329033,0.44940788656709674,39785,45696,24,3076,HeavyCatBoost,heavy
0.051241026732207415,0.06284091605548632,0.9922580645161291,0.11819631501085516,48949,0.5525902845982773,0.4474097154017227,39608,45873,24,3076,HeavyCatBoost,heavy
0.050911557150915006,0.06261322694241456,0.9922580645161291,0.11779347846899113,49127,0.5545997448662806,0.4454002551337194,39430,46051,24,3076,HeavyCatBoost,heavy
0.05058732193198949,0.06238844718481259,0.9922580645161291,0.11739561865506451,49304,0.5565979160316546,0.44340208396834535,39253,46228,24,3076,HeavyCatBoost,heavy
0.05023864454970689,0.062165275560316084,0.9922580645161291,0.11700043742036098,49481,0.5585960871970287,0.4414039128029713,39076,46405,24,3076,HeavyCatBoost,heavy
0.04992578079512095,0.061942447491894724,0.9922580645161291,0.11660569760609564,49659,0.560605547465032,0.439394452534968,38898,46583,24,3076,HeavyCatBoost,heavy
0.04954838228424645,0.061722449634802154,0.9922580645161291,0.11621580776787063,49836,0.562603718630406,0.43739628136959396,38721,46760,24,3076,HeavyCatBoost,heavy
0.04919829655750174,0.061504008957671004,0.9922580645161291,0.1158285165590345,50013,0.5646018897957802,0.4353981102042198,38544,46937,24,3076,HeavyCatBoost,heavy
0.04883912877486638,0.061285887908190714,0.9922580645161291,0.11544163179523748,50191,0.5666113500637834,0.4333886499362166,38366,47115,24,3076,HeavyCatBoost,heavy
0.04845303068461413,0.0610705209656925,0.9922580645161291,0.11505947482606418,50368,0.5686095212291575,0.43139047877084247,38189,47292,24,3076,HeavyCatBoost,heavy
0.04809808310205755,0.060876446730636066,0.9925806451612903,0.11471712181936806,50545,0.5706076923945316,0.4293923076054684,38013,47468,23,3077,HeavyCatBoost,heavy
0.0477741098276149,0.06066281568519212,0.9925806451612903,0.11433773665533321,50723,0.5726171526625349,0.4273828473374651,37835,47646,23,3077,HeavyCatBoost,heavy
0.04748205072203677,0.06045186640471513,0.9925806451612903,0.11396296296296295,50900,0.5746153238279089,0.4253846761720911,37658,47823,23,3077,HeavyCatBoost,heavy
0.04714598257770321,0.06028035553467246,0.993225806451613,0.11366237218058992,51078,0.5766247840959122,0.4233752159040878,37482,47999,21,3079,HeavyCatBoost,heavy
0.04682317217537148,0.06007218807921178,0.993225806451613,0.11329224542360407,51255,0.5786229552612863,0.42137704473871374,37305,48176,21,3079,HeavyCatBoost,heavy
0.04647577356615394,0.05986545341421683,0.993225806451613,0.11292452138194088,51432,0.5806211264266603,0.4193788735733397,37128,48353,21,3079,HeavyCatBoost,heavy
0.04616622311149349,0.05967835690757605,0.9935483870967742,0.11259367574483642,51610,0.5826305866946636,0.4173694133053364,36951,48530,20,3080,HeavyCatBoost,heavy
0.045869074297153534,0.05947438546353332,0.9935483870967742,0.11223058283382223,51787,0.5846287578600377,0.41537124213996235,36774,48707,20,3080,HeavyCatBoost,heavy
0.04555653560404532,0.05927180355630821,0.9935483870967742,0.11186982420456197,51964,0.5866269290254118,0.4133730709745882,36597,48884,20,3080,HeavyCatBoost,heavy
0.045220229069351546,0.05906946415557516,0.9935483870967742,0.11150935882118677,52142,0.5886363892934151,0.4113636107065849,36419,49062,20,3080,HeavyCatBoost,heavy
0.04486774836273723,0.058869626713048795,0.9935483870967742,0.11115321460149047,52319,0.5906345604587891,0.40936543954121085,36242,49239,20,3080,HeavyCatBoost,heavy
0.04457633951618949,0.05867113684852179,0.9935483870967742,0.11079933808187639,52496,0.5926327316241632,0.4073672683758368,36065,49416,20,3080,HeavyCatBoost,heavy
0.044256782065438746,0.05847287086608194,0.9935483870967742,0.11044572739986375,52674,0.5946421918921665,0.4053578081078335,35887,49594,20,3080,HeavyCatBoost,heavy
0.043959779956375275,0.058277043007700896,0.9935483870967742,0.11009633429250593,52851,0.5966403630575405,0.40335963694245947,35710,49771,20,3080,HeavyCatBoost,heavy
0.04367087218621879,0.05808252244097458,0.9935483870967742,0.10974914481185861,53028,0.5986385342229146,0.4013614657770854,35533,49948,20,3080,HeavyCatBoost,heavy
0.04334526284659527,0.057888208096831185,0.9935483870967742,0.10940219514794161,53206,0.6006479944909179,0.3993520055090821,35355,50126,20,3080,HeavyCatBoost,heavy
0.04307469604938672,0.0576962703482382,0.9935483870967742,0.10905936299417525,53383,0.602646165656292,0.39735383434370797,35178,50303,20,3080,HeavyCatBoost,heavy
0.04277723379377818,0.05750560119492158,0.9935483870967742,0.10871867278503351,53560,0.6046443368216661,0.3953556631783339,35001,50480,20,3080,HeavyCatBoost,heavy
0.04245154482986799,0.05731512151550114,0.9935483870967742,0.10837819768464761,53738,0.6066537970896694,0.3933462029103306,34823,50658,20,3080,HeavyCatBoost,heavy
0.042157435211611465,0.05712695910229064,0.9935483870967742,0.10804174340085941,53915,0.6086519682550434,0.3913480317449566,34646,50835,20,3080,HeavyCatBoost,heavy
0.04188435885071934,0.056940028100273606,0.9935483870967742,0.10770737166037209,54092,0.6106501394204175,0.38934986057958254,34469,51012,20,3080,HeavyCatBoost,heavy
0.04163175955953786,0.05677169707020453,0.9938709677419355,0.10740805298936726,54270,0.6126595996884208,0.38734040031157924,34292,51189,19,3081,HeavyCatBoost,heavy
0.04133864882932469,0.05660550627215457,0.9941935483870967,0.10711244721705734,54447,0.6146577708537948,0.3853422291462052,34116,51365,18,3082,HeavyCatBoost,heavy
0.041040715196056975,0.05642105263157895,0.9941935483870967,0.1067821567778259,54625,0.6166672311217981,0.3833327688782019,33938,51543,18,3082,HeavyCatBoost,heavy
0.04079706988852607,0.05625707090982081,0.9945161290322581,0.10649027667438084,54802,0.6186654022871722,0.38133459771282785,33762,51719,17,3083,HeavyCatBoost,heavy
0.04052280257741096,0.056075956274213794,0.9945161290322581,0.1061657397682467,54979,0.6206635734525463,0.3793364265474537,33585,51896,17,3083,HeavyCatBoost,heavy
0.040232772333426085,0.05589499066301648,0.9945161290322581,0.10584135812005424,55157,0.6226730337205496,0.3773269662794504,33407,52074,17,3083,HeavyCatBoost,heavy
0.03993936266981598,0.055716196190407345,0.9945161290322581,0.10552075846253894,55334,0.6246712048859236,0.37532879511407635,33230,52251,17,3083,HeavyCatBoost,heavy
0.039662016015761026,0.05553854191061231,0.9945161290322581,0.10520209516984866,55511,0.6266693760512977,0.3733306239487023,33053,52428,17,3083,HeavyCatBoost,heavy
0.03939992278160732,0.05536102282317872,0.9945161290322581,0.10488356665362566,55689,0.628678836319301,0.371321163680699,32875,52606,17,3083,HeavyCatBoost,heavy
0.03915075658361673,0.055185622740128164,0.9945161290322581,0.10456873452498051,55866,0.630677007484675,0.36932299251532497,32698,52783,17,3083,HeavyCatBoost,heavy
0.03887612817975446,0.05501133058544332,0.9945161290322581,0.10425578682177097,56043,0.6326751786500491,0.3673248213499509,32521,52960,17,3083,HeavyCatBoost,heavy
0.03863171790112762,0.05483716049163124,0.9945161290322581,0.10394295443434871,56221,0.6346846389180524,0.3653153610819476,32343,53138,17,3083,HeavyCatBoost,heavy
0.03835352650319357,0.054665059044646976,0.9945161290322581,0.10363373558775085,56398,0.6366828100834264,0.3633171899165736,32166,53315,17,3083,HeavyCatBoost,heavy
0.03809355429765029,0.05449403446752099,0.9945161290322581,0.10332635106828655,56575,0.6386809812488006,0.36131901875119943,31989,53492,17,3083,HeavyCatBoost,heavy
0.03785421346660127,0.05432311948267052,0.9945161290322581,0.1030190633719279,56753,0.6406904415168039,0.3593095584831961,31811,53670,17,3083,HeavyCatBoost,heavy
0.037566908684962354,0.054154224486211135,0.9945161290322581,0.1027153090121606,56930,0.6426886126821779,0.3573113873178221,31634,53847,17,3083,HeavyCatBoost,heavy
0.03730938417052585,0.053986376451223145,0.9945161290322581,0.10241334064145367,57107,0.644686783847552,0.35531321615244804,31457,54024,17,3083,HeavyCatBoost,heavy
0.03704974180891013,0.053818626167408574,0.9945161290322581,0.10211145151941707,57285,0.6466962441155553,0.35330375588444474,31279,54202,17,3083,HeavyCatBoost,heavy
0.03675810797124169,0.053670251644565105,0.9948387096774194,0.10184604207258678,57462,0.6486944152809293,0.3513055847190707,31103,54378,16,3084,HeavyCatBoost,heavy
0.03648098502145007,0.053522788389805516,0.9951612903225806,0.10158217948929024,57639,0.6506925864463033,0.34930741355369666,30927,54554,15,3085,HeavyCatBoost,heavy
0.03625479923817145,0.053358008890118824,0.9951612903225806,0.10128535548369093,57817,0.6527020467143066,0.34729795328569335,30749,54732,15,3085,HeavyCatBoost,heavy
0.03598485046077766,0.0531951581198055,0.9951612903225806,0.10099191409958425,57994,0.6547002178796807,0.3452997821203193,30572,54909,15,3085,HeavyCatBoost,heavy
0.03574323754573932,0.0530323867152582,0.9951612903225806,0.10069852461156809,58172,0.656709678147684,0.343290321852316,30394,55087,15,3085,HeavyCatBoost,heavy
0.035502130048441195,0.05288865276182968,0.9954838709677419,0.10044101612719492,58349,0.6587078493130581,0.34129215068694185,30218,55263,14,3086,HeavyCatBoost,heavy
0.03525393337009669,0.05272870177357072,0.9954838709677419,0.1001525330217765,58526,0.6607060204784322,0.3392939795215678,30041,55440,14,3086,HeavyCatBoost,heavy
0.034999479088340925,0.05256881984191878,0.9954838709677419,0.09986408646689535,58704,0.6627154807464355,0.3372845192535645,29863,55618,14,3086,HeavyCatBoost,heavy
0.034723403701648364,0.05241079465362341,0.9954838709677419,0.09957890321227474,58881,0.6647136519118095,0.33528634808819047,29686,55795,14,3086,HeavyCatBoost,heavy
0.03447228387129506,0.052253716685292426,0.9954838709677419,0.0992953441230413,59058,0.6667118230771836,0.3332881769228164,29509,55972,14,3086,HeavyCatBoost,heavy
0.03423120248254188,0.052096697953946926,0.9954838709677419,0.09901180698151951,59236,0.6687212833451869,0.3312787166548131,29331,56150,14,3086,HeavyCatBoost,heavy
0.03392331658841979,0.05194149428576238,0.9954838709677419,0.09873146385551805,59413,0.6707194545105609,0.3292805454894391,29154,56327,14,3086,HeavyCatBoost,heavy
0.033692756271437516,0.0518039939587179,0.9958064516129033,0.09848460679534217,59590,0.6727176256759351,0.32728237432406493,28978,56503,13,3087,HeavyCatBoost,heavy
0.033446368368257595,0.051649712220586265,0.9958064516129033,0.09820576445886618,59768,0.6747270859439383,0.32527291405606173,28800,56681,13,3087,HeavyCatBoost,heavy
0.033201560839423466,0.05149720577195763,0.9958064516129033,0.0979300499643112,59945,0.6767252571093124,0.3232747428906876,28623,56858,13,3087,HeavyCatBoost,heavy
0.03294368799271391,0.05134559728551944,0.9958064516129033,0.09765587928252822,60122,0.6787234282746865,0.32127657172531354,28446,57035,13,3087,HeavyCatBoost,heavy
0.032679362481305194,0.05119402985074627,0.9958064516129033,0.09738170347003154,60300,0.6807328885426898,0.31926711145731024,28268,57213,13,3087,HeavyCatBoost,heavy
0.03243559942703015,0.05104419862096334,0.9958064516129033,0.09711059030781573,60477,0.6827310597080638,0.3172689402919362,28091,57390,13,3087,HeavyCatBoost,heavy
0.0321817219532777,0.050895241863685825,0.9958064516129033,0.09684098252658656,60654,0.6847292308734378,0.31527076912656216,27914,57567,13,3087,HeavyCatBoost,heavy
0.031929341383628324,0.050746317727511835,0.9958064516129033,0.09657135706688356,60832,0.6867386911414411,0.31326130885855885,27736,57745,13,3087,HeavyCatBoost,heavy
0.031705661392833595,0.05059909193725516,0.9958064516129033,0.0963047310050071,61009,0.6887368623068152,0.3112631376931848,27559,57922,13,3087,HeavyCatBoost,heavy
0.03148218082180409,0.05045271794201288,0.9958064516129033,0.09603957315745264,61186,0.6907350334721893,0.30926496652781066,27382,58099,13,3087,HeavyCatBoost,heavy
0.031263902561685514,0.05030636855485301,0.9958064516129033,0.09577438570364855,61364,0.6927444937401926,0.30725550625980735,27204,58277,13,3087,HeavyCatBoost,heavy
0.03103676936644673,0.05016168083066574,0.9958064516129033,0.09551213626026825,61541,0.6947426649055667,0.3052573350944333,27027,58454,13,3087,HeavyCatBoost,heavy
0.030822883862100272,0.050017012589316096,0.9958064516129033,0.09524984958114134,61719,0.69675212517357,0.30324787482643,26849,58632,13,3087,HeavyCatBoost,heavy
0.03058063985117431,0.049873982163629316,0.9958064516129033,0.09499046095144316,61896,0.698750296338944,0.30124970366105597,26672,58809,13,3087,HeavyCatBoost,heavy
0.030373588759562888,0.04973176743511672,0.9958064516129033,0.09473248124223221,62073,0.7007484675043181,0.2992515324956819,26495,58986,13,3087,HeavyCatBoost,heavy
0.030131555764573163,0.04958956482626785,0.9958064516129033,0.09447445333659775,62251,0.7027579277723214,0.2972420722276786,26317,59164,13,3087,HeavyCatBoost,heavy
0.029922543611933517,0.049448965207919526,0.9958064516129033,0.09421926504700281,62428,0.7047560989376954,0.2952439010623046,26140,59341,13,3087,HeavyCatBoost,heavy
0.02970234320819904,0.04930916061017491,0.9958064516129033,0.09396545163990563,62605,0.7067542701030695,0.29324572989693054,25963,59518,13,3087,HeavyCatBoost,heavy
0.029478583078518153,0.049169361132790725,0.9958064516129033,0.09371157961841446,62783,0.7087637303710728,0.29123626962892724,25785,59696,13,3087,HeavyCatBoost,heavy
0.029277953464303903,0.04903113087674714,0.9958064516129033,0.09346049046321526,62960,0.7107619015364469,0.2892380984635531,25608,59873,13,3087,HeavyCatBoost,heavy
0.029058271068511544,0.048893675657696756,0.9958064516129033,0.09321074324018298,63137,0.712760072701821,0.28723992729817904,25431,60050,13,3087,HeavyCatBoost,heavy
0.02882788353826865,0.04875621890547264,0.9958064516129033,0.09296092750131747,63315,0.7147695329698243,0.28523046703017574,25253,60228,13,3087,HeavyCatBoost,heavy
0.02861293287799786,0.04863604863604864,0.9961290322580645,0.09274387313791446,63492,0.7167677041351983,0.2832322958648017,25077,60404,12,3088,HeavyCatBoost,heavy
0.02841445032750822,0.048516546514002105,0.9964516129032258,0.09252796956671508,63669,0.7187658753005723,0.28123412469942766,24901,60580,11,3089,HeavyCatBoost,heavy
0.028177629272965354,0.048396948956098175,0.9967741935483871,0.09231182876006393,63847,0.7207753355685756,0.27922466443142435,24724,60757,10,3090,HeavyCatBoost,heavy
0.027964405884292037,0.048263151318255655,0.9967741935483871,0.0920684107025803,64024,0.7227735067339497,0.2772264932660503,24547,60934,10,3090,HeavyCatBoost,heavy
0.027716232620770956,0.04813009143159764,0.9967741935483871,0.09182627301228809,64201,0.7247716778993237,0.27522832210067627,24370,61111,10,3090,HeavyCatBoost,heavy
0.027483122340154244,0.04799701766103854,0.9967741935483871,0.0915840483706042,64379,0.726781138167327,0.27321886183267297,24192,61289,10,3090,HeavyCatBoost,heavy
0.02727942393617953,0.04786541917095235,0.9967741935483871,0.09134444838595245,64556,0.7287793093327012,0.2712206906672988,24015,61466,10,3090,HeavyCatBoost,heavy
0.02703487839381217,0.047733802947446474,0.9967741935483871,0.09110475572721644,64734,0.7307887696007045,0.2692112303992955,23837,61644,10,3090,HeavyCatBoost,heavy
0.02681263274824443,0.047603641909691734,0.9967741935483871,0.09086765376189147,64911,0.7327869407660785,0.26721305923392147,23660,61821,10,3090,HeavyCatBoost,heavy
0.02659072396439137,0.04747418879056047,0.9967741935483871,0.09063178271836687,65088,0.7347851119314526,0.2652148880685474,23483,61998,10,3090,HeavyCatBoost,heavy
0.026342391428329767,0.04734471240768547,0.9967741935483871,0.09039581078313781,65266,0.7367945721994559,0.2632054278005441,23305,62176,10,3090,HeavyCatBoost,heavy
0.026110309856470053,0.04721666182785019,0.9967741935483871,0.09016237981996703,65443,0.7387927433648299,0.2612072566351701,23128,62353,10,3090,HeavyCatBoost,heavy
0.025934370800939147,0.04708930204206035,0.9967741935483871,0.089930151338766,65620,0.740790914530204,0.25920908546979604,22951,62530,10,3090,HeavyCatBoost,heavy
0.025697653688771995,0.04696191373597982,0.9967741935483871,0.08969781416006271,65798,0.7428003747982073,0.25719962520179274,22773,62708,10,3090,HeavyCatBoost,heavy
0.025480326462205275,0.046835922697991667,0.9967741935483871,0.08946796959826275,65975,0.7447985459635813,0.2552014540364187,22596,62885,10,3090,HeavyCatBoost,heavy
0.025273597898559767,0.04672572257830451,0.9970967741935484,0.08926817998036159,66152,0.7467967171289555,0.25320328287104454,22420,63061,9,3091,HeavyCatBoost,heavy
0.025021224886661954,0.04660033167495854,0.9970967741935484,0.08903932017859714,66330,0.7488061773969588,0.25119382260304124,22242,63239,9,3091,HeavyCatBoost,heavy
0.02478137077203628,0.04649134677552739,0.9974193548387097,0.08884163949028116,66507,0.7508043485623328,0.2491956514376672,22066,63415,8,3092,HeavyCatBoost,heavy
0.02458505403855382,0.046367944334473034,0.9974193548387097,0.08861630173105582,66684,0.7528025197277068,0.24719748027229316,21889,63592,8,3092,HeavyCatBoost,heavy
0.024374256943533457,0.04624450360443899,0.9974193548387097,0.08839084074211714,66862,0.7548119799957101,0.24518802000428985,21711,63770,8,3092,HeavyCatBoost,heavy
0.024155008957307243,0.046122406360476736,0.9974193548387097,0.08816778112034675,67039,0.7568101511610842,0.2431898488389158,21534,63947,8,3092,HeavyCatBoost,heavy
0.02393648253303813,0.046000952154248986,0.9974193548387097,0.08794584447351954,67216,0.7588083223264582,0.24119167767354177,21357,64124,8,3092,HeavyCatBoost,heavy
0.02374349109967024,0.04587945514437487,0.9974193548387097,0.08772377791017674,67394,0.7608177825944615,0.23918221740553847,21179,64302,8,3092,HeavyCatBoost,heavy
0.023522976431149548,0.04575927542880821,0.9974193548387097,0.08750406814676458,67571,0.7628159537598357,0.23718404624016431,21002,64479,8,3092,HeavyCatBoost,heavy
0.023324900126953974,0.04565448426521816,0.997741935483871,0.08731368563685636,67748,0.7648141249252097,0.23518587507479027,20826,64655,7,3093,HeavyCatBoost,heavy
0.02311101053197095,0.045534846744987194,0.997741935483871,0.08709486666854391,67926,0.766823585193213,0.23317641480678697,20648,64833,7,3093,HeavyCatBoost,heavy
0.022915381420060086,0.04541650147570592,0.997741935483871,0.08687836186677526,68103,0.7688217563585871,0.23117824364141293,20471,65010,7,3093,HeavyCatBoost,heavy
0.022697215350782597,0.04529810635462281,0.997741935483871,0.08666171670332441,68281,0.7708312166265904,0.22916878337340962,20293,65188,7,3093,HeavyCatBoost,heavy
0.022478672684969482,0.045180986882468084,0.997741935483871,0.0864473573884122,68458,0.7728293877919644,0.22717061220803558,20116,65365,7,3093,HeavyCatBoost,heavy
0.02228169426770763,0.04506447147956582,0.997741935483871,0.08623405590018819,68635,0.7748275589573385,0.22517244104266154,19939,65542,7,3093,HeavyCatBoost,heavy
0.022092573501088154,0.04494790228590528,0.997741935483871,0.08602060823495057,68813,0.7768370192253418,0.22316298077465824,19761,65720,7,3093,HeavyCatBoost,heavy
0.02190830470428482,0.044832584432526454,0.997741935483871,0.08580940491052852,68990,0.7788351903907158,0.2211648096092842,19584,65897,7,3093,HeavyCatBoost,heavy
0.021706355788785377,0.0447178567814131,0.997741935483871,0.08559923616588486,69167,0.78083336155609,0.21916663844391004,19407,66074,7,3093,HeavyCatBoost,heavy
0.021520709896225718,0.044603071598529095,0.997741935483871,0.08538891572917387,69345,0.7828428218240931,0.21715717817590685,19229,66252,7,3093,HeavyCatBoost,heavy
0.021305658315778263,0.04448951411064123,0.997741935483871,0.08518079920685191,69522,0.7848409929894673,0.2151590070105327,19052,66429,7,3093,HeavyCatBoost,heavy
0.021102898823372875,0.04437653337924504,0.997741935483871,0.08497369469360844,69699,0.7868391641548413,0.21316083584515866,18875,66606,7,3093,HeavyCatBoost,heavy
0.02089740944312123,0.04426349156374773,0.997741935483871,0.0847664332597942,69877,0.7888486244228446,0.21115137557715535,18697,66784,7,3093,HeavyCatBoost,heavy
0.020701118508732536,0.044151654438004964,0.997741935483871,0.08456133635891407,70054,0.7908467955882187,0.2091532044117813,18520,66961,7,3093,HeavyCatBoost,heavy
0.020511525307835256,0.04404038102832083,0.997741935483871,0.08435722954821291,70231,0.7928449667535927,0.20715503324640727,18343,67138,7,3093,HeavyCatBoost,heavy
0.020300220654223336,0.043929043162095754,0.997741935483871,0.08415296086193527,70409,0.794854427021596,0.20514557297840397,18165,67316,7,3093,HeavyCatBoost,heavy
0.02010539253499759,0.04381888759810727,0.997741935483871,0.08395081833726895,70586,0.7968525981869701,0.20314740181302993,17988,67493,7,3093,HeavyCatBoost,heavy
0.01992526322193368,0.043709283099925104,0.997741935483871,0.08374964461232283,70763,0.7988507693523442,0.20114923064765577,17811,67670,7,3093,HeavyCatBoost,heavy
0.019752333952843454,0.04359961094430583,0.997741935483871,0.08354830431787794,70941,0.8008602296203475,0.19913977037965247,17633,67848,7,3093,HeavyCatBoost,heavy
0.019555776992432543,0.04349109929975534,0.997741935483871,0.08334905279042822,71118,0.8028584007857216,0.19714159921427843,17456,68025,7,3093,HeavyCatBoost,heavy
0.019345928109432895,0.04338312644645487,0.997741935483871,0.08315074937831843,71295,0.8048565719510956,0.1951434280489044,17279,68202,7,3093,HeavyCatBoost,heavy
0.019171414964963426,0.04327508289843717,0.997741935483871,0.0829522749520604,71473,0.8068660322190989,0.19313396778090108,17101,68380,7,3093,HeavyCatBoost,heavy
0.01896641481187094,0.04316817864619679,0.997741935483871,0.08275585284280937,71650,0.808864203384473,0.19113579661552704,16924,68557,7,3093,HeavyCatBoost,heavy
0.018805043073611825,0.04306120175975942,0.997741935483871,0.08255925688661114,71828,0.8108736636524763,0.18912633634752374,16746,68735,7,3093,HeavyCatBoost,heavy
0.01861468188151393,0.04295535032289424,0.997741935483871,0.08236468943479128,72005,0.8128718348178503,0.1871281651821497,16569,68912,7,3093,HeavyCatBoost,heavy
0.018460129634442046,0.0428500180100302,0.997741935483871,0.0821710369012513,72182,0.8148700059832243,0.18512999401677566,16392,69089,7,3093,HeavyCatBoost,heavy
0.01827137490447392,0.042744610281923716,0.997741935483871,0.08197720646700239,72360,0.8168794662512276,0.18312053374877235,16214,69267,7,3093,HeavyCatBoost,heavy
0.018086835444151256,0.04264030770503329,0.997741935483871,0.08178536959424619,72537,0.8188776374166018,0.1811223625833982,16037,69444,7,3093,HeavyCatBoost,heavy
0.01792000974180661,0.04253651291360673,0.997741935483871,0.08159442846967577,72714,0.8208758085819758,0.17912419141802416,15860,69621,7,3093,HeavyCatBoost,heavy
0.017747615289269058,0.04244635899687208,0.9980645161290322,0.08142962417096537,72892,0.8228852688499791,0.17711473115002085,15683,69798,6,3094,HeavyCatBoost,heavy
0.017579915193678478,0.042343538299415624,0.9980645161290322,0.08124039963764787,73069,0.8248834400153532,0.1751165599846468,15506,69975,6,3094,HeavyCatBoost,heavy
0.017426904252044604,0.04224121453731262,0.9980645161290322,0.08105205249783878,73246,0.8268816111807272,0.17311838881927277,15329,70152,6,3094,HeavyCatBoost,heavy
0.017252440221521986,0.042138810198300285,0.9980645161290322,0.08086351994145628,73424,0.8288910714487305,0.17110892855126947,15151,70330,6,3094,HeavyCatBoost,heavy
0.017080028360425596,0.042037472316952214,0.9980645161290322,0.08067691425144391,73601,0.8308892426141046,0.16911075738589543,14974,70507,6,3094,HeavyCatBoost,heavy
0.01691999344259362,0.04195017484887094,0.9983870967741936,0.08051718306927859,73778,0.8328874137794787,0.16711258622052128,14798,70683,5,3095,HeavyCatBoost,heavy
0.016727833898083404,0.041849207636973335,0.9983870967741936,0.0803311877076412,73956,0.8348968740474819,0.16510312595251808,14620,70861,5,3095,HeavyCatBoost,heavy
0.01651326397966274,0.04174928844104515,0.9983870967741936,0.08014708738492614,74133,0.8368950452128561,0.16310495478714393,14443,71038,5,3095,HeavyCatBoost,heavy
0.01631701394655882,0.04164984524290136,0.9983870967741936,0.07996382896266631,74310,0.8388932163782301,0.1611067836217699,14266,71215,5,3095,HeavyCatBoost,heavy
0.016154662883003896,0.04155031682955644,0.9983870967741936,0.07978037840903233,74488,0.8409026766462334,0.15909732335376658,14088,71393,5,3095,HeavyCatBoost,heavy
0.015963145271737183,0.041465211277037436,0.9987096774193548,0.079624509740886,74665,0.8429008478116075,0.15709915218839254,13912,71569,4,3096,HeavyCatBoost,heavy
0.01580547439784184,0.04136714678923599,0.9987096774193548,0.07944368889687205,74842,0.8448990189769815,0.1551009810230185,13735,71746,4,3096,HeavyCatBoost,heavy
0.015619143401055326,0.04126899493468408,0.9987096774193548,0.07926267281105989,75020,0.8469084792449848,0.1530915207550152,13557,71924,4,3096,HeavyCatBoost,heavy
0.015437358230229119,0.04117185526018325,0.9987096774193548,0.07908348978888079,75197,0.8489066504103588,0.15109334958964116,13380,72101,4,3096,HeavyCatBoost,heavy
0.015277514953720782,0.04107462686567164,0.9987096774193548,0.07890410958904111,75375,0.8509161106783621,0.14908388932163785,13202,72279,4,3096,HeavyCatBoost,heavy
0.015099772598479489,0.04097839898348157,0.9987096774193548,0.07872654223668818,75552,0.8529142818437362,0.1470857181562638,13025,72456,4,3096,HeavyCatBoost,heavy
0.014904889031731258,0.04088262092461276,0.9987096774193548,0.07854977229192302,75729,0.8549124530091103,0.14508754699088966,12848,72633,4,3096,HeavyCatBoost,heavy
0.014747493465141568,0.040786752209941116,0.9987096774193548,0.07837280240991305,75907,0.8569219132771136,0.14307808672288636,12670,72811,4,3096,HeavyCatBoost,heavy
0.014555948300123162,0.04069186688397035,0.9987096774193548,0.07819761567993534,76084,0.8589200844424877,0.14107991555751231,12493,72988,4,3096,HeavyCatBoost,heavy
0.01437828034326425,0.040597422011250835,0.9987096774193548,0.07802321039301419,76261,0.8609182556078617,0.13908174439213827,12316,73165,4,3096,HeavyCatBoost,heavy
0.01419177858243601,0.04051596698020644,0.9990322580645161,0.07787374746979468,76439,0.862927715875865,0.13707228412413497,12139,73342,3,3097,HeavyCatBoost,heavy
0.014045092864639121,0.04043541818941213,0.9993548387096775,0.07772592704099554,76616,0.8649258870412391,0.13507411295876093,11963,73518,2,3098,HeavyCatBoost,heavy
0.013874718405032327,0.040342218691807846,0.9993548387096775,0.07755372811134893,76793,0.8669240582066131,0.1330759417933869,11786,73695,2,3098,HeavyCatBoost,heavy
0.013690526854807686,0.04024892491977498,0.9993548387096775,0.07738132407488353,76971,0.8689335184746164,0.13106648152538358,11608,73873,2,3098,HeavyCatBoost,heavy
0.013528742490385826,0.04015658215378234,0.9993548387096775,0.07721064699431762,77148,0.8709316896399906,0.12906831036000943,11431,74050,2,3098,HeavyCatBoost,heavy
0.013373317991493787,0.04006466214031684,0.9993548387096775,0.0770407211687908,77325,0.8729298608053646,0.1270701391946354,11254,74227,2,3098,HeavyCatBoost,heavy
0.013190781334369238,0.03997264622014632,0.9993548387096775,0.07687058794337681,77503,0.8749393210733679,0.12506067892663209,11076,74405,2,3098,HeavyCatBoost,heavy
0.01299962362942582,0.03988156539649845,0.9993548387096775,0.07670215399851449,77680,0.876937492238742,0.12306250776125804,10899,74582,2,3098,HeavyCatBoost,heavy
0.012825565738465486,0.039790898698896696,0.9993548387096775,0.0765344565633608,77857,0.878935663404116,0.121064336595884,10722,74759,2,3098,HeavyCatBoost,heavy
0.012627120936337135,0.03970013455500737,0.9993548387096775,0.07636654957786407,78035,0.8809451236721193,0.1190548763278807,10544,74937,2,3098,HeavyCatBoost,heavy
0.012466807559789206,0.03962307574285276,0.9996774193548387,0.07622491145218419,78212,0.8829432948374933,0.11705670516250666,10368,75113,1,3099,HeavyCatBoost,heavy
0.012296775918430232,0.03953310371220819,0.9996774193548387,0.07605841207510125,78390,0.8849527551054966,0.11504724489450335,10190,75291,1,3099,HeavyCatBoost,heavy
0.012137977051348125,0.03944404139142388,0.9996774193548387,0.07589356778135598,78567,0.8869509262708707,0.11304907372912931,10013,75468,1,3099,HeavyCatBoost,heavy
0.011956409364829933,0.03935537945748247,0.9996774193548387,0.07572943648893016,78744,0.8889490974362448,0.11105090256375516,9836,75645,1,3099,HeavyCatBoost,heavy
0.011764664157782006,0.03926661767314564,0.9996774193548387,0.07556509229231181,78922,0.8909585577042481,0.10904144229575186,9658,75823,1,3099,HeavyCatBoost,heavy
0.011602754690150352,0.03917875067952819,0.9996774193548387,0.07540237715787297,79099,0.8929567288696222,0.10704327113037782,9481,76000,1,3099,HeavyCatBoost,heavy
0.011434970207122766,0.03909127604823654,0.9996774193548387,0.07524036127027289,79276,0.8949549000349962,0.10504509996500377,9304,76177,1,3099,HeavyCatBoost,heavy
0.011241164945453259,0.039003700254235156,0.9996774193548387,0.07507813067810161,79454,0.8969643603029995,0.10303563969700047,9126,76355,1,3099,HeavyCatBoost,heavy
0.011058854441994762,0.03891700468410544,0.9996774193548387,0.0749175037168655,79631,0.8989625314683736,0.10103746853162643,8949,76532,1,3099,HeavyCatBoost,heavy
0.01089643754473908,0.03883069366479551,0.9996774193548387,0.07475756259950789,79808,0.9009607026337476,0.09903929736625239,8772,76709,1,3099,HeavyCatBoost,heavy
0.010718043219900211,0.03874428024904358,0.9996774193548387,0.07459740509833185,79986,0.9029701629017509,0.09702983709824908,8594,76887,1,3099,HeavyCatBoost,heavy
0.010524382979710825,0.03865873283185509,0.9996774193548387,0.07443882636945581,80163,0.904968334067125,0.09503166593287504,8417,77064,1,3099,HeavyCatBoost,heavy
0.010340187864781783,0.03857356235997013,0.9996774193548387,0.07428092042186002,80340,0.9069665052324991,0.09303349476750089,8240,77241,1,3099,HeavyCatBoost,heavy
0.010171622927531508,0.03848828833304354,0.9996774193548387,0.07412279652706354,80518,0.9089759655005024,0.09102403449949759,8062,77419,1,3099,HeavyCatBoost,heavy
0.010016424532153033,0.03840386641055828,0.9996774193548387,0.07396622710185573,80695,0.9109741366658765,0.08902586333412355,7885,77596,1,3099,HeavyCatBoost,heavy
0.00983842686690768,0.03831981402710456,0.9996774193548387,0.07381031772495594,80872,0.9129723078312505,0.0870276921687495,7708,77773,1,3099,HeavyCatBoost,heavy
0.009662837144026874,0.038235657001850706,0.9996774193548387,0.0736541889483066,81050,0.9149817680992538,0.0850182319007462,7530,77951,1,3099,HeavyCatBoost,heavy
0.009477919994005572,0.03815233850813153,0.9996774193548387,0.07349959087836634,81227,0.9169799392646278,0.08302006073537216,7353,78128,1,3099,HeavyCatBoost,heavy
0.00929260427910106,0.038069382339934156,0.9996774193548387,0.07334564044305596,81404,0.9189781104300019,0.08102188956999812,7176,78305,1,3099,HeavyCatBoost,heavy
0.009112794027989295,0.03798632051187762,0.9996774193548387,0.07319146926147234,81582,0.9209875706980052,0.07901242930199481,6998,78483,1,3099,HeavyCatBoost,heavy
0.008938333074538861,0.03790408395406011,0.9996774193548387,0.07303880554802672,81759,0.9229857418633792,0.07701425813662077,6821,78660,1,3099,HeavyCatBoost,heavy
0.008744686581069925,0.03782174109376716,0.9996774193548387,0.07288592024648093,81937,0.9249952021313825,0.07500479786861747,6643,78838,1,3099,HeavyCatBoost,heavy
0.008575737242817079,0.03774021482329445,0.9996774193548387,0.07273452719036778,82114,0.9269933732967567,0.07300662670324332,6466,79015,1,3099,HeavyCatBoost,heavy
0.00841527145773727,0.03765903926310289,0.9996774193548387,0.07258376175475167,82291,0.9289915444621307,0.07100845553786927,6289,79192,1,3099,HeavyCatBoost,heavy
0.008231532821017549,0.037577756490317575,0.9996774193548387,0.07243277355116923,82469,0.931001004730134,0.06899899526986597,6111,79370,1,3099,HeavyCatBoost,heavy
0.008063596145808195,0.03749682384115576,0.9996774193548387,0.07228241221267216,82647,0.9330104649981373,0.06698953500186267,5933,79548,1,3099,HeavyCatBoost,heavy
0.00785335577227228,0.037416690814256734,0.9996774193548387,0.0721335133373679,82824,0.9350086361635114,0.06499136383648862,5756,79725,1,3099,HeavyCatBoost,heavy
0.007639377554694317,0.037336449724103035,0.9996774193548387,0.07198439060648999,83002,0.9370180964315147,0.06298190356848532,5578,79903,1,3099,HeavyCatBoost,heavy
0.007463367616161737,0.0372569999639332,0.9996774193548387,0.07183671577092918,83179,0.9390162675968887,0.06098373240311128,5401,80080,1,3099,HeavyCatBoost,heavy
0.007270599805308447,0.03717788761456884,0.9996774193548387,0.07168964560007403,83356,0.9410144387622628,0.05898556123773724,5224,80257,1,3099,HeavyCatBoost,heavy
0.00708289407794006,0.037098666411281636,0.9996774193548387,0.0715423505782949,83534,0.9430238990302661,0.056976100969733934,5046,80435,1,3099,HeavyCatBoost,heavy
0.00688694524707918,0.03702022434327627,0.9996774193548387,0.07139648201264816,83711,0.9450220701956401,0.05497792980435989,4869,80612,1,3099,HeavyCatBoost,heavy
0.006677720283637947,0.036942113293915696,0.9996774193548387,0.07125120706304316,83888,0.9470202413610143,0.05297975863898574,4692,80789,1,3099,HeavyCatBoost,heavy
0.006495015148361017,0.03686389265577047,0.9996774193548387,0.07110570635339468,84066,0.9490297016290176,0.050970298370982436,4514,80967,1,3099,HeavyCatBoost,heavy
0.0063077287912288275,0.03678643922937217,0.9996774193548387,0.07096161111937992,84243,0.9510278727943916,0.048972127205608396,4337,81144,1,3099,HeavyCatBoost,heavy
0.006119948247123961,0.036709310589907604,0.9996774193548387,0.0708180987202925,84420,0.9530260439597656,0.046973956040234355,4160,81321,1,3099,HeavyCatBoost,heavy
0.005917355751875928,0.036632071680181566,0.9996774193548387,0.07067435973454354,84598,0.955035504227769,0.04496449577223105,3982,81499,1,3099,HeavyCatBoost,heavy
0.005697229152358753,0.0365555883220289,0.9996774193548387,0.07053200568990042,84775,0.957033675393143,0.04296632460685701,3805,81676,1,3099,HeavyCatBoost,heavy
0.005504548095174804,0.036479423674545625,0.9996774193548387,0.07039022395856993,84952,0.959031846558517,0.04096815344148297,3628,81853,1,3099,HeavyCatBoost,heavy
0.005296705918173723,0.036403148126394926,0.9996774193548387,0.07024821489289357,85130,0.9610413068265203,0.038958693173479664,3450,82031,1,3099,HeavyCatBoost,heavy
0.005064771485651411,0.03633933909292321,1.0,0.07013019331048446,85307,0.9630394779918944,0.03696052200810562,3274,82207,0,3100,HeavyCatBoost,heavy
0.004866044645762542,0.036263671989237876,1.0,0.06998927583676694,85485,0.9650489382598977,0.03495106174010232,3096,82385,0,3100,HeavyCatBoost,heavy
0.004667597682086128,0.036188741799164155,1.0,0.06984971046168405,85662,0.9670471094252718,0.032952890574728166,2919,82562,0,3100,HeavyCatBoost,heavy
0.004469029684597942,0.03611412062116288,1.0,0.06971070059254096,85839,0.9690452805906459,0.030954719409354126,2742,82739,0,3100,HeavyCatBoost,heavy
0.0042901648303195926,0.03603938756292361,1.0,0.06957146223503932,86017,0.9710547408586492,0.02894525914135082,2564,82917,0,3100,HeavyCatBoost,heavy
0.004044228119181907,0.03596538042091097,1.0,0.06943355656595068,86194,0.9730529120240232,0.02694708797597678,2387,83094,0,3100,HeavyCatBoost,heavy
0.003813115753716118,0.035891676604415834,1.0,0.06929619653295481,86371,0.9750510831893973,0.02494891681060274,2210,83271,0,3100,HeavyCatBoost,heavy
0.0035940592966009956,0.03581786040277762,1.0,0.06915860745797499,86549,0.9770605434574006,0.022939456542599435,2032,83449,0,3100,HeavyCatBoost,heavy
0.003365513682193939,0.03574475935705555,1.0,0.06902233206421304,86726,0.9790587146227746,0.020941285377225394,1855,83626,0,3100,HeavyCatBoost,heavy
0.003118498016977579,0.035671956088972764,1.0,0.06888659266913326,86903,0.9810568857881486,0.018943114211851353,1678,83803,0,3100,HeavyCatBoost,heavy
0.002826319700217819,0.035599039974276825,1.0,0.06875062374557835,87081,0.983066346056152,0.016933653943848048,1500,83981,0,3100,HeavyCatBoost,heavy
0.0025517668933364565,0.03552682848564029,1.0,0.06861594988822241,87258,0.9850645172215261,0.014935482778473896,1323,84158,0,3100,HeavyCatBoost,heavy
0.002288475311137478,0.03545490936123978,1.0,0.06848180261777213,87435,0.9870626883869001,0.012937311613099856,1146,84335,0,3100,HeavyCatBoost,heavy
0.001974098279767783,0.03538287697031262,1.0,0.06834742539658042,87613,0.9890721486549034,0.010927851345096551,968,84513,0,3100,HeavyCatBoost,heavy
0.0016212135587851918,0.03531153889964688,1.0,0.06821432500825174,87790,0.9910703198202775,0.00892968017972251,791,84690,0,3100,HeavyCatBoost,heavy
0.0012196328831972367,0.035240487910239066,1.0,0.06808174201412147,87967,0.9930684909856515,0.006931509014348469,614,84867,0,3100,HeavyCatBoost,heavy
0.0008278197502321292,0.03516812633298543,1.0,0.0679466947220761,88148,0.9951118185615425,0.004888181438457484,433,85048,0,3100,HeavyCatBoost,heavy
0.0004389828928116189,0.035090499530240085,1.0,0.067801800028433,88343,0.9973131935742428,0.002686806425757249,238,85243,0,3100,HeavyCatBoost,heavy
3.670016085608963e-05,0.03499621815061921,1.0,0.06762578942201765,88581,1.0,0.0,0,85481,0,3100,HeavyCatBoost,heavy
