threshold,precision,recall,f1,routed_count,routed_rate,heavy_call_reduction,tn,fp,fn,tp,model_name,model_role
1.0,1.0,0.005483870967741935,0.010907924286172602,17,0.00019191474469694404,0.9998080852553031,85481,0,3083,17,LogisticRegression,light
0.9999486399689856,0.9536082474226805,0.05967741935483871,0.11232544019429265,194,0.0021900859100710086,0.997809914089929,85472,9,2915,185,LogisticRegression,light
0.9989923211850786,0.9083557951482479,0.10870967741935483,0.19418035148372226,371,0.004188257075445073,0.9958117429245549,85447,34,2763,337,LogisticRegression,light
0.9945723160393369,0.8761384335154827,0.15516129032258064,0.2636338722937791,549,0.006197717343448369,0.9938022826565517,85413,68,2619,481,LogisticRegression,light
0.9845875041644229,0.8360881542699724,0.19580645161290322,0.3173026659696811,726,0.008195888508822434,0.9918041114911775,85362,119,2493,607,LogisticRegression,light
0.9729661364665453,0.7876106194690266,0.2296774193548387,0.35564435564435565,904,0.01020534877682573,0.9897946512231742,85289,192,2388,712,LogisticRegression,light
0.9579168897068561,0.7354301572617946,0.2564516129032258,0.3802917962209998,1081,0.012203519942199795,0.9877964800578002,85195,286,2305,795,LogisticRegression,light
0.9421849191705084,0.6910246227164416,0.2806451612903226,0.39917412250516177,1259,0.014212980210203091,0.9857870197897969,85092,389,2230,870,LogisticRegression,light
0.9249822076308829,0.6511142061281338,0.3016129032258065,0.4122574955908289,1436,0.016211151375577156,0.9837888486244228,84980,501,2165,935,LogisticRegression,light
0.9115259024825002,0.6177199504337051,0.32161290322580643,0.42299533305048787,1614,0.01822061164358045,0.9817793883564195,84864,617,2103,997,LogisticRegression,light
0.8996418732534518,0.5896147403685092,0.3406451612903226,0.43181353506440406,1791,0.020218782808954516,0.9797812171910455,84746,735,2044,1056,LogisticRegression,light
0.8862193165544618,0.5561198577958355,0.3532258064516129,0.4320378772933517,1969,0.022228243076957813,0.9777717569230422,84607,874,2005,1095,LogisticRegression,light
0.875152296304717,0.5302889095992545,0.3670967741935484,0.4338543652306519,2146,0.02422641424233188,0.9757735857576681,84473,1008,1962,1138,LogisticRegression,light
0.8635190564859822,0.5094664371772806,0.38193548387096776,0.4365781710914454,2324,0.026235874510335173,0.9737641254896648,84341,1140,1916,1184,LogisticRegression,light
0.8531560093359195,0.48900439824070374,0.3945161290322581,0.4367077307623639,2501,0.028234045675709238,0.9717659543242908,84203,1278,1877,1223,LogisticRegression,light
0.8430117387804132,0.47256438969764836,0.40838709677419355,0.43813808617407857,2679,0.030243505943712536,0.9697564940562875,84068,1413,1834,1266,LogisticRegression,light
0.8340593019106938,0.45553221288515405,0.4196774193548387,0.4368703828072532,2856,0.0322416771090866,0.9677583228909135,83926,1555,1799,1301,LogisticRegression,light
0.8246114423212797,0.44100197758734344,0.4316129032258065,0.43625692859471793,3034,0.034251137377089895,0.9657488626229102,83785,1696,1762,1338,LogisticRegression,light
0.8151621519818953,0.4263469324198069,0.44161290322580643,0.4338456662969419,3211,0.03624930854246396,0.963750691457536,83639,1842,1731,1369,LogisticRegression,light
0.8059118553058563,0.41192092062555324,0.4503225806451613,0.43026660502388653,3389,0.038258768810467254,0.9617412311895327,83488,1993,1704,1396,LogisticRegression,light
0.7968960932354,0.4001682557487381,0.4603225806451613,0.42814281428142814,3566,0.04025693997584132,0.9597430600241587,83342,2139,1673,1427,LogisticRegression,light
0.7889738685872142,0.3888888888888889,0.4696774193548387,0.4254821741671537,3744,0.042266400243844614,0.9577335997561554,83193,2288,1644,1456,LogisticRegression,light
0.7809894882833562,0.37770976791634786,0.47774193548387095,0.4218772254664578,3921,0.04426457140921868,0.9557354285907813,83041,2440,1619,1481,LogisticRegression,light
0.7726963857214831,0.367162722615272,0.4854838709677419,0.418113626892624,4099,0.04627403167722198,0.953725968322778,82887,2594,1595,1505,LogisticRegression,light
0.7655488194271218,0.3568755846585594,0.492258064516129,0.4137744034707158,4276,0.04827220284259604,0.951727797157404,82731,2750,1574,1526,LogisticRegression,light
0.7581885512853648,0.3482263134261338,0.5003225806451613,0.4106433677521843,4454,0.05028166311059934,0.9497183368894007,82578,2903,1549,1551,LogisticRegression,light
0.7507022813040345,0.3418268192614986,0.5106451612903226,0.4095201138274479,4631,0.0522798342759734,0.9477201657240266,82433,3048,1517,1583,LogisticRegression,light
0.7432848840277566,0.33312538989394885,0.516774193548387,0.40510810469085845,4809,0.0542892945439767,0.9457107054560233,82274,3207,1498,1602,LogisticRegression,light
0.7368365316590527,0.3267148014440433,0.525483870967742,0.40291862478357654,4986,0.05628746570935076,0.9437125342906493,82124,3357,1471,1629,LogisticRegression,light
0.7308681635040991,0.3195197521301317,0.532258064516129,0.39932236205227495,5164,0.05829692597735406,0.941703074022646,81967,3514,1450,1650,LogisticRegression,light
0.7243993108756394,0.31342445234974725,0.54,0.39663546973107455,5341,0.06029509714272813,0.9397049028572719,81814,3667,1426,1674,LogisticRegression,light
0.7174098205291298,0.3089887640449438,0.55,0.39568345323741005,5518,0.06229326830810219,0.9377067316918978,81668,3813,1395,1705,LogisticRegression,light
0.7110273551687069,0.30179073033707865,0.5545161290322581,0.3908594815825375,5696,0.06430272857610549,0.9356972714238945,81504,3977,1381,1719,LogisticRegression,light
0.7056054149908484,0.29490890515920315,0.5587096774193548,0.38604702997882534,5873,0.06630089974147955,0.9336991002585204,81340,4141,1368,1732,LogisticRegression,light
0.7002422985153975,0.2900347050074368,0.5661290322580645,0.3835646377445088,6051,0.06831036000948285,0.9316896399905171,81185,4296,1345,1755,LogisticRegression,light
0.6942906687148854,0.2848426461143224,0.572258064516129,0.380360205831904,6228,0.07030853117485691,0.9296914688251431,81027,4454,1326,1774,LogisticRegression,light
0.6884260952236613,0.27958164221042775,0.577741935483871,0.3768146433831265,6406,0.0723179914428602,0.9276820085571398,80866,4615,1309,1791,LogisticRegression,light
0.6831591310952353,0.274494911134741,0.5829032258064516,0.37323143653826296,6583,0.07431616260823427,0.9256838373917657,80705,4776,1293,1807,LogisticRegression,light
0.6778297532658599,0.2688951338559385,0.5864516129032258,0.36872528141162153,6761,0.07632562287623756,0.9236743771237624,80538,4943,1282,1818,LogisticRegression,light
0.6731093911126306,0.2643413087345056,0.5916129032258064,0.3654114365411436,6938,0.07832379404161163,0.9216762059583884,80377,5104,1266,1834,LogisticRegression,light
0.6683691958243929,0.2591343451377178,0.5948387096774194,0.3610023492560689,7116,0.08033325430961492,0.9196667456903851,80209,5272,1256,1844,LogisticRegression,light
0.6638785645964885,0.2544906074317839,0.5987096774193549,0.35716347541614546,7293,0.08233142547498899,0.917668574525011,80044,5437,1244,1856,LogisticRegression,light
0.6587892530055218,0.24949805916209342,0.6012903225806452,0.3526629457950998,7471,0.08434088574299228,0.9156591142570077,79874,5607,1236,1864,LogisticRegression,light
0.6538489910306492,0.24581589958158995,0.6064516129032258,0.34983252698176404,7648,0.08633905690836635,0.9136609430916336,79713,5768,1220,1880,LogisticRegression,light
0.6492755633473152,0.24214157935088168,0.6112903225806452,0.34687900421014095,7826,0.08834851717636966,0.9116514828236304,79550,5931,1205,1895,LogisticRegression,light
0.6447750467750604,0.23841059602649006,0.6154838709677419,0.3436908943528776,8003,0.09034668834174371,0.9096533116582562,79386,6095,1192,1908,LogisticRegression,light
0.639979752670129,0.23505683901723506,0.6203225806451613,0.34092722276393933,8181,0.09235614860974702,0.9076438513902529,79223,6258,1177,1923,LogisticRegression,light
0.6356646064648032,0.23175400813591768,0.6248387096774194,0.3381043812183627,8358,0.09435431977512107,0.9056456802248789,79060,6421,1163,1937,LogisticRegression,light
0.6308410689066404,0.22844423617619494,0.6290322580645161,0.33516672396012376,8536,0.09636378004312438,0.9036362199568756,78895,6586,1150,1950,LogisticRegression,light
0.626483828500754,0.22506599334328015,0.6325806451612903,0.33200711081012446,8713,0.09836195120849843,0.9016380487915016,78729,6752,1139,1961,LogisticRegression,light
0.6223379526744492,0.22168484984816106,0.6358064516129033,0.32874655991993995,8891,0.10037141147650173,0.8996285885234983,78561,6920,1129,1971,LogisticRegression,light
0.6186320037075989,0.21801940891045435,0.6377419354838709,0.32495069033530577,9068,0.1023695826418758,0.8976304173581242,78390,7091,1123,1977,LogisticRegression,light
0.6148204186187861,0.21479558728098638,0.6406451612903226,0.32172363518548525,9246,0.1043790429098791,0.8956209570901209,78221,7260,1114,1986,LogisticRegression,light
0.6108552312302259,0.2117160140082776,0.6435483870967742,0.3186137506987143,9423,0.10637721407525316,0.8936227859247469,78053,7428,1105,1995,LogisticRegression,light
0.6072948222477204,0.20893656910738465,0.6470967741935484,0.3158806393197386,9601,0.10838667434325645,0.8916133256567436,77886,7595,1094,2006,LogisticRegression,light
0.603193621772036,0.20730210677030067,0.6538709677419355,0.314800434850132,9778,0.11038484550863052,0.8896151544913695,77730,7751,1073,2027,LogisticRegression,light
0.599294122382999,0.20439935717155483,0.6564516129032258,0.311734068627451,9956,0.11239430577663381,0.8876056942233662,77560,7921,1065,2035,LogisticRegression,light
0.5959271775676092,0.20171716174874174,0.6593548387096774,0.30892465805184005,10133,0.11439247694200788,0.8856075230579921,77392,8089,1056,2044,LogisticRegression,light
0.5922728755760863,0.19871981379109688,0.6609677419354839,0.3055700544329282,10311,0.11640193721001117,0.8835980627899889,77219,8262,1051,2049,LogisticRegression,light
0.5888112282515158,0.19612890922959572,0.6635483870967742,0.3027671474830733,10488,0.11840010837538524,0.8815998916246147,77050,8431,1043,2057,LogisticRegression,light
0.5851514692516415,0.19371776840131272,0.6664516129032259,0.30018162005085364,10665,0.12039827954075931,0.8796017204592407,76882,8599,1034,2066,LogisticRegression,light
0.5822123678193116,0.19118325186756432,0.6687096774193548,0.2973535107222262,10843,0.1224077398087626,0.8775922601912374,76711,8770,1027,2073,LogisticRegression,light
0.5789946361143564,0.18920145190562612,0.6725806451612903,0.2953257790368272,11020,0.12440591097413667,0.8755940890258633,76546,8935,1015,2085,LogisticRegression,light
0.5756603981556384,0.1870869798178246,0.6758064516129032,0.2930479787382851,11198,0.12641537124213997,0.87358462875786,76378,9103,1005,2095,LogisticRegression,light
0.572316492046159,0.18461538461538463,0.6774193548387096,0.2901554404145078,11375,0.12841354240751401,0.871586457592486,76206,9275,1000,2100,LogisticRegression,light
0.5693391258256311,0.18237687180818835,0.6796774193548387,0.28758615983075136,11553,0.13042300267551732,0.8695769973244827,76035,9446,993,2107,LogisticRegression,light
0.5662474745718862,0.18013640238704176,0.6816129032258065,0.2849629130141605,11730,0.1324211738408914,0.8675788261591086,75864,9617,987,2113,LogisticRegression,light
0.5632363853852489,0.17803157541148806,0.6838709677419355,0.28251599147121537,11908,0.1344306341088947,0.8655693658911053,75693,9788,980,2120,LogisticRegression,light
0.5599788117606055,0.1764997931319818,0.6880645161290323,0.2809351333552848,12085,0.13642880527426876,0.8635711947257312,75529,9952,967,2133,LogisticRegression,light
0.5567672871010807,0.1745086846611759,0.6903225806451613,0.27859142094642975,12263,0.13843826554227204,0.861561734457728,75358,10123,960,2140,LogisticRegression,light
0.5537801618385808,0.17290996784565915,0.6938709677419355,0.2768339768339768,12440,0.1404364367076461,0.859563563292354,75192,10289,949,2151,LogisticRegression,light
0.5509449588944022,0.17102551909969885,0.6961290322580646,0.27458964244814865,12618,0.1424458969756494,0.8575541030243505,75021,10460,942,2158,LogisticRegression,light
0.5480799726970953,0.16936303243454473,0.6990322580645161,0.27266435986159165,12795,0.14444406814102348,0.8555559318589765,74853,10628,933,2167,LogisticRegression,light
0.5447704183001948,0.16750173437138674,0.7009677419354838,0.27039133951346983,12973,0.14645352840902676,0.8535464715909733,74681,10800,927,2173,LogisticRegression,light
0.5419311112039197,0.16570342205323194,0.7029032258064516,0.26818461538461535,13150,0.14845169957440082,0.8515483004255991,74510,10971,921,2179,LogisticRegression,light
0.5390504210013349,0.1640906362545018,0.7054838709677419,0.2662527392257122,13328,0.15046115984240413,0.8495388401575958,74340,11141,913,2187,LogisticRegression,light
0.5363684430476051,0.1628285820066642,0.7093548387096774,0.2648599819331527,13505,0.1524593310077782,0.8475406689922218,74175,11306,901,2199,LogisticRegression,light
0.5333056878862042,0.16107578747350726,0.7109677419354838,0.26264672585354226,13683,0.15446879127578148,0.8455312087242185,74002,11479,896,2204,LogisticRegression,light
0.5307857859600278,0.1595959595959596,0.7135483870967742,0.26084905660377355,13860,0.15646696244115554,0.8435330375588445,73833,11648,888,2212,LogisticRegression,light
0.5283309096273413,0.15835589115258583,0.7170967741935483,0.25942350332594233,14038,0.15847642270915885,0.8415235772908412,73666,11815,877,2223,LogisticRegression,light
0.5253057005307332,0.1570172353148083,0.72,0.25781114640485125,14215,0.16047459387453292,0.8395254061254671,73498,11983,868,2232,LogisticRegression,light
0.5226565549346569,0.15542277496005003,0.7216129032258064,0.2557594466357972,14393,0.16248405414253622,0.8375159458574638,73325,12156,863,2237,LogisticRegression,light
0.5200770550805619,0.1540837336993823,0.7241935483870968,0.25410299943406905,14570,0.16448222530791026,0.8355177746920898,73156,12325,855,2245,LogisticRegression,light
0.5174353550079652,0.15276647681041497,0.7267741935483871,0.2524652622142537,14748,0.16649168557591357,0.8335083144240865,72986,12495,847,2253,LogisticRegression,light
0.5144737989430312,0.15169179229480736,0.7303225806451613,0.25120665742024967,14925,0.16848985674128764,0.8315101432587124,72820,12661,836,2264,LogisticRegression,light
0.5119430224703644,0.15043368867112494,0.7329032258064516,0.24962918200296655,15103,0.17049931700929094,0.829500682990709,72650,12831,828,2272,LogisticRegression,light
0.5096324472400049,0.1492801047120419,0.7358064516129033,0.24820457018498368,15280,0.172497488174665,0.827502511825335,72482,12999,819,2281,LogisticRegression,light
0.5072461643614802,0.14807866476905163,0.7383870967741936,0.24668606530876172,15458,0.17450694844266829,0.8254930515573318,72312,13169,811,2289,LogisticRegression,light
0.5048491788726667,0.14685001598976655,0.7406451612903225,0.24510274886575925,15635,0.17650511960804235,0.8234948803919576,72142,13339,804,2296,LogisticRegression,light
0.5024600943621842,0.14558563116620288,0.7425806451612903,0.24344331641285957,15812,0.17850329077341642,0.8214967092265836,71971,13510,798,2302,LogisticRegression,light
0.49994638629648847,0.14452782989368354,0.7454838709677419,0.24211629125196435,15990,0.18051275104141973,0.8194872489585803,71802,13679,789,2311,LogisticRegression,light
0.4975628323540222,0.14368775901527803,0.7493548387096775,0.24113769657964396,16167,0.18251092220679377,0.8174890777932062,71637,13844,777,2323,LogisticRegression,light
0.4951246676785613,0.1423676965432854,0.7506451612903225,0.23934173309334017,16345,0.18452038247479707,0.8154796175252029,71463,14018,773,2327,LogisticRegression,light
0.49293741935013524,0.14120566517370778,0.7525806451612903,0.23779431250637037,16522,0.18651855364017114,0.8134814463598289,71292,14189,767,2333,LogisticRegression,light
0.49076614271066626,0.14029940119760478,0.7558064516129033,0.23666666666666666,16700,0.18852801390817445,0.8114719860918256,71124,14357,757,2343,LogisticRegression,light
0.4882461615385818,0.1390649997037388,0.7570967741935484,0.23497021574811033,16877,0.19052618507354852,0.8094738149264515,70951,14530,753,2347,LogisticRegression,light
0.4861095161495769,0.13790677220756375,0.7587096774193548,0.2333912180600347,17055,0.1925356453415518,0.8074643546584482,70778,14703,748,2352,LogisticRegression,light
0.48372090240516086,0.13689647168059424,0.7609677419354839,0.23204800314774737,17232,0.19453381650692586,0.8054661834930741,70608,14873,741,2359,LogisticRegression,light
0.4816737786207571,0.13578403216542217,0.7625806451612903,0.23052169673330086,17410,0.19654327677492917,0.8034567232250709,70435,15046,736,2364,LogisticRegression,light
0.4793017135332681,0.1348154887132541,0.7648387096774194,0.22922608401411512,17587,0.19854144794030323,0.8014585520596967,70265,15216,729,2371,LogisticRegression,light
0.47699630844824126,0.1336335491134253,0.7658064516129032,0.22755811167026121,17765,0.2005509082083065,0.7994490917916934,70090,15391,726,2374,LogisticRegression,light
0.47441715301899473,0.13281685430832682,0.7687096774193548,0.22649938218800494,17942,0.20254907937368058,0.7974509206263194,69922,15559,717,2383,LogisticRegression,light
0.4722007509786195,0.13195364238410595,0.7712903225806451,0.22535344015080114,18120,0.20455853964168388,0.7954414603583161,69752,15729,709,2391,LogisticRegression,light
0.47011182491862186,0.13105973656883643,0.7735483870967742,0.224143571528719,18297,0.20655671080705795,0.793443289192942,69582,15899,702,2398,LogisticRegression,light
0.46807802344060756,0.1302300405953992,0.7761290322580645,0.2230359212050985,18475,0.20856617107506123,0.7914338289249387,69412,16069,694,2406,LogisticRegression,light
0.465873165126257,0.1293695046107656,0.7783870967741936,0.22186465612357487,18652,0.2105643422404353,0.7894356577595647,69242,16239,687,2413,LogisticRegression,light
0.46383891973653185,0.1284121083377589,0.78,0.22051983584131327,18830,0.2125738025084386,0.7874261974915614,69069,16412,682,2418,LogisticRegression,light
0.4617994840309135,0.12768979849529122,0.7829032258064517,0.21956846247794817,19007,0.21457197367381267,0.7854280263261874,68901,16580,673,2427,LogisticRegression,light
0.4595822182670139,0.1267657023716445,0.7845161290322581,0.21826340587839352,19185,0.21658143394181598,0.783418566058184,68728,16753,668,2432,LogisticRegression,light
0.45740064269887976,0.12586509658093173,0.7861290322580645,0.21698869201317783,19362,0.21857960510719002,0.78142039489281,68556,16925,663,2437,LogisticRegression,light
0.4555001127091263,0.12507676560900716,0.7883870967741935,0.21590106007067136,19540,0.22058906537519332,0.7794109346248067,68385,17096,656,2444,LogisticRegression,light
0.4531444670751506,0.12405538367905868,0.7890322580645162,0.21440154270938336,19717,0.2225872365405674,0.7774127634594326,68210,17271,654,2446,LogisticRegression,light
0.4509796521110674,0.12314651922593617,0.7903225806451613,0.213089802130898,19895,0.2245966968085707,0.7754033031914294,68036,17445,650,2450,LogisticRegression,light
0.4489407663882176,0.1223595057791949,0.792258064516129,0.21197997583290176,20072,0.22659486797394476,0.7734051320260552,67865,17616,644,2456,LogisticRegression,light
0.4469190384900778,0.12153086419753087,0.7938709677419354,0.21079229122055676,20250,0.22860432824194804,0.7713956717580519,67692,17789,639,2461,LogisticRegression,light
0.44491969208196286,0.1206246634356489,0.7948387096774193,0.20946146980065455,20427,0.2306024994073221,0.7693975005926779,67518,17963,636,2464,LogisticRegression,light
0.4429769585784021,0.11982528512496966,0.7964516129032259,0.20831048302045982,20605,0.2326119596753254,0.7673880403246746,67345,18136,631,2469,LogisticRegression,light
0.4408961258925818,0.11894909055913772,0.7974193548387096,0.207017837702035,20782,0.23461013084069948,0.7653898691593005,67171,18310,628,2472,LogisticRegression,light
0.4389859931158179,0.11808769502361754,0.7983870967741935,0.20574421214514318,20959,0.23660830200607355,0.7633916979939265,66997,18484,625,2475,LogisticRegression,light
0.4369300245372942,0.11737711122675877,0.8003225806451613,0.20472830795890581,21137,0.23861776227407683,0.7613822377259232,66825,18656,619,2481,LogisticRegression,light
0.43476993550126775,0.11673078727596885,0.8025806451612904,0.20381748177275333,21314,0.2406159334394509,0.7593840665605491,66655,18826,612,2488,LogisticRegression,light
0.43296620021159293,0.1159966499162479,0.8041935483870968,0.20274886141834741,21492,0.2426253937074542,0.7573746062925458,66482,18999,607,2493,LogisticRegression,light
0.43105747685522616,0.11527989293460704,0.8058064516129032,0.2017037425814526,21669,0.24462356487282827,0.7553764351271717,66310,19171,602,2498,LogisticRegression,light
0.4290910839088484,0.11461527898567309,0.807741935483871,0.2007455806309376,21847,0.24663302514083155,0.7533669748591685,66138,19343,596,2504,LogisticRegression,light
0.427240028477919,0.11392117689792954,0.8093548387096774,0.19972934246139148,22024,0.24863119630620562,0.7513688036937944,65966,19515,591,2509,LogisticRegression,light
0.425416074444088,0.11318800108098369,0.8106451612903226,0.19864042368192236,22202,0.2506406565742089,0.749359343425791,65792,19689,587,2513,LogisticRegression,light
0.4235824973941558,0.11242682872335671,0.8116129032258065,0.19749597707916322,22379,0.25263882773958296,0.747361172260417,65618,19863,584,2516,LogisticRegression,light
0.42177776173401943,0.11167265150507603,0.8125806451612904,0.19635966792688156,22557,0.25464828800758627,0.7453517119924138,65443,20038,581,2519,LogisticRegression,light
0.4199671563312261,0.11097915017154922,0.8138709677419355,0.19532399163892544,22734,0.25664645917296036,0.7433535408270396,65270,20211,577,2523,LogisticRegression,light
0.41802812767140524,0.11024790502793295,0.8148387096774193,0.19421805320621252,22912,0.2586559194409636,0.7413440805590363,65095,20386,574,2526,LogisticRegression,light
0.4163771699466494,0.10961929923340119,0.8164516129032258,0.19328725800908778,23089,0.2606540906063377,0.7393459093936623,64923,20558,569,2531,LogisticRegression,light
0.414550508009153,0.10890961447543732,0.8174193548387096,0.19220995941897068,23267,0.262663550874341,0.737336449125659,64748,20733,566,2534,LogisticRegression,light
0.41278117487993987,0.1081726667804129,0.8180645161290323,0.19107896323086196,23444,0.26466172203971505,0.735338277960285,64573,20908,564,2536,LogisticRegression,light
0.4110005118582976,0.10752688172043011,0.8193548387096774,0.19010553102312702,23622,0.26667118230771836,0.7333288176922816,64399,21082,560,2540,LogisticRegression,light
0.4091025680306676,0.10676919198285642,0.8196774193548387,0.18892895646678315,23799,0.2686693534730924,0.7313306465269076,64223,21258,559,2541,LogisticRegression,light
0.4073409403949776,0.10605997414188598,0.8203225806451613,0.18783469365143848,23977,0.2706788137410957,0.7293211862589043,64047,21434,557,2543,LogisticRegression,light
0.4055902431453174,0.1054069719301151,0.8212903225806452,0.1868349600058707,24154,0.2726769849064698,0.7273230150935301,63873,21608,554,2546,LogisticRegression,light
0.40408455946532557,0.10480026302811113,0.8225806451612904,0.18591426071741032,24332,0.2746864451744731,0.725313554825527,63699,21782,550,2550,LogisticRegression,light
0.4024103272205846,0.10412501530050186,0.8232258064516129,0.18486725343185192,24509,0.27668461633984714,0.7233153836601529,63524,21957,548,2552,LogisticRegression,light
0.40073405172800636,0.10337424555434034,0.8232258064516129,0.1836830172382769,24687,0.27869407660785045,0.7213059233921495,63346,22135,548,2552,LogisticRegression,light
0.39911369797140855,0.10271879021879021,0.8238709677419355,0.18266342440280361,24864,0.2806922477732245,0.7193077522267755,63171,22310,546,2554,LogisticRegression,light
0.3971702101891613,0.10218832361632457,0.8254838709677419,0.18186340700732,25042,0.2827017080412278,0.7172982919587723,62998,22483,541,2559,LogisticRegression,light
0.39528796576830383,0.10155041833538206,0.8261290322580646,0.18086796850171263,25219,0.2846998792066019,0.7153001207933981,62823,22658,539,2561,LogisticRegression,light
0.39385888805289765,0.1010749301098555,0.8280645161290323,0.1801593150156157,25397,0.28670933947460514,0.7132906605253948,62651,22830,533,2567,LogisticRegression,light
0.392218997388113,0.10049268788613436,0.8290322580645161,0.17925646927530167,25574,0.28870751063997924,0.7112924893600208,62477,23004,530,2570,LogisticRegression,light
0.3905783043277355,0.0999534016775396,0.8303225806451613,0.17842783862470538,25752,0.29071697090798254,0.7092830290920175,62303,23178,526,2574,LogisticRegression,light
0.38896554246663395,0.09938678699525627,0.8312903225806452,0.17754659133969478,25929,0.2927151420733566,0.7072848579266434,62129,23352,523,2577,LogisticRegression,light
0.3871332081673206,0.09882785566536428,0.832258064516129,0.17667602547421762,26106,0.2947133132387307,0.7052866867612693,61955,23526,520,2580,LogisticRegression,light
0.3854551455614127,0.098310759397352,0.8335483870967741,0.1758780288592431,26284,0.29672277350673393,0.7032772264932661,61781,23700,516,2584,LogisticRegression,light
0.38408771799241076,0.0979176901855561,0.8358064516129032,0.17529853523223166,26461,0.298720944672108,0.701279055327892,61611,23870,509,2591,LogisticRegression,light
0.38254692213552505,0.09737602762866474,0.8367741935483871,0.17445105753387807,26639,0.30073040494011133,0.6992695950598886,61436,24045,506,2594,LogisticRegression,light
0.38102187622565714,0.09695704057279236,0.8387096774193549,0.1738200294156973,26816,0.30272857610548537,0.6972714238945146,61265,24216,500,2600,LogisticRegression,light
0.37939581601114397,0.096428836037638,0.8396774193548387,0.172991293945637,26994,0.3047380363734887,0.6952619636265114,61090,24391,497,2603,LogisticRegression,light
0.37771093003912004,0.0959110816679548,0.8406451612903226,0.17217799213768953,27171,0.3067362075388627,0.6932637924611373,60916,24565,494,2606,LogisticRegression,light
0.37635888831965836,0.09550623423159896,0.8425806451612903,0.17156556865578507,27349,0.308745667806866,0.6912543321931339,60744,24737,488,2612,LogisticRegression,light
0.37483201322528964,0.09500108987866017,0.8435483870967742,0.17076993404297003,27526,0.3107438389722401,0.6892561610277599,60570,24911,485,2615,LogisticRegression,light
0.37327567697700365,0.0944628934449899,0.8441935483870968,0.16991299831190754,27704,0.31275329924024337,0.6872467007597567,60394,25087,483,2617,LogisticRegression,light
0.3717034973124707,0.09404253792905563,0.8458064516129032,0.1692650334075724,27881,0.31475147040561746,0.6852485295943825,60222,25259,478,2622,LogisticRegression,light
0.37010537386223286,0.09344595317010584,0.8458064516129032,0.1682980840206682,28059,0.31676093067362077,0.6832390693263792,60044,25437,478,2622,LogisticRegression,light
0.368677879854236,0.09303725740189829,0.8474193548387097,0.16766658156752617,28236,0.3187591018389948,0.6812408981610052,59872,25609,473,2627,LogisticRegression,light
0.3672100162753053,0.09263039346800873,0.8490322580645161,0.16703687250111063,28414,0.3207685621069981,0.6792314378930019,59699,25782,468,2632,LogisticRegression,light
0.3657275177043303,0.09219684516106467,0.8503225806451613,0.1663563787826197,28591,0.32276673327237215,0.6772332667276278,59526,25955,464,2636,LogisticRegression,light
0.36415558598066194,0.09173068233167646,0.8512903225806452,0.16561548840566068,28769,0.32477619354037546,0.6752238064596245,59351,26130,461,2639,LogisticRegression,light
0.36248136929351304,0.09123885856422304,0.8519354838709677,0.16482556325282405,28946,0.32677436470574955,0.6732256352942505,59176,26305,459,2641,LogisticRegression,light
0.361065208374372,0.09092157670649637,0.8541935483870968,0.16434955312810326,29124,0.32878382497375286,0.6712161750262471,59005,26476,452,2648,LogisticRegression,light
0.3597178690023778,0.09054298488106208,0.8558064516129033,0.16376037776611835,29301,0.3307819961391269,0.669218003860873,58833,26648,447,2653,LogisticRegression,light
0.3583279764202626,0.09009803588995556,0.8567741935483871,0.16304981736701557,29479,0.3327914564071302,0.6672085435928699,58658,26823,444,2656,LogisticRegression,light
0.35689633959517647,0.08972889128675479,0.8583870967741936,0.1624740505556234,29656,0.33478962757250424,0.6652103724274958,58486,26995,439,2661,LogisticRegression,light
0.3552516345933168,0.08932761279077563,0.8596774193548387,0.1618388291734985,29834,0.33679908784050755,0.6632009121594924,58312,27169,435,2665,LogisticRegression,light
0.3537699302364343,0.0889340575122455,0.8609677419354839,0.16121530609163118,30011,0.33879725900588165,0.6612027409941184,58139,27342,431,2669,LogisticRegression,light
0.3526078422130043,0.08860843353539369,0.8629032258064516,0.1607137492865511,30189,0.3408067192738849,0.6591932807261152,57967,27514,425,2675,LogisticRegression,light
0.3510893513519702,0.08822367121122308,0.8641935483870967,0.16010279089224885,30366,0.342804890439259,0.657195109560741,57794,27687,421,2679,LogisticRegression,light
0.3496902385515349,0.0877095337873232,0.8641935483870967,0.15925573653548925,30544,0.3448143507072623,0.6551856492927377,57616,27865,421,2679,LogisticRegression,light
0.348242362762746,0.08733439666677517,0.8654838709677419,0.15865882144229915,30721,0.34681252187263634,0.6531874781273637,57443,28038,417,2683,LogisticRegression,light
0.3468979963267898,0.08689601605229942,0.8661290322580645,0.15794582193593926,30899,0.34882198214063964,0.6511780178593604,57267,28214,415,2685,LogisticRegression,light
0.34556896568628237,0.08652979791478954,0.8674193548387097,0.15736189138576778,31076,0.3508201533060137,0.6491798466939863,57094,28387,411,2689,LogisticRegression,light
0.34412526330924365,0.08616497088372688,0.8687096774193548,0.15677941433311987,31254,0.352829613574017,0.647170386425983,56920,28561,407,2693,LogisticRegression,light
0.3426200537027116,0.08567974292895549,0.8687096774193548,0.1559757898699719,31431,0.3548277847393911,0.645172215260609,56743,28738,407,2693,LogisticRegression,light
0.3413071015999847,0.08526322450012655,0.8693548387096774,0.15529560908147977,31608,0.3568259559047651,0.6431740440952349,56568,28913,405,2695,LogisticRegression,light
0.3400478543692378,0.08488013590889071,0.8703225806451613,0.1546752278851115,31786,0.35883541617276843,0.6411645838272315,56393,29088,402,2698,LogisticRegression,light
0.3386580913245231,0.08441009917717361,0.8703225806451613,0.15389441861791633,31963,0.36083358733814247,0.6391664126618575,56216,29265,402,2698,LogisticRegression,light
0.33725494906888914,0.08406707943125603,0.8716129032258064,0.1533441162282569,32141,0.3628430476061458,0.6371569523938543,56042,29439,398,2702,LogisticRegression,light
0.33584103249473934,0.0836994863543536,0.8725806451612903,0.1527471906939974,32318,0.36484121877151987,0.6351587812284801,55868,29613,395,2705,LogisticRegression,light
0.3345471831172058,0.08339487936976858,0.8741935483870967,0.15226429935947858,32496,0.3668506790395232,0.6331493209604768,55695,29786,390,2710,LogisticRegression,light
0.33305084363286824,0.08309613442291801,0.8758064516129033,0.1517904564895312,32673,0.3688488502048972,0.6311511497951028,55523,29958,385,2715,LogisticRegression,light
0.3316477944806283,0.08276764786460078,0.8770967741935484,0.15126143918110763,32851,0.3708583104729005,0.6291416895270995,55349,30132,381,2719,LogisticRegression,light
0.3303897543810088,0.08244519801380647,0.8783870967741936,0.15074180690876882,33028,0.37285648163827456,0.6271435183617254,55176,30305,377,2723,LogisticRegression,light
0.32900253799547796,0.08200325242426068,0.8783870967741936,0.1500027543656696,33206,0.37486594190627787,0.6251340580937221,54998,30483,377,2723,LogisticRegression,light
0.32769598915488085,0.08159841835664859,0.8787096774193548,0.1493298248499301,33383,0.3768641130716519,0.6231358869283481,54822,30659,376,2724,LogisticRegression,light
0.32640079822944496,0.08125502815768303,0.8796774193548387,0.14876844603256867,33561,0.3788735733396552,0.6211264266603448,54647,30834,373,2727,LogisticRegression,light
0.32506633815770714,0.08082873910723813,0.8796774193548387,0.14805364026277215,33738,0.3808717445050293,0.6191282554949706,54470,31011,373,2727,LogisticRegression,light
0.32380256752779923,0.0804634980540158,0.8803225806451613,0.1474497514588286,33916,0.3828812047730326,0.6171187952269674,54294,31187,371,2729,LogisticRegression,light
0.32247208261233584,0.08007508872789136,0.8806451612903226,0.1468018175463125,34093,0.38487937593840665,0.6151206240615934,54118,31363,370,2730,LogisticRegression,light
0.3210994800657207,0.07971754544658749,0.8812903225806452,0.14620962778625138,34271,0.38688883620640996,0.61311116379359,53942,31539,368,2732,LogisticRegression,light
0.31995026935659704,0.07942405945192754,0.8825806451612903,0.1457334611697028,34448,0.388887007371784,0.611112992628216,53769,31712,364,2736,LogisticRegression,light
0.3186418779681671,0.07910240859469762,0.8835483870967742,0.14520489847850288,34626,0.3908964676397873,0.6091035323602128,53594,31887,361,2739,LogisticRegression,light
0.3173716447372526,0.078728845214493,0.8838709677419355,0.14457958472944094,34803,0.3928946388051614,0.6071053611948386,53418,32063,360,2740,LogisticRegression,light
0.3159307014160451,0.07847117006374889,0.885483870967742,0.14416638218534175,34981,0.39490409907316465,0.6050959009268353,53245,32236,355,2745,LogisticRegression,light
0.3146693851875651,0.07816144263041129,0.8864516129032258,0.14365622876261175,35158,0.39690227023853875,0.6030977297614613,53071,32410,352,2748,LogisticRegression,light
0.31316335327223005,0.07776771564410233,0.8864516129032258,0.1429909459881361,35336,0.39891173050654205,0.601088269493458,52893,32588,352,2748,LogisticRegression,light
0.31204138218809024,0.0774645904316729,0.8874193548387097,0.14249087095019813,35513,0.4009099016719161,0.5990900983280839,52719,32762,349,2751,LogisticRegression,light
0.31080271430365775,0.0771062732901852,0.8877419354838709,0.14188858240313476,35691,0.4029193619399194,0.5970806380600806,52542,32939,348,2752,LogisticRegression,light
0.3094557524278762,0.07678153228504517,0.8883870967741936,0.1413467460480394,35868,0.40491753310529344,0.5950824668947066,52367,33114,346,2754,LogisticRegression,light
0.3083014902068409,0.07643011707262942,0.8887096774193548,0.1407551218515302,36046,0.40692699337329674,0.5930730066267033,52190,33291,345,2755,LogisticRegression,light
0.30716466316591884,0.07608425585953676,0.8890322580645161,0.14017241817765683,36223,0.40892516453867084,0.5910748354613291,52014,33467,344,2756,LogisticRegression,light
0.3060081393690471,0.07582209279964836,0.8903225806451613,0.13974329763803445,36401,0.41093462480667414,0.5890653751933259,51840,33641,340,2760,LogisticRegression,light
0.3046787106242295,0.07548253048280387,0.8906451612903226,0.1391703210847321,36578,0.4129327959720482,0.5870672040279519,51664,33817,339,2761,LogisticRegression,light
0.30324920465564226,0.07520065297238471,0.8916129032258064,0.13870279764145024,36755,0.4149309671374222,0.5850690328625778,51490,33991,336,2764,LogisticRegression,light
0.3019464664534685,0.07494652478812985,0.8929032258064517,0.13828591412085028,36933,0.41694042740542553,0.5830595725945744,51316,34165,332,2768,LogisticRegression,light
0.3006482276705783,0.07464295338183778,0.8935483870967742,0.13777667246953496,37110,0.4189385985707996,0.5810614014292004,51141,34340,330,2770,LogisticRegression,light
0.2995381811649304,0.07439390688693413,0.8948387096774194,0.1373675349113598,37288,0.42094805883880293,0.5790519411611971,50967,34514,326,2774,LogisticRegression,light
0.29798581986916545,0.07409582276791672,0.895483870967742,0.13686675705657586,37465,0.42294623000417697,0.577053769995823,50792,34689,324,2776,LogisticRegression,light
0.29661602707859375,0.07374545068140159,0.895483870967742,0.13626880691161672,37643,0.4249556902721803,0.5750443097278197,50614,34867,324,2776,LogisticRegression,light
0.2954463468205617,0.07340031729243786,0.895483870967742,0.1356793743890518,37820,0.4269538614375543,0.5730461385624457,50437,35044,324,2776,LogisticRegression,light
0.29404902404847333,0.07308279383125428,0.8958064516129032,0.1351403961263322,37998,0.4289633217055576,0.5710366782944424,50260,35221,323,2777,LogisticRegression,light
0.29275720140624667,0.07279633267845449,0.8964516129032258,0.13465778316172017,38175,0.4309614928709317,0.5690385071290682,50085,35396,321,2779,LogisticRegression,light
0.29146309486728733,0.07253669856334576,0.8974193548387097,0.13422430222179335,38353,0.43297095313893497,0.567029046861065,49910,35571,318,2782,LogisticRegression,light
0.2902590340138271,0.07222943161173112,0.8977419354838709,0.13370165745856355,38530,0.43496912430430906,0.565030875695691,49734,35747,317,2783,LogisticRegression,light
0.28918466228618966,0.07194895112121526,0.8983870967741936,0.13322809031764257,38708,0.43697858457231237,0.5630214154276876,49558,35923,315,2785,LogisticRegression,light
0.2880496208848526,0.0716985984312717,0.8993548387096775,0.13280933666785757,38885,0.4389767557376864,0.5610232442623135,49384,36097,312,2788,LogisticRegression,light
0.2869726786920778,0.07139748611217776,0.8996774193548387,0.13229608898797524,39063,0.4409862160056897,0.5590137839943103,49207,36274,311,2789,LogisticRegression,light
0.2858278727910432,0.07112640163098878,0.9003225806451612,0.13183750590458196,39240,0.44298438717106375,0.5570156128289363,49032,36449,309,2791,LogisticRegression,light
0.2847271883471621,0.0709320614947486,0.9019354838709678,0.1315207676748671,39418,0.44499384743906706,0.5550061525609329,48859,36622,304,2796,LogisticRegression,light
0.28359127499067416,0.07066548806667508,0.9025806451612903,0.13106921185150486,39595,0.44699201860444115,0.5530079813955588,48684,36797,302,2798,LogisticRegression,light
0.2822373571429608,0.07042465994518894,0.9035483870967742,0.13066498728803674,39773,0.4490014788724444,0.5509985211275557,48509,36972,299,2801,LogisticRegression,light
0.28126040147086384,0.07011264080100126,0.9035483870967742,0.13012775842044136,39950,0.4509996500378185,0.5490003499621815,48332,37149,299,2801,LogisticRegression,light
0.280038179414157,0.06982655502392345,0.9038709677419355,0.12963819746460628,40128,0.4530091103058218,0.5469908896941782,48155,37326,298,2802,LogisticRegression,light
0.27884553435793064,0.06954472149857338,0.9041935483870968,0.12915562723188573,40305,0.45500728147119585,0.5449927185288042,47979,37502,297,2803,LogisticRegression,light
0.27774196308603577,0.06936244843514562,0.9058064516129032,0.12885758208475784,40483,0.45701674173919915,0.5429832582608008,47806,37675,292,2808,LogisticRegression,light
0.27665960380407817,0.0691342843089031,0.9067741935483871,0.12847349177330897,40660,0.4590149129045732,0.5409850870954268,47632,37849,289,2811,LogisticRegression,light
0.2756033866316112,0.06883294970370733,0.9067741935483871,0.12795302471664619,40838,0.4610243731725765,0.5389756268274235,47454,38027,289,2811,LogisticRegression,light
0.2743826875346967,0.06860904547116908,0.9077419354838709,0.12757565453927236,41015,0.4630225443379506,0.5369774556620495,47280,38201,286,2814,LogisticRegression,light
0.27320573706421725,0.06836112931808802,0.9083870967741936,0.12715327478382588,41193,0.4650320046059539,0.534967995394046,47104,38377,284,2816,LogisticRegression,light
0.27199157125189005,0.06811699299008944,0.9090322580645162,0.12673712615246235,41370,0.46703017577132794,0.532969824228672,46929,38552,282,2818,LogisticRegression,light
0.27091882331402867,0.06784923462019833,0.9093548387096774,0.12627665292958254,41548,0.46903963603933124,0.5309603639606688,46752,38729,281,2819,LogisticRegression,light
0.2696324911814922,0.06760934691431995,0.91,0.12586726157278305,41725,0.4710378072047053,0.5289621927952948,46577,38904,279,2821,LogisticRegression,light
0.26846467310446404,0.06732375542933512,0.91,0.12537220567974758,41902,0.4730359783700794,0.5269640216299206,46400,39081,279,2821,LogisticRegression,light
0.2672888849354336,0.06706273764258555,0.9103225806451613,0.12492253209384685,42080,0.4750454386380827,0.5249545613619173,46223,39258,278,2822,LogisticRegression,light
0.2661436227604722,0.06678183496225477,0.9103225806451613,0.12443503759066958,42257,0.4770436098034567,0.5229563901965433,46046,39435,278,2822,LogisticRegression,light
0.26500141881254047,0.06659597030752916,0.9116129032258065,0.12412429998901943,42435,0.47905307007146003,0.52094692992854,45872,39609,274,2826,LogisticRegression,light
0.2639298210631077,0.06631934666291185,0.9116129032258065,0.12364368218410919,42612,0.48105124123683407,0.5189487587631659,45695,39786,274,2826,LogisticRegression,light
0.2628466340734702,0.06606683804627249,0.9119354838709678,0.12320767051645239,42790,0.4830607015048374,0.5169392984951626,45518,39963,273,2827,LogisticRegression,light
0.2615547005300806,0.06586450066329974,0.9129032258064517,0.12286452341155274,42967,0.48505887267021147,0.5149411273297886,45344,40137,270,2830,LogisticRegression,light
0.2603971424523874,0.06563912388457527,0.9135483870967742,0.1224781057411612,43145,0.4870683329382147,0.5129316670617853,45168,40313,268,2832,LogisticRegression,light
0.2592232373504293,0.06544019205022852,0.9145161290322581,0.1221403644823575,43322,0.4890665041035888,0.5109334958964111,44994,40487,265,2835,LogisticRegression,light
0.25822296473415435,0.06519540229885057,0.9148387096774193,0.12171673819742489,43500,0.4910759643715921,0.5089240356284079,44817,40664,264,2836,LogisticRegression,light
0.2571249752067625,0.06497699017789683,0.915483870967742,0.12134168501614041,43677,0.49307413553696616,0.5069258644630339,44642,40839,262,2838,LogisticRegression,light
0.2561582234589394,0.06482727169079923,0.9170967741935484,0.12109466510488767,43855,0.49508359580496947,0.5049164041950305,44469,41012,257,2843,LogisticRegression,light
0.2550919185443017,0.06461210029069768,0.917741935483871,0.12072477297801919,44032,0.4970817669703435,0.5029182330296564,44294,41187,255,2845,LogisticRegression,light
0.25396313497538114,0.06441981452160145,0.9187096774193548,0.12039737898964277,44210,0.4990912272383468,0.5009087727616532,44119,41362,252,2848,LogisticRegression,light
0.25286076999728035,0.06420798882555703,0.9193548387096774,0.12003285109608947,44387,0.5010893984037209,0.4989106015962791,43944,41537,250,2850,LogisticRegression,light
0.25173336374342486,0.06404128800628296,0.9206451612903226,0.11975243889646492,44565,0.5030988586717242,0.4969011413282758,43770,41711,246,2854,LogisticRegression,light
0.25062399475507807,0.0638326404720397,0.9212903225806451,0.11939300196480081,44742,0.5050970298370983,0.49490297016290175,43595,41886,244,2856,LogisticRegression,light
0.24958190627021676,0.06360195903829029,0.9216129032258065,0.11899208663057059,44920,0.5071064901051016,0.49289350989489844,43418,42063,243,2857,LogisticRegression,light
0.24845185191945765,0.0633966782712819,0.922258064516129,0.11863808950764569,45097,0.5091046612704756,0.4908953387295244,43243,42238,241,2859,LogisticRegression,light
0.24728170310661463,0.0631695196024296,0.9225806451612903,0.11824289405684754,45275,0.5111141215384789,0.4888858784615211,43066,42415,240,2860,LogisticRegression,light
0.2462020337932134,0.06298952741353515,0.9235483870967742,0.1179354094579008,45452,0.513112292703853,0.48688770729614705,42892,42589,237,2863,LogisticRegression,light
0.24519051853138044,0.06274380889765505,0.9235483870967742,0.11750461727888363,45630,0.5151217529718563,0.48487824702814375,42714,42767,237,2863,LogisticRegression,light
0.2440218884838159,0.06252319514484686,0.9238709677419354,0.11712024863516471,45807,0.5171199241372303,0.4828800758627697,42538,42943,236,2864,LogisticRegression,light
0.24285670433880305,0.06232467108839839,0.9245161290322581,0.11677701945604564,45985,0.5191293844052336,0.4808706155947664,42362,43119,234,2866,LogisticRegression,light
0.24191888102012515,0.06217234955157922,0.9258064516129032,0.1165198327311112,46162,0.5211275555706077,0.47887244442939225,42189,43292,230,2870,LogisticRegression,light
0.24099219486238804,0.06199827362969357,0.9267741935483871,0.11622168284789643,46340,0.5231370158386109,0.47686298416138906,42014,43467,227,2873,LogisticRegression,light
0.24001038315419038,0.06176236644667541,0.9267741935483871,0.11580708225003526,46517,0.5251351870039851,0.4748648129960149,41837,43644,227,2873,LogisticRegression,light
0.2389916431008135,0.061591176785523075,0.927741935483871,0.11551360578371322,46695,0.5271446472719884,0.4728553527280116,41662,43819,224,2876,LogisticRegression,light
0.2379825735209507,0.06137992831541219,0.9280645161290323,0.11514448090930922,46872,0.5291428184373624,0.47085718156263756,41486,43995,223,2877,LogisticRegression,light
0.23699119564176369,0.061255287041169844,0.9296774193548387,0.11493748629085325,47049,0.5311409896027365,0.4688590103972635,41314,44167,218,2882,LogisticRegression,light
0.23586282042178183,0.061109111313443584,0.9309677419354838,0.11468992787171897,47227,0.5331504498707398,0.4668495501292602,41140,44341,214,2886,LogisticRegression,light
0.23467009650258067,0.0609653193823306,0.932258064516129,0.11444638048471406,47404,0.5351486210361138,0.4648513789638862,40967,44514,210,2890,LogisticRegression,light
0.233752933749843,0.06075826993400866,0.9325806451612904,0.11408389566315458,47582,0.5371580813041171,0.46284191869588287,40790,44691,209,2891,LogisticRegression,light
0.23260855153390764,0.06057497016269185,0.9332258064516129,0.11376550856288956,47759,0.5391562524694912,0.46084374753050883,40615,44866,207,2893,LogisticRegression,light
0.23151190819436168,0.06035004276446169,0.9332258064516129,0.11336873248819483,47937,0.5411657127374945,0.4588342872625055,40437,45044,207,2893,LogisticRegression,light
0.23041125205811108,0.0601903811780355,0.9341935483870968,0.11309407583863787,48114,0.5431638839028685,0.4568361160971315,40263,45218,204,2896,LogisticRegression,light
0.22936360103881254,0.05998923217095999,0.9345161290322581,0.11274128268991283,48292,0.5451733441708718,0.4548266558291282,40086,45395,203,2897,LogisticRegression,light
0.22833308275720943,0.05981142585982793,0.9351612903225807,0.11243188737419768,48469,0.547171515336246,0.452828484663754,39911,45570,201,2899,LogisticRegression,light
0.2271078944080195,0.059592575081711105,0.9351612903225807,0.11204514271358726,48647,0.5491809756042492,0.45081902439575083,39733,45748,201,2899,LogisticRegression,light
0.22613138414500775,0.05939701786006882,0.9354838709677419,0.11170171789538556,48824,0.5511791467696233,0.4488208532303767,39557,45924,200,2900,LogisticRegression,light
0.2252076919921282,0.059201665238153546,0.9358064516129032,0.11135848911750029,49002,0.5531886070376266,0.4468113929623734,39380,46101,199,2901,LogisticRegression,light
0.22422573916982166,0.05906992822139531,0.9370967741935484,0.11113448994816275,49179,0.5551867782030007,0.44481322179699934,39207,46274,195,2905,LogisticRegression,light
0.22317150430626026,0.05889742083189821,0.937741935483871,0.11083363516785177,49357,0.557196238471004,0.44280376152899603,39031,46450,193,2907,LogisticRegression,light
0.22218823863974071,0.05874752695118504,0.9387096774193548,0.11057491355397651,49534,0.559194409636378,0.440805590363622,38857,46624,190,2910,LogisticRegression,light
0.22109743252723557,0.05855728999034438,0.9390322580645162,0.1102400969476634,49712,0.5612038699043813,0.4387961300956187,38680,46801,189,2911,LogisticRegression,light
0.22005109948722082,0.05838962496742769,0.9396774193548387,0.10994734756270168,49889,0.5632020410697554,0.43679795893024465,38505,46976,187,2913,LogisticRegression,light
0.21902443489815246,0.05818203607166397,0.9396774193548387,0.10957925028683208,50067,0.5652115013377587,0.43478849866224134,38327,47154,187,2913,LogisticRegression,light
0.2180158742990489,0.0579969747631558,0.94,0.10925314937012598,50244,0.5672096725031327,0.4327903274968673,38151,47330,186,2914,LogisticRegression,light
0.2170073597308886,0.05781206616159613,0.9403225806451613,0.10892717013564515,50422,0.569219132771136,0.430780867228864,37974,47507,185,2915,LogisticRegression,light
0.2159196734855551,0.05764936065930157,0.9409677419354838,0.10864261904318516,50599,0.57121730393651,0.42878269606348995,37799,47682,183,2917,LogisticRegression,light
0.21487689493020257,0.057466963388935935,0.9412903225806452,0.10832080479610966,50777,0.5732267642045134,0.42677323579548665,37622,47859,182,2918,LogisticRegression,light
0.21376051163806903,0.05730659025787966,0.9419354838709677,0.10804010804010805,50954,0.5752249353698875,0.4247750646301125,37447,48034,180,2920,LogisticRegression,light
0.21270392335233596,0.057107095361026365,0.9419354838709677,0.10768549933618529,51132,0.5772343956378907,0.4227656043621093,37269,48212,180,2920,LogisticRegression,light
0.2116461004202099,0.05698805277826502,0.9432258064516129,0.10748221801540186,51309,0.5792325668032648,0.42076743319673515,37096,48385,176,2924,LogisticRegression,light
0.2105070206640183,0.05686872414395867,0.944516129032258,0.10727828970267647,51487,0.5812420270712682,0.41875797292873185,36922,48559,172,2928,LogisticRegression,light
0.209613706161627,0.05673196035924435,0.9454838709677419,0.10704112190490102,51664,0.5832401982366422,0.4167598017633578,36748,48733,169,2931,LogisticRegression,light
0.20862619111334305,0.05657574939238455,0.9461290322580646,0.10676713625277566,51842,0.5852496585046455,0.4147503414953545,36572,48909,167,2933,LogisticRegression,light
0.20757713752393353,0.056421692074049866,0.9467741935483871,0.10649685226509914,52019,0.5872478296700195,0.41275217032998046,36397,49084,165,2935,LogisticRegression,light
0.20651164911230124,0.05628783814851713,0.947741935483871,0.10626446759259259,52196,0.5892460008353936,0.4107539991646064,36223,49258,162,2938,LogisticRegression,light
0.20543101480526998,0.05611562989269485,0.9480645161290323,0.1059595486173703,52374,0.5912554611033969,0.4087445388966031,36046,49435,161,2939,LogisticRegression,light
0.20448519000016765,0.05592662366082472,0.9480645161290323,0.10562254047546314,52551,0.5932536322687709,0.4067463677312291,35869,49612,161,2939,LogisticRegression,light
0.20346996562485423,0.0557757590699615,0.9487096774193549,0.10535743072596679,52729,0.5952630925367742,0.40473690746322577,35693,49788,159,2941,LogisticRegression,light
0.20246119953735772,0.055608059577363624,0.9490322580645161,0.10506017212441524,52906,0.5972612637021483,0.40273873629785173,35517,49964,158,2942,LogisticRegression,light
0.2014501283739095,0.05542159596111823,0.9490322580645161,0.10472732450519723,53084,0.5992707239701516,0.4007292760298484,35339,50142,158,2942,LogisticRegression,light
0.20048737503672906,0.055237415745104296,0.9490322580645161,0.10439843153953975,53261,0.6012688951355257,0.3987311048644743,35162,50319,158,2942,LogisticRegression,light
0.19942488177219528,0.055072138325941725,0.9493548387096774,0.10410513097154175,53439,0.6032783554035289,0.3967216445964711,34985,50496,157,2943,LogisticRegression,light
0.19829568530854244,0.054964935840047746,0.9506451612903226,0.10392129205162565,53616,0.6052765265689031,0.3947234734310969,34812,50669,153,2947,LogisticRegression,light
0.19719187601428081,0.05480165074171841,0.9509677419354838,0.10363131437409921,53794,0.6072859868369064,0.3927140131630936,34635,50846,152,2948,LogisticRegression,light
0.19613780299926858,0.054640455059198456,0.9512903225806452,0.10334495628252527,53971,0.6092841580022804,0.3907158419977196,34459,51022,151,2949,LogisticRegression,light
0.1950545798240551,0.054460839535356145,0.9512903225806452,0.1030236336005869,54149,0.6112936182702837,0.3887063817297163,34281,51200,151,2949,LogisticRegression,light
0.19404362563455174,0.05432021499834334,0.9519354838709677,0.10277574617768956,54326,0.6132917894356578,0.38670821056434224,34106,51375,149,2951,LogisticRegression,light
0.19280052758554686,0.05421620431527961,0.9532258064516129,0.10259704187209223,54504,0.6153012497036611,0.38469875029633893,33932,51549,145,2955,LogisticRegression,light
0.19176042974787905,0.05404070883853624,0.9532258064516129,0.10228275730776554,54681,0.6172994208690351,0.3827005791309649,33755,51726,145,2955,LogisticRegression,light
0.19072883189573323,0.05390182103210048,0.9538709677419355,0.10203764730240342,54859,0.6193088811370384,0.3806911188629616,33579,51902,143,2957,LogisticRegression,light
0.18972579225617958,0.05374663856384912,0.9541935483870968,0.10176138709233522,55036,0.6213070523024125,0.37869294769758755,33403,52078,142,2958,LogisticRegression,light
0.18862664619098257,0.05359148042163219,0.954516129032258,0.10148506362108585,55214,0.6233165125704158,0.37668348742958424,33226,52255,141,2959,LogisticRegression,light
0.18762328139045562,0.05342023072340272,0.954516129032258,0.10117795900223966,55391,0.6253146837357898,0.3746853162642102,33049,52432,141,2959,LogisticRegression,light
0.18661647250558197,0.05326710935953499,0.9548387096774194,0.10090507763895755,55569,0.6273241440037931,0.3726758559962069,32872,52609,140,2960,LogisticRegression,light
0.18570219406914482,0.05315179564453055,0.9558064516129032,0.10070353125106209,55746,0.6293223151691673,0.37067768483083274,32698,52783,137,2963,LogisticRegression,light
0.18470069441801662,0.0530005006794936,0.9561290322580646,0.1004337218758471,55924,0.6313317754371705,0.36866822456282955,32521,52960,136,2964,LogisticRegression,light
0.18376782040440767,0.052886757811803714,0.9570967741935484,0.10023479333119374,56101,0.6333299466025446,0.3666700533974554,32347,53134,133,2967,LogisticRegression,light
0.1827032284767027,0.052790561310613195,0.9583870967741935,0.10006904797992557,56279,0.6353394068705479,0.3646605931294521,32173,53308,129,2971,LogisticRegression,light
0.18180674908708644,0.05266047895706391,0.9590322580645161,0.0998388071730808,56456,0.637337578035922,0.36266242196407805,31998,53483,127,2973,LogisticRegression,light
0.1807985407454249,0.05251262492495674,0.9593548387096774,0.09957478153145612,56634,0.6393470383039253,0.36065296169607475,31821,53660,126,2974,LogisticRegression,light
0.1798324990674786,0.052366619140659376,0.9596774193548387,0.0993139824072374,56811,0.6413452094692993,0.3586547905307007,31645,53836,125,2975,LogisticRegression,light
0.17886965931748736,0.05222060397620593,0.96,0.09905307127760489,56989,0.6433546697373026,0.3566453302626974,31468,54013,124,2976,LogisticRegression,light
0.1777562894337061,0.052076409054332994,0.9603225806451613,0.09879534065642319,57166,0.6453528409026766,0.35464715909732336,31292,54189,123,2977,LogisticRegression,light
0.1767876320122707,0.05193310430218161,0.9606451612903226,0.09853911950101749,57343,0.6473510120680507,0.3526489879319493,31116,54365,122,2978,LogisticRegression,light
0.17585356458625437,0.051772396168355904,0.9606451612903226,0.09824978142887777,57521,0.649360472336054,0.350639527663946,30938,54543,122,2978,LogisticRegression,light
0.17488650005636633,0.05161357412735277,0.9606451612903226,0.09796374880752658,57698,0.651358643501428,0.348641356498572,30761,54720,122,2978,LogisticRegression,light
0.1739013971376375,0.05148939111203262,0.9612903225806452,0.09774337444240358,57876,0.6533681037694313,0.34663189623056867,30585,54896,120,2980,LogisticRegression,light
0.17293611440203038,0.051332403148846746,0.9612903225806452,0.09746046800647556,58053,0.6553662749348055,0.3446337250651945,30408,55073,120,2980,LogisticRegression,light
0.17196842954338556,0.05119266370146486,0.9616129032258065,0.09721021995401999,58231,0.6573757352028087,0.3426242647971913,30231,55250,119,2981,LogisticRegression,light
0.17095452559776908,0.05105465004793864,0.9619354838709677,0.09696299668335824,58408,0.6593739063681828,0.3406260936318172,30055,55426,118,2982,LogisticRegression,light
0.17002098421017373,0.05093367016010651,0.9625806451612903,0.0967480465583763,58586,0.6613833666361861,0.33861663336381387,29879,55602,116,2984,LogisticRegression,light
0.16921587053493253,0.05078025288021374,0.9625806451612903,0.09647123482533985,58763,0.6633815378015602,0.3366184621984398,29702,55779,116,2984,LogisticRegression,light
0.1682455462949026,0.0506268980845252,0.9625806451612903,0.09619445205589852,58941,0.6653909980695635,0.3346090019304365,29524,55957,116,2984,LogisticRegression,light
0.16722829325791672,0.050593727798640006,0.9648387096774194,0.09614580989424283,59118,0.6673891692349375,0.3326108307650625,29354,56127,109,2991,LogisticRegression,light
0.1661862056530068,0.050441851052347546,0.9648387096774194,0.09587153022629658,59296,0.6693986295029408,0.3306013704970592,29176,56305,109,2991,LogisticRegression,light
0.16532570358882923,0.050375800783548835,0.9664516129032258,0.0957601521422978,59473,0.6713968006683149,0.32860319933168514,29004,56477,104,2996,LogisticRegression,light
0.1644762560221401,0.05027577073309752,0.9674193548387097,0.09558413411738459,59651,0.6734062609363182,0.32659373906368183,28829,56652,101,2999,LogisticRegression,light
0.16348384823444556,0.05014374540349,0.967741935483871,0.09534706331045002,59828,0.6754044321016922,0.3245955678983078,28653,56828,100,3000,LogisticRegression,light
0.16252954503656133,0.05001166550011665,0.9680645161290322,0.09510981523151522,60006,0.6774138923696955,0.3225861076303045,28476,57005,99,3001,LogisticRegression,light
0.16151244060903192,0.049897811674393104,0.9687096774193549,0.09490700504084826,60183,0.6794120635350696,0.32058793646493045,28301,57180,97,3003,LogisticRegression,light
0.16044521085985297,0.04980036778714733,0.9696774193548388,0.09473534926963018,60361,0.6814215238030729,0.31857847619692714,28126,57355,94,3006,LogisticRegression,light
0.15957753731949062,0.04967128084839274,0.97,0.09450328420126339,60538,0.683419694968447,0.316580305031553,27950,57531,93,3007,LogisticRegression,light
0.15871633062468124,0.04952566045194018,0.97,0.09423968910618027,60716,0.6854291552364502,0.3145708447635498,27772,57709,93,3007,LogisticRegression,light
0.15769354898838173,0.04943096907690539,0.9709677419354839,0.09407278921131998,60893,0.6874273264018244,0.31257267359817564,27598,57883,90,3010,LogisticRegression,light
0.1568126750151157,0.049352393116209,0.9722580645161291,0.09393651337831731,61071,0.6894367866698277,0.31056321333017234,27424,58057,86,3014,LogisticRegression,light
0.15593410633768656,0.04920977011494253,0.9722580645161291,0.09367812519425624,61248,0.6914349578352017,0.3085650421647983,27247,58234,86,3014,LogisticRegression,light
0.15503171122052448,0.04908345000488393,0.9725806451612903,0.09345070204258749,61426,0.693444418103205,0.306555581896795,27070,58411,85,3015,LogisticRegression,light
0.15409354417097423,0.04895865461097674,0.9729032258064516,0.09322597097507071,61603,0.695442589268579,0.30455741073142095,26894,58587,84,3016,LogisticRegression,light
0.15319508149348277,0.04881759764328839,0.9729032258064516,0.09297020699434351,61781,0.6974520495365824,0.30254795046341765,26716,58765,84,3016,LogisticRegression,light
0.15238141566622418,0.048726556699699795,0.9738709677419355,0.0928094930677242,61958,0.6994502207019564,0.3005497792980436,26542,58939,81,3019,LogisticRegression,light
0.15140466587887638,0.048586970516286854,0.9738709677419355,0.09255625728125573,62136,0.7014596809699597,0.2985403190300403,26364,59117,81,3019,LogisticRegression,light
0.15049931022132176,0.048448959286184264,0.9738709677419355,0.09230581077155917,62313,0.7034578521353337,0.29654214786466626,26187,59294,81,3019,LogisticRegression,light
0.14949551754071785,0.04832695908210782,0.9741935483870968,0.09208580445487949,62491,0.705467312403337,0.29453268759666296,26010,59471,80,3020,LogisticRegression,light
0.14871421892841669,0.048238335354566925,0.9751612903225807,0.09192920569273812,62668,0.7074654835687111,0.2925345164312889,25836,59645,77,3023,LogisticRegression,light
0.14782070558264473,0.04811838650648421,0.9754838709677419,0.09171279096216545,62845,0.7094636547340852,0.29053634526591476,25660,59821,76,3024,LogisticRegression,light
0.14692677905627505,0.04798248258572267,0.9754838709677419,0.09146590445079625,63023,0.7114731150020884,0.28852688499791157,25482,59999,76,3024,LogisticRegression,light
0.14601086987203227,0.047848101265822784,0.9754838709677419,0.09122171945701357,63200,0.7134712861674626,0.2865287138325374,25305,60176,76,3024,LogisticRegression,light
0.14512538686576337,0.04771371769383698,0.9754838709677419,0.09097746622942927,63378,0.7154807464354659,0.2845192535645341,25127,60354,76,3024,LogisticRegression,light
0.14443463804239198,0.04759656990008654,0.9758064516129032,0.0907658840297052,63555,0.7174789176008399,0.2825210823991601,24951,60530,75,3025,LogisticRegression,light
0.14351363428616934,0.047479327820752204,0.9761290322580645,0.09055406760133468,63733,0.7194883778688432,0.28051162213115677,24774,60707,74,3026,LogisticRegression,light
0.14260604182861264,0.047347832890001565,0.9761290322580645,0.09031487837636173,63910,0.7214865490342173,0.2785134509657827,24597,60884,74,3026,LogisticRegression,light
0.14164088321541318,0.047216327549619276,0.9761290322580645,0.09007560873965588,64088,0.7234960093022206,0.2765039906977794,24419,61062,74,3026,LogisticRegression,light
0.14065724453218476,0.0470862833579709,0.9761290322580645,0.08983893713352632,64265,0.7254941804675946,0.2745058195324054,24242,61239,74,3026,LogisticRegression,light
0.13980791570530182,0.0469562248809025,0.9761290322580645,0.08960217935241253,64443,0.7275036407355979,0.2724963592644021,24064,61417,74,3026,LogisticRegression,light
0.1389119398688779,0.04682760755184154,0.9761290322580645,0.0893679858239811,64620,0.729501811900972,0.27049818809902804,23887,61594,74,3026,LogisticRegression,light
0.1380201754314903,0.046714404765579184,0.9764516129032258,0.08916315649945507,64798,0.7315112721689753,0.26848872783102473,23710,61771,73,3027,LogisticRegression,light
0.13708892927707225,0.04661792997306657,0.9770967741935483,0.0889900844656629,64975,0.7335094433343493,0.2664905566656507,23535,61946,71,3029,LogisticRegression,light
0.13629029954279503,0.04650591684189523,0.9774193548387097,0.08878730605248121,65153,0.7355189036023526,0.2644810963976474,23358,62123,70,3030,LogisticRegression,light
0.1354215476707561,0.04641053114954845,0.9780645161290322,0.0886161040479322,65330,0.7375170747677268,0.26248292523227323,23183,62298,68,3032,LogisticRegression,light
0.13453904705844805,0.04629968858765342,0.9783870967741936,0.08841534514925374,65508,0.73952653503573,0.26047346496427004,23006,62475,67,3033,LogisticRegression,light
0.1336789165205084,0.046174925782142044,0.9783870967741936,0.08818783164934216,65685,0.7415247062011041,0.2584752937988959,22829,62652,67,3033,LogisticRegression,light
0.13274512596730204,0.04605013436982828,0.9783870967741936,0.087960210547685,65863,0.7435341664691074,0.2564658335308926,22651,62830,67,3033,LogisticRegression,light
0.13188154898784618,0.045987280436099336,0.9796774193548388,0.08785073763378652,66040,0.7455323376344815,0.25446766236551854,22478,63003,63,3037,LogisticRegression,light
0.13103744399699083,0.0458636624482769,0.9796774193548388,0.0876251478692403,66218,0.7475417979024848,0.25245820209751524,22300,63181,63,3037,LogisticRegression,light
0.13014022314787524,0.0457413961894721,0.9796774193548388,0.08740197136484638,66395,0.7495399690678588,0.2504600309321412,22123,63358,63,3037,LogisticRegression,light
0.12937954470447818,0.04564913703753774,0.9803225806451613,0.08723608858524824,66573,0.7515494293358621,0.2484505706641379,21947,63534,61,3039,LogisticRegression,light
0.12850085394417946,0.04552808988764045,0.9803225806451613,0.08701503221188261,66750,0.7535476005012361,0.24645239949876385,21770,63711,61,3039,LogisticRegression,light
0.1276807256693694,0.045436887401386565,0.9809677419354839,0.08685097389615581,66928,0.7555570607692395,0.24444293923076055,21594,63887,59,3041,LogisticRegression,light
0.1268031742592567,0.045317040458982195,0.9809677419354839,0.08663200626735988,67105,0.7575552319346135,0.2424447680653865,21417,64064,59,3041,LogisticRegression,light
0.1259316550000641,0.04519715232673929,0.9809677419354839,0.08641291220891406,67283,0.7595646922026168,0.2404353077973832,21239,64242,59,3041,LogisticRegression,light
0.1251423723278142,0.04509338867477023,0.9812903225806452,0.08622448979591835,67460,0.7615628633679908,0.23843713663200916,21063,64418,58,3042,LogisticRegression,light
0.12433700523335053,0.04500428753067802,0.9819354838709677,0.08606406740365857,67638,0.7635723236359941,0.23642767636400586,20887,64594,56,3044,LogisticRegression,light
0.12350891767886972,0.04488682444886825,0.9819354838709677,0.08584925615173095,67815,0.7655704948013682,0.23442950519863182,20710,64771,56,3044,LogisticRegression,light
0.12259620764860592,0.04479938816331333,0.9825806451612903,0.08569177966578517,67992,0.7675686659667423,0.23243133403325766,20535,64946,54,3046,LogisticRegression,light
0.12178706463847883,0.04468241161801379,0.9825806451612903,0.08547776062859548,68170,0.7695781262347456,0.23042187376525436,20357,65124,54,3046,LogisticRegression,light
0.12090649929154476,0.0445666964168142,0.9825806451612903,0.08526600137164611,68347,0.7715762974001197,0.22842370259988032,20180,65301,54,3046,LogisticRegression,light
0.12002257977330257,0.044465523531557825,0.9829032258064516,0.08508202443280978,68525,0.773585757668123,0.226414242331877,20003,65478,53,3047,LogisticRegression,light
0.11925793555598972,0.04435096503740794,0.9829032258064516,0.08487228768000891,68702,0.775583928833497,0.22441607116650297,19826,65655,53,3047,LogisticRegression,light
0.11834479570126628,0.04425087108013937,0.983225806451613,0.0846901917199222,68880,0.7775933891015003,0.22240661089849967,19649,65832,52,3048,LogisticRegression,light
0.11766659521225123,0.0441519324615897,0.9835483870967742,0.08451016533392465,69057,0.7795915602668744,0.22040843973312563,19473,66008,51,3049,LogisticRegression,light
0.11694178891754607,0.04406730699790568,0.9841935483870968,0.08435750328333448,69235,0.7816010205348777,0.21839897946512232,19297,66184,49,3051,LogisticRegression,light
0.11614834715163944,0.043983749207629805,0.9848387096774194,0.08420675198587821,69412,0.7835991917002517,0.21640080829974828,19122,66359,47,3053,LogisticRegression,light
0.11528131032984378,0.043871245868659293,0.9848387096774194,0.08400055028201954,69590,0.785608651968255,0.21439134803174498,18944,66537,47,3053,LogisticRegression,light
0.11443268609298883,0.04375994381297748,0.9848387096774194,0.08379650596291874,69767,0.7876068231336291,0.21239317686637094,18767,66714,47,3053,LogisticRegression,light
0.11354977527263062,0.04364858102795053,0.9848387096774194,0.08359230611267027,69945,0.7896162834016324,0.21038371659836763,18589,66892,47,3053,LogisticRegression,light
0.11279252142339248,0.04355266535466758,0.9851612903225806,0.0834175521018273,70122,0.7916144545670065,0.20838554543299348,18413,67068,46,3054,LogisticRegression,light
0.11185193414866333,0.04344238975817923,0.9851612903225806,0.08321525885558584,70300,0.7936239148350097,0.20637608516499029,18235,67246,46,3054,LogisticRegression,light
0.1111555988569992,0.04334747506278644,0.9854838709677419,0.08304225505253,70477,0.7956220860003839,0.20437791399961613,18059,67422,45,3055,LogisticRegression,light
0.11029594423072876,0.04323827046918123,0.9854838709677419,0.08284184123110297,70655,0.7976315462683872,0.20236845373161283,17881,67600,45,3055,LogisticRegression,light
0.10949500176899786,0.04313022362773888,0.9854838709677419,0.08264351025266463,70832,0.7996297174337612,0.2003702825662388,17704,67777,45,3055,LogisticRegression,light
0.10864857153838009,0.04302210956203352,0.9854838709677419,0.08244501416812847,71010,0.8016391777017645,0.19836082229823548,17526,67955,45,3055,LogisticRegression,light
0.10777605382976391,0.042915139000098336,0.9854838709677419,0.08224857646694578,71187,0.8036373488671386,0.19636265113286144,17349,68132,45,3055,LogisticRegression,light
0.10709113434939767,0.04280809920829538,0.9854838709677419,0.08205197072450143,71365,0.8056468091351419,0.19435319086485814,17171,68310,45,3055,LogisticRegression,light
0.10640097808566375,0.042716166727237145,0.9858064516129033,0.08188419388548002,71542,0.8076449803005159,0.1923550196994841,16995,68486,44,3056,LogisticRegression,light
0.10554227544920611,0.04263803680981595,0.9864516129032258,0.0817428495054798,71720,0.8096544405685192,0.1903455594314808,16819,68662,42,3058,LogisticRegression,light
0.10481307657039551,0.042533068139143496,0.9864516129032258,0.0815499286638132,71897,0.8116526117338932,0.18834738826610675,16642,68839,42,3058,LogisticRegression,light
0.10406645316814149,0.04244190079778009,0.9867741935483871,0.08138343864316594,72075,0.8136620720018966,0.18633792799810345,16465,69016,41,3059,LogisticRegression,light
0.10334096236366787,0.042337928361844655,0.9867741935483871,0.08119227094171357,72252,0.8156602431672706,0.1843397568327294,16288,69193,41,3059,LogisticRegression,light
0.10259592405467034,0.04226149385613696,0.9874193548387097,0.08105388587316298,72430,0.8176697034352739,0.1823302965647261,16112,69369,39,3061,LogisticRegression,light
0.10186846833037047,0.04215846956904982,0.9874193548387097,0.08086438506346837,72607,0.819667874600648,0.18033212539935195,15935,69546,39,3061,LogisticRegression,light
0.10110605363099691,0.042055368551212474,0.9874193548387097,0.08067470514594452,72785,0.8216773348686512,0.17832266513134876,15757,69724,39,3061,LogisticRegression,light
0.10034984916940004,0.04199446287108358,0.9883870967741936,0.08056585417159685,72962,0.8236755060340254,0.1763244939659746,15583,69898,36,3064,LogisticRegression,light
0.09969654028855486,0.04189283419242812,0.9883870967741936,0.08037880874617978,73139,0.8256736771993994,0.17432632280060056,15406,70075,36,3064,LogisticRegression,light
0.09885623875018974,0.04181840500838823,0.9890322580645161,0.08024392478113508,73317,0.8276831374674027,0.17231686253259726,15230,70251,34,3066,LogisticRegression,light
0.09811287189225472,0.04173129779301712,0.9893548387096774,0.08008460192704389,73494,0.8296813086327768,0.17031869136722322,15054,70427,33,3067,LogisticRegression,light
0.09736017035469575,0.04163047019220328,0.9893548387096774,0.07989892148179023,73672,0.8316907689007801,0.1683092310992199,14876,70605,33,3067,LogisticRegression,light
0.09667740324440303,0.04154423214938591,0.9896774193548387,0.07974112724012009,73849,0.8336889400661541,0.16631105993384587,14700,70781,32,3068,LogisticRegression,light
0.09583401651871862,0.04144433787672066,0.9896774193548387,0.07955709414342578,74027,0.8356984003341574,0.16430159966584257,14522,70959,32,3068,LogisticRegression,light
0.09506212128812307,0.04134548002803083,0.9896774193548387,0.07937493532029391,74204,0.8376965714995315,0.16230342850046853,14345,71136,32,3068,LogisticRegression,light
0.09428168842806853,0.041259982253771074,0.99,0.07921839911205182,74382,0.8397060317675348,0.16029396823246522,14168,71313,31,3069,LogisticRegression,light
0.09353158207685101,0.041162032752585204,0.99,0.0790378449374831,74559,0.8417042029329088,0.15829579706709118,13991,71490,31,3069,LogisticRegression,light
0.09281412975433023,0.04106399775211742,0.99,0.07885709880904967,74737,0.8437136632009121,0.15628633679908788,13813,71668,31,3069,LogisticRegression,light
0.09208250384022724,0.040966975465200096,0.99,0.07867818596662138,74914,0.8457118343662863,0.15428816563371373,13636,71845,31,3069,LogisticRegression,light
0.09130244487163824,0.040883183295157936,0.9903225806451613,0.07852465725393902,75092,0.8477212946342895,0.15227870536571053,13459,72022,30,3070,LogisticRegression,light
0.09046221487829008,0.040800329484914105,0.9906451612903225,0.07837282598986843,75269,0.8497194657996636,0.15028053420033638,13283,72198,29,3071,LogisticRegression,light
0.08973202356408358,0.040717324744522644,0.9909677419354839,0.07822068315785452,75447,0.8517289260676669,0.14827107393233308,13106,72375,28,3072,LogisticRegression,light
0.0889932717853346,0.04062202475404633,0.9909677419354839,0.07804481479599615,75624,0.853727097233041,0.14627290276695903,12929,72552,28,3072,LogisticRegression,light
0.08822909672223136,0.040539827445186145,0.9912903225806452,0.07789409647410712,75802,0.8557365575010443,0.14426344249895573,12752,72729,27,3073,LogisticRegression,light
0.0874948509764718,0.04045854775661696,0.9916129032258064,0.07774503977035623,75979,0.8577347286664183,0.1422652713335817,12576,72905,26,3074,LogisticRegression,light
0.08675585894175009,0.040363984925876804,0.9916129032258064,0.07757043541895352,76157,0.8597441889344216,0.14025581106557838,12398,73083,26,3074,LogisticRegression,light
0.08598403281666904,0.04027039065161003,0.9916129032258064,0.07739758793463757,76334,0.8617423600997957,0.13825763990020434,12221,73260,26,3074,LogisticRegression,light
0.08530627207093731,0.040176704307821,0.9916129032258064,0.07722453901421895,76512,0.863751820367799,0.13624817963220104,12043,73438,26,3074,LogisticRegression,light
0.08460547194171691,0.040083975537560795,0.9916129032258064,0.07705322788855606,76689,0.865749991533173,0.134250008466827,11866,73615,26,3074,LogisticRegression,light
0.08375616550141389,0.04000416303485241,0.9919354838709677,0.07690672402365976,76867,0.8677594518011763,0.1322405481988237,11689,73792,25,3075,LogisticRegression,light
0.08296523783818402,0.03993821712268314,0.9925806451612903,0.07678678378917948,77044,0.8697576229665503,0.13024237703344965,11514,73967,23,3077,LogisticRegression,light
0.08219344866391003,0.039859107508223045,0.9929032258064516,0.07664151789049077,77222,0.8717670832345537,0.12823291676544635,11337,74144,22,3078,LogisticRegression,light
0.08141998884511073,0.03976795565834184,0.9929032258064516,0.0764729996645921,77399,0.8737652543999278,0.1262347456000722,11160,74321,22,3078,LogisticRegression,light
0.08063724392272584,0.03967670830271859,0.9929032258064516,0.0763042750722015,77577,0.875774714667931,0.124225285332069,10982,74499,22,3078,LogisticRegression,light
0.07994528701426522,0.03958638783856779,0.9929032258064516,0.07613723501620204,77754,0.8777728858333051,0.12222711416669485,10805,74676,22,3078,LogisticRegression,light
0.07921932429605064,0.039495970846378896,0.9929032258064516,0.07596998716556423,77932,0.8797823461013085,0.12021765389869155,10627,74854,22,3078,LogisticRegression,light
0.0783917228960712,0.03940647044514717,0.9929032258064516,0.07580440591560049,78109,0.8817805172666825,0.1182194827333175,10450,75031,22,3078,LogisticRegression,light
0.07772986665329623,0.03933014843011522,0.993225806451613,0.07566411913596932,78286,0.8837786884320565,0.11622131156794346,10274,75207,21,3079,LogisticRegression,light
0.07699235875901099,0.03924092577487765,0.993225806451613,0.07549899465450444,78464,0.8857881487000598,0.11421185129994016,10096,75385,21,3079,LogisticRegression,light
0.0762275139813098,0.03917803690187052,0.9938709677419355,0.07538444599405437,78641,0.8877863198654339,0.11221368013456612,9921,75560,19,3081,LogisticRegression,light
0.07555691626824425,0.03908955962394854,0.9938709677419355,0.07522064478326153,78819,0.8897957801334372,0.11020421986656281,9743,75738,19,3081,LogisticRegression,light
0.07470669610959157,0.03901463365233683,0.9941935483870967,0.07508282985772755,78996,0.8917939512988112,0.10820604870118877,9567,75914,18,3082,LogisticRegression,light
0.0738608655588493,0.038939550862656935,0.9945161290322581,0.07494469698811289,79174,0.8938034115668145,0.10619658843318547,9390,76091,17,3083,LogisticRegression,light
0.07304133511192744,0.03885269246764376,0.9945161290322581,0.07478381099077028,79351,0.8958015827321886,0.10419841726781143,9213,76268,17,3083,LogisticRegression,light
0.07225880926220161,0.038778307284135345,0.9948387096774194,0.07464691573176487,79529,0.8978110430001919,0.10218895699980812,9036,76445,16,3084,LogisticRegression,light
0.07145452685100419,0.03870473991920307,0.9951612903225806,0.07451150882786271,79706,0.899809214165566,0.10019078583443397,8860,76621,15,3085,LogisticRegression,light
0.07063448621938292,0.038643533123028394,0.9958064516129033,0.0743998843150487,79884,0.9018186744335692,0.09818132556643078,8684,76797,13,3087,LogisticRegression,light
0.0698287693181998,0.038558099449170005,0.9958064516129033,0.07424153148711535,80061,0.9038168455989434,0.09618315440105663,8507,76974,13,3087,LogisticRegression,light
0.06900645511898652,0.0384850259848702,0.9961290322580645,0.07410696072667058,80239,0.9058263058669467,0.09417369413305332,8330,77151,12,3088,LogisticRegression,light
0.06825639245701236,0.03840031834460804,0.9961290322580645,0.07394990181522104,80416,0.9078244770323207,0.09217552296767928,8153,77328,12,3088,LogisticRegression,light
0.06741313203389913,0.03831550735786783,0.9961290322580645,0.07379262551676345,80594,0.909833937300324,0.09016606269967598,7975,77506,12,3088,LogisticRegression,light
0.06664631531723163,0.038231543499523346,0.9961290322580645,0.0736368947550405,80771,0.9118321084656981,0.08816789153430193,7798,77683,12,3088,LogisticRegression,light
0.06586508226316933,0.03814747557103856,0.9961290322580645,0.07348094563885353,80949,0.9138415687337014,0.08615843126629863,7620,77861,12,3088,LogisticRegression,light
0.06511192507331959,0.038064245741192715,0.9961290322580645,0.07332652625080142,81126,0.9158397398990754,0.08416026010092459,7443,78038,12,3088,LogisticRegression,light
0.06423526787728938,0.037993210666141884,0.9964516129032258,0.07319558314771811,81304,0.9178492001670787,0.08215079983292128,7266,78215,11,3089,LogisticRegression,light
0.06331337229317012,0.03794749696248205,0.9974193548387097,0.07311334696917746,81481,0.9198473713324528,0.08015262866754724,7092,78389,8,3092,LogisticRegression,light
0.06245186695434341,0.037864779142531745,0.9974193548387097,0.07295980367866539,81659,0.9218568316004561,0.07814316839954394,6914,78567,8,3092,LogisticRegression,light
0.06156482486444688,0.03778288283884843,0.9974193548387097,0.07280776113779788,81836,0.9238550027658301,0.0761449972341699,6737,78744,8,3092,LogisticRegression,light
0.06076196515504196,0.037713073377716,0.997741935483871,0.07267899522992692,82014,0.9258644630338334,0.07413553696616659,6560,78921,7,3093,LogisticRegression,light
0.05999381142099947,0.037631857502646276,0.997741935483871,0.07252816827097819,82191,0.9278626341992076,0.07213736580079244,6383,79098,7,3093,LogisticRegression,light
0.059097119416524437,0.037562675278320724,0.9980645161290322,0.07240051948659748,82369,0.9298720944672108,0.07012790553278925,6206,79275,6,3094,LogisticRegression,light
0.0582149741177491,0.03748213117534466,0.9980645161290322,0.07225089321159191,82546,0.9318702656325849,0.0681297343674151,6029,79452,6,3094,LogisticRegression,light
0.05718742994472655,0.037401479618973936,0.9980645161290322,0.07210104399701715,82724,0.9338797259005882,0.06612027409941179,5851,79630,6,3094,LogisticRegression,light
0.056286735444643375,0.03732162458836443,0.9980645161290322,0.07195265171335216,82901,0.9358778970659622,0.06412210293403775,5674,79807,6,3094,LogisticRegression,light
0.055400932132915665,0.03725369828717245,0.9983870967741936,0.07182724329593056,83079,0.9378873573339656,0.062112642666034446,5497,79984,5,3095,LogisticRegression,light
0.05451345228830895,0.03718650908042664,0.9987096774193548,0.07170318217610822,83256,0.9398855284993396,0.060114471500660405,5321,80160,4,3096,LogisticRegression,light
0.05362447843045047,0.037107619287332354,0.9987096774193548,0.07155651601123271,83433,0.9418836996647136,0.058116300335286364,5144,80337,4,3096,LogisticRegression,light
0.05269082600971318,0.03702862063604071,0.9987096774193548,0.07140962507640322,83611,0.9438931599327169,0.05610684006728306,4966,80515,4,3096,LogisticRegression,light
0.05175999018252568,0.036950398625101445,0.9987096774193548,0.07126415615505018,83788,0.945891331098091,0.05410866890190902,4789,80692,4,3096,LogisticRegression,light
0.050810644949897565,0.036872067265321676,0.9987096774193548,0.07111846185652264,83966,0.9479007913660943,0.052099208633905714,4611,80870,4,3096,LogisticRegression,light
0.04986937254346055,0.03679450459337081,0.9987096774193548,0.07097417557855645,84143,0.9498989625314683,0.05010103746853167,4434,81047,4,3096,LogisticRegression,light
0.04885862943141413,0.0367168321058811,0.9987096774193548,0.07082966335319889,84321,0.9519084227994716,0.04809157720052837,4256,81225,4,3096,LogisticRegression,light
0.047891402092641595,0.03663992047149045,0.9987096774193548,0.07068654535491678,84498,0.9539065939648458,0.046093406035154216,4079,81402,4,3096,LogisticRegression,light
0.04676224912920062,0.0365628985781095,0.9987096774193548,0.07054320087495443,84676,0.955916054232849,0.04408394576715102,3901,81580,4,3096,LogisticRegression,light
0.04580575041239864,0.03649841490577823,0.9990322580645161,0.07042397644196333,84853,0.9579142253982231,0.04208577460177687,3725,81756,3,3097,LogisticRegression,light
0.04456124945482524,0.03642201079606261,0.9990322580645161,0.07028173968297192,85031,0.9599236856662264,0.040076314333773566,3547,81934,3,3097,LogisticRegression,light
0.043428078369640105,0.036346352455168526,0.9990322580645161,0.07014087058930107,85208,0.9619218568316005,0.038078143168399525,3370,82111,3,3097,LogisticRegression,light
0.04235418659766196,0.0362822945213501,0.9993548387096775,0.07002237642112877,85386,0.9639313170996038,0.03606868290039622,3193,82288,2,3098,LogisticRegression,light
0.04114239947904929,0.03621892640510501,0.9996774193548387,0.06990514645342476,85563,0.9659294882649778,0.03407051173502218,3017,82464,1,3099,LogisticRegression,light
0.039878805106044954,0.036143735202528546,0.9996774193548387,0.06976508594005021,85741,0.9679389485329811,0.032061051467018875,2839,82642,1,3099,LogisticRegression,light
0.0385717795368286,0.03606927535557159,0.9996774193548387,0.06962636770091442,85918,0.9699371196983552,0.030062880301644834,2662,82819,1,3099,LogisticRegression,light
0.0371617825005702,0.035994703586693926,0.9996774193548387,0.06948742096058119,86096,0.9719465799663585,0.02805342003364153,2484,82997,1,3099,LogisticRegression,light
0.035806782791565385,0.03592085588770531,0.9996774193548387,0.0693498036319694,86273,0.9739447511317325,0.02605524886826749,2307,83174,1,3099,LogisticRegression,light
0.034521942876892794,0.03584689592948607,0.9996774193548387,0.06921195743207781,86451,0.9759542113997358,0.024045788600264184,2129,83352,1,3099,LogisticRegression,light
0.03280325072838558,0.035773652860506995,0.9996774193548387,0.06907542796005707,86628,0.9779523825651099,0.022047617434890143,1952,83529,1,3099,LogisticRegression,light
0.031236596821226193,0.03570029721447826,0.9996774193548387,0.0689386692768002,86806,0.9799618428331132,0.02003815716688684,1774,83707,1,3099,LogisticRegression,light
0.029493245846695874,0.035627651380154744,0.9996774193548387,0.06880321481300579,86983,0.9819600139984873,0.018039986001512687,1597,83884,1,3099,LogisticRegression,light
0.027879178008030876,0.035566365691077434,1.0,0.06868968879139385,87161,0.9839694742664905,0.016030525733509493,1420,84061,0,3100,LogisticRegression,light
0.025851990406149016,0.03549428656484005,1.0,0.06855525332271833,87338,0.9859676454318647,0.014032354568135341,1243,84238,0,3100,LogisticRegression,light
0.023429138584351576,0.035422094245623655,1.0,0.06842058797563344,87516,0.987977105699868,0.012022894300132037,1065,84416,0,3100,LogisticRegression,light
0.02060425228478368,0.035350598109313174,1.0,0.06828720275792187,87693,0.989975276865242,0.010024723134757996,888,84593,0,3100,LogisticRegression,light
0.017098927751328107,0.035278988517258254,1.0,0.06815358740697586,87871,0.9919847371332453,0.008015262866754691,710,84771,0,3100,LogisticRegression,light
0.012703565898818452,0.035208068326367435,1.0,0.06802124018080485,88048,0.9939829082986193,0.00601709170138065,533,84948,0,3100,LogisticRegression,light
0.00669747101201332,0.035137034434293744,1.0,0.0678886625933469,88226,0.9959923685666227,0.0040076314333773455,355,85126,0,3100,LogisticRegression,light
0.0008315626142274191,0.03506668325735552,1.0,0.06775734128935662,88403,0.9979905397319967,0.0020094602680033047,178,85303,0,3100,LogisticRegression,light
2.1750493354788732e-31,0.03499621815061921,1.0,0.06762578942201765,88581,1.0,0.0,0,85481,0,3100,LogisticRegression,light
0.9808535621572968,0.6244131455399061,0.21451612903225806,0.31932773109243695,1065,0.012022894300132083,0.987977105699868,85081,400,2435,665,DecisionTree,light
0.9720324434169368,0.6143092105263158,0.24096774193548387,0.34615384615384615,1216,0.013727548797146116,0.9862724512028539,85012,469,2353,747,DecisionTree,light
0.9641913776226313,0.5936826992103375,0.2667741935483871,0.368128199421322,1393,0.01572571996252018,0.9842742800374799,84915,566,2273,827,DecisionTree,light
0.9574307225159787,0.5718673218673219,0.30032258064516126,0.393824027072758,1628,0.0183786590803897,0.9816213409196103,84784,697,2169,931,DecisionTree,light
0.8857166223847661,0.4690265486725664,0.3419354838709677,0.3955223880597015,2260,0.025513371942064326,0.9744866280579356,84281,1200,2040,1060,DecisionTree,light
0.8496290235230224,0.45450716090985677,0.3480645161290323,0.39422725611983916,2374,0.026800329641796773,0.9731996703582032,84186,1295,2021,1079,DecisionTree,light
0.837630933286815,0.4494802494802495,0.3487096774193548,0.39273387829246137,2405,0.027150291823302964,0.972849708176697,84157,1324,2019,1081,DecisionTree,light
0.7959211586891198,0.3422603106588109,0.412258064516129,0.3740122914837577,3734,0.042153509217552294,0.9578464907824477,83025,2456,1822,1278,DecisionTree,light
0.7933433552773571,0.3401682439537329,0.4174193548387097,0.3748551564310545,3804,0.04294374640159854,0.9570562535984015,82971,2510,1806,1294,DecisionTree,light
0.790805513383889,0.3328248156623443,0.422258064516129,0.37224513010095267,3933,0.04440004064076947,0.9555999593592306,82857,2624,1791,1309,DecisionTree,light
0.7856683972792373,0.31837505904581953,0.43483870967741933,0.3676029451868012,4234,0.0477980605321683,0.9522019394678317,82595,2886,1752,1348,DecisionTree,light
0.778175244344131,0.2587853974752644,0.48935483870967744,0.3385405043517072,5862,0.066176719612558,0.933823280387442,81136,4345,1583,1517,DecisionTree,light
0.7769730084881662,0.2582398912674142,0.49032258064516127,0.3383040284887603,5886,0.06644765807565957,0.9335523419243404,81115,4366,1580,1520,DecisionTree,light
0.7415735489310652,0.25695967605871434,0.49129032258064514,0.3374321480004431,5927,0.06691051128345808,0.933089488716542,81077,4404,1577,1523,DecisionTree,light
0.732205221269094,0.2550559919772689,0.492258064516129,0.3360123307277331,5983,0.06754270103069507,0.932457298969305,81024,4457,1574,1526,DecisionTree,light
0.7311201772451901,0.2550425070845141,0.4935483870967742,0.33630069238377847,5999,0.06772332667276278,0.9322766733272372,81012,4469,1570,1530,DecisionTree,light
0.7280556442870891,0.2387860843819393,0.5203225806451612,0.32734652460679853,6755,0.07625788826046218,0.9237421117395378,80339,5142,1487,1613,DecisionTree,light
0.7001316320620601,0.2382634289919058,0.522258064516129,0.3272359777665488,6795,0.07670945236563145,0.9232905476343686,80305,5176,1481,1619,DecisionTree,light
0.6909954905277984,0.23608695652173914,0.525483870967742,0.3258,6900,0.07789480814170081,0.9221051918582992,80210,5271,1471,1629,DecisionTree,light
0.665796979822801,0.15353805073431243,0.667741935483871,0.24966831504040524,13482,0.15219968164730585,0.8478003183526941,74069,11412,1030,2070,DecisionTree,light
0.6393112304323184,0.13848460241114374,0.7151612903225807,0.23203725992987598,16009,0.18072724399137513,0.8192727560086248,71689,13792,883,2217,DecisionTree,light
0.6377352055634008,0.13842407592407593,0.7151612903225807,0.2319522912743252,16016,0.18080626770977976,0.8191937322902203,71682,13799,883,2217,DecisionTree,light
0.635845683853487,0.13098986660559914,0.7380645161290322,0.22249234210142463,17467,0.19718675562479537,0.8028132443752046,70302,15179,812,2288,DecisionTree,light
0.5920977246077802,0.13084966573338666,0.7387096774193549,0.22231930488811222,17501,0.19757058511418926,0.8024294148858108,70270,15211,810,2290,DecisionTree,light
0.5682920634258805,0.12991569060148248,0.7406451612903225,0.22105617869349634,17673,0.19951231076641718,0.8004876892335828,70104,15377,804,2296,DecisionTree,light
0.5515035216538952,0.12982317383198688,0.7412903225806452,0.22095091582135473,17701,0.19982840564003568,0.8001715943599643,70078,15403,802,2298,DecisionTree,light
0.5347014275182626,0.12975719932241672,0.7412903225806452,0.2208553580009611,17710,0.19993000756369878,0.8000699924363013,70069,15412,802,2298,DecisionTree,light
0.5047333699417722,0.12916807005725833,0.7422580645161291,0.22004398967199004,17814,0.20110407423713889,0.7988959257628612,69968,15513,799,2301,DecisionTree,light
0.4845945090124852,0.1290376850605653,0.7422580645161291,0.21985476781960636,17832,0.20130727808446505,0.798692721915535,69950,15531,799,2301,DecisionTree,light
0.36014444996163025,0.12893645634876164,0.7422580645161291,0.21970782010885134,17846,0.2014653255212743,0.7985346744787257,69936,15545,799,2301,DecisionTree,light
0.3478746303951474,0.1218316909943616,0.7458064516129033,0.2094487475653395,18977,0.2142333005949357,0.7857666994050643,68816,16665,788,2312,DecisionTree,light
0.3222698505282646,0.12182660908037501,0.7461290322580645,0.20945395273023634,18986,0.2143349025185988,0.7856650974814012,68808,16673,787,2313,DecisionTree,light
0.2951265473596557,0.049681679247513384,0.9490322580645161,0.09442046311600365,59217,0.6685067903952315,0.33149320960476847,29206,56275,158,2942,DecisionTree,light
0.227534643246005,0.04724584338113974,0.9606451612903226,0.09006229964313797,63032,0.7115747169257516,0.2884252830742484,25427,60054,122,2978,DecisionTree,light
0.22684514907337355,0.04723235527359239,0.9606451612903226,0.09003779289493576,63050,0.7117779207730778,0.2882220792269222,25409,60072,122,2978,DecisionTree,light
0.11959906467827919,0.04605809128630706,0.9667741935483871,0.0879272407217251,65070,0.7345819080841264,0.2654180919158736,23408,62073,103,2997,DecisionTree,light
0.11238105183169884,0.04589261128958238,0.967741935483871,0.08762961881115817,65370,0.737968638872896,0.262031361127104,23111,62370,100,3000,DecisionTree,light
0.11080084711945773,0.04562853150252142,0.9690322580645161,0.08715330161309041,65836,0.7432293606981181,0.25677063930188193,22649,62832,96,3004,DecisionTree,light
0.10600958561602729,0.044881936774232065,0.97,0.08579417387086649,66998,0.7563472979532857,0.2436527020467143,21490,63991,93,3007,DecisionTree,light
0.10510063117884737,0.04476014979492362,0.9716129032258064,0.08557790658029323,67292,0.75966629412628,0.24033370587372005,21201,64280,88,3012,DecisionTree,light
0.09887644881339146,0.03524841359353817,0.9980645161290322,0.06809203648888057,87777,0.9909235614860975,0.009076438513902496,798,84683,6,3094,DecisionTree,light
0.09055027849645948,0.03524911194097823,0.9987096774193548,0.06809484010029472,87832,0.9915444621307052,0.00845553786929476,745,84736,4,3096,DecisionTree,light
0.0,0.03499621815061921,1.0,0.06762578942201765,88581,1.0,0.0,0,85481,0,3100,DecisionTree,light
0.9973017371769904,1.0,0.0003225806451612903,0.0006449532408900355,1,1.1289102629232002e-05,0.9999887108973707,85481,0,3099,1,SmallRandomForest,light
0.9849402608285736,0.9934640522875817,0.04903225806451613,0.0934521979711036,153,0.0017272327022724964,0.9982727672977275,85480,1,2948,152,SmallRandomForest,light
0.972972129348799,0.9508196721311475,0.0935483870967742,0.17033773861967694,305,0.0034431763019157607,0.9965568236980843,85466,15,2810,290,SmallRandomForest,light
0.9588376476804596,0.912472647702407,0.13451612903225807,0.23446724768062976,457,0.005159119901559025,0.994840880098441,85441,40,2683,417,SmallRandomForest,light
0.939646293289739,0.8735632183908046,0.17161290322580644,0.28686977622000537,609,0.00687506350120229,0.9931249364987977,85404,77,2568,532,SmallRandomForest,light
0.9100532035630655,0.8449408672798949,0.20741935483870969,0.3330743330743331,761,0.008591007100845554,0.9914089928991544,85363,118,2457,643,SmallRandomForest,light
0.8843879640493781,0.7883771929824561,0.23193548387096774,0.3584247258225324,912,0.010295661597859586,0.9897043384021404,85288,193,2381,719,SmallRandomForest,light
0.8595210704179315,0.7593984962406015,0.26064516129032256,0.388088376560999,1064,0.01201160519750285,0.9879883948024971,85225,256,2292,808,SmallRandomForest,light
0.8386468672081342,0.709703947368421,0.27838709677419354,0.3999073215940686,1216,0.013727548797146116,0.9862724512028539,85128,353,2237,863,SmallRandomForest,light
0.821697256038326,0.6720233747260774,0.2967741935483871,0.4117252181696129,1369,0.015454781499418611,0.9845452185005814,85032,449,2180,920,SmallRandomForest,light
0.8045506145549642,0.6425755584756899,0.31548387096774194,0.4231934227607096,1522,0.017182014201691107,0.9828179857983089,84937,544,2122,978,SmallRandomForest,light
0.7906476279843754,0.616258218768679,0.3325806451612903,0.4320134087575948,1673,0.01888666869870514,0.9811133313012949,84839,642,2069,1031,SmallRandomForest,light
0.7787108333263127,0.5909090909090909,0.3480645161290323,0.4380836378400325,1826,0.020613901400977637,0.9793860985990224,84734,747,2021,1079,SmallRandomForest,light
0.7660643704333673,0.5672396359959555,0.36193548387096774,0.44190626230799523,1978,0.0223298450006209,0.9776701549993791,84625,856,1978,1122,SmallRandomForest,light
0.7565037382161474,0.5429375879868606,0.3732258064516129,0.44236283693366474,2131,0.024057077702893396,0.9759429222971066,84507,974,1943,1157,SmallRandomForest,light
0.7474921360886125,0.5273762593079282,0.38838709677419353,0.44733420026007803,2283,0.025773021302536663,0.9742269786974633,84402,1079,1896,1204,SmallRandomForest,light
0.740065345768256,0.5082101806239737,0.3993548387096774,0.4472543352601156,2436,0.02750025400480916,0.9724997459951908,84283,1198,1862,1238,SmallRandomForest,light
0.732142584846097,0.4895672333848532,0.4087096774193548,0.4454992967651195,2588,0.02921619760445242,0.9707838023955476,84160,1321,1833,1267,SmallRandomForest,light
0.7248760441946388,0.4740875912408759,0.4190322580645161,0.4448630136986301,2740,0.030932141204095688,0.9690678587959043,84040,1441,1801,1299,SmallRandomForest,light
0.7188092781415459,0.4598893499308437,0.4290322580645161,0.4439252336448598,2892,0.03264808480373895,0.9673519151962611,83919,1562,1770,1330,SmallRandomForest,light
0.712539936460361,0.4464520367936925,0.4383870967741936,0.44238281250000006,3044,0.034364028403382214,0.9656359715966177,83796,1685,1741,1359,SmallRandomForest,light
0.7068271788228552,0.43241551939924905,0.4458064516129032,0.43900889453621345,3196,0.03607997200302548,0.9639200279969745,83667,1814,1718,1382,SmallRandomForest,light
0.7011538751581524,0.42221558674231113,0.4561290322580645,0.4385175996278493,3349,0.03780720470529798,0.962192795294702,83546,1935,1686,1414,SmallRandomForest,light
0.6953523795264195,0.4080525414049115,0.46096774193548384,0.4328991214783399,3502,0.03953443740757047,0.9604655625924295,83408,2073,1671,1429,SmallRandomForest,light
0.6908894047007166,0.3995621237000547,0.47096774193548385,0.43233639324844536,3654,0.04125038100721374,0.9587496189927862,83287,2194,1640,1460,SmallRandomForest,light
0.686236698600522,0.3880714661061482,0.4764516129032258,0.4277439907326962,3806,0.042966324606857,0.957033675393143,83152,2329,1623,1477,SmallRandomForest,light
0.6807658959207449,0.3803030303030303,0.4858064516129032,0.426628895184136,3960,0.04470484641175873,0.9552951535882412,83027,2454,1594,1506,SmallRandomForest,light
0.6759787333939427,0.37077558959397033,0.49193548387096775,0.42284763621239424,4113,0.04643207911403122,0.9535679208859688,82893,2588,1575,1525,SmallRandomForest,light
0.6720087266732716,0.3638921453692849,0.5006451612903225,0.4214528173794977,4265,0.04814802271367449,0.9518519772863255,82768,2713,1548,1552,SmallRandomForest,light
0.6676734899941748,0.3564961521050249,0.5080645161290323,0.4189944134078212,4418,0.049875255415946985,0.950124744584053,82638,2843,1525,1575,SmallRandomForest,light
0.6640539403180904,0.3488626421697288,0.5145161290322581,0.4157977059436913,4572,0.051613777220848714,0.9483862227791513,82504,2977,1505,1595,SmallRandomForest,light
0.6604391682730091,0.342010582010582,0.5212903225806451,0.413035143769968,4725,0.05334100992312121,0.9466589900768788,82372,3109,1484,1616,SmallRandomForest,light
0.6571237692831373,0.33599835998359984,0.5287096774193548,0.41087991977939337,4878,0.055068242625393705,0.9449317573746063,82242,3239,1461,1639,SmallRandomForest,light
0.6540139332404641,0.32849473056273615,0.5329032258064517,0.40644605732562433,5029,0.05677289712240774,0.9432271028775923,82104,3377,1448,1652,SmallRandomForest,light
0.6508596972258808,0.3220142774454949,0.5383870967741935,0.4029940842689847,5183,0.05851141892730947,0.9414885810726905,81967,3514,1431,1669,SmallRandomForest,light
0.6477304283137189,0.3139055472263868,0.5403225806451613,0.39710763394973925,5336,0.06023865162958197,0.939761348370418,81820,3661,1425,1675,SmallRandomForest,light
0.6450405314577803,0.3081268221574344,0.545483870967742,0.3938053097345133,5488,0.06195459522922523,0.9380454047707748,81684,3797,1409,1691,SmallRandomForest,light
0.6414530665757968,0.30336879432624114,0.5519354838709677,0.391533180778032,5640,0.06367053882886849,0.9363294611711315,81552,3929,1389,1711,SmallRandomForest,light
0.6380315970847673,0.29782458563535913,0.5564516129032258,0.38798920377867746,5792,0.06538648242851176,0.9346135175714883,81414,4067,1375,1725,SmallRandomForest,light
0.6351559149153543,0.2930686406460296,0.5619354838709677,0.38522777532065455,5944,0.06710242602815503,0.932897573971845,81279,4202,1358,1742,SmallRandomForest,light
0.6320834112958679,0.2891586025914384,0.5687096774193549,0.38338588670218543,6097,0.06882965873042751,0.9311703412695724,81147,4334,1337,1763,SmallRandomForest,light
0.6291960677072096,0.28548567770843336,0.5754838709677419,0.3816450957321639,6249,0.07054560233007079,0.9294543976699292,81016,4465,1316,1784,SmallRandomForest,light
0.6265393796440726,0.28073738478362753,0.5796774193548387,0.37827597095042625,6401,0.07226154592971405,0.927738454070286,80877,4604,1303,1797,SmallRandomForest,light
0.623649504961072,0.27681977720128187,0.5851612903225807,0.3758417072412722,6553,0.07397748952935732,0.9260225104706427,80742,4739,1286,1814,SmallRandomForest,light
0.6206188351504768,0.2719272076372315,0.5880645161290322,0.37188902488780085,6704,0.07568214402637134,0.9243178559736287,80600,4881,1277,1823,SmallRandomForest,light
0.6177091570607539,0.26673472364007583,0.59,0.3673797328512604,6857,0.07740937672864384,0.9225906232713561,80453,5028,1271,1829,SmallRandomForest,light
0.6145534087387241,0.26237694392923383,0.5932258064516129,0.36383420714215053,7009,0.0791253203282871,0.9208746796717129,80311,5170,1261,1839,SmallRandomForest,light
0.6114016336379797,0.258902387934646,0.5980645161290322,0.3613682876912581,7161,0.08084126392793037,0.9191587360720697,80174,5307,1246,1854,SmallRandomForest,light
0.608557369107252,0.2551620402023793,0.6019354838709677,0.35839815615096515,7313,0.08255720752757363,0.9174427924724263,80034,5447,1234,1866,SmallRandomForest,light
0.6052296922997488,0.25190839694656486,0.6067741935483871,0.3560140058673228,7467,0.08429572933247537,0.9157042706675247,79895,5586,1219,1881,SmallRandomForest,light
0.6026461588332923,0.24835914938304016,0.6103225806451613,0.3530509423399888,7618,0.0860003838294894,0.9139996161705106,79755,5726,1208,1892,SmallRandomForest,light
0.5996654995921572,0.24478764478764478,0.6135483870967742,0.34995400183992637,7770,0.08771632742913266,0.9122836725708674,79613,5868,1198,1902,SmallRandomForest,light
0.5968659810912401,0.2408482706387276,0.6154838709677419,0.34621665759390313,7922,0.08943227102877592,0.9105677289712241,79467,6014,1192,1908,SmallRandomForest,light
0.594139529421418,0.23690402476780187,0.6170967741935484,0.3423713646532438,8075,0.09115950373104842,0.9088404962689516,79319,6162,1187,1913,SmallRandomForest,light
0.5913066877863341,0.23301324905797982,0.6183870967741936,0.3384832700626821,8227,0.09287544733069168,0.9071245526693084,79171,6310,1183,1917,SmallRandomForest,light
0.5885590971647272,0.22971360381861575,0.6209677419354839,0.3353658536585366,8380,0.09460268003296418,0.9053973199670358,79026,6455,1175,1925,SmallRandomForest,light
0.5856724162290847,0.22655883731833099,0.6235483870967742,0.33235900962861076,8532,0.09631862363260744,0.9036813763673925,78882,6599,1167,1933,SmallRandomForest,light
0.5832536671246337,0.22397512666973746,0.6274193548387097,0.3301086218601494,8684,0.09803456723225071,0.9019654327677493,78742,6739,1155,1945,SmallRandomForest,light
0.5807997588674106,0.22102761430511544,0.63,0.32724530831099197,8836,0.09975051083189397,0.900249489168106,78598,6883,1147,1953,SmallRandomForest,light
0.5779246609462853,0.2183780175770386,0.6332258064516129,0.32475804450326745,8989,0.10147774353416647,0.8985222564658335,78455,7026,1137,1963,SmallRandomForest,light
0.575116408165498,0.21605951208839294,0.6370967741935484,0.322686055060861,9141,0.10319368713380973,0.8968063128661903,78315,7166,1125,1975,SmallRandomForest,light
0.5727694682569926,0.21370924351662543,0.6406451612903226,0.3205035100459937,9293,0.104909630733453,0.8950903692665471,78174,7307,1114,1986,SmallRandomForest,light
0.5703409391233007,0.21141223798433198,0.6441935483870967,0.318348477602423,9446,0.1066368634357255,0.8933631365642745,78032,7449,1103,1997,SmallRandomForest,light
0.5681031296789879,0.2088759245754766,0.646774193548387,0.31577289550358295,9599,0.108364096137998,0.891635903862002,77887,7594,1095,2005,SmallRandomForest,light
0.5655814464616093,0.2068293683347006,0.6506451612903226,0.31388110799875507,9752,0.11009132884027048,0.8899086711597295,77746,7735,1083,2017,SmallRandomForest,light
0.5627173079577457,0.2045638126009693,0.6535483870967742,0.3115964318671178,9904,0.11180727243991376,0.8881927275600863,77603,7878,1074,2026,SmallRandomForest,light
0.5604701627372628,0.20286396181384247,0.6580645161290323,0.3101246579507449,10056,0.11352321603955702,0.8864767839604429,77465,8016,1060,2040,SmallRandomForest,light
0.5581742502861213,0.20080321285140562,0.6612903225806451,0.30806221353971,10209,0.1152504487418295,0.8847495512581705,77322,8159,1050,2050,SmallRandomForest,light
0.5557420333957348,0.19868763871465792,0.6641935483870968,0.30587536210354305,10363,0.11698897054673124,0.8830110294532687,77177,8304,1041,2059,SmallRandomForest,light
0.5529153556803483,0.19602623823557372,0.6651612903225806,0.3028122475952713,10519,0.11875007055689143,0.8812499294431085,77024,8457,1038,2062,SmallRandomForest,light
0.5505509323613553,0.19421023046655425,0.6687096774193548,0.3010018876143459,10674,0.12049988146442239,0.8795001185355776,76880,8601,1027,2073,SmallRandomForest,light
0.5477134354662576,0.19174286505957328,0.6696774193548387,0.2981259424140159,10827,0.12222711416669489,0.8777728858333051,76730,8751,1024,2076,SmallRandomForest,light
0.5453671332019243,0.18950915217193334,0.6712903225806451,0.2955755983239827,10981,0.12396563597159661,0.8760343640284034,76581,8900,1019,2081,SmallRandomForest,light
0.5430588223317087,0.18742703188145488,0.6732258064516129,0.2932209343168247,11135,0.12570415777649835,0.8742958422235017,76433,9048,1013,2087,SmallRandomForest,light
0.5411232554086078,0.18528031175272341,0.6748387096774193,0.2907372663470224,11291,0.12746525778665854,0.8725347422133415,76282,9199,1008,2092,SmallRandomForest,light
0.5388413577805833,0.18351830813597833,0.6774193548387096,0.2887987347864952,11443,0.1291812013863018,0.8708187986136982,76138,9343,1000,2100,SmallRandomForest,light
0.5364273988429393,0.1816300129366106,0.6793548387096774,0.2866281047975502,11595,0.13089714498594507,0.8691028550140549,75992,9489,994,2106,SmallRandomForest,light
0.5342249659687553,0.1799761620977354,0.6819354838709677,0.284790515963896,11746,0.1326017994829591,0.8673982005170409,75849,9632,986,2114,SmallRandomForest,light
0.5318534954553453,0.17809715918641789,0.6835483870967742,0.28257100946792907,11898,0.13431774308260236,0.8656822569173976,75702,9779,981,2119,SmallRandomForest,light
0.5297913140508412,0.1768171257882509,0.6874193548387096,0.28128299894403375,12052,0.13605626488750408,0.8639437351124959,75560,9921,969,2131,SmallRandomForest,light
0.5277550265593051,0.17522732858196116,0.69,0.27947997648134837,12207,0.13780607579503507,0.862193924204965,75413,10068,961,2139,SmallRandomForest,light
0.5257057923763534,0.17347681851282465,0.6916129032258065,0.2773788731483278,12359,0.13952201939467831,0.8604779806053217,75266,10215,956,2144,SmallRandomForest,light
0.523595126712637,0.17183503836317135,0.6935483870967742,0.2754291570586728,12512,0.1412492520969508,0.8587507479030492,75119,10362,950,2150,SmallRandomForest,light
0.5218453845165982,0.1704697986577181,0.6964516129032258,0.27389787503964474,12665,0.1429764847992233,0.8570235152007767,74975,10506,941,2159,SmallRandomForest,light
0.5197893318707258,0.1685515950393885,0.6970967741935484,0.2714653602160668,12821,0.1447375848093835,0.8552624151906165,74821,10660,939,2161,SmallRandomForest,light
0.5179097523684589,0.16709055876685935,0.6993548387096774,0.2697356143079316,12975,0.14647610661428523,0.8535238933857148,74674,10807,932,2168,SmallRandomForest,light
0.5161717276259542,0.16576521672887942,0.7019354838709677,0.2681949836691933,13127,0.1481920502139285,0.8518079497860715,74530,10951,924,2176,SmallRandomForest,light
0.5145386159970724,0.1642948573149612,0.7038709677419355,0.26640620230755147,13281,0.14993057201883023,0.8500694279811698,74382,11099,918,2182,SmallRandomForest,light
0.5127238490472011,0.16301920500223313,0.7064516129032258,0.26490867303737753,13434,0.1516578047211027,0.8483421952788973,74237,11244,910,2190,SmallRandomForest,light
0.5109592141004331,0.16177228232869656,0.7090322580645161,0.26343860490201954,13587,0.15338503742337523,0.8466149625766248,74092,11389,902,2198,SmallRandomForest,light
0.5089757017678268,0.16032312058802126,0.7106451612903226,0.2616234190368743,13741,0.15512355922827695,0.8448764407717231,73943,11538,897,2203,SmallRandomForest,light
0.5073263596295954,0.15898949186699296,0.7125806451612903,0.2599741085088855,13894,0.15685079193054943,0.8431492080694506,73796,11685,891,2209,SmallRandomForest,light
0.5055629858962535,0.15749768699736674,0.7138709677419355,0.25806075447495774,14051,0.15862318104333886,0.8413768189566612,73643,11838,887,2213,SmallRandomForest,light
0.5039278156834834,0.15611369072745182,0.7158064516129032,0.2563243617881483,14214,0.16046330477190368,0.8395366952280963,73486,11995,881,2219,SmallRandomForest,light
0.5022805830102838,0.1548472405873756,0.717741935483871,0.2547369626194974,14369,0.16221311567943464,0.8377868843205654,73337,12144,875,2225,SmallRandomForest,light
0.5008929677565294,0.15341182951180884,0.7187096774193549,0.252851387391477,14523,0.16395163748433636,0.8360483625156636,73186,12295,872,2228,SmallRandomForest,light
0.4991196212917119,0.152101355493495,0.7203225806451613,0.2511669759856026,14681,0.16573531569975503,0.834264684300245,73033,12448,867,2233,SmallRandomForest,light
0.4977265196651318,0.150647074683203,0.7209677419354839,0.2492194469223907,14836,0.16748512660728598,0.832514873392714,72880,12601,865,2235,SmallRandomForest,light
0.4961586214073633,0.149553273769836,0.7235483870967742,0.2478726931152614,14998,0.16931396123322157,0.8306860387667785,72726,12755,857,2243,SmallRandomForest,light
0.4944865406888555,0.1482312565997888,0.724516129032258,0.24611001534078455,15152,0.1710524830381233,0.8289475169618767,72575,12906,854,2246,SmallRandomForest,light
0.49278147145600115,0.1470472955317481,0.7261290322580645,0.24456757931334203,15308,0.17281358304828348,0.8271864169517165,72424,13057,849,2251,SmallRandomForest,light
0.4908145675635634,0.14603544172810762,0.7283870967741936,0.2432927486262256,15462,0.17455210485318523,0.8254478951468147,72277,13204,842,2258,SmallRandomForest,light
0.48934172272055254,0.1445952868852459,0.7283870967741936,0.24129087411840136,15616,0.17629062665808695,0.8237093733419131,72123,13358,842,2258,SmallRandomForest,light
0.48782858096952625,0.14343690551680405,0.7296774193548388,0.23974562798092208,15770,0.17802914846298867,0.8219708515370113,71973,13508,838,2262,SmallRandomForest,light
0.4864506236366649,0.1423458495541881,0.7312903225806452,0.23830547671607272,15926,0.17979024847314887,0.8202097515268512,71822,13659,833,2267,SmallRandomForest,light
0.4846661856172942,0.1411245179748725,0.7319354838709677,0.23662529982271352,16078,0.18150619207279214,0.8184938079272078,71672,13809,831,2269,SmallRandomForest,light
0.4831539775068795,0.14021799371882504,0.734516129032258,0.23548270334557111,16239,0.1833237375960985,0.8166762624039015,71519,13962,823,2277,SmallRandomForest,light
0.48145487300213097,0.1395192776964373,0.737741935483871,0.23466037348655858,16392,0.18505097029837098,0.8149490297016291,71376,14105,813,2287,SmallRandomForest,light
0.47979208914735766,0.13853965183752417,0.7393548387096774,0.23335369578497253,16544,0.18676691389801425,0.8132330861019857,71229,14252,808,2292,SmallRandomForest,light
0.47834130977974504,0.13768115942028986,0.7416129032258064,0.23224568138195778,16698,0.18850543570291597,0.811494564297084,71082,14399,801,2299,SmallRandomForest,light
0.4767053108222965,0.13689769760265844,0.7441935483870967,0.23125501202886928,16852,0.1902439575078177,0.8097560424921824,70936,14545,793,2307,SmallRandomForest,light
0.47488518492240017,0.13560218656321638,0.7441935483870967,0.22940386814498084,17013,0.19206150303112404,0.807938496968876,70775,14706,793,2307,SmallRandomForest,light
0.47331422373663334,0.13456049397099085,0.7451612903225806,0.22795677702669365,17167,0.1938000248360258,0.8061999751639742,70624,14857,790,2310,SmallRandomForest,light
0.47170999948205183,0.13356421356421355,0.7464516129032258,0.22658506731946143,17325,0.19558370305144443,0.8044162969485555,70470,15011,786,2314,SmallRandomForest,light
0.4701964999701729,0.1327347592359602,0.7487096774193548,0.2254930535315263,17486,0.1974012485747508,0.8025987514252492,70316,15165,779,2321,SmallRandomForest,light
0.4689160232713913,0.13162519131568506,0.7490322580645161,0.2239043440528422,17641,0.19915105948228176,0.8008489405177183,70162,15319,778,2322,SmallRandomForest,light
0.4674605255898135,0.1308647524863741,0.7512903225806452,0.22290280901564818,17797,0.20091215949244196,0.7990878405075581,70013,15468,771,2329,SmallRandomForest,light
0.46571556639076916,0.12992147908893467,0.7525806451612903,0.22158902027829225,17957,0.20271841591311907,0.797281584086881,69857,15624,767,2333,SmallRandomForest,light
0.4641781036508062,0.12893255326194944,0.7535483870967742,0.220190404373645,18118,0.2045359614364254,0.7954640385635746,69699,15782,764,2336,SmallRandomForest,light
0.4626541761038259,0.1280647985989492,0.7548387096774194,0.21897810218978103,18272,0.20627448324132713,0.7937255167586729,69549,15932,760,2340,SmallRandomForest,light
0.46118211174059937,0.12729936513104345,0.756774193548387,0.21793859445399225,18429,0.20804687235411656,0.7919531276458834,69398,16083,754,2346,SmallRandomForest,light
0.4596696432925105,0.1265270975727894,0.7583870967741936,0.21687191550205248,18581,0.20976281595375984,0.7902371840462401,69251,16230,749,2351,SmallRandomForest,light
0.45818198461418974,0.12566031695213703,0.7596774193548387,0.21564946659951467,18741,0.21156907237443695,0.788430927625563,69095,16386,745,2355,SmallRandomForest,light
0.45670089363231114,0.12483462983542361,0.7609677419354839,0.21448379324453334,18897,0.21333017238459714,0.7866698276154028,68943,16538,741,2359,SmallRandomForest,light
0.4550616478671335,0.12401595465519051,0.762258064516129,0.21332490746592037,19054,0.21510256149738657,0.7848974385026134,68790,16691,737,2363,SmallRandomForest,light
0.45350059503203377,0.12322990420658059,0.7635483870967742,0.21221086605701986,19208,0.2168410833022883,0.7831589166977118,68640,16841,733,2367,SmallRandomForest,light
0.4520499553541398,0.12244370997727742,0.7648387096774194,0.21109330484330488,19364,0.2186021833124485,0.7813978166875515,68488,16993,729,2371,SmallRandomForest,light
0.45065162837157124,0.1216375467541118,0.7658064516129032,0.20993058318963612,19517,0.220329416014721,0.779670583985279,68338,17143,726,2374,SmallRandomForest,light
0.44925402776364437,0.12102882122706247,0.7680645161290323,0.20910727616036534,19673,0.2220905160248812,0.7779094839751188,68189,17292,719,2381,SmallRandomForest,light
0.44785858815193225,0.12031667591145177,0.7696774193548387,0.2081025685752911,19831,0.22387419424029983,0.7761258057597001,68036,17445,714,2386,SmallRandomForest,light
0.4464020395130184,0.11975987993996999,0.772258064516129,0.20736249458640105,19990,0.22566916155834774,0.7743308384416523,67885,17596,706,2394,SmallRandomForest,light
0.4450754163656967,0.11903107316588901,0.7735483870967742,0.20631506495741203,20146,0.22743026156850793,0.772569738431492,67733,17748,702,2398,SmallRandomForest,light
0.44366447884770266,0.11835106382978723,0.7751612903225806,0.20534951290377712,20304,0.22921393978392657,0.7707860602160734,67580,17901,697,2403,SmallRandomForest,light
0.44222025958240757,0.11771601621648024,0.7774193548387097,0.20447121707037713,20473,0.23112179812826678,0.7688782018717333,67418,18063,690,2410,SmallRandomForest,light
0.440704569749024,0.11705426356589148,0.7793548387096774,0.20353833192923337,20640,0.23300707826734854,0.7669929217326514,67257,18224,684,2416,SmallRandomForest,light
0.439191974502967,0.11625558921101976,0.78,0.20235156282689654,20799,0.2348020455853964,0.7651979544146036,67100,18381,682,2418,SmallRandomForest,light
0.43764850690727075,0.1157442748091603,0.7825806451612903,0.20166251039068997,20960,0.23661959110870276,0.7633804088912972,66947,18534,674,2426,SmallRandomForest,light
0.43618343993921777,0.11506226620578626,0.7838709677419354,0.2006688963210702,21119,0.23841455842675066,0.7615854415732494,66792,18689,670,2430,SmallRandomForest,light
0.4346041571373104,0.1144227153065062,0.7851612903225806,0.19973740357787625,21272,0.24014179112902315,0.7598582088709769,66643,18838,666,2434,SmallRandomForest,light
0.43311164785924733,0.11365758028379387,0.785483870967742,0.19858098189528625,21424,0.24185773472866642,0.7581422652713335,66492,18989,665,2435,SmallRandomForest,light
0.4316367926416156,0.11309827178798128,0.7874193548387097,0.19778795122148848,21583,0.2436527020467143,0.7563472979532857,66339,19142,659,2441,SmallRandomForest,light
0.43019041225554816,0.11242467454804729,0.7883870967741935,0.19678731027819157,21739,0.2454138020568745,0.7545861979431255,66186,19295,656,2444,SmallRandomForest,light
0.42843140295067345,0.11180634848138844,0.7896774193548387,0.19587917583516704,21895,0.24717490206703469,0.7528250979329654,66034,19447,652,2448,SmallRandomForest,light
0.4266334822187002,0.11107583454281568,0.79,0.19476697948146973,22048,0.2489021347693072,0.7510978652306928,65882,19599,651,2449,SmallRandomForest,light
0.42512211667791466,0.11043055305350387,0.7909677419354839,0.1938033512488144,22204,0.2506632347794674,0.7493367652205326,65729,19752,648,2452,SmallRandomForest,light
0.42366899225909,0.10990878197102485,0.7929032258064516,0.1930568645931511,22364,0.2524694912001445,0.7475305087998555,65575,19906,642,2458,SmallRandomForest,light
0.4219651167398354,0.10926608355902855,0.7938709677419354,0.19209304140810987,22523,0.2542644585181924,0.7457355414818077,65419,20062,639,2461,SmallRandomForest,light
0.420389578576983,0.1086276065776132,0.7948387096774193,0.19113369274328046,22683,0.2560707149388695,0.7439292850611305,65262,20219,636,2464,SmallRandomForest,light
0.41882044583471106,0.10801698848460965,0.7958064516129032,0.19021550560931416,22839,0.2578318149490297,0.7421681850509703,65109,20372,633,2467,SmallRandomForest,light
0.4174566530046551,0.1073959737379886,0.7967741935483871,0.18927928273113911,22999,0.25963807136970685,0.7403619286302932,64952,20529,630,2470,SmallRandomForest,light
0.41590110755091736,0.10687780462547462,0.7990322580645162,0.18853706804688689,23176,0.2616362425350809,0.7383637574649191,64782,20699,623,2477,SmallRandomForest,light
0.41444566621077455,0.10625080330748468,0.8,0.18758745887069322,23341,0.26349894446890415,0.7365010555310958,64620,20861,620,2480,SmallRandomForest,light
0.41303975807156634,0.10555201021059349,0.8003225806451613,0.18650629580905845,23505,0.2653503573000982,0.7346496426999019,64457,21024,619,2481,SmallRandomForest,light
0.41166586060680416,0.10511855953336996,0.802258064516129,0.1858813857020068,23659,0.26708887910499995,0.7329111208950001,64309,21172,613,2487,SmallRandomForest,light
0.4101164713130611,0.104474479516454,0.8029032258064516,0.18489080374387165,23824,0.2689515810388232,0.7310484189611768,64146,21335,611,2489,SmallRandomForest,light
0.40865365125566977,0.10391559984988116,0.8038709677419354,0.18404047117905542,23981,0.27072397015161265,0.7292760298483874,63992,21489,608,2492,SmallRandomForest,light
0.4070962137200433,0.10345970582142117,0.805483870967742,0.1833669910042225,24135,0.2724624919565144,0.7275375080434856,63843,21638,603,2497,SmallRandomForest,light
0.40522587695989093,0.10295994401218558,0.8067741935483871,0.18261472746522583,24291,0.27422359196667456,0.7257764080333254,63691,21790,599,2501,SmallRandomForest,light
0.4034676513061713,0.10256515157713865,0.8087096774193548,0.18204262426024762,24443,0.27593953556631784,0.7240604644336821,63545,21936,593,2507,SmallRandomForest,light
0.40194566936701187,0.10204081632653061,0.8096774193548387,0.18124052278142827,24598,0.2776893464738488,0.7223106535261512,63393,22088,590,2510,SmallRandomForest,light
0.40035140267886343,0.10147444960614017,0.8103225806451613,0.18036259199425597,24755,0.2794617355866382,0.7205382644133618,63238,22243,588,2512,SmallRandomForest,light
0.3990548388313776,0.10095131056075142,0.8112903225806452,0.17955949023667583,24913,0.28124541380205687,0.7187545861979432,63083,22398,585,2515,SmallRandomForest,light
0.39756159760662535,0.10030673624666374,0.812258064516129,0.1785625642662128,25103,0.28339034330161095,0.716609656698389,62896,22585,582,2518,SmallRandomForest,light
0.3961651011072934,0.09982590804779616,0.8138709677419355,0.1778388665679848,25274,0.2853207798512096,0.7146792201487904,62730,22751,577,2523,SmallRandomForest,light
0.394715518729802,0.09935519383502399,0.8151612903225807,0.17712202985911543,25434,0.28712703627188674,0.7128729637281133,62574,22907,573,2527,SmallRandomForest,light
0.39309832714055387,0.09893330207478608,0.8167741935483871,0.1764890391384658,25593,0.28892200358993464,0.7110779964100653,62420,23061,568,2532,SmallRandomForest,light
0.3916696421367915,0.09845042525923337,0.817741935483871,0.175742660057541,25749,0.2906831036000948,0.7093168963999053,62267,23214,565,2535,SmallRandomForest,light
0.3899001576468147,0.09801575046324892,0.8190322580645162,0.17507929940697836,25904,0.29243291450762576,0.7075670854923742,62116,23365,561,2539,SmallRandomForest,light
0.3883297464806863,0.0977013699681492,0.8212903225806452,0.17462875955965568,26059,0.2941827254151568,0.7058172745848432,61968,23513,554,2546,SmallRandomForest,light
0.38685714128137155,0.0972036775645672,0.8219354838709677,0.1738477808480879,26213,0.29592124722005847,0.7040787527799415,61816,23665,552,2548,SmallRandomForest,light
0.38536214088538406,0.09670813106796117,0.8225806451612904,0.1730690918962943,26368,0.2976710581275894,0.7023289418724106,61663,23818,550,2550,SmallRandomForest,light
0.3838990475001087,0.0961712390714501,0.8232258064516129,0.17222297206100687,26536,0.2995676273693004,0.7004323726306996,61497,23984,548,2552,SmallRandomForest,light
0.3823824006182229,0.09576979279853123,0.824516129032258,0.17160696901540837,26689,0.3012948600715729,0.6987051399284271,61348,24133,544,2556,SmallRandomForest,light
0.380786560989102,0.0953658173148562,0.8258064516129032,0.17098584023510555,26844,0.30304467097910387,0.6969553290208961,61197,24284,540,2560,SmallRandomForest,light
0.3792044532868286,0.09487834685034996,0.8264516129032258,0.17021559313025278,27003,0.30483963829715177,0.6951603617028482,61040,24441,538,2562,SmallRandomForest,light
0.3777625928704191,0.09443339960238568,0.8274193548387097,0.16951952944286564,27162,0.3066346056151997,0.6933653943848004,60884,24597,535,2565,SmallRandomForest,light
0.3761785264762647,0.09396611657945772,0.8283870967741935,0.16878635512175885,27329,0.3085198857542814,0.6914801142457185,60720,24761,532,2568,SmallRandomForest,light
0.3747818803164823,0.09359767188068388,0.83,0.16822491010134027,27490,0.3103374312775877,0.6896625687224123,60564,24917,527,2573,SmallRandomForest,light
0.373265848080443,0.09319061223013778,0.8312903225806452,0.16759340552141255,27653,0.3121775550061526,0.6878224449938475,60405,25076,523,2577,SmallRandomForest,light
0.3719778854585545,0.09283094844323003,0.8329032258064516,0.1670440577084816,27814,0.3139951005294589,0.6860048994705411,60249,25232,518,2582,SmallRandomForest,light
0.3707608626401654,0.09240723528991206,0.8338709677419355,0.16637703546373173,27974,0.31580135695013606,0.6841986430498639,60092,25389,515,2585,SmallRandomForest,light
0.36961495775677733,0.09212396929201024,0.8361290322580646,0.1659623511333077,28136,0.31763019157607164,0.6823698084239284,59937,25544,508,2592,SmallRandomForest,light
0.36824745301447864,0.09164458576223282,0.8367741935483871,0.16519662474128324,28305,0.31953804992041185,0.6804619500795881,59770,25711,506,2594,SmallRandomForest,light
0.3668255741655193,0.09117740065352588,0.8370967741935483,0.1644434586990273,28461,0.321299149930572,0.678700850069428,59615,25866,505,2595,SmallRandomForest,light
0.365579654991935,0.09078202529876302,0.8380645161290322,0.16381865186960087,28618,0.32307153904336144,0.6769284609566386,59461,26020,502,2598,SmallRandomForest,light
0.36430036586904924,0.09037860368183397,0.8393548387096774,0.1631859517089997,28790,0.32501326469558933,0.6749867353044107,59293,26188,498,2602,SmallRandomForest,light
0.36312083739782025,0.0899485515002935,0.8403225806451613,0.1625027291725149,28961,0.326943701245188,0.673056298754812,59125,26356,495,2605,SmallRandomForest,light
0.36205228479022167,0.08964949585019549,0.8432258064516129,0.1620683241366483,29158,0.3291676544631467,0.6708323455368532,58937,26544,486,2614,SmallRandomForest,light
0.3609944000983554,0.08922972051806408,0.844516129032258,0.16140567200986436,29340,0.33122227114166697,0.668777728858333,58759,26722,482,2618,SmallRandomForest,light
0.35983802131636494,0.0888135593220339,0.8451612903225807,0.16073619631901842,29500,0.3330285275623441,0.6669714724376559,58601,26880,480,2620,SmallRandomForest,light
0.35881384871331584,0.08845324710320668,0.8470967741935483,0.16018055386116872,29688,0.3351508788566397,0.6648491211433603,58419,27062,474,2626,SmallRandomForest,light
0.3578258587042273,0.08806884773800355,0.8483870967741935,0.1595728544125231,29863,0.3371264718167553,0.6628735281832447,58248,27233,470,2630,SmallRandomForest,light
0.3569130510098281,0.08769768603296155,0.8496774193548388,0.15898596650067903,30035,0.3390681974689832,0.6609318025310168,58080,27401,466,2634,SmallRandomForest,light
0.35593469852757825,0.08742427753318548,0.8519354838709677,0.15857576030502268,30209,0.34103250132646956,0.6589674986735304,57913,27568,459,2641,SmallRandomForest,light
0.355018791859553,0.08712108745021888,0.8538709677419355,0.15811008571513904,30383,0.3429968051839559,0.6570031948160441,57745,27736,453,2647,SmallRandomForest,light
0.354050136866015,0.08662370375216723,0.8541935483870968,0.15729602898808992,30569,0.34509657827299306,0.6549034217270069,57560,27921,452,2648,SmallRandomForest,light
0.35313458105935863,0.08618055329800722,0.8551612903225806,0.1565813177401731,30761,0.3472640859778056,0.6527359140221944,57371,28110,449,2651,SmallRandomForest,light
0.3522461752176479,0.08574383504088426,0.8558064516129033,0.15587086160806088,30941,0.3492961244510674,0.6507038755489326,57193,28288,447,2653,SmallRandomForest,light
0.3513531799416613,0.08538113134817385,0.8574193548387097,0.15529782945283516,31131,0.3514410539506215,0.6485589460493786,57008,28473,442,2658,SmallRandomForest,light
0.35055764259326466,0.08508802760647985,0.8590322580645161,0.15483908480390732,31297,0.353315044987074,0.646684955012926,56847,28634,437,2663,SmallRandomForest,light
0.3496200427349401,0.0847527647133596,0.8603225806451613,0.15430455912983107,31468,0.3552454815366726,0.6447545184633274,56680,28801,433,2667,SmallRandomForest,light
0.3487238143703611,0.08437578973970179,0.8616129032258064,0.15370008056162962,31656,0.3573678328309683,0.6426321671690317,56496,28985,429,2671,SmallRandomForest,light
0.34773243926383407,0.08410304743952246,0.8635483870967742,0.1532779845405096,31830,0.35933213668845465,0.6406678633115453,56328,29153,423,2677,SmallRandomForest,light
0.34683471424189993,0.08373968492123031,0.8641935483870967,0.1526843725065542,31992,0.36116097131439023,0.6388390286856098,56168,29313,421,2679,SmallRandomForest,light
0.34601392699244193,0.08340070899931588,0.8651612903225806,0.15213568551818027,32158,0.3630349623508427,0.6369650376491574,56005,29476,418,2682,SmallRandomForest,light
0.3450900777278453,0.08296727092742684,0.8651612903225806,0.15141421554790266,32326,0.3649315315925537,0.6350684684074464,55837,29644,418,2682,SmallRandomForest,light
0.3442759927896346,0.08260013535962592,0.8661290322580645,0.15081727798685615,32506,0.3669635700658155,0.6330364299341845,55660,29821,415,2685,SmallRandomForest,light
0.3434194745242799,0.08222909079780885,0.8667741935483871,0.15020823434049807,32677,0.36889400661541416,0.6311059933845858,55491,29990,413,2687,SmallRandomForest,light
0.3425299634760598,0.08196821143657512,0.8683870967741936,0.14979689499749596,32842,0.3707567085492374,0.6292432914507626,55331,30150,408,2692,SmallRandomForest,light
0.3416923168464846,0.08163759689922481,0.8696774193548387,0.14926364743660725,33024,0.3728113252277577,0.6271886747722424,55153,30328,404,2696,SmallRandomForest,light
0.3409990614521688,0.08128783543655693,0.8706451612903225,0.1486929454865989,33203,0.3748320745983902,0.6251679254016098,54977,30504,401,2699,SmallRandomForest,light
0.3401065257230348,0.08090702132758208,0.8712903225806452,0.1480649051639075,33384,0.37687540217428117,0.6231245978257188,54798,30683,399,2701,SmallRandomForest,light
0.3393721631146442,0.08045840154784938,0.8719354838709678,0.14732252350456465,33595,0.37925740282904913,0.6207425971709508,54589,30892,397,2703,SmallRandomForest,light
0.33856662346842575,0.08010894342638918,0.8729032258064516,0.14675018303099324,33779,0.3813345977128278,0.6186654022871723,54408,31073,394,2706,SmallRandomForest,light
0.3377628750475077,0.07975749014067926,0.8741935483870967,0.14617832677059173,33978,0.383581129136045,0.6164188708639551,54213,31268,390,2710,SmallRandomForest,light
0.33695854318379076,0.07933304080737165,0.8748387096774194,0.145474051227035,34185,0.385917973380296,0.614082026619704,54008,31473,388,2712,SmallRandomForest,light
0.33613956693527297,0.07900939964496698,0.8758064516129033,0.14494301043696448,34363,0.3879274336482993,0.6120725663517007,53833,31648,385,2715,SmallRandomForest,light
0.3354165771172662,0.07871576631347345,0.8770967741935484,0.14446628765740396,34542,0.3899481830189318,0.6100518169810683,53658,31823,381,2719,SmallRandomForest,light
0.3345968103628967,0.07832071179705721,0.8774193548387097,0.1438050173147585,34729,0.3920592452105982,0.6079407547894018,53472,32009,380,2720,SmallRandomForest,light
0.33385530279221476,0.07794921707268199,0.8783870967741936,0.1431914390134883,34933,0.39436222214696154,0.6056377778530384,53271,32210,377,2723,SmallRandomForest,light
0.33317325247135576,0.07759799453053783,0.8787096774193548,0.14260286880954873,35104,0.3962926586965602,0.6037073413034397,53101,32380,376,2724,SmallRandomForest,light
0.3324872745546098,0.07723473579827171,0.8793548387096775,0.14199765594478447,35295,0.3984488772987435,0.6015511227012564,52912,32569,374,2726,SmallRandomForest,light
0.33171334370222766,0.07689271112364303,0.8796774193548387,0.1414235705950992,35465,0.400368024745713,0.599631975254287,52743,32738,373,2727,SmallRandomForest,light
0.3309266954448951,0.07662308512429157,0.8809677419354839,0.14098394507253112,35642,0.402366195911087,0.597633804088913,52570,32911,369,2731,SmallRandomForest,light
0.3302041530939357,0.076336730420215,0.8819354838709678,0.1405113709366568,35815,0.4043192106659442,0.5956807893340559,52400,33081,366,2734,SmallRandomForest,light
0.32944335386073176,0.07612139403034851,0.8835483870967742,0.14016682871910344,35982,0.4062044908050259,0.593795509194974,52238,33243,361,2739,SmallRandomForest,light
0.32872887898889536,0.07575296623060541,0.8835483870967742,0.13954199251088978,36157,0.40818008376514153,0.5918199162348585,52063,33418,361,2739,SmallRandomForest,light
0.3279993893317523,0.07543690656391909,0.8841935483870967,0.13901356662862938,36335,0.4101895440331448,0.5898104559668552,51887,33594,359,2741,SmallRandomForest,light
0.32729520125764094,0.07507943464446148,0.8841935483870967,0.13840638254898,36508,0.41214255878800193,0.5878574412119981,51714,33767,359,2741,SmallRandomForest,light
0.32656217294888096,0.07472689132862942,0.8848387096774194,0.13781495716833722,36707,0.4143890902112191,0.5856109097887809,51517,33964,357,2743,SmallRandomForest,light
0.3259132843074088,0.07439718233541046,0.8858064516129033,0.13726568357910524,36910,0.4166807780449532,0.5833192219550468,51317,34164,354,2746,SmallRandomForest,light
0.3251759309397324,0.07409903231893043,0.886774193548387,0.1367695713823727,37099,0.41881441844187806,0.5811855815581219,51131,34350,351,2749,SmallRandomForest,light
0.32443439438005905,0.07384384545308398,0.8890322580645161,0.13636138736331702,37322,0.4213318883281968,0.5786681116718032,50915,34566,344,2756,SmallRandomForest,light
0.32364360971719625,0.07345807345807345,0.8890322580645161,0.1357033827367177,37518,0.4235445524435263,0.5764554475564737,50719,34762,344,2756,SmallRandomForest,light
0.3229406384590599,0.07310344827586207,0.8890322580645161,0.13509803921568628,37700,0.4255991691220465,0.5744008308779536,50537,34944,344,2756,SmallRandomForest,light
0.3223243283851241,0.072797845373891,0.8893548387096775,0.13457971297471444,37872,0.42754089477427437,0.5724591052257256,50366,35115,343,2757,SmallRandomForest,light
0.32171801957474194,0.07250262881177708,0.8896774193548387,0.1340787554691298,38040,0.42943746401598537,0.5705625359840146,50199,35282,342,2758,SmallRandomForest,light
0.3210306929190338,0.07228095886109076,0.8909677419354839,0.13371417505809452,38212,0.43137918966821326,0.5686208103317867,50031,35450,338,2762,SmallRandomForest,light
0.3203802421782569,0.07196339434276207,0.8929032258064517,0.13319218554518336,38464,0.43422404353077976,0.5657759564692202,49785,35696,332,2768,SmallRandomForest,light
0.31974095559192456,0.0716614063227609,0.8935483870967742,0.13268189874024044,38654,0.43636897303033384,0.5636310269696662,49597,35884,330,2770,SmallRandomForest,light
0.3191242443687862,0.07131092696484637,0.8938709677419355,0.13208446541779875,38858,0.43867194996669717,0.5613280500333029,49394,36087,329,2771,SmallRandomForest,light
0.3185214553509848,0.07096147951364054,0.8961290322580645,0.13150918386669191,39148,0.4419457897291744,0.5580542102708256,49111,36370,322,2778,SmallRandomForest,light
0.31790850078079674,0.07071837253655436,0.8970967741935484,0.13110194460813202,39325,0.4439439608945485,0.5560560391054514,48937,36544,319,2781,SmallRandomForest,light
0.3173280123581309,0.07032117967882032,0.8983870967741936,0.1304327463469464,39604,0.4470936205281042,0.5529063794718958,48662,36819,315,2785,SmallRandomForest,light
0.3166725211149392,0.06998718367552081,0.8983870967741936,0.12985801879094488,39793,0.44922726092502907,0.5507727390749709,48473,37008,315,2785,SmallRandomForest,light
0.316096707193381,0.0697715158036988,0.8993548387096775,0.12949673703523074,39959,0.4511012519614816,0.5488987480385183,48310,37171,312,2788,SmallRandomForest,light
0.31547330594984485,0.06941194044714435,0.8993548387096775,0.12887717838487497,40166,0.4534380962057326,0.5465619037942674,48103,37378,312,2788,SmallRandomForest,light
0.31496448966431706,0.0691013602239786,0.8996774193548387,0.1283449529463197,40361,0.45563947121843285,0.5443605287815672,47909,37572,311,2789,SmallRandomForest,light
0.3143708115832799,0.06875492513790386,0.9006451612903226,0.1277569323693603,40608,0.45842787956785314,0.5415721204321469,47665,37816,308,2792,SmallRandomForest,light
0.3137075291452127,0.0684548619624381,0.9006451612903226,0.12723875495602244,40786,0.46043733983585644,0.5395626601641436,47487,37994,308,2792,SmallRandomForest,light
0.31306027387491325,0.06821122531188203,0.9012903225806451,0.12682417557477135,40961,0.46241293279597206,0.5375870672040279,47314,38167,306,2794,SmallRandomForest,light
0.3123897158125711,0.06787846430131535,0.902258064516129,0.1262582945876405,41206,0.4651787629401339,0.5348212370598662,47072,38409,303,2797,SmallRandomForest,light
0.3118394026700802,0.06753039953676897,0.9029032258064517,0.1256622070575559,41448,0.467910725776408,0.532089274223592,46832,38649,301,2799,SmallRandomForest,light
0.3111958654777074,0.06727146182830537,0.9041935483870968,0.1252261710635066,41667,0.47038303925220987,0.5296169607477901,46617,38864,297,2803,SmallRandomForest,light
0.3106207153056139,0.06695650096744142,0.9041935483870968,0.12468029268509664,41863,0.4725957033675393,0.5274042966324607,46421,39060,297,2803,SmallRandomForest,light
0.31002113253923935,0.06668569933147765,0.9041935483870968,0.12421066625307427,42033,0.4745148508145088,0.5254851491854913,46251,39230,297,2803,SmallRandomForest,light
0.30948234457963236,0.06640615748963884,0.9045161290322581,0.12372862658576944,42225,0.4766823585193213,0.5233176414806787,46060,39421,296,2804,SmallRandomForest,light
0.30889581550268275,0.0661932957467387,0.9051612903225806,0.12336506122090084,42391,0.4785563495557738,0.5214436504442261,45896,39585,294,2806,SmallRandomForest,light
0.3082537576043228,0.06604017385175613,0.9067741935483871,0.12311398226212635,42565,0.48052065341326017,0.5194793465867398,45727,39754,289,2811,SmallRandomForest,light
0.3076965713104223,0.06579316799251286,0.9070967741935484,0.12268760907504361,42740,0.4824962463733758,0.5175037536266243,45553,39928,288,2812,SmallRandomForest,light
0.3070812331865547,0.06552334793550191,0.9070967741935484,0.12221835883171071,42916,0.4844831284361206,0.5155168715638794,45377,40104,288,2812,SmallRandomForest,light
0.30652624548550883,0.06527185006494711,0.9077419354838709,0.12178654894832511,43112,0.48669579255145007,0.5133042074485499,45183,40298,286,2814,SmallRandomForest,light
0.3059762740398212,0.06508930428152222,0.9087096774193548,0.12147739278552794,43279,0.4885810726905318,0.5114189273094683,45019,40462,283,2817,SmallRandomForest,light
0.30549567011815537,0.0647629112295534,0.9093548387096774,0.12091447199107834,43528,0.4913920592452106,0.5086079407547894,44772,40709,281,2819,SmallRandomForest,light
0.3050312654654421,0.06451022974054178,0.9103225806451613,0.12048244209627497,43745,0.49384179451575394,0.5061582054842461,44558,40923,278,2822,SmallRandomForest,light
0.3044967012913251,0.06422560836934274,0.9109677419354839,0.11999150201827068,43970,0.49638184260733115,0.5036181573926688,44335,41146,276,2824,SmallRandomForest,light
0.30398412148687415,0.06387545754439876,0.9119354838709678,0.11938848768951393,44258,0.49963310416455,0.50036689583545,44050,41431,273,2827,SmallRandomForest,light
0.3033802568691627,0.06324515855859872,0.915483870967742,0.11831655306109688,44873,0.5065759022815276,0.4934240977184724,43446,42035,262,2838,SmallRandomForest,light
0.302823646148624,0.06294062874118743,0.9158064516129032,0.11778616769696719,45106,0.5092062631941388,0.49079373680586125,43214,42267,261,2839,SmallRandomForest,light
0.30228917166078056,0.06264327279139481,0.9167741935483871,0.11727325245522818,45368,0.5121640080829974,0.48783599191700255,42955,42526,258,2842,SmallRandomForest,light
0.30179013732443494,0.0616992728531856,0.9196774193548387,0.11564046402206539,46208,0.5216468542915523,0.47835314570844767,42124,43357,249,2851,SmallRandomForest,light
0.3012514909671901,0.06123324396782842,0.9209677419354839,0.11483157365510308,46625,0.5263544100879421,0.47364558991205785,41711,43770,245,2855,SmallRandomForest,light
0.30073383760966504,0.060894224003752585,0.9212903225806451,0.11423771524569509,46901,0.5294702024136101,0.4705297975863899,41436,44045,244,2856,SmallRandomForest,light
0.30014239498542095,0.060508073378983854,0.9235483870967742,0.11357505553792446,47316,0.5341551800047414,0.4658448199952586,41028,44453,237,2863,SmallRandomForest,light
0.29966408070402206,0.06001464281978872,0.925483870967742,0.11271977212454572,47805,0.5396755511904359,0.46032444880956414,40545,44936,231,2869,SmallRandomForest,light
0.2990987089696868,0.05971607324728233,0.9267741935483871,0.11220245650348558,48111,0.5431300165949808,0.45686998340501916,40243,45238,227,2873,SmallRandomForest,light
0.2985289882028074,0.059196573805258716,0.9274193548387096,0.11128960458319626,48567,0.5482778473939106,0.4517221526060894,39789,45692,225,2875,SmallRandomForest,light
0.29800276905763734,0.05898991555300484,0.9283870967741935,0.11093123650940488,48788,0.5507727390749709,0.44922726092502907,39571,45910,222,2878,SmallRandomForest,light
0.29745248143865355,0.058449320286067384,0.9306451612903226,0.10999065937208105,49359,0.5572188166762624,0.4427811833237376,39007,46474,215,2885,SmallRandomForest,light
0.29688567806340593,0.05823519922568156,0.9316129032258065,0.10961815835420936,49592,0.5598491775888734,0.4401508224111266,38777,46704,212,2888,SmallRandomForest,light
0.2962385007043548,0.05797914995990377,0.9329032258064516,0.10917327293318234,49880,0.5631004391460923,0.4368995608539077,38493,46988,208,2892,SmallRandomForest,light
0.2957529357055941,0.05770840808515728,0.9338709677419355,0.10869973341343446,50166,0.5663291224980527,0.4336708775019473,38210,47271,205,2895,SmallRandomForest,light
0.29520025709414177,0.05738971899647259,0.9341935483870968,0.10813636533363204,50462,0.5696706968763053,0.43032930312369466,37915,47566,204,2896,SmallRandomForest,light
0.2946580624497988,0.057186803652067596,0.9354838709677419,0.10778465369534108,50711,0.572481683430984,0.42751831656901595,37670,47811,200,2900,SmallRandomForest,light
0.2940706611147819,0.0569947168921971,0.9361290322580645,0.1074476553677546,50917,0.5748072385726058,0.42519276142739415,37466,48015,198,2902,SmallRandomForest,light
0.29356904864967076,0.05676796120301928,0.9364516129032258,0.10704672001179984,51138,0.5773021302536662,0.42269786974633383,37246,48235,197,2903,SmallRandomForest,light
0.29299551011728736,0.05657987058548374,0.9364516129032258,0.10671224819879428,51308,0.5792212777006356,0.4207787222993644,37076,48405,197,2903,SmallRandomForest,light
0.29239225613537884,0.056369742026903744,0.9367741935483871,0.10634051668894301,51517,0.5815807001501451,0.41841929984985493,36868,48613,196,2904,SmallRandomForest,light
0.29178032808775184,0.05612027982839253,0.9367741935483871,0.10589651022864019,51746,0.5841659046522392,0.41583409534776083,36639,48842,196,2904,SmallRandomForest,light
0.29119348980475723,0.05596088320788496,0.937741935483871,0.10561883481388633,51947,0.5864350142807149,0.4135649857192851,36441,49040,193,2907,SmallRandomForest,light
0.29064410410872893,0.05577299412915851,0.937741935483871,0.1052841258918547,52122,0.5884106072408304,0.4115893927591696,36266,49215,193,2907,SmallRandomForest,light
0.29005441604157006,0.055587414458844665,0.9380645161290323,0.10495542642653481,52314,0.5905781149456429,0.40942188505435706,36075,49406,192,2908,SmallRandomForest,light
0.28951696111758435,0.05539680725416238,0.9380645161290323,0.10461560600064754,52494,0.5926101534189048,0.4073898465810952,35895,49586,192,2908,SmallRandomForest,light
0.2889096110739045,0.055222521531282015,0.9390322580645162,0.10431074640771132,52714,0.5950937559973358,0.4049062440026642,35678,49803,189,2911,SmallRandomForest,light
0.28830450233675786,0.055061999092696205,0.9396774193548387,0.10402828369402185,52904,0.5972386854968899,0.40276131450311015,35490,49991,187,2913,SmallRandomForest,light
0.28774601094598706,0.05491607166406059,0.9403225806451613,0.10377173777611648,53081,0.5992368566622639,0.4007631433377361,35315,50166,185,2915,SmallRandomForest,light
0.28717250941296757,0.054745142213460996,0.9406451612903226,0.10346846447263372,53265,0.6013140515460426,0.39868594845395744,35132,50349,184,2916,SmallRandomForest,light
0.28660221756254545,0.05461146878275191,0.9412903225806452,0.10323356682940635,53432,0.6031993316851243,0.3968006683148757,34967,50514,182,2918,SmallRandomForest,light
0.28599911268461664,0.05447354675024252,0.9419354838709677,0.10299097065462753,53604,0.6051410573373522,0.39485894266264776,34797,50684,180,2920,SmallRandomForest,light
0.28537650666570313,0.0543158912566477,0.942258064516129,0.10271106578993636,53778,0.6071053611948386,0.3928946388051614,34624,50857,179,2921,SmallRandomForest,light
0.28474965100411453,0.05420280186791194,0.9435483870967742,0.10251647273237068,53964,0.6092051342838758,0.3907948657161242,34442,51039,175,2925,SmallRandomForest,light
0.2840497127982919,0.05405704995566066,0.9438709677419355,0.10225763612217796,54128,0.6110565471150698,0.38894345288493015,34279,51202,174,2926,SmallRandomForest,light
0.28334066290057447,0.053876454130466794,0.9441935483870968,0.10193633767500174,54328,0.6133143676409162,0.3866856323590838,34080,51401,173,2927,SmallRandomForest,light
0.282716245166171,0.0537103640634175,0.9441935483870968,0.10163900270852143,54496,0.6152109368826272,0.3847890631173728,33912,51569,173,2927,SmallRandomForest,light
0.2820664592755512,0.053555750658472345,0.944516129032258,0.10136398255210136,54672,0.6171978189453721,0.38280218105462793,33737,51744,172,2928,SmallRandomForest,light
0.28138515883954746,0.053411867682993545,0.9448387096774193,0.1011080810521592,54838,0.6190718099818245,0.38092819001817546,33572,51909,171,2929,SmallRandomForest,light
0.2806951101006651,0.05329090909090909,0.9454838709677419,0.10089500860585197,55000,0.6209006446077602,0.3790993553922398,33412,52069,169,2931,SmallRandomForest,light
0.2800308648621962,0.05313344089335243,0.9454838709677419,0.10061273878791,55163,0.622740768336325,0.37725923166367503,33249,52232,169,2931,SmallRandomForest,light
0.2793884456449677,0.052958713524256934,0.9454838709677419,0.10029942681153221,55345,0.6247953850148452,0.3752046149851548,33067,52414,169,2931,SmallRandomForest,light
0.2787301921770804,0.05280409177682527,0.9458064516129032,0.10002388018967692,55526,0.6268387125907362,0.3731612874092638,32887,52594,168,2932,SmallRandomForest,light
0.2779612551658326,0.05270716645124228,0.9470967741935484,0.09985715257465477,55704,0.6288481728587395,0.3711518271412605,32713,52768,164,2936,SmallRandomForest,light
0.2772325249600285,0.052573167457263044,0.9474193548387096,0.09961841770541847,55865,0.6306657183820458,0.36933428161795423,32553,52928,163,2937,SmallRandomForest,light
0.27647840051906164,0.052439938599935745,0.947741935483871,0.09938098298548863,56026,0.6324832639053521,0.36751673609464786,32393,53088,162,2938,SmallRandomForest,light
0.2757652181198976,0.052349590601637595,0.9487096774193549,0.09922402159244266,56180,0.6342217857102539,0.3657782142897461,32242,53239,159,2941,SmallRandomForest,light
0.27506133144572414,0.052218672346467876,0.9490322580645161,0.09899057873485868,56340,0.636028042130931,0.363971957869069,32083,53398,158,2942,SmallRandomForest,light
0.274312395669211,0.05212112631187724,0.95,0.09882052916799489,56503,0.6378681658594958,0.3621318341405042,31923,53558,155,2945,SmallRandomForest,light
0.27341243397585635,0.0519934346375814,0.9503225806451613,0.09859272769866637,56661,0.6396518440749145,0.3603481559250855,31766,53715,154,2946,SmallRandomForest,light
0.27262352114743954,0.05185067849411268,0.9503225806451613,0.09833603151025584,56817,0.6414129440850747,0.35858705591492535,31610,53871,154,2946,SmallRandomForest,light
0.2718566144766169,0.0517226249188269,0.9506451612903226,0.09810742879970705,56977,0.6432192005057518,0.35678079949424824,31451,54030,153,2947,SmallRandomForest,light
0.2711823285791797,0.051575981378743065,0.9506451612903226,0.09784358970102426,57139,0.6450480351316874,0.3549519648683126,31289,54192,153,2947,SmallRandomForest,light
0.27059454873880356,0.05142209038562206,0.9506451612903226,0.09756662804171497,57310,0.6469784716812861,0.3530215283187139,31118,54363,153,2947,SmallRandomForest,light
0.26988119438727454,0.05127446715963462,0.9506451612903226,0.09730086669418078,57475,0.6488411736151093,0.3511588263848907,30953,54528,153,2947,SmallRandomForest,light
0.2691304805476852,0.051134786229872296,0.9506451612903226,0.09704933148916552,57632,0.6506135627278987,0.3493864372721013,30796,54685,153,2947,SmallRandomForest,light
0.2683734110563294,0.051025175188165066,0.9512903225806452,0.09685524263075786,57795,0.6524536864564636,0.3475463135435364,30635,54846,151,2949,SmallRandomForest,light
0.26759704539890905,0.05087610375275938,0.9516129032258065,0.09658830462969026,57984,0.6545873268533884,0.3454126731466116,30447,55034,150,2950,SmallRandomForest,light
0.26692769530427973,0.05074868056868779,0.952258064516129,0.09636194486608236,58169,0.6566758108397963,0.3433241891602037,30264,55217,148,2952,SmallRandomForest,light
0.2662110241910985,0.05062206532542756,0.9529032258064516,0.0961369479610766,58354,0.6587642948262042,0.34123570517379576,30081,55400,146,2954,SmallRandomForest,light
0.2652746692586513,0.050467257786206074,0.9529032258064516,0.09585773854915387,58533,0.6607850441968368,0.3392149558031632,29902,55579,146,2954,SmallRandomForest,light
0.2643910911330656,0.05031767932273835,0.9529032258064516,0.09558787839565099,58707,0.6627493480543232,0.3372506519456768,29728,55753,146,2954,SmallRandomForest,light
0.263415611042176,0.050171482902645254,0.9532258064516129,0.09532565566631182,58898,0.6649055666565065,0.33509443334349354,29538,55943,145,2955,SmallRandomForest,light
0.2623259548011589,0.05002538500592317,0.9535483870967741,0.09506351503457147,59090,0.667073074361319,0.332926925638681,29347,56134,144,2956,SmallRandomForest,light
0.2612944271489273,0.049881034744604376,0.9535483870967741,0.09480284151953944,59261,0.6690035109109177,0.3309964890890823,29176,56305,144,2956,SmallRandomForest,light
0.2601991150974345,0.04976781748435292,0.9541935483870968,0.09460150953051043,59436,0.6709791038710333,0.3290208961289667,29003,56478,142,2958,SmallRandomForest,light
0.259144362765974,0.04963599154561009,0.954516129032258,0.09436489460088657,59614,0.6729885641390366,0.3270114358609634,28826,56655,141,2959,SmallRandomForest,light
0.25814446167612,0.04948591490428822,0.9548387096774194,0.09409520782007469,59815,0.6752576737675122,0.3247423262324878,28626,56855,140,2960,SmallRandomForest,light
0.2570167603540375,0.049362553120573284,0.9554838709677419,0.09387528721971317,60005,0.6774026032670663,0.32259739673293375,28438,57043,138,2962,SmallRandomForest,light
0.25584291280346966,0.04923235411405025,0.9558064516129032,0.09364136274571772,60184,0.6794233526376988,0.3205766473623012,28260,57221,137,2963,SmallRandomForest,light
0.25457347615920556,0.04909124045264013,0.9558064516129032,0.09338607245851523,60357,0.6813763673925559,0.3186236326074441,28087,57394,137,2963,SmallRandomForest,light
0.2533146941241955,0.04899125923233258,0.9564516129032258,0.09320821741248958,60521,0.68322778022375,0.31677221977625003,27925,57556,135,2965,SmallRandomForest,light
0.25199952124079694,0.04886970276148422,0.9567741935483871,0.09298971657888137,60692,0.6851582167733486,0.31484178322665135,27755,57726,134,2966,SmallRandomForest,light
0.2505428049854586,0.048725994315848266,0.9567741935483871,0.09272951806287223,60871,0.6871789661439812,0.3128210338560188,27576,57905,134,2966,SmallRandomForest,light
0.24872892453395792,0.0485907535087863,0.9570967741935484,0.09248608968064713,61061,0.6893238956435352,0.31067610435646476,27387,58094,133,2967,SmallRandomForest,light
0.24685679812154088,0.04846584692761149,0.9574193548387097,0.09226130340850806,61239,0.6913333559115385,0.30866664408846145,27210,58271,132,2968,SmallRandomForest,light
0.24486208853653607,0.048345061245764924,0.9574193548387097,0.09204242386652609,61392,0.693060588613811,0.30693941138618897,27057,58424,132,2968,SmallRandomForest,light
0.24270352438548845,0.048268131011177544,0.9583870967741935,0.09190744292519953,61552,0.6948668450344883,0.30513315496551174,26900,58581,129,2971,SmallRandomForest,light
0.24111588856440375,0.048164654404019125,0.9587096774193549,0.09172131779955252,61705,0.6965940777367607,0.30340592226323926,26748,58733,128,2972,SmallRandomForest,light
0.2393848319514328,0.04804164039894606,0.9587096774193549,0.09149823745824547,61863,0.6983777559521793,0.3016222440478207,26590,58891,128,2972,SmallRandomForest,light
0.23753641686434013,0.04792311661506708,0.9587096774193549,0.09128324835677867,62016,0.7001049886544518,0.2998950113455482,26437,59044,128,2972,SmallRandomForest,light
0.23559159774358382,0.047832730197024526,0.9593548387096774,0.09112217541171964,62175,0.7018999559724998,0.29810004402750023,26280,59201,126,2974,SmallRandomForest,light
0.23352402138743483,0.04772446540577827,0.9596774193548387,0.09092715130583616,62337,0.7037287905984353,0.2962712094015647,26119,59362,125,2975,SmallRandomForest,light
0.231528298215837,0.047606093579978234,0.9596774193548387,0.09071228198560799,62492,0.7054786015059663,0.2945213984940337,25964,59517,125,2975,SmallRandomForest,light
0.22951998038475513,0.04750578657514566,0.96,0.09053159936116816,62645,0.7072058342082388,0.2927941657917612,25812,59669,124,2976,SmallRandomForest,light
0.2277494235861851,0.047420382165605096,0.9606451612903226,0.0903793626707132,62800,0.7089556451157697,0.2910443548842303,25659,59822,122,2978,SmallRandomForest,light
0.22622496044737464,0.04731500452661171,0.9609677419354838,0.09018937043035982,62961,0.7107731906390761,0.28922680936092393,25499,59982,121,2979,SmallRandomForest,light
0.22444113890554893,0.04724634007224793,0.9619354838709677,0.09006886553098949,63116,0.7125230015466071,0.2874769984533929,25347,60134,118,2982,SmallRandomForest,light
0.22303254811705028,0.04713671702168005,0.962258064516129,0.0898710532658472,63284,0.7144195707883181,0.2855804292116819,25180,60301,117,2983,SmallRandomForest,light
0.22173134746671708,0.04705474487062309,0.9632258064516129,0.08972625379368371,63458,0.7163838746458044,0.28361612535419556,25009,60472,114,2986,SmallRandomForest,light
0.22038704755450877,0.04698651240293017,0.9641935483870968,0.08960637947057588,63614,0.7181449746559646,0.2818550253440354,24856,60625,111,2989,SmallRandomForest,light
0.21912766673514794,0.04687303976916322,0.9641935483870968,0.08940001196386912,63768,0.7198834964608664,0.28011650353913364,24702,60779,111,2989,SmallRandomForest,light
0.21788836301680573,0.04675133731660775,0.9641935483870968,0.08917862577199628,63934,0.7217574874973188,0.27824251250268117,24536,60945,111,2989,SmallRandomForest,light
0.21690528173174292,0.046668018910611474,0.9648387096774194,0.08902978077421082,64091,0.7235298766101083,0.27647012338989174,24381,61100,109,2991,SmallRandomForest,light
0.2155506933708601,0.04655108012201955,0.9648387096774194,0.0888169616343984,64252,0.7253474221334146,0.27465257786658537,24220,61261,109,2991,SmallRandomForest,light
0.2145761621309927,0.046482021983481336,0.9658064516129032,0.08869534305012441,64412,0.7271536785540917,0.27284632144590826,24063,61418,106,2994,SmallRandomForest,light
0.21348331456522487,0.046393508625228404,0.9664516129032258,0.08853689529832441,64578,0.7290276695905442,0.2709723304094558,23899,61582,104,2996,SmallRandomForest,light
0.21238188186363582,0.04630001544878727,0.9667741935483871,0.08836797877045555,64730,0.7307436131901875,0.26925638680981245,23748,61733,103,2997,SmallRandomForest,light
0.211295962809563,0.04620599337493259,0.9674193548387097,0.08819939710315418,64905,0.7327192061503031,0.26728079384969694,23575,61906,101,2999,SmallRandomForest,light
0.21029651532506183,0.04607891340421609,0.9674193548387097,0.08796785169541242,65084,0.7347399555209356,0.26526004447906437,23396,62085,101,2999,SmallRandomForest,light
0.20929931731931684,0.04600061293288385,0.9683870967741935,0.08782913984786424,65260,0.7367268375836805,0.2632731624163195,23223,62258,98,3002,SmallRandomForest,light
0.20817905161642064,0.04587969189387456,0.9683870967741935,0.0876087083406292,65432,0.7386685632359083,0.26133143676409165,23051,62430,98,3002,SmallRandomForest,light
0.20703086807338583,0.04582584047060258,0.97,0.08751709886783665,65618,0.7407683363249455,0.25923166367505446,22870,62611,93,3007,SmallRandomForest,light
0.20594047609252214,0.045721929197890226,0.9703225806451613,0.08732889140501386,65789,0.7426987728745442,0.2573012271254558,22700,62781,92,3008,SmallRandomForest,light
0.2048792291209293,0.04563434928236917,0.9712903225806452,0.08717302876333581,65981,0.7448662805793568,0.2551337194206432,22511,62970,89,3011,SmallRandomForest,light
0.2037991366870443,0.04559748427672956,0.9729032258064516,0.08711224077176362,66144,0.7467064043079216,0.25329359569207843,22353,63128,84,3016,SmallRandomForest,light
0.20284136919783635,0.045514870000603246,0.9735483870967742,0.0869640387275242,66308,0.7485578171391156,0.2514421828608844,22191,63290,82,3018,SmallRandomForest,light
0.2019411426718014,0.04543197990161419,0.9741935483870968,0.0868152875397065,66473,0.7504205190729389,0.24957948092706106,22028,63453,80,3020,SmallRandomForest,light
0.20096671685965403,0.04533993696533093,0.974516129032258,0.08664850136239781,66630,0.7521929081857284,0.24780709181427163,21872,63609,79,3021,SmallRandomForest,light
0.20006939760633521,0.04524697180673464,0.9748387096774194,0.08647998969794961,66789,0.7539878755037762,0.24601212449622378,21714,63767,78,3022,SmallRandomForest,light
0.19913247775470608,0.04517208413001912,0.9754838709677419,0.08634572554394382,66944,0.7557376864113071,0.24426231358869288,21561,63920,76,3024,SmallRandomForest,light
0.19805788009754344,0.045068407404095505,0.9754838709677419,0.08615630074930909,67098,0.7574762082162089,0.24252379178379113,21407,64074,76,3024,SmallRandomForest,light
0.19715811372861755,0.044964536897982244,0.9754838709677419,0.08596648330561597,67253,0.7592260191237399,0.24077398087626012,21252,64229,76,3024,SmallRandomForest,light
0.19629767089642683,0.044873981991069706,0.9758064516129032,0.0858022152571939,67411,0.7610096973391585,0.23899030266084154,21095,64386,75,3025,SmallRandomForest,light
0.19544974843204352,0.04481212354412396,0.9767741935483871,0.08569285845679275,67571,0.7628159537598357,0.23718404624016431,20938,64543,72,3028,SmallRandomForest,light
0.19460646365309597,0.044700324771183936,0.9767741935483871,0.0854884246188594,67740,0.7647238121041758,0.23527618789582416,20769,64712,72,3028,SmallRandomForest,light
0.19370750902770745,0.044605121710574756,0.9770967741935483,0.0853155322714662,67907,0.7666090922432576,0.23339090775674243,20603,64878,71,3029,SmallRandomForest,light
0.19286958813194333,0.044515617195075366,0.9774193548387097,0.08515302251074951,68066,0.7684040595613054,0.23159594043869458,20445,65036,70,3030,SmallRandomForest,light
0.1919933241091405,0.04442587869727083,0.977741935483871,0.08499004570563329,68226,0.7702103159819826,0.22978968401801736,20286,65195,69,3031,SmallRandomForest,light
0.1912151982413545,0.04432323350491343,0.977741935483871,0.08480219349784567,68384,0.7719939941974012,0.22800600580259878,20128,65353,69,3031,SmallRandomForest,light
0.19056520334160004,0.04423242446788335,0.9780645161290322,0.08463717950507349,68547,0.773834117925966,0.22616588207403399,19966,65515,68,3032,SmallRandomForest,light
0.18972354719010048,0.04412855916544209,0.9783870967741936,0.0844482187356434,68731,0.7759113128097448,0.2240886871902552,19783,65698,67,3033,SmallRandomForest,light
0.18906910894024226,0.04403802888453444,0.9787096774193549,0.08428363080769499,68895,0.7777627256409388,0.22223727435906115,19620,65861,66,3034,SmallRandomForest,light
0.18845019353437384,0.04394156568069611,0.9790322580645161,0.08410813507184525,69069,0.7797270294984252,0.2202729705015748,19447,66034,65,3035,SmallRandomForest,light
0.1877684784060365,0.04387497293005125,0.9803225806451613,0.08399087956885234,69265,0.7819396936137546,0.2180603063862454,19255,66226,61,3039,SmallRandomForest,light
0.18713329358353378,0.04377312848277153,0.9806451612903225,0.0838054280555211,69449,0.7840168884975334,0.21598311150246663,19072,66409,60,3040,SmallRandomForest,light
0.18655721572040482,0.04364800275580945,0.9809677419354839,0.08357724917893117,69671,0.7865230692812228,0.21347693071877716,18851,66630,59,3041,SmallRandomForest,light
0.185868211007393,0.043617722026520034,0.9825806451612903,0.08352757287410535,69834,0.7883631930097876,0.21163680699021237,18693,66788,54,3046,SmallRandomForest,light
0.18519749602108576,0.04350681801956165,0.9829032258064516,0.0833253572161072,70035,0.7906323026382632,0.20936769736173677,18493,66988,53,3047,SmallRandomForest,light
0.18466345957857866,0.04339778454879403,0.983225806451613,0.08312651703166335,70234,0.7928788340614804,0.2071211659385196,18295,67186,52,3048,SmallRandomForest,light
0.18407878153550483,0.043306024506950265,0.9838709677419355,0.08296046457860164,70429,0.7950802090741806,0.20491979092581936,18102,67379,50,3050,SmallRandomForest,light
0.1834851167374682,0.043210488312497346,0.984516129032258,0.08278742998196145,70631,0.7973606078052855,0.2026393921947145,17902,67579,48,3052,SmallRandomForest,light
0.18283351578443607,0.04308860473650041,0.9848387096774194,0.08256483760175244,70854,0.7998780776916042,0.20012192230839576,17680,67801,47,3053,SmallRandomForest,light
0.182178912232391,0.04297094921743047,0.9848387096774194,0.08234881588175003,71048,0.8020681636016753,0.19793183639832468,17486,67995,47,3053,SmallRandomForest,light
0.18150799762485273,0.04286436110487312,0.9851612903225806,0.08215419379135956,71248,0.8043259841275217,0.19567401587247835,17287,68194,46,3054,SmallRandomForest,light
0.18083755944235946,0.04272583556009457,0.9851612903225806,0.08189973048713443,71479,0.8069337668348743,0.19306623316512572,17056,68425,46,3054,SmallRandomForest,light
0.18014479145896486,0.04262619781568633,0.9858064516129033,0.08171887743505409,71693,0.80934963479753,0.19065036520247003,16844,68637,44,3056,SmallRandomForest,light
0.17950846477651172,0.04252891158829342,0.9858064516129033,0.08154008298090905,71857,0.811201047628724,0.18879895237127597,16680,68801,44,3056,SmallRandomForest,light
0.17881372532855633,0.04243383598544808,0.9858064516129033,0.081365318565457,72018,0.8130185931520304,0.1869814068479696,16519,68962,44,3056,SmallRandomForest,light
0.17817484640330028,0.042348478555804744,0.9867741935483871,0.08121167069317971,72234,0.8154570393199445,0.1845429606800555,16306,69175,41,3059,SmallRandomForest,light
0.17753980412428283,0.04222513631030437,0.9867741935483871,0.080984843470779,72445,0.8178390399747124,0.1821609600252876,16095,69386,41,3059,SmallRandomForest,light
0.1769803002769611,0.04213947339429327,0.9870967741935484,0.08082835860320144,72616,0.8197694765243111,0.1802305234756889,15925,69556,40,3060,SmallRandomForest,light
0.1764615950702878,0.04205190202085422,0.9874193548387097,0.08066832694258871,72791,0.8217450694844267,0.17825493051557328,15751,69730,39,3061,SmallRandomForest,light
0.17584733537923658,0.04195449561403509,0.9874193548387097,0.0804890875624507,72960,0.8236529278287669,0.17634707217123313,15582,69899,39,3061,SmallRandomForest,light
0.17533578643573847,0.04187579491527742,0.987741935483871,0.0803453116595164,73121,0.8254704733520732,0.17452952664792676,15422,70059,38,3062,SmallRandomForest,light
0.17471553659953634,0.04178664519562755,0.987741935483871,0.08018120638412089,73277,0.8272315733622334,0.1727684266377666,15266,70215,38,3062,SmallRandomForest,light
0.17419308181351587,0.04169276435826911,0.987741935483871,0.080008361422487,73442,0.8290942752960567,0.17090572470394327,15101,70380,38,3062,SmallRandomForest,light
0.17361820097024683,0.041631566075165084,0.9883870967741936,0.0798977809069337,73598,0.8308553753062169,0.1691446246937831,14947,70534,36,3064,SmallRandomForest,light
0.17308209837864194,0.04153956697984029,0.9883870967741936,0.0797283407710022,73761,0.8326954990347817,0.16730450096521832,14784,70697,36,3064,SmallRandomForest,light
0.17250257828679721,0.04145245954867688,0.9883870967741936,0.07956788199854577,73916,0.8344453099423127,0.1655546900576873,14629,70852,36,3064,SmallRandomForest,light
0.1719486399916866,0.041355666833133124,0.9883870967741936,0.07938955032452812,74089,0.8363983246971698,0.1636016753028302,14456,71025,36,3064,SmallRandomForest,light
0.17143767573608643,0.041270439912717866,0.9883870967741936,0.0792324998060562,74242,0.8381255573994423,0.16187444260055772,14303,71178,36,3064,SmallRandomForest,light
0.17090291261440574,0.041175047706076814,0.9883870967741936,0.07905668653404548,74414,0.8400672830516702,0.15993271694832978,14131,71350,36,3064,SmallRandomForest,light
0.17041296598175495,0.04109460474096321,0.9887096774193549,0.0789094279388291,74584,0.8419864304986396,0.15801356950136036,13962,71519,35,3065,SmallRandomForest,light
0.16999126789322871,0.0409890874077244,0.9887096774193549,0.07871488006574555,74776,0.8441539382034522,0.1558460617965478,13770,71711,35,3065,SmallRandomForest,light
0.16947780437256507,0.04091546006539001,0.9890322580645161,0.07858012430319729,74935,0.8459489055215001,0.15405109447849985,13612,71869,34,3066,SmallRandomForest,light
0.16896538727255295,0.04084023322062778,0.9896774193548387,0.07844340466876326,75122,0.8480599677131665,0.1519400322868335,13427,72054,32,3068,SmallRandomForest,light
0.16848419760718392,0.040743150821370235,0.9896774193548387,0.07826430785321616,75301,0.850080717083799,0.14991928291620105,13248,72233,32,3068,SmallRandomForest,light
0.16804952057282602,0.04065299199660783,0.9896774193548387,0.07809795336523775,75468,0.8519659972228808,0.1480340027771192,13081,72400,32,3068,SmallRandomForest,light
0.1675388795342797,0.040546076889529124,0.9896774193548387,0.07790064367057271,75667,0.8542125286460979,0.14578747135390213,12882,72599,32,3068,SmallRandomForest,light
0.16710716387140045,0.04046608493923497,0.9903225806451613,0.07775498315730821,75866,0.856459060069315,0.14354093993068495,12685,72796,30,3070,SmallRandomForest,light
0.1666398070094871,0.040329996584430254,0.9903225806451613,0.07750372371310998,76122,0.8593490703423985,0.1406509296576015,12429,73052,30,3070,SmallRandomForest,light
0.1661670748242069,0.04025526450277148,0.9909677419354839,0.07736768539156058,76313,0.8615052889445818,0.13849471105541822,12240,73241,28,3072,SmallRandomForest,light
0.16569191784217274,0.04013849872607304,0.9909677419354839,0.07715200602750046,76535,0.8640114697282713,0.13598853027172875,12018,73463,28,3072,SmallRandomForest,light
0.16518367203352485,0.040072479826882716,0.9916129032258064,0.07703198807181967,76711,0.8659983517910161,0.13400164820898386,11844,73637,26,3074,SmallRandomForest,light
0.16472189484523703,0.039949089586742516,0.9922580645161291,0.07680591275687283,76998,0.8692383242456058,0.13076167575439424,11559,73922,24,3076,SmallRandomForest,light
0.16421104396133265,0.03984920521822492,0.9922580645161291,0.07662129005741614,77191,0.8714171210530475,0.12858287894695253,11366,74115,24,3076,SmallRandomForest,light
0.1637601330410161,0.039714079273327825,0.9929032258064516,0.07637338097364894,77504,0.8749506101759971,0.12504938982400293,11055,74426,22,3078,SmallRandomForest,light
0.1632272475753115,0.03962154856149836,0.9929032258064516,0.07620226527201833,77685,0.876993937751888,0.12300606224811195,10874,74607,22,3078,SmallRandomForest,light
0.1628207957785596,0.03951980484046992,0.9929032258064516,0.07601407668086682,77885,0.8792517582777345,0.1207482417222655,10674,74807,22,3078,SmallRandomForest,light
0.16229202575976004,0.03941303011677935,0.9929032258064516,0.07581654268683187,78096,0.8816337589325025,0.11836624106749749,10463,75018,22,3078,SmallRandomForest,light
0.161890876766444,0.03931658856128612,0.993225806451613,0.07563902570842494,78313,0.8840834942030458,0.11591650579695423,10247,75234,21,3079,SmallRandomForest,light
0.1614671253558505,0.03921144398910581,0.9938709677419355,0.07544628645591009,78574,0.8870299499892753,0.11297005001072469,9988,75493,19,3081,SmallRandomForest,light
0.16095968439792466,0.039125300011429005,0.9938709677419355,0.07528681564382322,78747,0.8889829647441325,0.11101703525586748,9815,75666,19,3081,SmallRandomForest,light
0.1604767524460701,0.03904002838353248,0.9938709677419355,0.07512893353978957,78919,0.8909246903963604,0.10907530960363965,9643,75838,19,3081,SmallRandomForest,light
0.1599801798264768,0.03894364417487996,0.9941935483870967,0.07495136186770426,79140,0.8934195820774207,0.10658041792257933,9423,76058,18,3082,SmallRandomForest,light
0.15946824026718848,0.03884645441024478,0.9941935483870967,0.07477134331255005,79338,0.8956548243980086,0.10434517560199141,9225,76256,18,3082,SmallRandomForest,light
0.15898852653847093,0.03878084983270019,0.9945161290322581,0.07465071793505897,79498,0.8974610808186857,0.1025389191813143,9066,76415,17,3083,SmallRandomForest,light
0.15857745925556743,0.03870587053683523,0.9945161290322581,0.07451179427687549,79652,0.8991996026235874,0.10080039737641255,8912,76569,17,3083,SmallRandomForest,light
0.15801510436712352,0.03862392102328961,0.9945161290322581,0.07435993294822785,79821,0.9011074609679277,0.09889253903207229,8743,76738,17,3083,SmallRandomForest,light
0.1575199326834698,0.038556265393126385,0.9948387096774194,0.07423543996052331,79987,0.9029814520043802,0.09701854799561982,8578,76903,16,3084,SmallRandomForest,light
0.1569891883519221,0.0384802545386487,0.9948387096774194,0.07409454021262539,80145,0.9047651302197989,0.09523486978020113,8420,77061,16,3084,SmallRandomForest,light
0.1564627712407714,0.03841603885187722,0.9951612903225806,0.07397638031293088,80305,0.906571386640476,0.09342861335952402,8261,77220,15,3085,SmallRandomForest,light
0.1558650893831019,0.03834250984973713,0.9951612903225806,0.07384004116851565,80459,0.9083099084453776,0.09169009155462238,8107,77374,15,3085,SmallRandomForest,light
0.15532149105265397,0.03826831234881846,0.9951612903225806,0.0737024428119214,80615,0.9100710084555379,0.0899289915444621,7951,77530,15,3085,SmallRandomForest,light
0.15476664926412845,0.03819345573397051,0.9951612903225806,0.07356360211271804,80773,0.9118546866709565,0.08814531332904352,7793,77688,15,3085,SmallRandomForest,light
0.1542241112468023,0.03811889140131717,0.9951612903225806,0.07342528352631766,80931,0.9136383648863752,0.08636163511362482,7635,77846,15,3085,SmallRandomForest,light
0.153659281009745,0.038083144294309104,0.9964516129032258,0.07336246615684225,81112,0.9156816924622662,0.08431830753773384,7458,78023,11,3089,SmallRandomForest,light
0.15312005954068453,0.03801004085248806,0.9964516129032258,0.07322681585435237,81268,0.9174427924724263,0.08255720752757367,7302,78179,11,3089,SmallRandomForest,light
0.15273434188405852,0.03793209308037085,0.9964516129032258,0.07308215532028153,81435,0.9193280726115081,0.08067192738849194,7135,78346,11,3089,SmallRandomForest,light
0.15225442718580265,0.037864862877729576,0.9967741935483871,0.07295823200245555,81606,0.9212585091611067,0.07874149083889326,6965,78516,10,3090,SmallRandomForest,light
0.15177103485286264,0.03780253647559529,0.9970967741935484,0.07284339024591419,81767,0.9230760546844131,0.07692394531558688,6805,78676,9,3091,SmallRandomForest,light
0.15126935749598944,0.037730551859673105,0.9970967741935484,0.07270973736518353,81923,0.9248371546945733,0.07516284530542672,6649,78832,9,3091,SmallRandomForest,light
0.1507649721125916,0.037655170733490076,0.9970967741935484,0.07256975829645368,82087,0.9266885675257673,0.07331143247423266,6485,78996,9,3091,SmallRandomForest,light
0.1503114193955359,0.03758146094737866,0.9970967741935484,0.07243286310165441,82248,0.9285061130490737,0.07149388695092629,6324,79157,9,3091,SmallRandomForest,light
0.14983984684817622,0.03750985983860203,0.9970967741935484,0.07229986550494123,82405,0.9302785021618631,0.06972149783813686,6167,79314,9,3091,SmallRandomForest,light
0.14934009498547346,0.037437624146116955,0.9970967741935484,0.07216567052670901,82564,0.932073469479911,0.06792653052008901,6008,79473,9,3091,SmallRandomForest,light
0.14891197244413104,0.03736476276820792,0.9970967741935484,0.07203029420332072,82725,0.9338910150032174,0.06610898499678264,5847,79634,9,3091,SmallRandomForest,light
0.1484557623225378,0.03729038484738811,0.9970967741935484,0.07189208047447379,82890,0.9357537169370407,0.06424628306295932,5682,79799,9,3091,SmallRandomForest,light
0.14791686632436524,0.037214062123765955,0.9970967741935484,0.0717502321262767,83060,0.9376728643840101,0.062327135615989904,5512,79969,9,3091,SmallRandomForest,light
0.14740979076309849,0.03714340647456079,0.9970967741935484,0.07161889756481846,83218,0.9394565425994288,0.06054345740057121,5354,80127,9,3091,SmallRandomForest,light
0.14699448554621555,0.0370650166678658,0.9970967741935484,0.07147316576872384,83394,0.9414434246621736,0.05855657533782643,5178,80303,9,3091,SmallRandomForest,light
0.14649507007793391,0.036982089230806044,0.9970967741935484,0.07131897416965655,83581,0.94355448685384,0.056445513146159976,4991,80490,9,3091,SmallRandomForest,light
0.1459798129515998,0.036910988512335506,0.9970967741935484,0.07118675295363995,83742,0.9453720323771463,0.05462796762285371,4830,80651,9,3091,SmallRandomForest,light
0.1454969455722314,0.03683620936218896,0.9970967741935484,0.07104767158552844,83912,0.9472911798241158,0.052708820175884186,4660,80821,9,3091,SmallRandomForest,light
0.14494605403129146,0.03676216981244276,0.9970967741935484,0.07090994597446693,84081,0.949199038168456,0.050800961831544034,4491,80990,9,3091,SmallRandomForest,light
0.14434184521694113,0.036693218105628034,0.9970967741935484,0.07078166683841125,84239,0.9509827163838747,0.04901728361612534,4333,81148,9,3091,SmallRandomForest,light
0.14375171088362068,0.0366363733308056,0.9974193548387097,0.07067670891573426,84397,0.9527663945992934,0.047233605400706646,4176,81305,8,3092,SmallRandomForest,light
0.14319480503296173,0.036570076877587225,0.9974193548387097,0.0705533371363377,84550,0.9544936273015658,0.04550637269843416,4023,81458,8,3092,SmallRandomForest,light
0.1427052163504681,0.03650100342344469,0.9974193548387097,0.07042478077667692,84710,0.956299883722243,0.04370011627775705,3863,81618,8,3092,SmallRandomForest,light
0.14210266911927985,0.03645575586190645,0.9980645161290322,0.07034216210071616,84870,0.9581061401429201,0.04189385985707994,3705,81776,6,3094,SmallRandomForest,light
0.14152949317204025,0.036389725254045914,0.9980645161290322,0.07021923653034359,85024,0.9598446619478218,0.04015533805217819,3551,81930,6,3094,SmallRandomForest,light
0.1409538950741838,0.03632222770068794,0.9980645161290322,0.07009356380689157,85182,0.9616283401632404,0.03837165983675961,3393,82088,6,3094,SmallRandomForest,light
0.14042317330669202,0.036253280839895013,0.9980645161290322,0.06996517570440053,85344,0.963457174789176,0.03654282521082397,3231,82250,6,3094,SmallRandomForest,light
0.13979602444124534,0.03618544161676647,0.9980645161290322,0.0698388334612433,85504,0.9652634312098531,0.03473656879014686,3071,82410,6,3094,SmallRandomForest,light
0.13923678173555296,0.036115747820098285,0.9980645161290322,0.06970902004078001,85669,0.9671261331436765,0.03287386685632354,2906,82575,6,3094,SmallRandomForest,light
0.13871439701022414,0.03604674192909487,0.9980645161290322,0.06958047069141939,85833,0.9689775459748704,0.031022454025129598,2742,82739,6,3094,SmallRandomForest,light
0.13813598053687956,0.035978417600818643,0.9980645161290322,0.0694531741043369,85996,0.9708176697034353,0.029182330296564696,2579,82902,6,3094,SmallRandomForest,light
0.13753529775133053,0.035912852715517744,0.9980645161290322,0.06933100287945504,86153,0.9725900588162247,0.027409941183775266,2422,83059,6,3094,SmallRandomForest,light
0.13689679599774168,0.035860774453688044,0.9983870967741936,0.06923472697581819,86306,0.9743172915184972,0.02568270848150278,2270,83211,5,3095,SmallRandomForest,light
0.13621480802275626,0.03580722389924014,0.9987096774193548,0.06913569219432132,86463,0.9760896806312866,0.02391031936871335,2114,83367,4,3096,SmallRandomForest,light
0.13566275319807133,0.03574438607631473,0.9987096774193548,0.06901855876943655,86615,0.9778056242309299,0.02219437576907013,1962,83519,4,3096,SmallRandomForest,light
0.13500378782443995,0.035690825487190714,0.9990322580645161,0.06891947525953289,86773,0.9795893024463486,0.020410697553651436,1805,83676,3,3097,SmallRandomForest,light
0.13432976393402815,0.035636639711041834,0.9993548387096775,0.06881921073384203,86933,0.9813955588670257,0.018604441132974325,1646,83835,2,3098,SmallRandomForest,light
0.1336839114709686,0.03556994580692569,0.9993548387096775,0.06869484234334117,87096,0.9832356825955905,0.016764317404409534,1483,83998,2,3098,SmallRandomForest,light
0.13306384824285475,0.03550553556283952,0.9993548387096775,0.06857471722336586,87254,0.9850193608110092,0.01498063918899084,1325,84156,2,3098,SmallRandomForest,light
0.132388226284321,0.03545077044510793,0.9996774193548387,0.06847332545267738,87417,0.986859484539574,0.01314051546042605,1163,84318,1,3099,SmallRandomForest,light
0.13158937693475523,0.03538438702458296,0.9996774193548387,0.06834948886756873,87581,0.988710897370768,0.011289102629231995,999,84482,1,3099,SmallRandomForest,light
0.13065970697711635,0.03531583685656004,0.9996774193548387,0.06822159359830932,87751,0.9906300448177374,0.00936995518226258,829,84652,1,3099,SmallRandomForest,light
0.12953905467779184,0.03526052981789642,1.0,0.0681191425777602,87917,0.99250403585419,0.007495964145809997,664,84817,0,3100,SmallRandomForest,light
0.1282853808502923,0.0351952770208901,1.0,0.0679973678438254,88080,0.9943441595827548,0.005655840417245206,501,84980,0,3100,SmallRandomForest,light
0.12631217399972988,0.035130663402914715,1.0,0.0678767708173677,88242,0.9961729942086903,0.003827005791309679,339,85142,0,3100,SmallRandomForest,light
0.0007315764289360066,0.03499621815061921,1.0,0.06762578942201765,88581,1.0,0.0,0,85481,0,3100,SmallRandomForest,light
0.12798498977223718,0.603448275862069,0.21451612903225806,0.3165159447881961,1102,0.012440591097413667,0.9875594089025863,85044,437,2435,665,SmallLightGBM,light
0.1268050255924013,0.596169193934557,0.24096774193548387,0.3432115782219159,1253,0.014145245594427699,0.9858547544055724,84975,506,2353,747,SmallLightGBM,light
0.125109395763624,0.5608994378513429,0.2896774193548387,0.3820463731121038,1601,0.018073853309400437,0.9819261466905995,84778,703,2202,898,SmallLightGBM,light
0.1234744178527385,0.5395373856912319,0.3235483870967742,0.40451703972575115,1859,0.020986441787742293,0.9790135582122577,84625,856,2097,1003,SmallLightGBM,light
0.10913642787298997,0.4985549132947977,0.3338709677419355,0.3999227202472952,2076,0.023436177058285636,0.9765638229417144,84440,1041,2065,1035,SmallLightGBM,light
0.10652696071966647,0.40027137042062416,0.38064516129032255,0.3902116402116402,2948,0.033280274550975944,0.9667197254490241,83713,1768,1920,1180,SmallLightGBM,light
0.10213970127568868,0.39700996677740863,0.38548387096774195,0.39116202945990175,3010,0.033980198913988326,0.9660198010860117,83666,1815,1905,1195,SmallLightGBM,light
0.10118200395679021,0.3954098360655738,0.38903225806451613,0.3921951219512195,3050,0.03443176301915761,0.9655682369808424,83637,1844,1894,1206,SmallLightGBM,light
0.09827212511503491,0.2939290294997862,0.4435483870967742,0.35356132681923375,4678,0.052810422099547304,0.9471895779004527,82178,3303,1725,1375,SmallLightGBM,light
0.09796016691056658,0.288125,0.4461290322580645,0.350126582278481,4800,0.05418769262031361,0.9458123073796864,82064,3417,1717,1383,SmallLightGBM,light
0.09632159711566642,0.26308370044052865,0.48161290322580647,0.3402849002849002,5675,0.06406565742089161,0.9359343425791083,81299,4182,1607,1493,SmallLightGBM,light
0.08950639566224176,0.2033136094674556,0.5541935483870968,0.2974891774891775,8450,0.09539291721701042,0.9046070827829896,78749,6732,1382,1718,SmallLightGBM,light
0.08935920490123953,0.19591972502494734,0.57,0.2916082184998762,9019,0.10181641661304343,0.8981835833869566,78229,7252,1333,1767,SmallLightGBM,light
0.08742379207329772,0.14846427851334096,0.7125806451612903,0.2457311307636687,14879,0.16797055802034297,0.832029441979657,72811,12670,891,2209,SmallLightGBM,light
0.08111192792443891,0.13962033067973056,0.7354838709677419,0.2346886258363356,16330,0.1843510459353586,0.8156489540646414,71431,14050,820,2280,SmallLightGBM,light
0.07536579530173308,0.13705583756345177,0.7403225806451613,0.23129251700680273,16745,0.18903602352648988,0.8109639764735102,71031,14450,805,2295,SmallLightGBM,light
0.0716145862453319,0.1363555450068237,0.7412903225806452,0.23034130205984063,16853,0.19025524661044693,0.8097447533895531,70926,14555,802,2298,SmallLightGBM,light
0.06336023920339488,0.1308543053831396,0.7480645161290322,0.22274517337431565,17722,0.20006547679524955,0.7999345232047504,70078,15403,781,2319,SmallLightGBM,light
0.05523502300669519,0.12916504422317407,0.7490322580645161,0.22033496228115956,17977,0.2029441979657037,0.7970558020342963,69826,15655,778,2322,SmallLightGBM,light
0.050557896644389665,0.05067087067532601,0.9538709677419355,0.0962298843093545,58357,0.6587981621340919,0.3412018378659081,30081,55400,143,2957,SmallLightGBM,light
0.05004882618121259,0.050339673913043476,0.9561290322580646,0.09564375605033883,58880,0.6647023628091803,0.33529763719081973,29565,55916,136,2964,SmallLightGBM,light
0.05002476416341636,0.04925822902178952,0.9596774193548387,0.09370669018520851,60396,0.681816642395096,0.318183357604904,28060,57421,125,2975,SmallLightGBM,light
0.04923145319845822,0.049136086884976136,0.9632258064516129,0.09350242680444654,60770,0.6860387667784288,0.3139612332215712,27697,57784,114,2986,SmallLightGBM,light
0.04716630743016449,0.04757771816316869,0.9725806451612903,0.0907176169700617,63370,0.715390433614432,0.284609566385568,25126,60355,85,3015,SmallLightGBM,light
0.04632143194592363,0.047006424780409076,0.9770967741935483,0.08969765169238057,64438,0.7274471952224517,0.2725528047775483,24072,61409,71,3029,SmallLightGBM,light
0.04156164489584228,0.04661543417238047,0.9803225806451613,0.08899887250523479,65193,0.735970467707522,0.26402953229247805,23327,62154,61,3039,SmallLightGBM,light
0.03641906954983093,0.046577524544716566,0.9809677419354839,0.08893243065405254,65289,0.7370542215599282,0.26294577844007183,23233,62248,59,3041,SmallLightGBM,light
0.035844998504025366,0.045801182257118364,0.9822580645161291,0.08752137734791544,66483,0.7505334100992312,0.24946658990076875,22043,63438,55,3045,SmallLightGBM,light
0.035125092543053474,0.03517052029679381,1.0,0.0679511628416738,88142,0.9950440839457672,0.004955916054232845,439,85042,0,3100,SmallLightGBM,light
0.033543447963605845,0.03504686104484868,1.0,0.06772033685406267,88453,0.9985549948634583,0.001445005136541666,128,85353,0,3100,SmallLightGBM,light
0.033281811678536645,0.03499621815061921,1.0,0.06762578942201765,88581,1.0,0.0,0,85481,0,3100,SmallLightGBM,light
