threshold,precision,recall,f1,tn,fp,fn,tp,predicted_fraud_count,positive_prediction_rate,trial_name,model_family
0.9999324083328247,1.0,0.0003225806451612903,0.0006449532408900355,85481,0,3099,1,1,1.1289102629232002e-05,xgb_d8_full_weight,XGBoost
0.9989470839500427,0.995575221238938,0.07258064516129033,0.13529765484064946,85480,1,2875,225,226,0.0025513371942064325,xgb_d8_full_weight,XGBoost
0.9970690608024597,0.9955357142857143,0.14387096774193547,0.2514092446448703,85479,2,2654,446,448,0.005057517977895937,xgb_d8_full_weight,XGBoost
0.9942418932914734,0.9866071428571429,0.21387096774193548,0.35153764581124075,85472,9,2437,663,672,0.007586276966843906,xgb_d8_full_weight,XGBoost
0.9892459511756897,0.9753914988814317,0.2812903225806452,0.4366549824737106,85459,22,2228,872,894,0.01009245775053341,xgb_d8_full_weight,XGBoost
0.9801635146141052,0.9614349775784753,0.34580645161290324,0.5086595492289443,85438,43,2028,1072,1115,0.012587349431593682,xgb_d8_full_weight,XGBoost
0.9642913937568665,0.9550898203592815,0.41161290322580646,0.5752930568079351,85421,60,1824,1276,1336,0.015082241112653955,xgb_d8_full_weight,XGBoost
0.9431886076927185,0.938985228002569,0.47161290322580646,0.6278720206141292,85386,95,1638,1462,1557,0.01757713279371423,xgb_d8_full_weight,XGBoost
0.9180808067321777,0.924114671163575,0.5303225806451612,0.673908587825374,85346,135,1456,1644,1779,0.02008331357740373,xgb_d8_full_weight,XGBoost
0.8846941590309143,0.901,0.5812903225806452,0.7066666666666667,85283,198,1298,1802,2000,0.022578205258464004,xgb_d8_full_weight,XGBoost
0.848916232585907,0.8644754615038271,0.6193548387096774,0.7216688592369855,85180,301,1180,1920,2221,0.025073096939524277,xgb_d8_full_weight,XGBoost
0.8114120960235596,0.8296478296478297,0.6535483870967742,0.7311439913388668,85065,416,1074,2026,2442,0.02756798862058455,xgb_d8_full_weight,XGBoost
0.7813104391098022,0.7931681681681682,0.6816129032258065,0.7331714087439278,84930,551,987,2113,2664,0.030074169404274053,xgb_d8_full_weight,XGBoost
0.750571608543396,0.7611785095320623,0.7083870967741935,0.7338345864661654,84792,689,904,2196,2885,0.032569061085334326,xgb_d8_full_weight,XGBoost
0.7203097939491272,0.7269800386349002,0.7283870967741936,0.7276828875281987,84633,848,842,2258,3106,0.035063952766394596,xgb_d8_full_weight,XGBoost
0.6920105218887329,0.6916140667267808,0.7422580645161291,0.7160416990819978,84455,1026,799,2301,3327,0.03755884444745487,xgb_d8_full_weight,XGBoost
0.6651512980461121,0.6596224288531981,0.7551612903225806,0.7041660400060159,84273,1208,759,2341,3549,0.04006502523114438,xgb_d8_full_weight,XGBoost
0.6394368410110474,0.6318302387267904,0.7683870967741936,0.6934497816593888,84093,1388,718,2382,3770,0.04255991691220465,xgb_d8_full_weight,XGBoost
0.6160106062889099,0.6058631921824105,0.78,0.6819912565223524,83908,1573,682,2418,3991,0.04505480859326492,xgb_d8_full_weight,XGBoost
0.5953971743583679,0.5805839069546641,0.7890322580645162,0.6689457131136333,83714,1767,654,2446,4213,0.047560989376954424,xgb_d8_full_weight,XGBoost
0.5770410895347595,0.5579612088407758,0.7980645161290323,0.6567560392885586,83521,1960,626,2474,4434,0.0500558810580147,xgb_d8_full_weight,XGBoost
0.5581202507019043,0.5368421052631579,0.8061290322580645,0.644487427466151,83325,2156,601,2499,4655,0.05255077273907497,xgb_d8_full_weight,XGBoost
0.539232611656189,0.5182526661197703,0.8151612903225807,0.6336509528585758,83132,2349,573,2527,4876,0.05504566442013524,xgb_d8_full_weight,XGBoost
0.5241591334342957,0.49735242204353797,0.8180645161290323,0.6186120258568119,82918,2563,564,2536,5099,0.05756313430645398,xgb_d8_full_weight,XGBoost
0.5082598924636841,0.48036083442961847,0.824516129032258,0.6070537940862131,82716,2765,544,2556,5321,0.06006931509014348,xgb_d8_full_weight,XGBoost
0.4933834373950958,0.46445326596896425,0.8303225806451613,0.595695440870169,82513,2968,526,2574,5542,0.06256420677120375,xgb_d8_full_weight,XGBoost
0.4784599244594574,0.44855110185667185,0.8338709677419355,0.5833239309488886,82303,3178,515,2585,5763,0.06505909845226403,xgb_d8_full_weight,XGBoost
0.46615320444107056,0.4344193817878028,0.8387096774193549,0.5723720418271876,82096,3385,500,2600,5985,0.06756527923595354,xgb_d8_full_weight,XGBoost
0.4538087248802185,0.4207218820496294,0.8422580645161291,0.5611433483773909,81886,3595,489,2611,6206,0.0700601709170138,xgb_d8_full_weight,XGBoost
0.4404247999191284,0.40781079819511434,0.8454838709677419,0.5502256743990763,81675,3806,479,2621,6427,0.07255506259807408,xgb_d8_full_weight,XGBoost
0.4280719757080078,0.3963598074608905,0.85,0.5406237176856791,81468,4013,465,2635,6648,0.07504995427913436,xgb_d8_full_weight,XGBoost
0.41714271903038025,0.3858806404657933,0.8551612903225806,0.5317953861584754,81262,4219,449,2651,6870,0.07755613506282386,xgb_d8_full_weight,XGBoost
0.40713271498680115,0.3745593005217882,0.8567741935483871,0.5212442351094103,81046,4435,444,2656,7091,0.08005102674388413,xgb_d8_full_weight,XGBoost
0.3971768319606781,0.3647428884026258,0.8603225806451613,0.5122935074913562,80836,4645,433,2667,7312,0.0825459184249444,xgb_d8_full_weight,XGBoost
0.388883113861084,0.3562989512810301,0.8658064516129033,0.5048434120191856,80632,4849,416,2684,7533,0.08504081010600467,xgb_d8_full_weight,XGBoost
0.38021108508110046,0.3479045776918117,0.8703225806451613,0.4970981114693689,80424,5057,402,2698,7755,0.08754699088969418,xgb_d8_full_weight,XGBoost
0.3717489242553711,0.33939317953861586,0.8732258064516129,0.4888046226074395,80212,5269,393,2707,7976,0.09004188257075445,xgb_d8_full_weight,XGBoost
0.3636449873447418,0.331178336179556,0.8758064516129033,0.4806160382368561,79998,5483,385,2715,8198,0.09254806335444396,xgb_d8_full_weight,XGBoost
0.35510727763175964,0.32315914489311165,0.8777419354838709,0.4723958333333333,79782,5699,379,2721,8420,0.09505424413813346,xgb_d8_full_weight,XGBoost
0.3471345007419586,0.31581992824904526,0.8803225806451613,0.46486670641342304,79569,5912,371,2729,8641,0.09754913581919374,xgb_d8_full_weight,XGBoost
0.338918000459671,0.3088467614533965,0.8829032258064516,0.457615783313827,79356,6125,363,2737,8862,0.100044027500254,xgb_d8_full_weight,XGBoost
0.33100080490112305,0.3025432125949576,0.8864516129032258,0.451120413691209,79146,6335,352,2748,9083,0.10253891918131428,xgb_d8_full_weight,XGBoost
0.32441776990890503,0.29607737775389575,0.8887096774193548,0.44417573559048773,78931,6550,345,2755,9305,0.10504509996500379,xgb_d8_full_weight,XGBoost
0.3174643814563751,0.28983833718244806,0.8906451612903226,0.4373514969111358,78716,6765,339,2761,9526,0.10753999164606405,xgb_d8_full_weight,XGBoost
0.31135475635528564,0.2839848158407715,0.8929032258064517,0.43091772398225264,78502,6979,332,2768,9747,0.11003488332712433,xgb_d8_full_weight,XGBoost
0.305117666721344,0.27816230313973317,0.8945161290322581,0.42436299640370345,78285,7196,327,2773,9969,0.11254106411081383,xgb_d8_full_weight,XGBoost
0.2990438938140869,0.2723972132273575,0.895483870967742,0.4177262809419908,78066,7415,324,2776,10191,0.11504724489450334,xgb_d8_full_weight,XGBoost
0.2931976616382599,0.26728774490971957,0.8977419354838709,0.41193013617525165,77852,7629,317,2783,10412,0.1175421365755636,xgb_d8_full_weight,XGBoost
0.2874963581562042,0.2625787642245838,0.9006451612903226,0.40661181096628557,77640,7841,308,2792,10633,0.12003702825662388,xgb_d8_full_weight,XGBoost
0.28169378638267517,0.25787728026533996,0.9029032258064517,0.40117529023935794,77426,8055,301,2799,10854,0.12253191993768416,xgb_d8_full_weight,XGBoost
0.27714109420776367,0.25311428055605706,0.9045161290322581,0.3955423896177176,77207,8274,296,2804,11078,0.1250606789266321,xgb_d8_full_weight,XGBoost
0.27177131175994873,0.24860607133374635,0.9061290322580645,0.39016598374887146,76991,8490,291,2809,11299,0.1275555706076924,xgb_d8_full_weight,XGBoost
0.2668110132217407,0.24427083333333333,0.9077419354838709,0.38495212038303694,76775,8706,286,2814,11520,0.13005046228875267,xgb_d8_full_weight,XGBoost
0.26249247789382935,0.24001362745933055,0.9090322580645162,0.37975877636277877,76558,8923,282,2818,11741,0.13254535396981293,xgb_d8_full_weight,XGBoost
0.2582934498786926,0.2359775975925771,0.9106451612903226,0.3748257319259112,76341,9140,277,2823,11963,0.13505153475350246,xgb_d8_full_weight,XGBoost
0.253953754901886,0.2319435325016415,0.9116129032258065,0.3697984820727558,76123,9358,274,2826,12184,0.13754642643456272,xgb_d8_full_weight,XGBoost
0.2497285008430481,0.22821442966545746,0.9132258064516129,0.3651725249919381,75907,9574,269,2831,12405,0.14004131811562298,xgb_d8_full_weight,XGBoost
0.24589279294013977,0.22475647422190545,0.915483870967742,0.3609079926241496,75692,9789,262,2838,12627,0.14254749889931248,xgb_d8_full_weight,XGBoost
0.24218571186065674,0.22151307596513076,0.9180645161290323,0.3569099573614246,75479,10002,254,2846,12848,0.14504239058037277,xgb_d8_full_weight,XGBoost
0.23800545930862427,0.218149820185171,0.9196774193548387,0.3526501329704991,75263,10218,249,2851,13069,0.14753728226143303,xgb_d8_full_weight,XGBoost
0.2340025007724762,0.2148231753197893,0.9209677419354839,0.3483831604636974,75046,10435,245,2855,13290,0.15003217394249332,xgb_d8_full_weight,XGBoost
0.23028963804244995,0.2114260341892992,0.9216129032258065,0.3439475109853729,74825,10656,243,2857,13513,0.15254964382881206,xgb_d8_full_weight,XGBoost
0.2264290601015091,0.20838794233289645,0.9232258064516129,0.34002613757870975,74609,10872,238,2862,13734,0.15504453550987232,xgb_d8_full_weight,XGBoost
0.2229541689157486,0.2053449881779752,0.9245161290322581,0.3360497156592601,74390,11091,234,2866,13957,0.15756200539619106,xgb_d8_full_weight,XGBoost
0.21950434148311615,0.2022852306390182,0.9251612903225807,0.33198286838754487,74171,11310,232,2868,14178,0.16005689707725132,xgb_d8_full_weight,XGBoost
0.21596014499664307,0.19927787807248992,0.9258064516129032,0.3279625185693063,73949,11532,230,2870,14402,0.1625856560661993,xgb_d8_full_weight,XGBoost
0.21262997388839722,0.1968132394173562,0.9283870967741935,0.32477571517237486,73736,11745,222,2878,14623,0.16508054774725958,xgb_d8_full_weight,XGBoost
0.20964652299880981,0.19393735264398787,0.9287096774193548,0.32086932293117865,73515,11966,221,2879,14845,0.16758672853094908,xgb_d8_full_weight,XGBoost
0.20671845972537994,0.1914780646445875,0.9306451612903226,0.3176088512137392,73299,12182,215,2885,15067,0.17009290931463858,xgb_d8_full_weight,XGBoost
0.20320524275302887,0.188763163058408,0.9309677419354838,0.31388329979879276,73078,12403,214,2886,15289,0.17259909009832808,xgb_d8_full_weight,XGBoost
0.2006363868713379,0.18637184115523467,0.9325806451612904,0.31065978938319366,72860,12621,209,2891,15512,0.1751165599846468,xgb_d8_full_weight,XGBoost
0.19743162393569946,0.18394457509693002,0.9335483870967742,0.30733287314819735,72642,12839,206,2894,15733,0.1776114516657071,xgb_d8_full_weight,XGBoost
0.19499976933002472,0.18158455559734235,0.9345161290322581,0.3040831321507295,72424,13057,203,2897,15954,0.18010634334676737,xgb_d8_full_weight,XGBoost
0.1923592984676361,0.17920504419855351,0.9351612903225807,0.30077294184779796,72203,13278,201,2899,16177,0.1826238132330861,xgb_d8_full_weight,XGBoost
0.1897752732038498,0.176972801561166,0.9361290322580645,0.2976715560570315,71985,13496,198,2902,16398,0.18511870491414636,xgb_d8_full_weight,XGBoost
0.1868550032377243,0.17486009988567303,0.9374193548387096,0.2947411126324864,71768,13713,194,2906,16619,0.18761359659520666,xgb_d8_full_weight,XGBoost
0.18441921472549438,0.17267383172020664,0.9380645161290323,0.2916603981746151,71548,13933,192,2908,16841,0.19011977737889615,xgb_d8_full_weight,XGBoost
0.18199379742145538,0.17061305825811746,0.9390322580645162,0.2887610356115465,71330,14151,189,2911,17062,0.19261466905995642,xgb_d8_full_weight,XGBoost
0.17971408367156982,0.16859523258504977,0.94,0.28591051805337525,71111,14370,186,2914,17284,0.19512084984364592,xgb_d8_full_weight,XGBoost
0.1775485724210739,0.1665809768637532,0.9406451612903226,0.2830380975491385,70892,14589,184,2916,17505,0.1976157415247062,xgb_d8_full_weight,XGBoost
0.1752946674823761,0.16466407175495007,0.9416129032258065,0.2803092140010563,70673,14808,181,2919,17727,0.2001219223083957,xgb_d8_full_weight,XGBoost
0.17300353944301605,0.1626365054602184,0.9416129032258065,0.2773660205245154,70452,15029,181,2919,17948,0.20261681398945597,xgb_d8_full_weight,XGBoost
0.1707940697669983,0.16076834168088502,0.942258064516129,0.27467205792467914,70233,15248,179,2921,18169,0.20511170567051626,xgb_d8_full_weight,XGBoost
0.1684059351682663,0.15894507884719958,0.9429032258064516,0.2720335039553281,70014,15467,177,2923,18390,0.20760659735157652,xgb_d8_full_weight,XGBoost
0.16635370254516602,0.1571482297319078,0.9435483870967742,0.26942384746465253,69793,15688,175,2925,18613,0.21012406723789526,xgb_d8_full_weight,XGBoost
0.16422651708126068,0.15535733248380587,0.9438709677419355,0.2668004012036108,69573,15908,174,2926,18834,0.21261895891895552,xgb_d8_full_weight,XGBoost
0.16219550371170044,0.15365239294710328,0.944516129032258,0.26430763675753743,69353,16128,172,2928,19056,0.21512513970264505,xgb_d8_full_weight,XGBoost
0.16004298627376556,0.15199460496965295,0.9451612903225807,0.2618760334271797,69134,16347,170,2930,19277,0.2176200313837053,xgb_d8_full_weight,XGBoost
0.15803393721580505,0.1503154007897841,0.9454838709677419,0.2593920084959512,68913,16568,169,2931,19499,0.2201262121673948,xgb_d8_full_weight,XGBoost
0.1560887098312378,0.14873225152129818,0.9461290322580646,0.2570552147239264,68694,16787,167,2933,19720,0.2226211038484551,xgb_d8_full_weight,XGBoost
0.15419557690620422,0.14708389749761797,0.9461290322580646,0.25458964454667765,68473,17008,167,2933,19941,0.22511599552951536,xgb_d8_full_weight,XGBoost
0.15233168005943298,0.14571244358478402,0.947741935483871,0.252589949705541,68256,17225,162,2938,20163,0.22762217631320486,xgb_d8_full_weight,XGBoost
0.15044935047626495,0.14417463821437332,0.9480645161290323,0.2502874175005323,68035,17446,161,2939,20385,0.23012835709689436,xgb_d8_full_weight,XGBoost
0.14854927361011505,0.14262836067164902,0.9480645161290323,0.24795410444613175,67814,17667,161,2939,20606,0.23262324877795465,xgb_d8_full_weight,XGBoost
0.1467871516942978,0.1411148989292745,0.9480645161290323,0.24566389434530034,67593,17888,161,2939,20827,0.2351181404590149,xgb_d8_full_weight,XGBoost
0.1448710560798645,0.13967409378117726,0.9483870967741935,0.24348834320261709,67372,18109,160,2940,21049,0.2376243212427044,xgb_d8_full_weight,XGBoost
0.14304935932159424,0.1383638928067701,0.9493548387096774,0.24152646696758312,67154,18327,157,2943,21270,0.2401192129237647,xgb_d8_full_weight,XGBoost
0.1413182020187378,0.13694104508864174,0.9493548387096774,0.23935586190069533,66933,18548,157,2943,21491,0.24261410460482496,xgb_d8_full_weight,XGBoost
0.1399557739496231,0.13563927781871776,0.95,0.23738513622440754,66714,18767,155,2945,21712,0.24510899628588523,xgb_d8_full_weight,XGBoost
0.1384599357843399,0.13440320962888666,0.9509677419354838,0.23551969321722457,66495,18986,152,2948,21934,0.24761517706957473,xgb_d8_full_weight,XGBoost
0.13694992661476135,0.13310765064319566,0.9512903225806452,0.2335379132844981,66275,19206,151,2949,22155,0.250110068750635,xgb_d8_full_weight,XGBoost
0.13545088469982147,0.13179299249195567,0.9512903225806452,0.23151201130475738,66054,19427,151,2949,22376,0.2526049604316953,xgb_d8_full_weight,XGBoost
0.1339922845363617,0.13054830287206268,0.9516129032258065,0.2295987858504884,65834,19647,150,2950,22597,0.25509985211275554,xgb_d8_full_weight,XGBoost
0.13248799741268158,0.12940970244094832,0.9525806451612904,0.22786372931054436,65615,19866,147,2953,22819,0.25760603289644507,xgb_d8_full_weight,XGBoost
0.13103465735912323,0.128249641942624,0.9532258064516129,0.22608163421445235,65395,20086,145,2955,23041,0.26011221368013454,xgb_d8_full_weight,XGBoost
0.12952014803886414,0.12724068262906763,0.9548387096774194,0.22455714448279787,65178,20303,140,2960,23263,0.26261839446382407,xgb_d8_full_weight,XGBoost
0.12808670103549957,0.1262135922330097,0.9561290322580646,0.222991272946133,64961,20520,136,2964,23484,0.26511328614488433,xgb_d8_full_weight,XGBoost
0.12683799862861633,0.125116004387075,0.9567741935483871,0.22129374020741627,64741,20740,134,2966,23706,0.26761946692857386,xgb_d8_full_weight,XGBoost
0.12557217478752136,0.12400217327705103,0.9570967741935484,0.21955821955821955,64521,20960,133,2967,23927,0.2701143586096341,xgb_d8_full_weight,XGBoost
0.1241810992360115,0.12286731820440616,0.9570967741935484,0.2177774515560775,64300,21181,133,2967,24148,0.2726092502906944,xgb_d8_full_weight,XGBoost
0.12266326695680618,0.12178908494050061,0.9574193548387097,0.2160902803057881,64079,21402,132,2968,24370,0.2751154310743839,xgb_d8_full_weight,XGBoost
0.12138036638498306,0.12076116125884362,0.9580645161290322,0.21448689246768254,63857,21624,130,2970,24594,0.27764419006333185,xgb_d8_full_weight,XGBoost
0.12016947567462921,0.11972597219423736,0.9583870967741935,0.2128604692817482,63637,21844,129,2971,24815,0.2801390817443921,xgb_d8_full_weight,XGBoost
0.11867804080247879,0.11874900143792938,0.9590322580645161,0.21133067955644017,63418,22063,127,2973,25036,0.28263397342545243,xgb_d8_full_weight,XGBoost
0.11730048060417175,0.11778446432813366,0.9596774193548387,0.2098173354961563,63198,22283,125,2975,25258,0.2851401542091419,xgb_d8_full_weight,XGBoost
0.116079181432724,0.11684132030299463,0.9603225806451613,0.2083347912803107,62979,22502,123,2977,25479,0.28763504589020217,xgb_d8_full_weight,XGBoost
0.11469393223524094,0.11587548638132296,0.9606451612903226,0.20680555555555558,62759,22722,122,2978,25700,0.2901299375712625,xgb_d8_full_weight,XGBoost
0.11353663355112076,0.11492612167740442,0.9609677419354838,0.20529961062678748,62539,22942,121,2979,25921,0.29262482925232275,xgb_d8_full_weight,XGBoost
0.11238545924425125,0.11402233782129743,0.9616129032258065,0.2038708794966489,62318,23163,119,2981,26144,0.2951422991386415,xgb_d8_full_weight,XGBoost
0.11129926890134811,0.11310449459510714,0.9619354838709677,0.20240963855421684,62098,23383,118,2982,26365,0.29763719081970175,xgb_d8_full_weight,XGBoost
0.10993418842554092,0.11219347073867911,0.962258064516129,0.200956615467529,61876,23605,117,2983,26588,0.3001546607060205,xgb_d8_full_weight,XGBoost
0.10872171074151993,0.11134320563989705,0.9629032258064516,0.1996054699254405,61657,23824,115,2985,26809,0.30264955238708074,xgb_d8_full_weight,XGBoost
0.107615165412426,0.11042876697125523,0.9629032258064516,0.19813481132388572,61435,24046,115,2985,27031,0.30515573317077027,xgb_d8_full_weight,XGBoost
0.10644445568323135,0.10956591934832863,0.9632258064516129,0.1967515566830297,61214,24267,114,2986,27253,0.30766191395445974,xgb_d8_full_weight,XGBoost
0.10544317960739136,0.108720972555871,0.9635483870967742,0.195394779878328,60994,24487,113,2987,27474,0.31015680563552,xgb_d8_full_weight,XGBoost
0.1043144166469574,0.10785340314136126,0.9635483870967742,0.19399253125507387,60773,24708,113,2987,27695,0.3126516973165803,xgb_d8_full_weight,XGBoost
0.10327652841806412,0.10698807263870483,0.9635483870967742,0.19259163738353913,60549,24932,113,2987,27919,0.31518045630552827,xgb_d8_full_weight,XGBoost
0.10205636918544769,0.10614406026793646,0.9635483870967742,0.19122307224480647,60327,25154,113,2987,28141,0.3176866370892178,xgb_d8_full_weight,XGBoost
0.1010037511587143,0.10531697341513292,0.9635483870967742,0.1898798550632509,60106,25375,113,2987,28362,0.32018152877027806,xgb_d8_full_weight,XGBoost
0.09977708011865616,0.10460763390826715,0.964516129032258,0.18874475270649874,59888,25593,110,2990,28583,0.3226764204513383,xgb_d8_full_weight,XGBoost
0.09874016046524048,0.10400972053462941,0.9664516129032258,0.1878075536749726,59672,25809,104,2996,28805,0.32518260123502785,xgb_d8_full_weight,XGBoost
0.09767952561378479,0.10321424880283873,0.9664516129032258,0.1865097892738195,59450,26031,104,2996,29027,0.3276887820187173,xgb_d8_full_weight,XGBoost
0.0966455414891243,0.1025027352297593,0.9670967741935483,0.18535921849882528,59231,26250,102,2998,29248,0.3301836736997776,xgb_d8_full_weight,XGBoost
0.09556780755519867,0.1017610532387771,0.9674193548387097,0.18415154585367352,59009,26472,101,2999,29471,0.3327011435860963,xgb_d8_full_weight,XGBoost
0.0945325642824173,0.10100363734339216,0.9674193548387097,0.18291046596730912,58788,26693,101,2999,29692,0.33519603526715663,xgb_d8_full_weight,XGBoost
0.09351326525211334,0.10032091997058233,0.9680645161290322,0.1818016599018598,58568,26913,99,3001,29914,0.3377022160508461,xgb_d8_full_weight,XGBoost
0.09255607426166534,0.09961838393894143,0.9683870967741935,0.18065292613208966,58348,27133,98,3002,30135,0.34019710773190637,xgb_d8_full_weight,XGBoost
0.09161320328712463,0.09892281846032216,0.9687096774193549,0.17951400304868936,58127,27354,97,3003,30357,0.3427032885155959,xgb_d8_full_weight,XGBoost
0.09059607982635498,0.09823092770020601,0.9690322580645161,0.17837950179626497,57904,27577,96,3004,30581,0.34523204750454384,xgb_d8_full_weight,XGBoost
0.08974403142929077,0.0975261346665801,0.9690322580645161,0.17721668338151142,57683,27798,96,3004,30802,0.34772693918560416,xgb_d8_full_weight,XGBoost
0.08886167407035828,0.09686049510056731,0.9693548387096774,0.17612237721251908,57462,28019,95,3005,31024,0.3502331199692936,xgb_d8_full_weight,XGBoost
0.08797059953212738,0.09616615463389656,0.9693548387096774,0.17497379760102477,57238,28243,95,3005,31248,0.3527618789582416,xgb_d8_full_weight,XGBoost
0.08705180138349533,0.09564968699354921,0.9709677419354839,0.1741444646938008,57022,28459,90,3010,31469,0.3552567706393019,xgb_d8_full_weight,XGBoost
0.0862082913517952,0.09497964721845319,0.9709677419354839,0.17303325572705583,56800,28681,90,3010,31691,0.35776295142299136,xgb_d8_full_weight,XGBoost
0.08536843955516815,0.0943218851842567,0.9709677419354839,0.17194104878327432,56579,28902,90,3010,31912,0.3602578431040517,xgb_d8_full_weight,XGBoost
0.08452947437763214,0.09369554393826239,0.9712903225806452,0.17090475649903508,56356,29125,89,3011,32136,0.3627866020929996,xgb_d8_full_weight,XGBoost
0.08378393203020096,0.09308650369317303,0.9716129032258064,0.1698959302817497,56136,29345,88,3012,32357,0.3652814937740599,xgb_d8_full_weight,XGBoost
0.08297259360551834,0.09248288774977746,0.9719354838709677,0.16889486812971216,55915,29566,87,3013,32579,0.3677876745577494,xgb_d8_full_weight,XGBoost
0.0821729227900505,0.09191512712639473,0.9725806451612903,0.16795721686814102,55694,29787,85,3015,32802,0.37030514444406815,xgb_d8_full_weight,XGBoost
0.08138507604598999,0.09138808139534883,0.9735483870967742,0.16709113055032662,55475,30006,82,3018,33024,0.3728113252277577,xgb_d8_full_weight,XGBoost
0.08054357767105103,0.09081064821777711,0.9738709677419355,0.16613014169762003,55255,30226,81,3019,33245,0.37530621690881794,xgb_d8_full_weight,XGBoost
0.0797344297170639,0.09027072252435307,0.974516129032258,0.1652354646392824,55036,30445,79,3021,33466,0.3778011085898782,xgb_d8_full_weight,XGBoost
0.07895854115486145,0.08970287037311882,0.9748387096774194,0.16428823833211015,54814,30667,78,3022,33689,0.38031857847619693,xgb_d8_full_weight,XGBoost
0.07820666581392288,0.08911825420230021,0.9748387096774194,0.1633072142664145,54593,30888,78,3022,33910,0.3828134701572572,xgb_d8_full_weight,XGBoost
0.07749132066965103,0.08857050774955319,0.9751612903225807,0.16239155542424324,54373,31108,77,3023,34131,0.38530836183831746,xgb_d8_full_weight,XGBoost
0.07668834179639816,0.08799813698949145,0.9751612903225807,0.1614289910020559,54151,31330,77,3023,34353,0.387814542622007,xgb_d8_full_weight,XGBoost
0.07593362778425217,0.08749096167751265,0.9758064516129032,0.16058394160583941,53931,31550,75,3025,34575,0.39032072340569646,xgb_d8_full_weight,XGBoost
0.0751209408044815,0.08696151967123603,0.9761290322580645,0.15969601815447132,53710,31771,74,3026,34797,0.392826904189386,xgb_d8_full_weight,XGBoost
0.07441578805446625,0.08641270203895139,0.9761290322580645,0.15877013484443045,53489,31992,74,3026,35018,0.39532179587044625,xgb_d8_full_weight,XGBoost
0.07366715371608734,0.08589183360762727,0.9764516129032258,0.1578947368421053,53266,32215,73,3027,35242,0.39785055485939425,xgb_d8_full_weight,XGBoost
0.0729798823595047,0.08537754469068967,0.9767741935483871,0.15702950785666128,53043,32438,72,3028,35466,0.4003793138483422,xgb_d8_full_weight,XGBoost
0.07223373651504517,0.08487684591027544,0.9770967741935483,0.156186351097017,52823,32658,71,3029,35687,0.40287420552940245,xgb_d8_full_weight,XGBoost
0.07151377946138382,0.08441015929597862,0.977741935483871,0.1554040196882691,52604,32877,69,3031,35908,0.4053690972104627,xgb_d8_full_weight,XGBoost
0.07082340121269226,0.08397453639634653,0.9787096774193549,0.15467754269691564,52385,33096,66,3034,36130,0.40787527799415224,xgb_d8_full_weight,XGBoost
0.07009350508451462,0.0834594118779743,0.9787096774193549,0.15380325957468377,52162,33319,66,3034,36353,0.410392747880471,xgb_d8_full_weight,XGBoost
0.06942404806613922,0.08295510471919944,0.9787096774193549,0.15294651408983215,51941,33540,66,3034,36574,0.41288763956153124,xgb_d8_full_weight,XGBoost
0.06875760853290558,0.08248403315667889,0.9790322580645161,0.1521493921544053,51721,33760,65,3035,36795,0.4153825312425915,xgb_d8_full_weight,XGBoost
0.06810129433870316,0.08199157121244867,0.9790322580645161,0.1513111975271712,51500,33981,65,3035,37016,0.4178774229236518,xgb_d8_full_weight,XGBoost
0.06743956357240677,0.08150276599172888,0.9790322580645161,0.15047845703802867,51278,34203,65,3035,37238,0.4203836037073413,xgb_d8_full_weight,XGBoost
0.06688561290502548,0.08102191729624389,0.9790322580645161,0.14965852215291303,51057,34424,65,3035,37459,0.42287849538840155,xgb_d8_full_weight,XGBoost
0.06622955948114395,0.08056897192293402,0.9793548387096774,0.14888921583051345,50835,34646,64,3036,37682,0.4253959652747203,xgb_d8_full_weight,XGBoost
0.06562887132167816,0.08012346981848881,0.9796774193548388,0.14813188957174908,50614,34867,63,3037,37904,0.4279021460584098,xgb_d8_full_weight,XGBoost
0.06500750035047531,0.07968106591129645,0.98,0.1473791447352463,50392,35089,62,3038,38127,0.43041961594472855,xgb_d8_full_weight,XGBoost
0.06442005187273026,0.07927194972489504,0.9806451612903225,0.14668628917464838,50172,35309,60,3040,38349,0.4329257967284181,xgb_d8_full_weight,XGBoost
0.06380767375230789,0.07891939540068964,0.9819354838709677,0.14609680593218305,49954,35527,56,3044,38571,0.43543197751210755,xgb_d8_full_weight,XGBoost
0.06323326379060745,0.07846371955148859,0.9819354838709677,0.14531567012770022,49730,35751,56,3044,38795,0.43796073650105555,xgb_d8_full_weight,XGBoost
0.06259552389383316,0.07804490465450072,0.9822580645161291,0.14460062684015576,49510,35971,55,3045,39016,0.4404556281821158,xgb_d8_full_weight,XGBoost
0.061957284808158875,0.07763080765603894,0.9825806451612903,0.14389304863358293,49290,36191,54,3046,39237,0.4429505198631761,xgb_d8_full_weight,XGBoost
0.0613694004714489,0.07719600587966952,0.9825806451612903,0.143145824521829,49069,36412,54,3046,39458,0.44544541154423634,xgb_d8_full_weight,XGBoost
0.06075034663081169,0.07678737935031879,0.9829032258064516,0.14244641312732287,48847,36634,53,3047,39681,0.44796288143055507,xgb_d8_full_weight,XGBoost
0.060179151594638824,0.07638714851385896,0.983225806451613,0.14176084833263572,48627,36854,52,3048,39902,0.45045777311161533,xgb_d8_full_weight,XGBoost
0.05963064357638359,0.07596451001894128,0.983225806451613,0.1410327595780122,48405,37076,52,3048,40124,0.45296395389530486,xgb_d8_full_weight,XGBoost
0.059109777212142944,0.07554839509232866,0.983225806451613,0.14031534123604558,48184,37297,52,3048,40345,0.4554588455763651,xgb_d8_full_weight,XGBoost
0.05860874801874161,0.07513310984026819,0.983225806451613,0.13959879087661445,47961,37520,52,3048,40568,0.45797631546268386,xgb_d8_full_weight,XGBoost
0.05814981088042259,0.07479957831768369,0.9841935483870968,0.139032559411242,47743,37738,49,3051,40789,0.4604712071437441,xgb_d8_full_weight,XGBoost
0.05761953815817833,0.07441905830143132,0.984516129032258,0.13837818231280177,47522,37959,48,3052,41011,0.46297738792743365,xgb_d8_full_weight,XGBoost
0.057087693363428116,0.07401479325815448,0.984516129032258,0.13767903462275854,47298,38183,48,3052,41235,0.4655061469163816,xgb_d8_full_weight,XGBoost
0.05649455636739731,0.07361844803048942,0.984516129032258,0.13699306506272865,47076,38405,48,3052,41457,0.4680123277000711,xgb_d8_full_weight,XGBoost
0.055998653173446655,0.07322632500779769,0.984516129032258,0.13631389713928405,46854,38627,48,3052,41679,0.47051850848376064,xgb_d8_full_weight,XGBoost
0.05550118908286095,0.07283661877714667,0.984516129032258,0.13563841607039687,46631,38850,48,3052,41902,0.4730359783700794,xgb_d8_full_weight,XGBoost
0.05494224280118942,0.07252397683031052,0.9854838709677419,0.13510525384751462,46412,39069,45,3055,42124,0.47554215915376885,xgb_d8_full_weight,XGBoost
0.0544549897313118,0.07214376800642328,0.9854838709677419,0.13444527571183384,46190,39291,45,3055,42346,0.4780483399374584,xgb_d8_full_weight,XGBoost
0.05393237993121147,0.07176921089106585,0.9854838709677419,0.13379464383471654,45969,39512,45,3055,42567,0.48054323161851864,xgb_d8_full_weight,XGBoost
0.05343560874462128,0.07142189398896887,0.9858064516129033,0.13319386331938632,45749,39732,44,3056,42788,0.4830381232995789,xgb_d8_full_weight,XGBoost
0.052941009402275085,0.07107484131966241,0.9861290322580645,0.13259309058576044,45527,39954,43,3057,43011,0.48555559318589764,xgb_d8_full_weight,XGBoost
0.052421439439058304,0.07070987440149885,0.9861290322580645,0.13195778386894869,45305,40176,43,3057,43233,0.48806177396958716,xgb_d8_full_weight,XGBoost
0.05190165713429451,0.07039466114371189,0.9867741935483871,0.13141445601976157,45085,40396,41,3059,43455,0.49056795475327664,xgb_d8_full_weight,XGBoost
0.05142088234424591,0.07003846506090301,0.9867741935483871,0.13079356935180436,44864,40617,41,3059,43676,0.49306284643433695,xgb_d8_full_weight,XGBoost
0.050978295505046844,0.06970546026105379,0.9870967741935484,0.1302155365007766,44642,40839,40,3060,43899,0.4955803163206557,xgb_d8_full_weight,XGBoost
0.050513267517089844,0.06935630099728014,0.9870967741935484,0.12960609911054638,44421,41060,40,3060,44120,0.49807520800171595,xgb_d8_full_weight,XGBoost
0.050058163702487946,0.06901062222322456,0.9870967741935484,0.12900233974831896,44200,41281,40,3060,44341,0.5005700996827762,xgb_d8_full_weight,XGBoost
0.04960235208272934,0.06866529036890764,0.9870967741935484,0.1283987915407855,43977,41504,40,3060,44564,0.503087569569095,xgb_d8_full_weight,XGBoost
0.04915456101298332,0.06832339741442829,0.9870967741935484,0.12780086453526007,43754,41727,40,3060,44787,0.5056050394554137,xgb_d8_full_weight,XGBoost
0.04873482137918472,0.06798791325986492,0.9870967741935484,0.12721376901970569,43533,41948,40,3060,45008,0.508099931136474,xgb_d8_full_weight,XGBoost
0.04824880510568619,0.06765570762121648,0.9870967741935484,0.1266320428728093,43312,42169,40,3060,45229,0.5105948228175342,xgb_d8_full_weight,XGBoost
0.047817375510931015,0.06732525136960683,0.9870967741935484,0.1260530164157278,43090,42391,40,3060,45451,0.5131010036012238,xgb_d8_full_weight,XGBoost
0.04738316684961319,0.06701843499584008,0.9874193548387097,0.12551769385328249,42868,42613,39,3061,45674,0.5156184734875425,xgb_d8_full_weight,XGBoost
0.046899572014808655,0.0666957184878527,0.9874193548387097,0.12495152566588429,42647,42834,39,3061,45895,0.5181133651686027,xgb_d8_full_weight,XGBoost
0.04646077752113342,0.06637321653150613,0.9874193548387097,0.1243853874598724,42424,43057,39,3061,46118,0.5206308350549215,xgb_d8_full_weight,XGBoost
0.04601295664906502,0.06607682347863617,0.987741935483871,0.12386731391585759,42203,43278,38,3062,46340,0.5231370158386109,xgb_d8_full_weight,XGBoost
0.045629292726516724,0.06576319237129787,0.987741935483871,0.12331608304303175,41982,43499,38,3062,46561,0.5256319075196713,xgb_d8_full_weight,XGBoost
0.04519868269562721,0.06545252447522551,0.987741935483871,0.12276973657832484,41761,43720,38,3062,46782,0.5281267992007316,xgb_d8_full_weight,XGBoost
0.044826582074165344,0.06514477799289407,0.987741935483871,0.1222282098876315,41540,43941,38,3062,47003,0.5306216908817918,xgb_d8_full_weight,XGBoost
0.04440600052475929,0.06483853890947591,0.987741935483871,0.12168902136115252,41318,44163,38,3062,47225,0.5331278716654813,xgb_d8_full_weight,XGBoost
0.04403741657733917,0.06453652573451925,0.987741935483871,0.12115696593202233,41097,44384,38,3062,47446,0.5356227633465416,xgb_d8_full_weight,XGBoost
0.04369324445724487,0.06425694386171016,0.9880645161290322,0.12066656161361485,40876,44605,37,3063,47668,0.538128944130231,xgb_d8_full_weight,XGBoost
0.043278977274894714,0.06396040844452797,0.9880645161290322,0.12014356037576732,40655,44826,37,3063,47889,0.5406238358112914,xgb_d8_full_weight,XGBoost
0.04289383441209793,0.06368605932115316,0.9883870967741936,0.11966179141200133,40434,45047,36,3064,48111,0.5431300165949808,xgb_d8_full_weight,XGBoost
0.04251173883676529,0.06341423044296857,0.9887096774193549,0.11918418136216048,40213,45268,35,3065,48333,0.5456361973786704,xgb_d8_full_weight,XGBoost
0.04210181161761284,0.0631667833752111,0.9893548387096774,0.11875169396368142,39994,45487,33,3067,48554,0.5481310890597306,xgb_d8_full_weight,XGBoost
0.04169442504644394,0.06287799577669803,0.9893548387096774,0.1182412244347206,39771,45710,33,3067,48777,0.5506485589460494,xgb_d8_full_weight,XGBoost
0.04130317643284798,0.06259311414518663,0.9893548387096774,0.1177373845947139,39549,45932,33,3067,48999,0.5531547397297388,xgb_d8_full_weight,XGBoost
0.0409349650144577,0.062312068264932956,0.9893548387096774,0.11724006116207952,39328,46153,33,3067,49220,0.5556496314107991,xgb_d8_full_weight,XGBoost
0.04055726155638695,0.06203353492041019,0.9893548387096774,0.1167469214518186,39107,46374,33,3067,49441,0.5581445230918595,xgb_d8_full_weight,XGBoost
0.04016793146729469,0.06175623703763365,0.9893548387096774,0.116255709493395,38885,46596,33,3067,49663,0.5606507038755489,xgb_d8_full_weight,XGBoost
0.039755526930093765,0.06148140723664428,0.9893548387096774,0.11576861375861094,38663,46818,33,3067,49885,0.5631568846592384,xgb_d8_full_weight,XGBoost
0.03939054161310196,0.06121023430327705,0.9893548387096774,0.11528774950193586,38442,47039,33,3067,50106,0.5656517763402987,xgb_d8_full_weight,XGBoost
0.039005935192108154,0.06093902124023923,0.9893548387096774,0.11480656572273484,38219,47262,33,3067,50329,0.5681692462266175,xgb_d8_full_weight,XGBoost
0.0386480912566185,0.06075052916856244,0.9906451612903225,0.11448062477866208,38001,47480,29,3071,50551,0.5706754270103069,xgb_d8_full_weight,XGBoost
0.038283392786979675,0.060504598900990685,0.9909677419354839,0.11404599706717651,37780,47701,28,3072,50773,0.5731816077939964,xgb_d8_full_weight,XGBoost
0.037946056574583054,0.06024238145664196,0.9909677419354839,0.11358006433245832,37559,47922,28,3072,50994,0.5756764994750567,xgb_d8_full_weight,XGBoost
0.037643980234861374,0.060001952552963,0.9912903225806452,0.11315474546626161,37339,48142,27,3073,51215,0.578171391156117,xgb_d8_full_weight,XGBoost
0.037284255027770996,0.059741825109840975,0.9912903225806452,0.1126920679159485,37116,48365,27,3073,51438,0.5806888610424358,xgb_d8_full_weight,XGBoost
0.03693830594420433,0.05950560405737625,0.9916129032258064,0.11227378147884366,36896,48585,26,3074,51659,0.583183752723496,xgb_d8_full_weight,XGBoost
0.036588866263628006,0.05927139552814187,0.9919354838709677,0.11185885776646054,36676,48805,25,3075,51880,0.5856786444045563,xgb_d8_full_weight,XGBoost
0.03624420985579491,0.05901884764500403,0.9919354838709677,0.11140900692003913,36454,49027,25,3075,52102,0.5881848251882458,xgb_d8_full_weight,XGBoost
0.035911645740270615,0.05878755446831282,0.9922580645161291,0.11099884526558891,36233,49248,24,3076,52324,0.5906910059719352,xgb_d8_full_weight,XGBoost
0.035585157573223114,0.05853918471434553,0.9922580645161291,0.11055601480789275,36011,49470,24,3076,52546,0.5931971867556248,xgb_d8_full_weight,XGBoost
0.03524607792496681,0.058312960751985145,0.9925806451612903,0.11015447401865144,35791,49690,23,3077,52767,0.595692078436685,xgb_d8_full_weight,XGBoost
0.03492484614253044,0.05806975164188118,0.9925806451612903,0.10972043930965626,35570,49911,23,3077,52988,0.5981869701177454,xgb_d8_full_weight,XGBoost
0.03459580987691879,0.05782638928041194,0.9925806451612903,0.10928592992488145,35347,50134,23,3077,53211,0.6007044400040641,xgb_d8_full_weight,XGBoost
0.03428631275892258,0.05758613590852095,0.9925806451612903,0.10885677391965755,35125,50356,23,3077,53433,0.6032106207877536,xgb_d8_full_weight,XGBoost
0.03395596891641617,0.05734893950124874,0.9925806451612903,0.10843288578778588,34904,50577,23,3077,53654,0.6057055124688139,xgb_d8_full_weight,XGBoost
0.03366229310631752,0.05711262899992576,0.9925806451612903,0.10801039033979219,34682,50799,23,3077,53876,0.6082116932525033,xgb_d8_full_weight,XGBoost
0.0333755761384964,0.05687720660270985,0.9925806451612903,0.10758929351911747,34459,51022,23,3077,54099,0.6107291631388221,xgb_d8_full_weight,XGBoost
0.033092234283685684,0.056681578026914085,0.993225806451613,0.10724299472318491,34239,51242,21,3079,54321,0.6132353439225116,xgb_d8_full_weight,XGBoost
0.03277791291475296,0.056469207781016814,0.9935483870967742,0.10686466700206444,34018,51463,20,3080,54543,0.6157415247062011,xgb_d8_full_weight,XGBoost
0.032447781413793564,0.0562402994613348,0.9935483870967742,0.10645467899421067,33796,51685,20,3080,54765,0.6182477054898906,xgb_d8_full_weight,XGBoost
0.03212977945804596,0.056013239492971066,0.9935483870967742,0.1060478248145024,33574,51907,20,3080,54987,0.6207538862735801,xgb_d8_full_weight,XGBoost
0.03180092200636864,0.05580712940153601,0.9938709677419355,0.1056801811072237,33354,52127,19,3081,55208,0.6232487779546404,xgb_d8_full_weight,XGBoost
0.031488943845033646,0.055582616225577745,0.9938709677419355,0.10527754523244093,33131,52350,19,3081,55431,0.6257662478409591,xgb_d8_full_weight,XGBoost
0.031197747215628624,0.05536089698668535,0.9938709677419355,0.10487975082123464,32909,52572,19,3081,55653,0.6282724286246486,xgb_d8_full_weight,XGBoost
0.030877450481057167,0.055141926477431366,0.9938709677419355,0.10448672296266152,32688,52793,19,3081,55874,0.6307673203057089,xgb_d8_full_weight,XGBoost
0.030574094504117966,0.05492370222475756,0.9938709677419355,0.10409487127508615,32466,53015,19,3081,56096,0.6332735010893984,xgb_d8_full_weight,XGBoost
0.030257798731327057,0.054725926452048226,0.9941935483870967,0.10374135348469293,32246,53235,18,3082,56317,0.6357683927704587,xgb_d8_full_weight,XGBoost
0.0299769788980484,0.05451104547303631,0.9941935483870967,0.10335518704203626,32024,53457,18,3082,56539,0.6382745735541482,xgb_d8_full_weight,XGBoost
0.029692193493247032,0.05429784535156181,0.9941935483870967,0.10297188486660763,31802,53679,18,3082,56761,0.6407807543378377,xgb_d8_full_weight,XGBoost
0.02941368892788887,0.05410480502614861,0.9945161290322581,0.10262641057221797,31582,53899,17,3083,56982,0.643275646018898,xgb_d8_full_weight,XGBoost
0.029158174991607666,0.05389577469713127,0.9945161290322581,0.10225030263834303,31361,54120,17,3083,57203,0.6457705376999582,xgb_d8_full_weight,XGBoost
0.02886762097477913,0.05368741837178929,0.9945161290322581,0.10187525815778603,31139,54342,17,3083,57425,0.6482767184836478,xgb_d8_full_weight,XGBoost
0.028577981516718864,0.05348066681700696,0.9945161290322581,0.10150295487843021,30917,54564,17,3083,57647,0.6507828992673372,xgb_d8_full_weight,XGBoost
0.028316007927060127,0.053276422202253405,0.9945161290322581,0.10113502165070201,30696,54785,17,3083,57868,0.6532777909483976,xgb_d8_full_weight,XGBoost
0.028062112629413605,0.05307281804097091,0.9945161290322581,0.10076809936264096,30474,55007,17,3083,58090,0.655783971732087,xgb_d8_full_weight,XGBoost
0.027787325903773308,0.05286985749318334,0.9945161290322581,0.1004021949750053,30251,55230,17,3083,58313,0.6583014416184058,xgb_d8_full_weight,XGBoost
0.027476850897073746,0.05267024293572966,0.9945161290322581,0.10004218450855047,30030,55451,17,3083,58534,0.6607963332994661,xgb_d8_full_weight,XGBoost
0.027196746319532394,0.05248736320778801,0.9948387096774194,0.09971385615209273,29808,55673,16,3084,58757,0.6633138031857848,xgb_d8_full_weight,XGBoost
0.026930730789899826,0.05230675325115719,0.9951612903225806,0.09938948758839543,29587,55894,15,3085,58979,0.6658199839694743,xgb_d8_full_weight,XGBoost
0.026671351864933968,0.05212837837837838,0.9954838709677419,0.09906902086677367,29367,56114,14,3086,59200,0.6683148756505345,xgb_d8_full_weight,XGBoost
0.02643456496298313,0.05193450127059457,0.9954838709677419,0.09871883047296107,29146,56335,14,3086,59421,0.6708097673315948,xgb_d8_full_weight,XGBoost
0.026185957714915276,0.051741193434267224,0.9954838709677419,0.09836953923146806,28924,56557,14,3086,59643,0.6733159481152843,xgb_d8_full_weight,XGBoost
0.02588766999542713,0.05154845822336552,0.9954838709677419,0.09802115427373503,28701,56780,14,3086,59866,0.675833418001603,xgb_d8_full_weight,XGBoost
0.025643695145845413,0.05137550551700035,0.9958064516129033,0.0977099719879089,28481,57000,13,3087,60087,0.6783283096826633,xgb_d8_full_weight,XGBoost
0.025395536795258522,0.05118639009103119,0.9958064516129033,0.09736788153101295,28259,57222,13,3087,60309,0.6808344904663528,xgb_d8_full_weight,XGBoost
0.025155000388622284,0.050998661842692174,0.9958064516129033,0.0970281780892961,28037,57444,13,3087,60531,0.6833406712500424,xgb_d8_full_weight,XGBoost
0.024882039055228233,0.05081146920367383,0.9958064516129033,0.09668932251699189,27814,57667,13,3087,60754,0.6858581411363611,xgb_d8_full_weight,XGBoost
0.024655289947986603,0.05064287588559433,0.9961290322580645,0.09638554216867469,27593,57888,12,3088,60976,0.6883643219200506,xgb_d8_full_weight,XGBoost
0.024412140250205994,0.050459989868784416,0.9961290322580645,0.09605424825419538,27372,58109,12,3088,61197,0.6908592136011108,xgb_d8_full_weight,XGBoost
0.024178437888622284,0.050276782806903286,0.9961290322580645,0.09572225666460012,27149,58332,12,3088,61420,0.6933766834874295,xgb_d8_full_weight,XGBoost
0.023929251357913017,0.0501111237285661,0.9964516129032258,0.09542344346106914,26927,58554,11,3089,61643,0.6958941533737483,xgb_d8_full_weight,XGBoost
0.02366412803530693,0.04993210914263546,0.9964516129032258,0.09509882396404162,26706,58775,11,3089,61864,0.6983890450548086,xgb_d8_full_weight,XGBoost
0.02339029312133789,0.049754369010227915,0.9964516129032258,0.09477640561478867,26485,58996,11,3089,62085,0.7008839367358689,xgb_d8_full_weight,XGBoost
0.023158276453614235,0.049577889769845604,0.9964516129032258,0.09445616610096932,26264,59217,11,3089,62306,0.7033788284169291,xgb_d8_full_weight,XGBoost
0.022909360006451607,0.049401867963152504,0.9964516129032258,0.0941366489912842,26042,59439,11,3089,62528,0.7058850092006187,xgb_d8_full_weight,XGBoost
0.02265091985464096,0.04922787614145245,0.9964516129032258,0.0938207110206685,25821,59660,11,3089,62749,0.7083799008816789,xgb_d8_full_weight,XGBoost
0.022399622946977615,0.049054326594781726,0.9964516129032258,0.09350547138684143,25599,59882,11,3089,62971,0.7108860816653684,xgb_d8_full_weight,XGBoost
0.02216498740017414,0.04888199642365452,0.9964516129032258,0.09319234308298009,25377,60104,11,3089,63193,0.713392262449058,xgb_d8_full_weight,XGBoost
0.021958714351058006,0.048711640962563474,0.9964516129032258,0.09288270138617434,25156,60325,11,3089,63414,0.7158871541301182,xgb_d8_full_weight,XGBoost
0.02174236997961998,0.04854246876718787,0.9964516129032258,0.09257511051172547,24935,60546,11,3089,63635,0.7183820458111785,xgb_d8_full_weight,XGBoost
0.021510284394025803,0.048374467551991984,0.9964516129032258,0.09226955015233886,24714,60767,11,3089,63856,0.7208769374922387,xgb_d8_full_weight,XGBoost
0.021297862753272057,0.0482068728736852,0.9964516129032258,0.09196463127809701,24492,60989,11,3089,64078,0.7233831182759283,xgb_d8_full_weight,XGBoost
0.02109302207827568,0.04804043545878694,0.9964516129032258,0.09166172106824926,24270,61211,11,3089,64300,0.7258892990596177,xgb_d8_full_weight,XGBoost
0.020860841497778893,0.047873659413551546,0.9964516129032258,0.09135809771678695,24046,61435,11,3089,64524,0.7284180580485657,xgb_d8_full_weight,XGBoost
0.020641090348362923,0.04771024789559039,0.9964516129032258,0.0910605055641536,23825,61656,11,3089,64745,0.730912949729626,xgb_d8_full_weight,XGBoost
0.020421206951141357,0.0475464844231006,0.9964516129032258,0.09076217899747313,23602,61879,11,3089,64968,0.7334304196159447,xgb_d8_full_weight,XGBoost
0.020175669342279434,0.047384568185304496,0.9964516129032258,0.09046712549421584,23380,62101,11,3089,65190,0.7359366003996343,xgb_d8_full_weight,XGBoost
0.019955307245254517,0.04722375099370146,0.9964516129032258,0.09017398411957031,23158,62323,11,3089,65412,0.7384427811833237,xgb_d8_full_weight,XGBoost
0.019735094159841537,0.047079257701800895,0.9967741935483871,0.08991183402682806,22937,62544,10,3090,65634,0.7409489619670132,xgb_d8_full_weight,XGBoost
0.019525067880749702,0.04692055393586006,0.9967741935483871,0.08962236788676836,22715,62766,10,3090,65856,0.7434551427507028,xgb_d8_full_weight,XGBoost
0.019308622926473618,0.046763624256549174,0.9967741935483871,0.08933605099960969,22494,62987,10,3090,66077,0.745950034431763,xgb_d8_full_weight,XGBoost
0.019098805263638496,0.04660774080666084,0.9967741935483871,0.08905155768177758,22273,63208,10,3090,66298,0.7484449261128233,xgb_d8_full_weight,XGBoost
0.01889139786362648,0.046452893158345734,0.9967741935483871,0.08876887056694294,22052,63429,10,3090,66519,0.7509398177938835,xgb_d8_full_weight,XGBoost
0.0186923798173666,0.04631266668664409,0.9970967741935484,0.08851407462558347,21830,63651,9,3091,66742,0.7534572876802023,xgb_d8_full_weight,XGBoost
0.01850554533302784,0.04617475322192853,0.9974193548387097,0.08826342006479883,21610,63871,8,3092,66963,0.7559521793612626,xgb_d8_full_weight,XGBoost
0.018315624445676804,0.046037747082638726,0.997741935483871,0.08801434181321496,21390,64091,7,3093,67184,0.7584470710423229,xgb_d8_full_weight,XGBoost
0.0180974043905735,0.045886122897071474,0.997741935483871,0.08773721385414006,21168,64313,7,3093,67406,0.7609532518260124,xgb_d8_full_weight,XGBoost
0.01787685416638851,0.045736170464459464,0.997741935483871,0.08746306219689794,20947,64534,7,3093,67627,0.7634481435070726,xgb_d8_full_weight,XGBoost
0.017630798742175102,0.04558652301434067,0.997741935483871,0.08718938956151603,20725,64756,7,3093,67849,0.7659543242907622,xgb_d8_full_weight,XGBoost
0.017422866076231003,0.045438519171441163,0.997741935483871,0.08691864549669803,20504,64977,7,3093,68070,0.7684492159718224,xgb_d8_full_weight,XGBoost
0.017221078276634216,0.04529014686717526,0.997741935483871,0.08664715028083984,20281,65200,7,3093,68293,0.7709666858581411,xgb_d8_full_weight,XGBoost
0.017042241990566254,0.04514339925563745,0.997741935483871,0.08637855197933395,20059,65422,7,3093,68515,0.7734728666418307,xgb_d8_full_weight,XGBoost
0.016845379024744034,0.04499759954609599,0.997741935483871,0.08611161379233541,19837,65644,7,3093,68737,0.7759790474255202,xgb_d8_full_weight,XGBoost
0.01665794663131237,0.04485338901940311,0.997741935483871,0.08584751172666462,19616,65865,7,3093,68958,0.7784739391065805,xgb_d8_full_weight,XGBoost
0.01644226163625717,0.044709453599306156,0.997741935483871,0.08558384061981184,19394,66087,7,3093,69180,0.7809801198902699,xgb_d8_full_weight,XGBoost
0.016252649948000908,0.0445664390075214,0.997741935483871,0.08532178422664204,19172,66309,7,3093,69402,0.7834863006739594,xgb_d8_full_weight,XGBoost
0.01605851948261261,0.04442497450555133,0.997741935483871,0.08506249742172352,18951,66530,7,3093,69623,0.7859811923550197,xgb_d8_full_weight,XGBoost
0.015854191035032272,0.044283771207674134,0.997741935483871,0.0848036191651244,18729,66752,7,3093,69845,0.7884873731387092,xgb_d8_full_weight,XGBoost
0.015656262636184692,0.044143462685715104,0.997741935483871,0.08454631186190496,18507,66974,7,3093,70067,0.7909935539223987,xgb_d8_full_weight,XGBoost
0.015472404658794403,0.0440182674387173,0.9980645161290322,0.08431781329627056,18286,67195,6,3094,70289,0.7934997347060883,xgb_d8_full_weight,XGBoost
0.015282705426216125,0.04387967834805917,0.9980645161290322,0.08406352311475189,18064,67417,6,3094,70511,0.7960059154897777,xgb_d8_full_weight,XGBoost
0.015105915255844593,0.043756715489453146,0.9983870967741936,0.08383898580561273,17844,67637,5,3095,70732,0.798500807170838,xgb_d8_full_weight,XGBoost
0.014894101768732071,0.043619810017757984,0.9983870967741936,0.08358765225376077,17622,67859,5,3095,70954,0.8010069879545275,xgb_d8_full_weight,XGBoost
0.014717125333845615,0.04348436951176677,0.9983870967741936,0.0833389431167957,17401,68080,5,3095,71175,0.8035018796355877,xgb_d8_full_weight,XGBoost
0.014534574933350086,0.043349160328865356,0.9983870967741936,0.08309059425211754,17179,68302,5,3095,71397,0.8060080604192773,xgb_d8_full_weight,XGBoost
0.01432416494935751,0.0432141859815694,0.9983870967741936,0.08284261241970022,16956,68525,5,3095,71620,0.808525530305596,xgb_d8_full_weight,XGBoost
0.014127952978014946,0.04308004955249642,0.9983870967741936,0.0825961063741777,16733,68748,5,3095,71843,0.8110430001919148,xgb_d8_full_weight,XGBoost
0.013964644633233547,0.0429479351687389,0.9983870967741936,0.08235325421744452,16512,68969,5,3095,72064,0.813537891872975,xgb_d8_full_weight,XGBoost
0.013783950358629227,0.04281662862281248,0.9983870967741936,0.08211182596007163,16291,69190,5,3095,72285,0.8160327835540353,xgb_d8_full_weight,XGBoost
0.013617550022900105,0.04268494510950516,0.9983870967741936,0.08186964342397629,16068,69413,5,3095,72508,0.818550253440354,xgb_d8_full_weight,XGBoost
0.013431678526103497,0.04255465420046748,0.9983870967741936,0.08162996175656073,15846,69635,5,3095,72730,0.8210564342240435,xgb_d8_full_weight,XGBoost
0.013246016576886177,0.0424388639105165,0.9987096774193548,0.08141797717351286,15625,69856,4,3096,72952,0.8235626150077331,xgb_d8_full_weight,XGBoost
0.013059711083769798,0.04231068836866057,0.9987096774193548,0.08118206967078784,15404,70077,4,3096,73173,0.8260575066887933,xgb_d8_full_weight,XGBoost
0.012878148816525936,0.04218270999386879,0.9987096774193548,0.08094646708935224,15182,70299,4,3096,73395,0.8285636874724828,xgb_d8_full_weight,XGBoost
0.012709795497357845,0.042055503484249565,0.9987096774193548,0.08071222805896999,14960,70521,4,3096,73617,0.8310698682561724,xgb_d8_full_weight,XGBoost
0.012531247921288013,0.0419284940411701,0.9987096774193548,0.08047829477514946,14737,70744,4,3096,73840,0.8335873381424911,xgb_d8_full_weight,XGBoost
0.012366946786642075,0.041802813858658965,0.9987096774193548,0.08024675358337006,14515,70966,4,3096,74062,0.8360935189261806,xgb_d8_full_weight,XGBoost
0.012186386622488499,0.04167732382042135,0.9987096774193548,0.08001550688117852,14292,71189,4,3096,74285,0.8386109888124993,xgb_d8_full_weight,XGBoost
0.01203722134232521,0.04155258495732002,0.9987096774193548,0.07978558911452427,14069,71412,4,3096,74508,0.841128458698818,xgb_d8_full_weight,XGBoost
0.011854852549731731,0.041429699313519516,0.9987096774193548,0.07955903326523531,13848,71633,4,3096,74729,0.8436233503798783,xgb_d8_full_weight,XGBoost
0.01168641448020935,0.04130643611911623,0.9987096774193548,0.07933172756623788,13625,71856,4,3096,74952,0.8461408202661971,xgb_d8_full_weight,XGBoost
0.011511826887726784,0.04118445207119483,0.9987096774193548,0.07910672764902776,13403,72078,4,3096,75174,0.8486470010498866,xgb_d8_full_weight,XGBoost
0.011336161755025387,0.04106373101664566,0.9987096774193548,0.07888400535065927,13182,72299,4,3096,75395,0.8511418927309469,xgb_d8_full_weight,XGBoost
0.011144807562232018,0.04094317415396009,0.9987096774193548,0.07866153435725448,12960,72521,4,3096,75617,0.8536480735146363,xgb_d8_full_weight,XGBoost
0.010992675088346004,0.040822784810126585,0.9987096774193548,0.07843932100329364,12737,72744,4,3096,75840,0.8561655434009551,xgb_d8_full_weight,XGBoost
0.010830349288880825,0.04070417165170061,0.9987096774193548,0.07822033577140258,12516,72965,4,3096,76061,0.8586604350820153,xgb_d8_full_weight,XGBoost
0.010668845847249031,0.04058518168947617,0.9987096774193548,0.07800060465585004,12293,73188,4,3096,76284,0.861177904968334,xgb_d8_full_weight,XGBoost
0.010499449446797371,0.040467943271681586,0.9987096774193548,0.07778405879027699,12072,73409,4,3096,76505,0.8636727966493943,xgb_d8_full_weight,XGBoost
0.010336431674659252,0.04035085432768126,0.9987096774193548,0.07756774023826525,11850,73631,4,3096,76727,0.8661789774330838,xgb_d8_full_weight,XGBoost
0.01017006579786539,0.04023496387170557,0.9987096774193548,0.07735358784729163,11629,73852,4,3096,76948,0.8686738691141441,xgb_d8_full_weight,XGBoost
0.01001385971903801,0.04011921731242711,0.9987096774193548,0.07713965366886757,11407,74074,4,3096,77170,0.8711800498978336,xgb_d8_full_weight,XGBoost
0.009844965301454067,0.040017573102815576,0.9990322580645161,0.07695270278664697,11187,74294,3,3097,77391,0.8736749415788939,xgb_d8_full_weight,XGBoost
0.00968033168464899,0.03990310901524229,0.9990322580645161,0.07674104543258212,10965,74516,3,3097,77613,0.8761811223625834,xgb_d8_full_weight,XGBoost
0.009514650329947472,0.0397898090808644,0.9990322580645161,0.07653149479823065,10744,74737,3,3097,77834,0.8786760140436437,xgb_d8_full_weight,XGBoost
0.00935572199523449,0.03967664241057702,0.9990322580645161,0.07632214500468235,10522,74959,3,3097,78056,0.8811821948273332,xgb_d8_full_weight,XGBoost
0.009211607277393341,0.03956462306935626,0.9990322580645161,0.0761148727527434,10301,75180,3,3097,78277,0.8836770865083935,xgb_d8_full_weight,XGBoost
0.009059530682861805,0.0394527318819348,0.9990322580645161,0.07590779298765915,10079,75402,3,3097,78499,0.886183267292083,xgb_d8_full_weight,XGBoost
0.008894700556993484,0.03934097202814969,0.9990322580645161,0.07570091173523014,9856,75625,3,3097,78722,0.8887007371784017,xgb_d8_full_weight,XGBoost
0.008735175244510174,0.03923034049452777,0.9990322580645161,0.07549607527668081,9634,75847,3,3097,78944,0.8912069179620912,xgb_d8_full_weight,XGBoost
0.00857853889465332,0.039120823596286235,0.9990322580645161,0.07529325958791708,9413,76068,3,3097,79165,0.8937018096431515,xgb_d8_full_weight,XGBoost
0.008418806828558445,0.03901093364236408,0.9990322580645161,0.07508971001842692,9190,76291,3,3097,79388,0.8962192795294702,xgb_d8_full_weight,XGBoost
0.008259429596364498,0.03890263663656119,0.9990322580645161,0.07488906890423049,8969,76512,3,3097,79609,0.8987141712105304,xgb_d8_full_weight,XGBoost
0.008098975755274296,0.03879493924589753,0.9990322580645161,0.07468949716628481,8748,76733,3,3097,79830,0.9012090628915908,xgb_d8_full_weight,XGBoost
0.007930513471364975,0.038687353220406735,0.9990322580645161,0.07449009043679045,8526,76955,3,3097,80052,0.9037152436752802,xgb_d8_full_weight,XGBoost
0.007780183106660843,0.03858084287369352,0.9990322580645161,0.07429263670492844,8305,77176,3,3097,80273,0.9062101353563405,xgb_d8_full_weight,XGBoost
0.007604955229908228,0.038474439406174295,0.9990322580645161,0.07409534063042049,8083,77398,3,3097,80495,0.90871631614003,xgb_d8_full_weight,XGBoost
0.00744823832064867,0.03836862123220635,0.9990322580645161,0.0738990896834771,7861,77620,3,3097,80717,0.9112224969237195,xgb_d8_full_weight,XGBoost
0.0072748479433357716,0.038263383535749144,0.9990322580645161,0.07370387558157522,7639,77842,3,3097,80939,0.9137286777074091,xgb_d8_full_weight,XGBoost
0.007124410010874271,0.038158721553455476,0.9990322580645161,0.07350969012947864,7417,78064,3,3097,81161,0.9162348584910985,xgb_d8_full_weight,XGBoost
0.006956284865736961,0.038054630573952794,0.9990322580645161,0.07331652521809122,7195,78286,3,3097,81383,0.918741039274788,xgb_d8_full_weight,XGBoost
0.006794274784624577,0.03795110593713621,0.9990322580645161,0.07312437282332802,6973,78508,3,3097,81605,0.9212472200584776,xgb_d8_full_weight,XGBoost
0.006626990623772144,0.03784675546865453,0.9990322580645161,0.07293064876957493,6748,78733,3,3097,81830,0.9237872681500547,xgb_d8_full_weight,XGBoost
0.006456468719989061,0.03774481724780929,0.9990322580645161,0.07274136533922092,6527,78954,3,3097,82051,0.9262821598311151,xgb_d8_full_weight,XGBoost
0.006281672511249781,0.03764342668222481,0.9990322580645161,0.07255306189382936,6306,79175,3,3097,82272,0.9287770515121753,xgb_d8_full_weight,XGBoost
0.006102795246988535,0.0375421242757049,0.9990322580645161,0.0723648853891628,6084,79397,3,3097,82494,0.9312832322958648,xgb_d8_full_weight,XGBoost
0.005938231013715267,0.03744046035929302,0.9990322580645161,0.07217600037288215,5860,79621,3,3097,82718,0.9338119912848127,xgb_d8_full_weight,XGBoost
0.005755703896284103,0.03733979575843069,0.9990322580645161,0.07198893550749061,5637,79844,3,3097,82941,0.9363294611711315,xgb_d8_full_weight,XGBoost
0.005590282846242189,0.037240566604939754,0.9990322580645161,0.07180450256196239,5416,80065,3,3097,83162,0.9388243528521918,xgb_d8_full_weight,XGBoost
0.005418970249593258,0.03715385630164422,0.9993548387096775,0.07164413815431936,5196,80285,2,3098,83383,0.941319244533252,xgb_d8_full_weight,XGBoost
0.00523989787325263,0.03705520004784403,0.9993548387096775,0.07146070007496685,4974,80507,2,3098,83605,0.9438254253169416,xgb_d8_full_weight,XGBoost
0.0050837211310863495,0.03695750721733114,0.9993548387096775,0.07127901893564642,4753,80728,2,3098,83826,0.9463203169980018,xgb_d8_full_weight,XGBoost
0.00490266177803278,0.03685988958690272,0.9993548387096775,0.0710974434295681,4531,80950,2,3098,84048,0.9488264977816914,xgb_d8_full_weight,XGBoost
0.0047080437652766705,0.0367627862821882,0.9993548387096775,0.07091679066040975,4309,81172,2,3098,84270,0.9513326785653808,xgb_d8_full_weight,XGBoost
0.004524312913417816,0.036665759293669296,0.9993548387096775,0.07073624604705855,4086,81395,2,3098,84493,0.9538501484516996,xgb_d8_full_weight,XGBoost
0.00432023499161005,0.03657010647590717,0.9993548387096775,0.07055822533992304,3865,81616,2,3098,84714,0.9563450401327599,xgb_d8_full_weight,XGBoost
0.004163204692304134,0.03647452199303004,0.9993548387096775,0.07038029896860373,3643,81838,2,3098,84936,0.9588512209164494,xgb_d8_full_weight,XGBoost
0.003983978182077408,0.036379435872143547,0.9993548387096775,0.07020326769244715,3421,82060,2,3098,85158,0.9613574017001388,xgb_d8_full_weight,XGBoost
0.0037959483452141285,0.03628484422581401,0.9993548387096775,0.07002712477396021,3199,82282,2,3098,85380,0.9638635824838283,xgb_d8_full_weight,XGBoost
0.003622074145823717,0.036202848097568956,0.9996774193548387,0.06987519870125478,2979,82502,1,3099,85601,0.9663584741648886,xgb_d8_full_weight,XGBoost
0.0034491887781769037,0.03610962224138333,0.9996774193548387,0.06970153617777378,2758,82723,1,3099,85822,0.9688533658459489,xgb_d8_full_weight,XGBoost
0.00324408826418221,0.03601645669657384,0.9996774193548387,0.06952795476981063,2536,82945,1,3099,86044,0.9713595466296384,xgb_d8_full_weight,XGBoost
0.0030442047864198685,0.03592418709789602,0.9996774193548387,0.06935601186146702,2315,83166,1,3099,86265,0.9738544383106987,xgb_d8_full_weight,XGBoost
0.0028561835642904043,0.03583238905718845,0.9996774193548387,0.06918491728618312,2094,83387,1,3099,86486,0.9763493299917589,xgb_d8_full_weight,XGBoost
0.0026597410906106234,0.035741058968710715,0.9996774193548387,0.06901466478114178,1873,83608,1,3099,86707,0.9788442216728193,xgb_d8_full_weight,XGBoost
0.0024565611965954304,0.03564978315636899,0.9996774193548387,0.06884448344422353,1651,83830,1,3099,86929,0.9813504024565087,xgb_d8_full_weight,XGBoost
0.0022209403105080128,0.03555938037865749,0.9996774193548387,0.06867590027700832,1430,84051,1,3099,87150,0.983845294137569,xgb_d8_full_weight,XGBoost
0.0019726294558495283,0.035480880383651325,1.0,0.06853024726155343,1210,84271,0,3100,87371,0.9863401858186293,xgb_d8_full_weight,XGBoost
0.0017150399507954717,0.03539095589830238,1.0,0.06836249765693053,988,84493,0,3100,87593,0.9888463666023187,xgb_d8_full_weight,XGBoost
0.0013617435470223427,0.03530148607868815,1.0,0.06819556728812627,766,84715,0,3100,87815,0.9913525473860083,xgb_d8_full_weight,XGBoost
0.0009777592495083809,0.03521286746331046,1.0,0.06803019662921347,545,84936,0,3100,88036,0.9938474390670685,xgb_d8_full_weight,XGBoost
0.000486102479044348,0.035124692658939236,1.0,0.0678656260604004,324,85157,0,3100,88257,0.9963423307481288,xgb_d8_full_weight,XGBoost
3.203758387826383e-05,0.03499621815061921,1.0,0.06762578942201765,0,85481,0,3100,88581,1.0,xgb_d8_full_weight,XGBoost
0.9998828172683716,1.0,0.0003225806451612903,0.0006449532408900355,85481,0,3099,1,1,1.1289102629232002e-05,xgb_d8_sqrt_weight,XGBoost
0.9974937438964844,1.0,0.07193548387096774,0.13421606981643092,85481,0,2877,223,223,0.0025174698863187363,xgb_d8_sqrt_weight,XGBoost
0.9922181367874146,0.9954954954954955,0.14258064516129032,0.24943566591422123,85479,2,2658,442,444,0.005012361567379009,xgb_d8_sqrt_weight,XGBoost
0.984567403793335,0.9864864864864865,0.21193548387096775,0.3489113117365905,85472,9,2443,657,666,0.007518542351068513,xgb_d8_sqrt_weight,XGBoost
0.9718001484870911,0.9830890642615558,0.2812903225806452,0.43742162026586406,85466,15,2228,872,887,0.010013434032128786,xgb_d8_sqrt_weight,XGBoost
0.9484920501708984,0.9729241877256317,0.34774193548387095,0.5123574144486691,85451,30,2022,1078,1108,0.012508325713189059,xgb_d8_sqrt_weight,XGBoost
0.9120087623596191,0.963882618510158,0.4132258064516129,0.578460149017837,85433,48,1819,1281,1329,0.01500321739424933,xgb_d8_sqrt_weight,XGBoost
0.8636988997459412,0.9561290322580646,0.4780645161290323,0.6374193548387097,85413,68,1618,1482,1550,0.017498109075309604,xgb_d8_sqrt_weight,XGBoost
0.78992760181427,0.9401468097120271,0.5370967741935484,0.6836378567029358,85375,106,1435,1665,1771,0.019993000756369877,xgb_d8_sqrt_weight,XGBoost
0.7184212803840637,0.9126506024096386,0.5864516129032258,0.7140612725844461,85307,174,1282,1818,1992,0.02248789243743015,xgb_d8_sqrt_weight,XGBoost
0.6342600584030151,0.8816086760054225,0.6293548387096775,0.7344249952945605,85219,262,1149,1951,2213,0.02498278411849042,xgb_d8_sqrt_weight,XGBoost
0.5676280856132507,0.8455217748562038,0.6638709677419354,0.7437658113480304,85105,376,1042,2058,2434,0.027477675799550693,xgb_d8_sqrt_weight,XGBoost
0.5076784491539001,0.8094161958568739,0.6932258064516129,0.7468288444830582,84975,506,951,2149,2655,0.029972567480610966,xgb_d8_sqrt_weight,XGBoost
0.4624162018299103,0.7753824756606398,0.7193548387096774,0.7463186077643909,84835,646,870,2230,2876,0.032467459161671236,xgb_d8_sqrt_weight,XGBoost
0.4235783815383911,0.7394252502421699,0.7387096774193549,0.7390672906244957,84674,807,810,2290,3097,0.03496235084273151,xgb_d8_sqrt_weight,XGBoost
0.390947163105011,0.7039493518239373,0.7532258064516129,0.7277544023687081,84499,982,765,2335,3317,0.03744595342116255,xgb_d8_sqrt_weight,XGBoost
0.36085495352745056,0.6678914641040136,0.762258064516129,0.7119614341669177,84306,1175,737,2363,3538,0.03994084510222282,xgb_d8_sqrt_weight,XGBoost
0.33626314997673035,0.6384676775738228,0.7741935483870968,0.6998104679982504,84122,1359,700,2400,3759,0.0424357367832831,xgb_d8_sqrt_weight,XGBoost
0.3145545721054077,0.6115577889447236,0.7851612903225806,0.6875706214689264,83935,1546,666,2434,3980,0.04493062846434337,xgb_d8_sqrt_weight,XGBoost
0.2948162853717804,0.5872411330635563,0.7958064516129032,0.6757978359128886,83747,1734,633,2467,4201,0.04742552014540364,xgb_d8_sqrt_weight,XGBoost
0.27927154302597046,0.5633197648123022,0.8035483870967742,0.662323850039883,83550,1931,609,2491,4422,0.049920411826463916,xgb_d8_sqrt_weight,XGBoost
0.26388272643089294,0.5408141287960371,0.81,0.6485858194498256,83349,2132,589,2511,4643,0.052415303507524186,xgb_d8_sqrt_weight,XGBoost
0.2501637637615204,0.5215871710526315,0.8183870967741935,0.6371170266197891,83154,2327,563,2537,4864,0.05491019518858446,xgb_d8_sqrt_weight,XGBoost
0.23945213854312897,0.5030481809242872,0.8251612903225807,0.6250458155161881,82954,2527,542,2558,5085,0.05740508686964473,xgb_d8_sqrt_weight,XGBoost
0.22769415378570557,0.48492272898605354,0.83,0.6121817749226743,82748,2733,527,2573,5306,0.059899978550705,xgb_d8_sqrt_weight,XGBoost
0.2180558294057846,0.46842771847295095,0.8351612903225807,0.6002086472701983,82543,2938,511,2589,5527,0.06239487023176528,xgb_d8_sqrt_weight,XGBoost
0.20849792659282684,0.4521572720946416,0.8383870967741935,0.5874773960216998,82332,3149,501,2599,5748,0.06488976191282556,xgb_d8_sqrt_weight,XGBoost
0.20027220249176025,0.43776176914055953,0.8429032258064516,0.5762487595104201,82125,3356,487,2613,5969,0.06738465359388582,xgb_d8_sqrt_weight,XGBoost
0.19242270290851593,0.42520193861066236,0.8490322580645161,0.5666307857911733,81923,3558,468,2632,6190,0.0698795452749461,xgb_d8_sqrt_weight,XGBoost
0.18600977957248688,0.4118564742589704,0.8516129032258064,0.555205047318612,81711,3770,460,2640,6410,0.07236314785337714,xgb_d8_sqrt_weight,XGBoost
0.17927400767803192,0.40009048408988085,0.8558064516129033,0.5452677011612374,81503,3978,447,2653,6631,0.07485803953443741,xgb_d8_sqrt_weight,XGBoost
0.17263564467430115,0.3889375364856976,0.8596774193548387,0.5355707395498391,81294,4187,435,2665,6852,0.07735293121549768,xgb_d8_sqrt_weight,XGBoost
0.16661284863948822,0.37743850720949956,0.8612903225806452,0.5248673088264203,81077,4404,430,2670,7074,0.07985911199918719,xgb_d8_sqrt_weight,XGBoost
0.16120798885822296,0.3666895133653187,0.8629032258064516,0.5146705146705146,80861,4620,425,2675,7295,0.08235400368024745,xgb_d8_sqrt_weight,XGBoost
0.15629875659942627,0.3565726450239489,0.864516129032258,0.5048982667671439,80645,4836,420,2680,7516,0.08484889536130773,xgb_d8_sqrt_weight,XGBoost
0.15109415352344513,0.34742148119426136,0.8670967741935484,0.4960782504383131,80432,5049,412,2688,7737,0.087343787042368,xgb_d8_sqrt_weight,XGBoost
0.1467483937740326,0.3385272681578286,0.8690322580645161,0.48724905046120454,80217,5264,406,2694,7958,0.08983867872342828,xgb_d8_sqrt_weight,XGBoost
0.14214907586574554,0.3308472918449688,0.8729032258064516,0.4798297721429205,80008,5473,394,2706,8179,0.09233357040448854,xgb_d8_sqrt_weight,XGBoost
0.13812921941280365,0.32285714285714284,0.8748387096774194,0.4716521739130435,79793,5688,388,2712,8400,0.09482846208554882,xgb_d8_sqrt_weight,XGBoost
0.13459284603595734,0.31516065421644823,0.8764516129032258,0.46361231976793793,79577,5904,383,2717,8621,0.0973233537666091,xgb_d8_sqrt_weight,XGBoost
0.13055987656116486,0.3080750961320968,0.8787096774193548,0.4562049907888126,79363,6118,376,2724,8842,0.09981824544766936,xgb_d8_sqrt_weight,XGBoost
0.12742650508880615,0.30163283318623124,0.8819354838709678,0.4495231831634331,79151,6330,366,2734,9064,0.10232442623135887,xgb_d8_sqrt_weight,XGBoost
0.12449975311756134,0.29520732364028,0.8841935483870967,0.4426322163907953,78937,6544,359,2741,9285,0.10481931791241914,xgb_d8_sqrt_weight,XGBoost
0.12164028733968735,0.2890805806858826,0.8864516129032258,0.43598286530223707,78723,6758,352,2748,9506,0.10731420959347941,xgb_d8_sqrt_weight,XGBoost
0.11817271262407303,0.28312943353551967,0.8883870967741936,0.429406720199579,78508,6973,346,2754,9727,0.10980910127453969,xgb_d8_sqrt_weight,XGBoost
0.11521217972040176,0.27774427020506637,0.8912903225806451,0.4235131820968731,78296,7185,337,2763,9948,0.11230399295559997,xgb_d8_sqrt_weight,XGBoost
0.11282166093587875,0.27229816107778543,0.8932258064516129,0.41736378023965637,78081,7400,331,2769,10169,0.11479888463666023,xgb_d8_sqrt_weight,XGBoost
0.11042111366987228,0.2670837343599615,0.8951612903225806,0.41141586360266863,77866,7615,325,2775,10390,0.1172937763177205,xgb_d8_sqrt_weight,XGBoost
0.10783612728118896,0.2623692394684761,0.8980645161290323,0.4060972941433885,77654,7827,316,2784,10611,0.11978866799878078,xgb_d8_sqrt_weight,XGBoost
0.10568055510520935,0.2571085672082718,0.8983870967741936,0.39979902383003163,77434,8047,315,2785,10832,0.12228355967984104,xgb_d8_sqrt_weight,XGBoost
0.10335702449083328,0.2523296842486203,0.8996774193548387,0.3941213876916555,77217,8264,311,2789,11053,0.12477845136090132,xgb_d8_sqrt_weight,XGBoost
0.10119641572237015,0.24773815859499734,0.9009677419354839,0.38861833866703777,77000,8481,307,2793,11274,0.12727334304196158,xgb_d8_sqrt_weight,XGBoost
0.09900268912315369,0.2435841670291431,0.9032258064516129,0.38369304556354916,76786,8695,300,2800,11495,0.12976823472302187,xgb_d8_sqrt_weight,XGBoost
0.0970357358455658,0.2393308296346876,0.9045161290322581,0.3785097192224622,76569,8912,296,2804,11716,0.13226312640408214,xgb_d8_sqrt_weight,XGBoost
0.0951150506734848,0.2351315128162171,0.905483870967742,0.37332092033515096,76350,9131,293,2807,11938,0.13476930718777164,xgb_d8_sqrt_weight,XGBoost
0.09321576356887817,0.23133223684210527,0.9074193548387097,0.36867627785058976,76134,9347,287,2813,12160,0.13727548797146114,xgb_d8_sqrt_weight,XGBoost
0.09135783463716507,0.22744527905661902,0.9083870967741936,0.36380078806278665,75916,9565,284,2816,12381,0.13977037965252143,xgb_d8_sqrt_weight,XGBoost
0.08964734524488449,0.22399428707450608,0.9106451612903226,0.35954913073934913,75701,9780,277,2823,12603,0.14227656043621092,xgb_d8_sqrt_weight,XGBoost
0.08810301125049591,0.22022927552054902,0.9109677419354839,0.3547070275701816,75482,9999,276,2824,12823,0.14476016301464198,xgb_d8_sqrt_weight,XGBoost
0.08651253581047058,0.21657467034651948,0.9112903225806451,0.34997522299306244,75262,10219,275,2825,13044,0.14725505469570224,xgb_d8_sqrt_weight,XGBoost
0.0848836675286293,0.21316047335494084,0.912258064516129,0.3455734099101851,75042,10439,272,2828,13267,0.14977252458202098,xgb_d8_sqrt_weight,XGBoost
0.08351638168096542,0.20993328391401037,0.9135483870967742,0.34141048824593123,74823,10658,268,2832,13490,0.1522899944683397,xgb_d8_sqrt_weight,XGBoost
0.08201637864112854,0.2067532088681447,0.9145161290322581,0.3372591006423983,74604,10877,265,2835,13712,0.1547961752520292,xgb_d8_sqrt_weight,XGBoost
0.08056021481752396,0.20361731141893347,0.9151612903225806,0.3331180649327775,74385,11096,263,2837,13933,0.1572910669330895,xgb_d8_sqrt_weight,XGBoost
0.07939425110816956,0.2006499929348594,0.9161290322580645,0.32919902631273906,74167,11314,260,2840,14154,0.15978595861414976,xgb_d8_sqrt_weight,XGBoost
0.07797916233539581,0.19763478260869566,0.9164516129032259,0.32515021459227467,73947,11534,259,2841,14375,0.16228085029521003,xgb_d8_sqrt_weight,XGBoost
0.07670048624277115,0.19484790353521514,0.9174193548387096,0.32142857142857145,73729,11752,256,2844,14596,0.16477574197627032,xgb_d8_sqrt_weight,XGBoost
0.07536385953426361,0.1922116487818047,0.9187096774193548,0.3179103644583357,73512,11969,252,2848,14817,0.16727063365733058,xgb_d8_sqrt_weight,XGBoost
0.07402881979942322,0.18965287937225694,0.92,0.31447789171904295,73295,12186,248,2852,15038,0.16976552533839084,xgb_d8_sqrt_weight,XGBoost
0.07285168766975403,0.18688159360461307,0.92,0.31065846086814447,73072,12409,248,2852,15261,0.17228299522470958,xgb_d8_sqrt_weight,XGBoost
0.07168884575366974,0.18433120196344377,0.9206451612903226,0.3071624603131895,72852,12629,246,2854,15483,0.1747891760083991,xgb_d8_sqrt_weight,XGBoost
0.07046765089035034,0.18186449312277128,0.9212903225806451,0.30376515634971285,72633,12848,244,2856,15704,0.17728406768945937,xgb_d8_sqrt_weight,XGBoost
0.06936266273260117,0.17976893130729624,0.9235483870967742,0.3009565857247976,72418,13063,237,2863,15926,0.17979024847314887,xgb_d8_sqrt_weight,XGBoost
0.06830143183469772,0.17754520683675998,0.9248387096774193,0.29790108063175397,72200,13281,233,2867,16148,0.18229642925683837,xgb_d8_sqrt_weight,XGBoost
0.06733445078134537,0.17539251023275704,0.9261290322580645,0.2949304021778212,71983,13498,229,2871,16369,0.18479132093789866,xgb_d8_sqrt_weight,XGBoost
0.06648736447095871,0.17340726900126574,0.9280645161290323,0.2922147173835763,71767,13714,223,2877,16591,0.18729750172158816,xgb_d8_sqrt_weight,XGBoost
0.06563878059387207,0.17124672852724246,0.9287096774193548,0.2891723583768582,71548,13933,221,2879,16812,0.18979239340264842,xgb_d8_sqrt_weight,XGBoost
0.06460116803646088,0.16925967240063405,0.93,0.28639547012367755,71331,14150,217,2883,17033,0.1922872850837087,xgb_d8_sqrt_weight,XGBoost
0.06361489742994308,0.1672461752433936,0.9309677419354838,0.28355276085674985,71111,14370,214,2886,17256,0.19480475497002744,xgb_d8_sqrt_weight,XGBoost
0.06270048767328262,0.16524575155919208,0.9316129032258065,0.2807017543859649,70892,14589,212,2888,17477,0.1972996466510877,xgb_d8_sqrt_weight,XGBoost
0.06185246258974075,0.16351206282840838,0.9335483870967742,0.27828260974085295,70676,14805,206,2894,17699,0.1998058274347772,xgb_d8_sqrt_weight,XGBoost
0.06100362166762352,0.1616539255621896,0.9345161290322581,0.2756291327719899,70457,15024,203,2897,17921,0.2023120082184667,xgb_d8_sqrt_weight,XGBoost
0.06016843393445015,0.1597949509425642,0.9351612903225807,0.2729498164014688,70238,15243,201,2899,18142,0.204806899899527,xgb_d8_sqrt_weight,XGBoost
0.05932757630944252,0.15798072210423134,0.9358064516129032,0.27032567674602803,70019,15462,199,2901,18363,0.20730179158058726,xgb_d8_sqrt_weight,XGBoost
0.05848429352045059,0.1561558329746018,0.9361290322580645,0.26766279284264893,69799,15682,198,2902,18584,0.20979668326164752,xgb_d8_sqrt_weight,XGBoost
0.057701196521520615,0.15458654613134803,0.937741935483871,0.26541885414288974,69583,15898,193,2907,18805,0.2122915749427078,xgb_d8_sqrt_weight,XGBoost
0.056954216212034225,0.1530011563124146,0.9390322580645162,0.26312935008587185,69366,16115,189,2911,19026,0.21478646662376807,xgb_d8_sqrt_weight,XGBoost
0.05621182918548584,0.15134826206681562,0.9396774193548387,0.26070613505168483,69147,16334,187,2913,19247,0.21728135830482834,xgb_d8_sqrt_weight,XGBoost
0.05554955080151558,0.14966615305598358,0.94,0.25821887461231724,68925,16556,186,2914,19470,0.21979882819114707,xgb_d8_sqrt_weight,XGBoost
0.0547998771071434,0.14823278488726385,0.9416129032258065,0.25614250614250617,68708,16773,181,2919,19692,0.2223050089748366,xgb_d8_sqrt_weight,XGBoost
0.05417177081108093,0.14663787475518505,0.9419354838709677,0.25376960848216223,68488,16993,180,2920,19913,0.22479990065589686,xgb_d8_sqrt_weight,XGBoost
0.05358642339706421,0.1451204370499131,0.9425806451612904,0.25151710781149134,68268,17213,178,2922,20135,0.22730608143958636,xgb_d8_sqrt_weight,XGBoost
0.052938565611839294,0.14363609569189958,0.9432258064516129,0.249307243040457,68048,17433,176,2924,20357,0.22981226222327586,xgb_d8_sqrt_weight,XGBoost
0.052305616438388824,0.14228788026047234,0.944516129032258,0.24731818565757238,67831,17650,172,2928,20578,0.23230715390433615,xgb_d8_sqrt_weight,XGBoost
0.05169093236327171,0.14092023654983413,0.9454838709677419,0.24528222938198246,67613,17868,169,2931,20799,0.2348020455853964,xgb_d8_sqrt_weight,XGBoost
0.051057618111371994,0.13952713952713952,0.9461290322580646,0.24319058082169062,67393,18088,167,2933,21021,0.2373082263690859,xgb_d8_sqrt_weight,XGBoost
0.05045481026172638,0.13811608529868663,0.9464516129032258,0.24105492338659984,67172,18309,166,2934,21243,0.23981440715277544,xgb_d8_sqrt_weight,XGBoost
0.04982369393110275,0.1367405888930302,0.9467741935483871,0.2389675948542583,66952,18529,165,2935,21464,0.2423092988338357,xgb_d8_sqrt_weight,XGBoost
0.049187615513801575,0.1354853585427715,0.947741935483871,0.23707887835384303,66734,18747,162,2938,21685,0.24480419051489596,xgb_d8_sqrt_weight,XGBoost
0.04867321252822876,0.13413966225467822,0.9480645161290323,0.23502598960415833,66510,18971,161,2939,21910,0.24734423860647317,xgb_d8_sqrt_weight,XGBoost
0.04808342456817627,0.13294170808856756,0.9490322580645161,0.23321442726912406,66293,19188,158,2942,22130,0.24982784118490423,xgb_d8_sqrt_weight,XGBoost
0.04759739339351654,0.1316660701503221,0.9493548387096774,0.23125884016973122,66072,19409,157,2943,22352,0.2523340219685937,xgb_d8_sqrt_weight,XGBoost
0.047043051570653915,0.13041552228227163,0.9496774193548387,0.22933707252473318,65851,19630,156,2944,22574,0.2548402027522832,xgb_d8_sqrt_weight,XGBoost
0.04651419073343277,0.12918933146165995,0.95,0.2274482545566883,65630,19851,155,2945,22796,0.2573463835359727,xgb_d8_sqrt_weight,XGBoost
0.04601915553212166,0.12812269192336098,0.9512903225806452,0.22582991920971013,65413,20068,151,2949,23017,0.259841275217033,xgb_d8_sqrt_weight,XGBoost
0.04550642892718315,0.1269472415870557,0.9516129032258065,0.22401093477105327,65193,20288,150,2950,23238,0.26233616689809325,xgb_d8_sqrt_weight,XGBoost
0.045037832111120224,0.12579393836054392,0.9519354838709677,0.2222222222222222,64973,20508,149,2951,23459,0.26483105857915357,xgb_d8_sqrt_weight,XGBoost
0.04456991329789162,0.12461466998859845,0.9519354838709677,0.22038012023449463,64751,20730,149,2951,23681,0.26733723936284304,xgb_d8_sqrt_weight,XGBoost
0.044095948338508606,0.12345730661423253,0.9519354838709677,0.21856830722512313,64529,20952,149,2951,23903,0.26984342014653256,xgb_d8_sqrt_weight,XGBoost
0.043618906289339066,0.12245067153042613,0.9529032258064516,0.21701439905965325,64311,21170,146,2954,24124,0.2723383118275928,xgb_d8_sqrt_weight,XGBoost
0.04310580715537071,0.12137517456666393,0.9532258064516129,0.21533192450630328,64090,21391,145,2955,24346,0.27484449261128235,xgb_d8_sqrt_weight,XGBoost
0.042599547654390335,0.120441224356887,0.954516129032258,0.2138933063466821,63872,21609,141,2959,24568,0.2773506733949718,xgb_d8_sqrt_weight,XGBoost
0.042141951620578766,0.1194078018475937,0.9548387096774194,0.2122700706371688,63652,21829,140,2960,24789,0.2798455650760321,xgb_d8_sqrt_weight,XGBoost
0.04171023145318031,0.11842789172763984,0.9554838709677419,0.21073601081427198,63432,22049,138,2962,25011,0.2823517458597216,xgb_d8_sqrt_weight,XGBoost
0.041201941668987274,0.11746987951807229,0.9561290322580646,0.2092333756882677,63213,22268,136,2964,25232,0.2848466375407819,xgb_d8_sqrt_weight,XGBoost
0.04075596109032631,0.11644535240040858,0.9561290322580646,0.20760664005043075,62991,22490,136,2964,25454,0.2873528183244714,xgb_d8_sqrt_weight,XGBoost
0.04034667834639549,0.11547748870540582,0.9564516129032258,0.20607450653322212,62770,22711,135,2965,25676,0.2898589991081609,xgb_d8_sqrt_weight,XGBoost
0.03992690518498421,0.11448760522048035,0.9564516129032258,0.20449686185254157,62548,22933,135,2965,25898,0.2923651798918504,xgb_d8_sqrt_weight,XGBoost
0.03951617702841759,0.11355283307810107,0.9567741935483871,0.2030116358658453,62327,23154,134,2966,26120,0.29487136067553993,xgb_d8_sqrt_weight,XGBoost
0.03915797919034958,0.11263381671854833,0.9570967741935484,0.20154880782555532,62106,23375,133,2967,26342,0.2973775414592294,xgb_d8_sqrt_weight,XGBoost
0.03874562680721283,0.11173436735308512,0.9574193548387097,0.20011462090820212,61886,23595,132,2968,26563,0.29987243314028966,xgb_d8_sqrt_weight,XGBoost
0.03838667646050453,0.11088709677419355,0.9580645161290322,0.19876857181100255,61667,23814,130,2970,26784,0.3023673248213499,xgb_d8_sqrt_weight,XGBoost
0.038007307797670364,0.11012775411960748,0.9593548387096774,0.1975751536289653,61450,24031,126,2974,27005,0.30486221650241024,xgb_d8_sqrt_weight,XGBoost
0.03763734549283981,0.10922980864582951,0.9593548387096774,0.19612886207010255,61228,24253,126,2974,27227,0.3073683972860997,xgb_d8_sqrt_weight,XGBoost
0.0372566394507885,0.10845963276012824,0.9603225806451613,0.19490637684954826,61010,24471,123,2977,27448,0.30986328896716,xgb_d8_sqrt_weight,XGBoost
0.036883462220430374,0.10762558727864113,0.9606451612903226,0.19356516087097822,60789,24692,122,2978,27670,0.3123694697508495,xgb_d8_sqrt_weight,XGBoost
0.03650691360235214,0.10684450181061991,0.9612903225806452,0.1923138975831693,60570,24911,120,2980,27891,0.31486436143190977,xgb_d8_sqrt_weight,XGBoost
0.036143697798252106,0.10610372056626592,0.962258064516129,0.19113218427628628,60350,25131,117,2983,28114,0.3173818313182285,xgb_d8_sqrt_weight,XGBoost
0.03574931249022484,0.1054526204340921,0.9638709677419355,0.19010656911086365,60134,25347,112,2988,28335,0.31987672299928877,xgb_d8_sqrt_weight,XGBoost
0.03538235276937485,0.10467518823323411,0.9641935483870968,0.18884852314010425,59915,25566,111,2989,28555,0.3223603255777198,xgb_d8_sqrt_weight,XGBoost
0.035024549812078476,0.10393356035860726,0.9648387096774194,0.18765292678336154,59694,25787,109,2991,28778,0.32487779546403855,xgb_d8_sqrt_weight,XGBoost
0.03468865156173706,0.10317597158522708,0.9651612903225807,0.186423253060843,59474,26007,108,2992,28999,0.3273726871450988,xgb_d8_sqrt_weight,XGBoost
0.03430347144603729,0.10246406570841889,0.9658064516129032,0.18527227722772277,59255,26226,106,2994,29220,0.32986757882615914,xgb_d8_sqrt_weight,XGBoost
0.033960260450839996,0.1016949152542373,0.9658064516129032,0.1840140130911773,59034,26447,106,2994,29441,0.3323624705072194,xgb_d8_sqrt_weight,XGBoost
0.03363868594169617,0.10097093924887061,0.9661290322580646,0.18283377083206154,58814,26667,105,2995,29662,0.33485736218827966,xgb_d8_sqrt_weight,XGBoost
0.03326800465583801,0.10022085396867889,0.9661290322580646,0.18160320155226775,58592,26889,105,2995,29884,0.33736354297196913,xgb_d8_sqrt_weight,XGBoost
0.03289875388145447,0.09947522253221736,0.9661290322580646,0.18037822211515298,58368,27113,105,2995,30108,0.33989230196091713,xgb_d8_sqrt_weight,XGBoost
0.03256986290216446,0.09878334267532725,0.9664516129032258,0.17924556522779622,58148,27333,104,2996,30329,0.3423871936419774,xgb_d8_sqrt_weight,XGBoost
0.03227919340133667,0.09806552976989297,0.9664516129032258,0.17806305904727943,57926,27555,104,2996,30551,0.3448933744256669,xgb_d8_sqrt_weight,XGBoost
0.03196852281689644,0.09736123748862602,0.9664516129032258,0.17690127538970238,57705,27776,104,2996,30772,0.3473882661067272,xgb_d8_sqrt_weight,XGBoost
0.03169253095984459,0.0966961347357553,0.9667741935483871,0.17580806006922037,57484,27997,103,2997,30994,0.34989444689041665,xgb_d8_sqrt_weight,XGBoost
0.031353313475847244,0.09604049205535622,0.9670967741935483,0.17472898939270312,57263,28218,102,2998,31216,0.3524006276741062,xgb_d8_sqrt_weight,XGBoost
0.031026747077703476,0.09539714349333588,0.9674193548387097,0.1736688189477951,57043,28438,101,2999,31437,0.35489551935516644,xgb_d8_sqrt_weight,XGBoost
0.030751414597034454,0.09476577060365796,0.967741935483871,0.17262709669994533,56824,28657,100,3000,31657,0.3573791219335975,xgb_d8_sqrt_weight,XGBoost
0.0304428581148386,0.0941969887076537,0.9687096774193549,0.17169811320754716,56604,28877,97,3003,31880,0.35989659181991623,xgb_d8_sqrt_weight,XGBoost
0.03015212155878544,0.09357963926357435,0.9690322580645161,0.1706769694042783,56384,29097,96,3004,32101,0.3623914835009765,xgb_d8_sqrt_weight,XGBoost
0.02980736456811428,0.0929397933296207,0.9690322580645161,0.1696121054711761,56163,29318,96,3004,32322,0.36488637518203676,xgb_d8_sqrt_weight,XGBoost
0.029559718444943428,0.092336529006883,0.9693548387096774,0.16861182807765682,55942,29539,95,3005,32544,0.3673925559657263,xgb_d8_sqrt_weight,XGBoost
0.02928161807358265,0.09174423927971921,0.9696774193548388,0.16762860727728984,55722,29759,94,3006,32765,0.36988744764678655,xgb_d8_sqrt_weight,XGBoost
0.029011528939008713,0.09115712250280414,0.97,0.1666528112616732,55501,29980,93,3007,32987,0.3723936284304761,xgb_d8_sqrt_weight,XGBoost
0.028746359050273895,0.09061069621777885,0.9706451612903226,0.16574859535088687,55282,30199,91,3009,33208,0.37488852011153634,xgb_d8_sqrt_weight,XGBoost
0.028435515239834785,0.09004158066349577,0.9709677419354839,0.16480056941060528,55062,30419,90,3010,33429,0.3773834117925966,xgb_d8_sqrt_weight,XGBoost
0.028185907751321793,0.08953937592867757,0.9719354838709677,0.16397278911564625,54844,30637,87,3013,33650,0.37987830347365686,xgb_d8_sqrt_weight,XGBoost
0.027927540242671967,0.08901420093885624,0.9725806451612903,0.16310080874198696,54625,30856,85,3015,33871,0.3823731951547171,xgb_d8_sqrt_weight,XGBoost
0.027668576687574387,0.08849323908133634,0.9732258064516129,0.16223482913451456,54405,31076,83,3017,34093,0.38487937593840665,xgb_d8_sqrt_weight,XGBoost
0.02740328013896942,0.08798158186163083,0.9738709677419355,0.16138343935425245,54186,31295,81,3019,34314,0.3873742676194669,xgb_d8_sqrt_weight,XGBoost
0.027138905599713326,0.0874185608802664,0.9738709677419355,0.16043576458084227,53965,31516,81,3019,34535,0.3898691593005272,xgb_d8_sqrt_weight,XGBoost
0.02689448371529579,0.08686269996547359,0.9738709677419355,0.1594991546914624,53744,31737,81,3019,34756,0.3923640509815875,xgb_d8_sqrt_weight,XGBoost
0.026642214506864548,0.0863138633959459,0.9738709677419355,0.15857341702339994,53523,31958,81,3019,34977,0.39485894266264776,xgb_d8_sqrt_weight,XGBoost
0.026382572948932648,0.08582874026933349,0.974516129032258,0.15776280745730847,53304,32177,79,3021,35198,0.397353834343708,xgb_d8_sqrt_weight,XGBoost
0.026164451614022255,0.08534967108049352,0.9751612903225807,0.15696149951971752,53085,32396,77,3023,35419,0.3998487260247683,xgb_d8_sqrt_weight,XGBoost
0.025909176096320152,0.08482042648709315,0.9751612903225807,0.15606608156943727,52864,32617,77,3023,35640,0.40234361770582855,xgb_d8_sqrt_weight,XGBoost
0.025686245411634445,0.08429770502774601,0.9751612903225807,0.15518082184748852,52643,32838,77,3023,35861,0.4048385093868888,xgb_d8_sqrt_weight,XGBoost
0.025484392419457436,0.08382984619648053,0.9758064516129032,0.1543958147250223,52421,33060,75,3025,36085,0.4073672683758368,xgb_d8_sqrt_weight,XGBoost
0.02524506486952305,0.08334710516168127,0.9761290322580645,0.15358067299396033,52201,33280,74,3026,36306,0.4098621600568971,xgb_d8_sqrt_weight,XGBoost
0.025022361427545547,0.082870205601336,0.9764516129032258,0.15277462336285866,51981,33500,73,3027,36527,0.41235705173795734,xgb_d8_sqrt_weight,XGBoost
0.024797312915325165,0.08239904212474149,0.9767741935483871,0.15197751455531017,51761,33720,72,3028,36748,0.4148519434190176,xgb_d8_sqrt_weight,XGBoost
0.02455083839595318,0.08190646217100814,0.9767741935483871,0.15113928473383412,51540,33941,72,3028,36969,0.4173468351000779,xgb_d8_sqrt_weight,XGBoost
0.02434789575636387,0.08144224564422456,0.9770967741935483,0.1503524272808498,51318,34163,71,3029,37192,0.41986430498639665,xgb_d8_sqrt_weight,XGBoost
0.024095091968774796,0.08095899930507297,0.9770967741935483,0.14952855802932322,51096,34385,71,3029,37414,0.4223704857700861,xgb_d8_sqrt_weight,XGBoost
0.02389422245323658,0.08050802423211818,0.9774193548387097,0.1487627651217596,50875,34606,70,3030,37636,0.42487666655377565,xgb_d8_sqrt_weight,XGBoost
0.023698052391409874,0.08008452192287374,0.9780645161290322,0.14804687500000002,50653,34828,68,3032,37860,0.4274054255427236,xgb_d8_sqrt_weight,XGBoost
0.023517318069934845,0.07967436974789915,0.9787096774193549,0.14735308402136957,50435,35046,66,3034,38080,0.42988902812115465,xgb_d8_sqrt_weight,XGBoost
0.023287907242774963,0.07924075089423252,0.9790322580645161,0.14661481606724475,50215,35266,65,3035,38301,0.4323839198022149,xgb_d8_sqrt_weight,XGBoost
0.023061411455273628,0.07881210736721873,0.9793548387096774,0.14588438806400464,49995,35486,64,3036,38522,0.4348788114832752,xgb_d8_sqrt_weight,XGBoost
0.022854607552289963,0.07835849787069299,0.9793548387096774,0.1451069422870116,49772,35709,64,3036,38745,0.4373962813695939,xgb_d8_sqrt_weight,XGBoost
0.02265314944088459,0.07796540573833599,0.98,0.1444396900109352,49553,35928,62,3038,38966,0.4398911730506542,xgb_d8_sqrt_weight,XGBoost
0.02245575562119484,0.07752373175461875,0.98,0.143681422625804,49331,36150,62,3038,39188,0.4423973538343437,xgb_d8_sqrt_weight,XGBoost
0.02224064990878105,0.07708703374777975,0.98,0.14293107504116678,49109,36372,62,3038,39410,0.4449035346180332,xgb_d8_sqrt_weight,XGBoost
0.022046349942684174,0.07668239509474906,0.9803225806451613,0.14223865577683648,48889,36592,61,3039,39631,0.4473984262990935,xgb_d8_sqrt_weight,XGBoost
0.02182875946164131,0.07628224430392452,0.9806451612903225,0.14155336189234496,48669,36812,60,3040,39852,0.44989331798015375,xgb_d8_sqrt_weight,XGBoost
0.021639999002218246,0.07585965962968508,0.9806451612903225,0.1408254968267939,48447,37034,60,3040,40074,0.4523994987638433,xgb_d8_sqrt_weight,XGBoost
0.021428970620036125,0.07544360342474253,0.9806451612903225,0.14010830740868765,48226,37255,60,3040,40295,0.45489439044490354,xgb_d8_sqrt_weight,XGBoost
0.021247560158371925,0.0750567676967124,0.9809677419354839,0.13944424064563463,48006,37475,59,3041,40516,0.4573892821259638,xgb_d8_sqrt_weight,XGBoost
0.021073831245303154,0.07467412917004197,0.9812903225806452,0.13878686953943015,47786,37695,58,3042,40737,0.45988417380702407,xgb_d8_sqrt_weight,XGBoost
0.02089349552989006,0.0742919921875,0.9816129032258064,0.1381298229686791,47564,37917,57,3043,40960,0.4624016436933428,xgb_d8_sqrt_weight,XGBoost
0.02072073146700859,0.07391758335154562,0.9819354838709677,0.13748560330615842,47344,38137,56,3044,41181,0.46489653537440306,xgb_d8_sqrt_weight,XGBoost
0.020538443699479103,0.07354717163422057,0.9822580645161291,0.13684778212215182,47124,38357,55,3045,41402,0.4673914270554634,xgb_d8_sqrt_weight,XGBoost
0.02035669796168804,0.07315491062848356,0.9822580645161291,0.13616850013415616,46902,38579,55,3045,41624,0.46989760783915285,xgb_d8_sqrt_weight,XGBoost
0.020176848396658897,0.07279244832118532,0.9825806451612903,0.1355434419846479,46682,38799,54,3046,41845,0.4723924995202131,xgb_d8_sqrt_weight,XGBoost
0.019983189180493355,0.07241002234583749,0.9825806451612903,0.13488021963423813,46461,39020,54,3046,42066,0.47488739120127343,xgb_d8_sqrt_weight,XGBoost
0.01980295032262802,0.0720535376466137,0.9829032258064516,0.13426456332070152,46240,39241,53,3047,42288,0.4773935719849629,xgb_d8_sqrt_weight,XGBoost
0.01964278146624565,0.07167556632401026,0.9829032258064516,0.13360812084804102,46017,39464,53,3047,42511,0.47991104187128164,xgb_d8_sqrt_weight,XGBoost
0.019451718777418137,0.07130153975757009,0.9829032258064516,0.13295806606449362,45794,39687,53,3047,42734,0.4824285117576004,xgb_d8_sqrt_weight,XGBoost
0.01927514374256134,0.07098125945757187,0.9835483870967742,0.13240690478775377,45575,39906,51,3049,42955,0.48492340343866064,xgb_d8_sqrt_weight,XGBoost
0.019112706184387207,0.07064109690568834,0.9838709677419355,0.13181778891866194,45355,40126,50,3050,43176,0.48741829511972096,xgb_d8_sqrt_weight,XGBoost
0.01894359104335308,0.07030277892990461,0.9841935483870968,0.13123145081508886,45134,40347,49,3051,43398,0.48992447590341043,xgb_d8_sqrt_weight,XGBoost
0.018772635608911514,0.0699924344895573,0.9848387096774194,0.13069629058841156,44915,40566,47,3053,43619,0.4924193675844707,xgb_d8_sqrt_weight,XGBoost
0.018614955246448517,0.06963959854014598,0.9848387096774194,0.13008095440988496,44694,40787,47,3053,43840,0.494914259265531,xgb_d8_sqrt_weight,XGBoost
0.018447667360305786,0.0692903020812056,0.9848387096774194,0.12947138525476556,44473,41008,47,3053,44061,0.49740915094659127,xgb_d8_sqrt_weight,XGBoost
0.018294475972652435,0.06894604909554888,0.9848387096774194,0.12887022224098268,44253,41228,47,3053,44281,0.49989275352502227,xgb_d8_sqrt_weight,XGBoost
0.018125738948583603,0.06860211671123295,0.9848387096774194,0.12826922672940783,44031,41450,47,3053,44503,0.5023989343087119,xgb_d8_sqrt_weight,XGBoost
0.017992086708545685,0.06828548430372954,0.9851612903225806,0.12771830043492804,43811,41670,46,3054,44724,0.5048938259897721,xgb_d8_sqrt_weight,XGBoost
0.017833882942795753,0.0679704534330085,0.9854838709677419,0.127169795612538,43590,41891,45,3055,44946,0.5074000067734615,xgb_d8_sqrt_weight,XGBoost
0.017697487026453018,0.06763787721123829,0.9854838709677419,0.12658752356682618,43369,42112,45,3055,45167,0.5098948984545218,xgb_d8_sqrt_weight,XGBoost
0.017539391294121742,0.06730853970212392,0.9854838709677419,0.1260105593136446,43148,42333,45,3055,45388,0.5123897901355822,xgb_d8_sqrt_weight,XGBoost
0.017391368746757507,0.0669999123037797,0.9858064516129033,0.1254721629167351,42925,42556,44,3056,45612,0.5149185491245301,xgb_d8_sqrt_weight,XGBoost
0.01724867708981037,0.0666768485588986,0.9858064516129033,0.12490548300737742,42704,42777,44,3056,45833,0.5174134408055904,xgb_d8_sqrt_weight,XGBoost
0.017101943492889404,0.06635544457713603,0.9858064516129033,0.12434136913843963,42482,42999,44,3056,46055,0.5199196215892798,xgb_d8_sqrt_weight,XGBoost
0.016935938969254494,0.06605730584727085,0.9861290322580645,0.12382032484102232,42260,43221,43,3057,46278,0.5224370914755986,xgb_d8_sqrt_weight,XGBoost
0.016784530133008957,0.06578494623655914,0.9867741935483871,0.12334677419354839,42040,43441,41,3059,46500,0.5249432722592882,xgb_d8_sqrt_weight,XGBoost
0.016652308404445648,0.06547096718960684,0.9867741935483871,0.1227946932139775,41817,43664,41,3059,46723,0.5274607421456069,xgb_d8_sqrt_weight,XGBoost
0.016519274562597275,0.06522248492981447,0.987741935483871,0.12236497692169361,41596,43885,38,3062,46947,0.5299895011345548,xgb_d8_sqrt_weight,XGBoost
0.016386408358812332,0.06493534025863897,0.9880645161290322,0.1218619454943306,41374,44107,37,3063,47170,0.5325069710208735,xgb_d8_sqrt_weight,XGBoost
0.01623149961233139,0.06465362621594818,0.9883870967741936,0.12136816462339825,41154,44327,36,3064,47391,0.5350018627019338,xgb_d8_sqrt_weight,XGBoost
0.016074659302830696,0.0643521727259362,0.9883870967741936,0.12083686628675092,40932,44549,36,3064,47613,0.5375080434856233,xgb_d8_sqrt_weight,XGBoost
0.015940748155117035,0.06407442249398976,0.9887096774193549,0.12034946500441739,40711,44770,35,3065,47835,0.5400142242693128,xgb_d8_sqrt_weight,XGBoost
0.015782590955495834,0.06377710266760997,0.9887096774193549,0.11982485632745613,40488,44993,35,3065,48058,0.5425316941556315,xgb_d8_sqrt_weight,XGBoost
0.015644604340195656,0.06348384424192212,0.9887096774193549,0.11930712339431684,40266,45215,35,3065,48280,0.5450378749393211,xgb_d8_sqrt_weight,XGBoost
0.015519093722105026,0.06319066468744845,0.9887096774193549,0.11878924114409735,40042,45439,35,3065,48504,0.547566633928269,xgb_d8_sqrt_weight,XGBoost
0.015396855771541595,0.06292457670600309,0.9890322580645161,0.11832127351664255,39822,45659,34,3066,48725,0.5500615256093293,xgb_d8_sqrt_weight,XGBoost
0.015254450030624866,0.06264046091611164,0.9890322580645161,0.11781885255351035,39601,45880,34,3066,48946,0.5525564172903896,xgb_d8_sqrt_weight,XGBoost
0.015105977654457092,0.06235509456985967,0.9890322580645161,0.11731394681461642,39377,46104,34,3066,49170,0.5550851762793375,xgb_d8_sqrt_weight,XGBoost
0.014970757067203522,0.06209507612568837,0.9893548387096774,0.11685590185171074,39156,46325,33,3067,49392,0.5575913570630271,xgb_d8_sqrt_weight,XGBoost
0.01483003981411457,0.06183863100397073,0.9896774193548387,0.11640392313091646,38936,46545,32,3068,49613,0.5600862487440873,xgb_d8_sqrt_weight,XGBoost
0.014689740724861622,0.061564393787374085,0.9896774193548387,0.11591793554237352,38715,46766,32,3068,49834,0.5625811404251476,xgb_d8_sqrt_weight,XGBoost
0.014570769853889942,0.061292578164019576,0.9896774193548387,0.11543598908851471,38494,46987,32,3068,50055,0.5650760321062078,xgb_d8_sqrt_weight,XGBoost
0.014437561854720116,0.06103940014717874,0.99,0.11498904063395717,38271,47210,31,3069,50279,0.5676047910951558,xgb_d8_sqrt_weight,XGBoost
0.014314952306449413,0.060790875428209344,0.9903225806451613,0.11455010167720753,38050,47431,30,3070,50501,0.5701109718788453,xgb_d8_sqrt_weight,XGBoost
0.014198757708072662,0.060526004495090886,0.9903225806451613,0.11407974434246218,37829,47652,30,3070,50722,0.5726058635599056,xgb_d8_sqrt_weight,XGBoost
0.0140542546287179,0.06026343167854269,0.9903225806451613,0.11361323390633384,37608,47873,30,3070,50943,0.5751007552409659,xgb_d8_sqrt_weight,XGBoost
0.01392233744263649,0.06000078176914357,0.9903225806451613,0.11314635314930158,37385,48096,30,3070,51166,0.5776182251272847,xgb_d8_sqrt_weight,XGBoost
0.013797427527606487,0.059741573908305444,0.9903225806451613,0.11268536191454999,37163,48318,30,3070,51388,0.5801244059109741,xgb_d8_sqrt_weight,XGBoost
0.013678653165698051,0.05948459600852548,0.9903225806451613,0.11222811186254798,36941,48540,30,3070,51610,0.5826305866946636,xgb_d8_sqrt_weight,XGBoost
0.01355202216655016,0.0592468264073774,0.9906451612903225,0.11180689554738413,36718,48763,29,3071,51834,0.5851593456836116,xgb_d8_sqrt_weight,XGBoost
0.01343273464590311,0.0589918936570748,0.9906451612903225,0.11135284092969287,36494,48987,29,3071,52058,0.5876881046725596,xgb_d8_sqrt_weight,XGBoost
0.013302415609359741,0.05874026893135174,0.9906451612903225,0.11090446181903542,36271,49210,29,3071,52281,0.5902055745588783,xgb_d8_sqrt_weight,XGBoost
0.013179663568735123,0.05851094223187246,0.9909677419354839,0.11049763501969319,36050,49431,28,3072,52503,0.5927117553425678,xgb_d8_sqrt_weight,XGBoost
0.013048045337200165,0.05826347532526647,0.9909677419354839,0.11005624619352988,35827,49654,28,3072,52726,0.5952292252288865,xgb_d8_sqrt_weight,XGBoost
0.012919086031615734,0.05803807509254363,0.9912903225806452,0.10965600913502711,35606,49875,27,3073,52948,0.597735406012576,xgb_d8_sqrt_weight,XGBoost
0.01279666181653738,0.05781346974854714,0.9916129032258064,0.10925698850207034,35384,50097,26,3074,53171,0.6002528758988948,xgb_d8_sqrt_weight,XGBoost
0.012692634016275406,0.05757201183653594,0.9916129032258064,0.10882571600523948,35161,50320,26,3074,53394,0.6027703457852135,xgb_d8_sqrt_weight,XGBoost
0.012574625201523304,0.05733363175171591,0.9916129032258064,0.10839974610339236,34939,50542,26,3074,53616,0.6052765265689031,xgb_d8_sqrt_weight,XGBoost
0.01247289590537548,0.05711791366371945,0.9919354838709677,0.1080160179851061,34720,50761,25,3075,53836,0.6077601291473341,xgb_d8_sqrt_weight,XGBoost
0.012350295670330524,0.05689974102848687,0.9922580645161291,0.10762771168649404,34497,50984,24,3076,54060,0.610288888136282,xgb_d8_sqrt_weight,XGBoost
0.012227099388837814,0.05666703511292878,0.9922580645161291,0.10721132062319196,34275,51206,24,3076,54282,0.6127950689199716,xgb_d8_sqrt_weight,XGBoost
0.012111682444810867,0.0564545721414942,0.9925806451612903,0.10683285882924795,34054,51427,23,3077,54504,0.6153012497036611,xgb_d8_sqrt_weight,XGBoost
0.011999879963696003,0.0562224780281021,0.9925806451612903,0.10641719552473673,33829,51652,23,3077,54729,0.6178412977952382,xgb_d8_sqrt_weight,XGBoost
0.011887417174875736,0.056013539335043945,0.9929032258064516,0.1060446848460836,33608,51873,22,3078,54951,0.6203474785789278,xgb_d8_sqrt_weight,XGBoost
0.011786269955337048,0.05580729355470166,0.993225806451613,0.10567682591982427,33388,52093,21,3079,55172,0.622842370259988,xgb_d8_sqrt_weight,XGBoost
0.011686326935887337,0.05558163044263124,0.993225806451613,0.10527215536105033,33164,52317,21,3079,55396,0.625371129248936,xgb_d8_sqrt_weight,XGBoost
0.011590871028602123,0.055358780272928315,0.993225806451613,0.10487235818048672,32941,52540,21,3079,55619,0.6278885991352547,xgb_d8_sqrt_weight,XGBoost
0.011478666216135025,0.05513869737289805,0.993225806451613,0.10447735871464685,32719,52762,21,3079,55841,0.6303947799189442,xgb_d8_sqrt_weight,XGBoost
0.011372104287147522,0.054917418756465594,0.993225806451613,0.10408004597234899,32494,52987,21,3079,56066,0.6329348280105215,xgb_d8_sqrt_weight,XGBoost
0.011265781708061695,0.054699852546678744,0.993225806451613,0.10368923538028928,32271,53210,21,3079,56289,0.6354522978968402,xgb_d8_sqrt_weight,XGBoost
0.011166021227836609,0.05448207523799412,0.993225806451613,0.10329788304760626,32046,53435,21,3079,56514,0.6379923459884174,xgb_d8_sqrt_weight,XGBoost
0.011068589054048061,0.05428652002256063,0.9935483870967742,0.10294805802526906,31825,53656,20,3080,56736,0.6404985267721068,xgb_d8_sqrt_weight,XGBoost
0.010971538722515106,0.05409153952843273,0.9938709677419355,0.10259911087430693,31603,53878,19,3081,56959,0.6430159966584256,xgb_d8_sqrt_weight,XGBoost
0.010868488810956478,0.0538796495461938,0.9938709677419355,0.10221787236866116,31379,54102,19,3081,57183,0.6455447556473736,xgb_d8_sqrt_weight,XGBoost
0.010774397291243076,0.053667543416537476,0.9938709677419355,0.10183609049893405,31153,54328,19,3081,57409,0.64809609284158,xgb_d8_sqrt_weight,XGBoost
0.010674393735826015,0.05346081102184588,0.9938709677419355,0.10146383230969357,30931,54550,19,3081,57631,0.6506022736252696,xgb_d8_sqrt_weight,XGBoost
0.010578570887446404,0.053254744702181354,0.9938709677419355,0.10109262722708928,30708,54773,19,3081,57854,0.6531197435115883,xgb_d8_sqrt_weight,XGBoost
0.010485460050404072,0.05304934742931919,0.9938709677419355,0.10072248193795155,30484,54997,19,3081,58078,0.6556485025005362,xgb_d8_sqrt_weight,XGBoost
0.010387735441327095,0.052880739609955235,0.9945161290322581,0.10042181723424701,30263,55218,17,3083,58301,0.6581659723868549,xgb_d8_sqrt_weight,XGBoost
0.010288826189935207,0.05268014284981973,0.9945161290322581,0.10006004251659284,30041,55440,17,3083,58523,0.6606721531705445,xgb_d8_sqrt_weight,XGBoost
0.010201174765825272,0.052498084943399435,0.9948387096774194,0.09973320397768615,29820,55661,16,3084,58745,0.663178333954234,xgb_d8_sqrt_weight,XGBoost
0.010108964517712593,0.05230043922872115,0.9948387096774194,0.09937648025520808,29598,55883,16,3084,58967,0.6656845147379234,xgb_d8_sqrt_weight,XGBoost
0.010009818710386753,0.05210339584389255,0.9948387096774194,0.09902070958420292,29375,56106,16,3084,59190,0.6682019846242422,xgb_d8_sqrt_weight,XGBoost
0.009917204268276691,0.05192553692856662,0.9951612903225806,0.09870104939851548,29154,56327,15,3085,59412,0.6707081654079318,xgb_d8_sqrt_weight,XGBoost
0.009819534607231617,0.051731365808669404,0.9951612903225806,0.09835020323583327,28931,56550,15,3085,59635,0.6732256352942505,xgb_d8_sqrt_weight,XGBoost
0.0097198486328125,0.051539502480912845,0.9951612903225806,0.09800339914544848,28709,56772,15,3085,59857,0.67573181607794,xgb_d8_sqrt_weight,XGBoost
0.009626857936382294,0.05136570182592919,0.9954838709677419,0.09769068836163915,28488,56993,14,3086,60079,0.6782379968616294,xgb_d8_sqrt_weight,XGBoost
0.009533221833407879,0.05119233192928924,0.9958064516129033,0.09737863158890886,28266,57215,13,3087,60302,0.6807554667479482,xgb_d8_sqrt_weight,XGBoost
0.009444279596209526,0.05100456017447624,0.9958064516129033,0.09703885326291965,28044,57437,13,3087,60524,0.6832616475316378,xgb_d8_sqrt_weight,XGBoost
0.009341912344098091,0.05081816086655912,0.9958064516129033,0.09670143783478996,27822,57659,13,3087,60746,0.6857678283153272,xgb_d8_sqrt_weight,XGBoost
0.00926297903060913,0.050633119013252854,0.9958064516129033,0.09636636074171193,27600,57881,13,3087,60968,0.6882740090990167,xgb_d8_sqrt_weight,XGBoost
0.009174592792987823,0.05046576237947377,0.9961290322580645,0.09606470679732462,27379,58102,12,3088,61190,0.6907801898827062,xgb_d8_sqrt_weight,XGBoost
0.009079866111278534,0.050283332247769166,0.9961290322580645,0.09573412698412699,27157,58324,12,3088,61412,0.6932863706663958,xgb_d8_sqrt_weight,XGBoost
0.008981972001492977,0.05010140342337957,0.9961290322580645,0.09540434077392446,26934,58547,12,3088,61635,0.6958038405527145,xgb_d8_sqrt_weight,XGBoost
0.008890392258763313,0.049917558436519995,0.9961290322580645,0.09507096456389891,26707,58774,12,3088,61862,0.6983664668495502,xgb_d8_sqrt_weight,XGBoost
0.008809460327029228,0.04975517041427743,0.9964516129032258,0.09477785959744722,26486,58995,11,3089,62084,0.7008726476332396,xgb_d8_sqrt_weight,XGBoost
0.008727631531655788,0.04959393958848265,0.9967741935483871,0.09448674433538208,26265,59216,10,3090,62306,0.7033788284169291,xgb_d8_sqrt_weight,XGBoost
0.008649123832583427,0.049416280185510954,0.9967741935483871,0.0941642541520646,26041,59440,10,3090,62530,0.7059075874058771,xgb_d8_sqrt_weight,XGBoost
0.008563564158976078,0.04927411515354337,0.9974193548387097,0.09390897632534057,25822,59659,8,3092,62751,0.7084024790869374,xgb_d8_sqrt_weight,XGBoost
0.008486614562571049,0.049116287932923636,0.997741935483871,0.09362371921965099,25601,59880,7,3093,62973,0.7109086598706269,xgb_d8_sqrt_weight,XGBoost
0.008404151536524296,0.048942971074118616,0.997741935483871,0.09330879691082418,25378,60103,7,3093,63196,0.7134261297569456,xgb_d8_sqrt_weight,XGBoost
0.008325996808707714,0.04877241118312124,0.997741935483871,0.09299878226618759,25157,60324,7,3093,63417,0.7159210214380058,xgb_d8_sqrt_weight,XGBoost
0.008238996379077435,0.04861874980357648,0.9980645161290322,0.09272078875603106,24937,60544,6,3094,63638,0.7184159131190662,xgb_d8_sqrt_weight,XGBoost
0.00815302412956953,0.04844973379267147,0.9980645161290322,0.09241338112305855,24715,60766,6,3094,63860,0.7209220939027556,xgb_d8_sqrt_weight,XGBoost
0.008071896620094776,0.04828113540252485,0.9980645161290322,0.09210663411875028,24492,60989,6,3094,64083,0.7234395637890744,xgb_d8_sqrt_weight,XGBoost
0.007992148399353027,0.04811445455252313,0.9980645161290322,0.09180327868852459,24270,61211,6,3094,64305,0.725945744572764,xgb_d8_sqrt_weight,XGBoost
0.007907104678452015,0.04794892060687774,0.9980645161290322,0.0915019149156402,24048,61433,6,3094,64527,0.7284519253564534,xgb_d8_sqrt_weight,XGBoost
0.007829248905181885,0.047783783783783784,0.9980645161290322,0.0912011790714812,23825,61656,6,3094,64750,0.7309693952427722,xgb_d8_sqrt_weight,XGBoost
0.007749810349196196,0.04762051345194853,0.9980645161290322,0.09090374897167704,23603,61878,6,3094,64972,0.7334755760264616,xgb_d8_sqrt_weight,XGBoost
0.007665182463824749,0.04745835506334939,0.9980645161290322,0.09060825255512929,23381,62100,6,3094,65194,0.7359817568101512,xgb_d8_sqrt_weight,XGBoost
0.007585873361676931,0.0472965742849718,0.9980645161290322,0.09031335289052352,23158,62323,6,3094,65417,0.73849922669647,xgb_d8_sqrt_weight,XGBoost
0.007502240128815174,0.047136610856350646,0.9980645161290322,0.090021676195464,22936,62545,6,3094,65639,0.7410054074801594,xgb_d8_sqrt_weight,XGBoost
0.007436960004270077,0.04697772581649231,0.9980645161290322,0.08973187743797219,22714,62767,6,3094,65861,0.7435115882638489,xgb_d8_sqrt_weight,XGBoost
0.007363089360296726,0.046819199806307124,0.9980645161290322,0.08944264569842737,22491,62990,6,3094,66084,0.7460290581501676,xgb_d8_sqrt_weight,XGBoost
0.0072868866845965385,0.046662443821072,0.9980645161290322,0.08915655706999394,22269,63212,6,3094,66306,0.7485352389338571,xgb_d8_sqrt_weight,XGBoost
0.007212426979094744,0.04650743307228644,0.9980645161290322,0.08887356916138854,22048,63433,6,3094,66527,0.7510301306149174,xgb_d8_sqrt_weight,XGBoost
0.007132847327739,0.04635344879247318,0.9980645161290322,0.08859237200778834,21827,63654,6,3094,66748,0.7535250222959777,xgb_d8_sqrt_weight,XGBoost
0.007054900750517845,0.046199790951172166,0.9980645161290322,0.0883116883116883,21605,63876,6,3094,66970,0.7560312030796672,xgb_d8_sqrt_weight,XGBoost
0.006978676188737154,0.04604714847005596,0.9980645161290322,0.08803277755647869,21383,64098,6,3094,67192,0.7585373838633567,xgb_d8_sqrt_weight,XGBoost
0.006913044489920139,0.04589619212911456,0.9980645161290322,0.08775686752797357,21162,64319,6,3094,67413,0.761032275544417,xgb_d8_sqrt_weight,XGBoost
0.006837182212620974,0.045744869596073094,0.9980645161290322,0.08748020809771544,20939,64542,6,3094,67636,0.7635497454307357,xgb_d8_sqrt_weight,XGBoost
0.006756310351192951,0.04559319786033215,0.9980645161290322,0.08720282972336917,20714,64767,6,3094,67861,0.7660897935223129,xgb_d8_sqrt_weight,XGBoost
0.006683053448796272,0.045445198437178695,0.9980645161290322,0.08693208957320671,20493,64988,6,3094,68082,0.7685846852033732,xgb_d8_sqrt_weight,XGBoost
0.006610512733459473,0.045297493558210354,0.9980645161290322,0.08666181166321214,20271,65210,6,3094,68304,0.7710908659870627,xgb_d8_sqrt_weight,XGBoost
0.006529811304062605,0.04515140459686246,0.9980645161290322,0.08639441535776615,20050,65431,6,3094,68525,0.773585757668123,xgb_d8_sqrt_weight,XGBoost
0.006454958114773035,0.04500625490937655,0.9980645161290322,0.08612866408707513,19829,65652,6,3094,68746,0.7760806493491832,xgb_d8_sqrt_weight,XGBoost
0.006378827150911093,0.04487523380069307,0.9983870967741936,0.08588991105745883,19607,65874,5,3095,68969,0.7785981192355019,xgb_d8_sqrt_weight,XGBoost
0.006301023066043854,0.044731897673074145,0.9983870967741936,0.08562733434776595,19386,66095,5,3095,69190,0.7810930109165622,xgb_d8_sqrt_weight,XGBoost
0.006229511462152004,0.04458947429081846,0.9983870967741936,0.08536635820772019,19165,66316,5,3095,69411,0.7835879025976226,xgb_d8_sqrt_weight,XGBoost
0.006151385605335236,0.04444859329896167,0.9983870967741936,0.08510813820791685,18945,66536,5,3095,69631,0.7860715051760535,xgb_d8_sqrt_weight,XGBoost
0.0060835108160972595,0.044307331109615905,0.9983870967741936,0.08484914945238715,18723,66758,5,3095,69853,0.7885776859597431,xgb_d8_sqrt_weight,XGBoost
0.006021030247211456,0.044167594257499214,0.9983870967741936,0.08459288818432777,18502,66979,5,3095,70074,0.7910725776408033,xgb_d8_sqrt_weight,XGBoost
0.00596500001847744,0.044028109707522474,0.9983870967741936,0.08433702109106762,18280,67201,5,3095,70296,0.7935787584244929,xgb_d8_sqrt_weight,XGBoost
0.00588572584092617,0.043889503389205595,0.9983870967741936,0.08408269716645386,18058,67423,5,3095,70518,0.7960849392081824,xgb_d8_sqrt_weight,XGBoost
0.0058091022074222565,0.04374867481800834,0.9983870967741936,0.08382422642020448,17831,67650,5,3095,70745,0.798647565505018,xgb_d8_sqrt_weight,XGBoost
0.005742479581385851,0.04361120505016346,0.9983870967741936,0.08357185289193714,17608,67873,5,3095,70968,0.8011650353913368,xgb_d8_sqrt_weight,XGBoost
0.005670947954058647,0.04347459650798556,0.9983870967741936,0.08332099446770133,17385,68096,5,3095,71191,0.8036825052776555,xgb_d8_sqrt_weight,XGBoost
0.005591393914073706,0.04333884112358921,0.9983870967741936,0.08307163754462249,17162,68319,5,3095,71414,0.8061999751639742,xgb_d8_sqrt_weight,XGBoost
0.005524300970137119,0.04320453403316768,0.9983870967741936,0.08282487690002141,16940,68541,5,3095,71636,0.8087061559476637,xgb_d8_sqrt_weight,XGBoost
0.0054515572264790535,0.043071656206075955,0.9983870967741936,0.08258067958963139,16719,68762,5,3095,71857,0.811201047628724,xgb_d8_sqrt_weight,XGBoost
0.0053784498013556,0.04295227524972253,0.9987096774193548,0.08236233040702315,16497,68984,4,3096,72080,0.8137185175150428,xgb_d8_sqrt_weight,XGBoost
0.005314574111253023,0.042818023400547675,0.9987096774193548,0.08211548152666898,16271,69210,4,3096,72306,0.8162698547092492,xgb_d8_sqrt_weight,XGBoost
0.005254101473838091,0.04268755084313428,0.9987096774193548,0.08187552064738784,16050,69431,4,3096,72527,0.8187647463903094,xgb_d8_sqrt_weight,XGBoost
0.0051904343999922276,0.04255787100676307,0.9987096774193548,0.08163695812677989,15829,69652,4,3096,72748,0.8212596380713697,xgb_d8_sqrt_weight,XGBoost
0.005121495574712753,0.04242897668873083,0.9987096774193548,0.08139978177707081,15608,69873,4,3096,72969,0.82375452975243,xgb_d8_sqrt_weight,XGBoost
0.005050059873610735,0.04229970488577987,0.9987096774193548,0.08116185183243328,15385,70096,4,3096,73192,0.8262719996387488,xgb_d8_sqrt_weight,XGBoost
0.0049798921681940556,0.04217121841585507,0.9987096774193548,0.08092530876298765,15162,70319,4,3096,73415,0.8287894695250675,xgb_d8_sqrt_weight,XGBoost
0.0049152798019349575,0.042042939203411234,0.9987096774193548,0.08068908898995295,14938,70543,4,3096,73639,0.8313182285140154,xgb_d8_sqrt_weight,XGBoost
0.004837804939597845,0.04191714053614947,0.9987096774193548,0.08045738045738045,14717,70764,4,3096,73860,0.8338131201950757,xgb_d8_sqrt_weight,XGBoost
0.004774836823344231,0.04179209243935692,0.9987096774193548,0.08022699887277956,14496,70985,4,3096,74081,0.836308011876136,xgb_d8_sqrt_weight,XGBoost
0.004714075941592455,0.04166778821566041,0.9987096774193548,0.07999793286995167,14275,71206,4,3096,74302,0.8388029035571962,xgb_d8_sqrt_weight,XGBoost
0.004652178846299648,0.04154310634015431,0.9987096774193548,0.079768115942029,14052,71429,4,3096,74525,0.841320373443515,xgb_d8_sqrt_weight,XGBoost
0.004597390536218882,0.041419722530670125,0.9987096774193548,0.07954063740413887,13830,71651,4,3096,74747,0.8438265542272044,xgb_d8_sqrt_weight,XGBoost
0.004531906917691231,0.04129706945537489,0.9987096774193548,0.07931445259962341,13608,71873,4,3096,74969,0.846332735010894,xgb_d8_sqrt_weight,XGBoost
0.004471620079129934,0.04118789232897117,0.9990322580645161,0.07911408573034281,13386,72095,3,3097,75192,0.8488502048972127,xgb_d8_sqrt_weight,XGBoost
0.0044072880409657955,0.04107990558782189,0.9993548387096775,0.07891586213923632,13165,72316,2,3098,75414,0.8513563856809022,xgb_d8_sqrt_weight,XGBoost
0.00434435298666358,0.04095987307463476,0.9993548387096775,0.07869435448021846,12944,72537,2,3098,75635,0.8538512773619625,xgb_d8_sqrt_weight,XGBoost
0.004284341353923082,0.040840539970470366,0.9993548387096775,0.0784740868331729,12723,72758,2,3098,75856,0.8563461690430227,xgb_d8_sqrt_weight,XGBoost
0.004223473835736513,0.04072243545927756,0.9993548387096775,0.07825603718298474,12503,72978,2,3098,76076,0.8588297716214538,xgb_d8_sqrt_weight,XGBoost
0.004160050768405199,0.04060447986159351,0.9993548387096775,0.07803821303071905,12282,73199,2,3098,76297,0.8613246633025141,xgb_d8_sqrt_weight,XGBoost
0.004095984622836113,0.040486676511716044,0.9993548387096775,0.07782062070611286,12060,73421,2,3098,76519,0.8638308440862036,xgb_d8_sqrt_weight,XGBoost
0.004028391093015671,0.040369554736060256,0.9993548387096775,0.07760423842386743,11838,73643,2,3098,76741,0.8663370248698931,xgb_d8_sqrt_weight,XGBoost
0.003962693735957146,0.040253108636617595,0.9993548387096775,0.07738905611830682,11616,73865,2,3098,76963,0.8688432056535826,xgb_d8_sqrt_weight,XGBoost
0.003902203869074583,0.04013733238323509,0.9993548387096775,0.0771750638350875,11394,74087,2,3098,77185,0.8713493864372721,xgb_d8_sqrt_weight,XGBoost
0.003837965428829193,0.04002222021264227,0.9993548387096775,0.07696225172966327,11172,74309,2,3098,77407,0.8738555672209616,xgb_d8_sqrt_weight,XGBoost
0.0037783347070217133,0.039906738287539774,0.9993548387096775,0.07674870867448688,10948,74533,2,3098,77631,0.8763843262099096,xgb_d8_sqrt_weight,XGBoost
0.0037195663899183273,0.03979243198808025,0.9993548387096775,0.07653729278355609,10725,74756,2,3098,77854,0.8789017960962283,xgb_d8_sqrt_weight,XGBoost
0.0036521952133625746,0.03967979506884406,0.9993548387096775,0.07632891900215584,10504,74977,2,3098,78075,0.8813966877772886,xgb_d8_sqrt_weight,XGBoost
0.00358659029006958,0.03956779401246552,0.9993548387096775,0.07612167674087178,10283,75198,2,3098,78296,0.8838915794583488,xgb_d8_sqrt_weight,XGBoost
0.0035299621522426605,0.03945642344969879,0.9993548387096775,0.07591555680801794,10062,75419,2,3098,78517,0.8863864711394092,xgb_d8_sqrt_weight,XGBoost
0.0034572079312056303,0.03934567807157916,0.9993548387096775,0.07571055011119529,9841,75640,2,3098,78738,0.8888813628204694,xgb_d8_sqrt_weight,XGBoost
0.0033976566046476364,0.03923555262857939,0.9993548387096775,0.07550664765595487,9620,75861,2,3098,78959,0.8913762545015297,xgb_d8_sqrt_weight,XGBoost
0.003340967698022723,0.039126536076484926,0.9993548387096775,0.07530475577000208,9400,76081,2,3098,79179,0.8938598570799607,xgb_d8_sqrt_weight,XGBoost
0.003283647820353508,0.03901714084205488,0.9993548387096775,0.07510211997430334,9178,76303,2,3098,79401,0.8963660378636502,xgb_d8_sqrt_weight,XGBoost
0.0032156710512936115,0.03890786697478147,0.9993548387096775,0.07489966636042744,8955,76526,2,3098,79624,0.898883507749969,xgb_d8_sqrt_weight,XGBoost
0.003158372128382325,0.03879968940209904,0.9993548387096775,0.07469920189038651,8733,76748,2,3098,79846,0.9013896885336584,xgb_d8_sqrt_weight,XGBoost
0.0030968384817242622,0.038691628470444245,0.9993548387096775,0.07449891185417644,8510,76971,2,3098,80069,0.9039071584199772,xgb_d8_sqrt_weight,XGBoost
0.0030324358958750963,0.03858464834165722,0.9993548387096775,0.07430058399587484,8288,77193,2,3098,80291,0.9064133392036667,xgb_d8_sqrt_weight,XGBoost
0.0029748626984655857,0.03847778026181782,0.9993548387096775,0.07410242303920396,8065,77416,2,3098,80514,0.9089308090899855,xgb_d8_sqrt_weight,XGBoost
0.002914160257205367,0.03837245308726079,0.9993548387096775,0.07390707938211964,7844,77637,2,3098,80735,0.9114257007710457,xgb_d8_sqrt_weight,XGBoost
0.0028604918625205755,0.03826770097336825,0.9993548387096775,0.07371276291995812,7623,77858,2,3098,80956,0.913920592452106,xgb_d8_sqrt_weight,XGBoost
0.002800496993586421,0.03816304910197344,0.9993548387096775,0.07351859322717672,7401,78080,2,3098,81178,0.9164267732357955,xgb_d8_sqrt_weight,XGBoost
0.0027354208286851645,0.038059435619602205,0.9993548387096775,0.07332631155398289,7180,78301,2,3098,81399,0.9189216649168558,xgb_d8_sqrt_weight,XGBoost
0.002672333735972643,0.037956383239402106,0.9993548387096775,0.0731350330500472,6959,78522,2,3098,81620,0.921416556597916,xgb_d8_sqrt_weight,XGBoost
0.00260910508222878,0.037853424891864815,0.9993548387096775,0.07294389112570931,6737,78744,2,3098,81842,0.9239227373816056,xgb_d8_sqrt_weight,XGBoost
0.0025464720092713833,0.037751483616246057,0.9993548387096775,0.07275460000234843,6516,78965,2,3098,82063,0.9264176290626658,xgb_d8_sqrt_weight,XGBoost
0.002488672500476241,0.03765054750069881,0.9993548387096775,0.0725671386575782,6296,79185,2,3098,82283,0.9289012316410968,xgb_d8_sqrt_weight,XGBoost
0.0024306478444486856,0.03754969456026375,0.9993548387096775,0.07237979533666651,6075,79406,2,3098,82504,0.9313961233221572,xgb_d8_sqrt_weight,XGBoost
0.002375110751017928,0.0374489277857022,0.9993548387096775,0.07219257567636847,5853,79628,2,3098,82726,0.9339023041058466,xgb_d8_sqrt_weight,XGBoost
0.0023075982462614775,0.037348700390606164,0.9993548387096775,0.07200632205280774,5631,79850,2,3098,82948,0.9364084848895361,xgb_d8_sqrt_weight,XGBoost
0.002250723773613572,0.03724945592708822,0.9993548387096775,0.07182185953239285,5410,80071,2,3098,83169,0.9389033765705964,xgb_d8_sqrt_weight,XGBoost
0.00219247629866004,0.03715073749850102,0.9993548387096775,0.07163833969245,5189,80292,2,3098,83390,0.9413982682516566,xgb_d8_sqrt_weight,XGBoost
0.002128200139850378,0.03705254093360921,0.9993548387096775,0.07145575532516059,4968,80513,2,3098,83611,0.9438931599327169,xgb_d8_sqrt_weight,XGBoost
0.002064697677269578,0.0369548621051627,0.9993548387096775,0.07127409929600148,4747,80734,2,3098,83832,0.9463880516137773,xgb_d8_sqrt_weight,XGBoost
0.001997582381591201,0.03685681993932544,0.9993548387096775,0.07109173311915552,4524,80957,2,3098,84055,0.948905521500096,xgb_d8_sqrt_weight,XGBoost
0.001936643966473639,0.03676016896862689,0.9993548387096775,0.07091192089360923,4303,81178,2,3098,84276,0.9514004131811562,xgb_d8_sqrt_weight,XGBoost
0.001868962892331183,0.036664023574801474,0.9993548387096775,0.0707330159708666,4082,81399,2,3098,84497,0.9538953048622165,xgb_d8_sqrt_weight,XGBoost
0.001803018618375063,0.03656837980122288,0.9993548387096775,0.070555011501059,3861,81620,2,3098,84718,0.9563901965432767,xgb_d8_sqrt_weight,XGBoost
0.0017296959413215518,0.03648457734871674,0.9996774193548387,0.07039981826442526,3640,81841,1,3099,84940,0.9588963773269663,xgb_d8_sqrt_weight,XGBoost
0.0016527710249647498,0.036389042189683314,0.9996774193548387,0.0702219503076034,3417,82064,1,3099,85163,0.961413847213285,xgb_d8_sqrt_weight,XGBoost
0.0015819035470485687,0.036295281262077934,0.9996774193548387,0.07004735372896488,3197,82284,1,3099,85383,0.9638974497917161,xgb_d8_sqrt_weight,XGBoost
0.0015129785751923919,0.03620157936545021,0.9996774193548387,0.06987283549783549,2976,82505,1,3099,85604,0.9663923414727763,xgb_d8_sqrt_weight,XGBoost
0.0014351706486195326,0.03610836003495485,0.9996774193548387,0.0696991847062131,2755,82726,1,3099,85825,0.9688872331538366,xgb_d8_sqrt_weight,XGBoost
0.0013561066007241607,0.03601561955233247,0.9996774193548387,0.0695263949027438,2534,82947,1,3099,86046,0.9713821248348968,xgb_d8_sqrt_weight,XGBoost
0.001284587080590427,0.03592335423742567,0.9996774193548387,0.06935445969988922,2313,83168,1,3099,86267,0.9738770165159572,xgb_d8_sqrt_weight,XGBoost
0.0012067006900906563,0.035831560447692166,0.9996774193548387,0.06918337277313927,2092,83389,1,3099,86488,0.9763719081970175,xgb_d8_sqrt_weight,XGBoost
0.001125688781030476,0.035740234577725495,0.9996774193548387,0.06901312786023672,1871,83610,1,3099,86709,0.9788667998780777,xgb_d8_sqrt_weight,XGBoost
0.001034097746014595,0.03564937305878293,0.9996774193548387,0.0688437187604132,1650,83831,1,3099,86930,0.981361691559138,xgb_d8_sqrt_weight,XGBoost
0.0009447842021472752,0.035558564347347166,0.9996774193548387,0.06867437840712672,1428,84053,1,3099,87152,0.9838678723428275,xgb_d8_sqrt_weight,XGBoost
0.0008476759539917111,0.035480068213292436,1.0,0.06852873232898211,1208,84273,0,3100,87373,0.9863627640238878,xgb_d8_sqrt_weight,XGBoost
0.0007362327305600047,0.03539055186428294,1.0,0.06836174388603436,987,84494,0,3100,87594,0.988857655704948,xgb_d8_sqrt_weight,XGBoost
0.0006169683183543384,0.03530148607868815,1.0,0.06819556728812627,766,84715,0,3100,87815,0.9913525473860083,xgb_d8_sqrt_weight,XGBoost
0.0004817854205612093,0.03521286746331046,1.0,0.06803019662921347,545,84936,0,3100,88036,0.9938474390670685,xgb_d8_sqrt_weight,XGBoost
0.0002977432159241289,0.03512230492958544,1.0,0.0678611691822729,318,85163,0,3100,88263,0.9964100653639042,xgb_d8_sqrt_weight,XGBoost
4.120103767490946e-05,0.03499621815061921,1.0,0.06762578942201765,0,85481,0,3100,88581,1.0,xgb_d8_sqrt_weight,XGBoost
0.9999561309814453,1.0,0.0003225806451612903,0.0006449532408900355,85481,0,3099,1,1,1.1289102629232002e-05,xgb_d6_sqrt_regularized,XGBoost
0.9973307847976685,0.9954954954954955,0.07129032258064516,0.13305237808549067,85480,1,2879,221,222,0.0025061807836895046,xgb_d6_sqrt_regularized,XGBoost
0.9913293123245239,0.9887133182844243,0.14129032258064517,0.24724809483488566,85476,5,2662,438,443,0.005001072464749777,xgb_d6_sqrt_regularized,XGBoost
0.9824150204658508,0.9849397590361446,0.21096774193548387,0.3475026567481403,85471,10,2446,654,664,0.00749596414581005,xgb_d6_sqrt_regularized,XGBoost
0.9671097993850708,0.9740112994350283,0.27806451612903227,0.4326223337515684,85458,23,2238,862,885,0.009990855826870322,xgb_d6_sqrt_regularized,XGBoost
0.9391018748283386,0.9656419529837251,0.3445161290322581,0.5078459343794579,85443,38,2032,1068,1106,0.012485747507930595,xgb_d6_sqrt_regularized,XGBoost
0.898452639579773,0.9547852298417483,0.4087096774193548,0.5723966568782471,85421,60,1833,1267,1327,0.014980639188990867,xgb_d6_sqrt_regularized,XGBoost
0.844341516494751,0.9412144702842378,0.47,0.6269363166953528,85390,91,1643,1457,1548,0.01747553087005114,xgb_d6_sqrt_regularized,XGBoost
0.775143563747406,0.9202939513849633,0.5251612903225806,0.6687204764838776,85340,141,1472,1628,1769,0.01997042255111141,xgb_d6_sqrt_regularized,XGBoost
0.7107445001602173,0.8914572864321608,0.572258064516129,0.6970530451866405,85265,216,1326,1774,1990,0.022465314232171685,xgb_d6_sqrt_regularized,XGBoost
0.6415994763374329,0.8593396653098145,0.6129032258064516,0.7154961400866128,85170,311,1200,1900,2211,0.024960205913231958,xgb_d6_sqrt_regularized,XGBoost
0.5826275944709778,0.8223684210526315,0.6451612903225806,0.7230657989877078,85049,432,1100,2000,2432,0.02745509759429223,xgb_d6_sqrt_regularized,XGBoost
0.5334858894348145,0.783641160949868,0.6706451612903226,0.7227533460803058,84907,574,1021,2079,2653,0.0299499892753525,xgb_d6_sqrt_regularized,XGBoost
0.486323744058609,0.7501739735560194,0.6954838709677419,0.721794442584533,84763,718,944,2156,2874,0.03244488095641278,xgb_d6_sqrt_regularized,XGBoost
0.4503510594367981,0.715670436187399,0.714516129032258,0.7150928167877321,84601,880,885,2215,3095,0.03493977263747305,xgb_d6_sqrt_regularized,XGBoost
0.41649386286735535,0.6842581423401689,0.7319354838709677,0.7072942643391522,84434,1047,831,2269,3316,0.03743466431853332,xgb_d6_sqrt_regularized,XGBoost
0.38768962025642395,0.6511167656205824,0.7429032258064516,0.6939882477022752,84247,1234,797,2303,3537,0.039929555999593594,xgb_d6_sqrt_regularized,XGBoost
0.36498698592185974,0.6202767429483768,0.7519354838709678,0.6797900262467191,84054,1427,769,2331,3758,0.042424447680653864,xgb_d6_sqrt_regularized,XGBoost
0.3448038697242737,0.5928625282734356,0.7609677419354839,0.6664783161463483,83861,1620,741,2359,3979,0.04491933936171414,xgb_d6_sqrt_regularized,XGBoost
0.3258378803730011,0.569047619047619,0.7709677419354839,0.6547945205479452,83671,1810,710,2390,4200,0.04741423104277441,xgb_d6_sqrt_regularized,XGBoost
0.31134527921676636,0.5467088893915404,0.7796774193548387,0.6427336790320437,83477,2004,683,2417,4421,0.04990912272383468,xgb_d6_sqrt_regularized,XGBoost
0.29641157388687134,0.526712623869022,0.7887096774193548,0.6316197365021958,83284,2197,655,2445,4642,0.05240401440489496,xgb_d6_sqrt_regularized,XGBoost
0.28242555260658264,0.508739461237919,0.7980645161290323,0.6213738540750974,83092,2389,626,2474,4863,0.054898906085955226,xgb_d6_sqrt_regularized,XGBoost
0.2690027058124542,0.49036191974822974,0.8041935483870968,0.6092375366568916,82890,2591,607,2493,5084,0.0573937977670155,xgb_d6_sqrt_regularized,XGBoost
0.25786805152893066,0.47351555136663526,0.8103225806451613,0.5977394408090423,82688,2793,588,2512,5305,0.05988868944807577,xgb_d6_sqrt_regularized,XGBoost
0.24759933352470398,0.4580166485703945,0.8164516129032258,0.5868305124043589,82486,2995,569,2531,5526,0.06238358112913604,xgb_d6_sqrt_regularized,XGBoost
0.23867958784103394,0.44336175395858707,0.8219354838709677,0.5760144681813043,82282,3199,552,2548,5747,0.06487847281019632,xgb_d6_sqrt_regularized,XGBoost
0.22888615727424622,0.42988775339252805,0.827741935483871,0.565883779909582,82078,3403,534,2566,5969,0.06738465359388582,xgb_d6_sqrt_regularized,XGBoost
0.22114276885986328,0.41631663974151856,0.8312903225806452,0.5547900968783638,81868,3613,523,2577,6190,0.0698795452749461,xgb_d6_sqrt_regularized,XGBoost
0.2135908454656601,0.4043051006083294,0.8361290322580646,0.5450530964146777,81662,3819,508,2592,6411,0.07237443695600637,xgb_d6_sqrt_regularized,XGBoost
0.2062784731388092,0.3926417370325694,0.84,0.5351418002466092,81453,4028,496,2604,6632,0.07486932863706663,xgb_d6_sqrt_regularized,XGBoost
0.1991426795721054,0.38202247191011235,0.844516129032258,0.5260725409424294,81246,4235,482,2618,6853,0.07736422031812691,xgb_d6_sqrt_regularized,XGBoost
0.19313879311084747,0.3713599095278485,0.8474193548387097,0.5164143896206016,81034,4447,473,2627,7074,0.07985911199918719,xgb_d6_sqrt_regularized,XGBoost
0.1866493970155716,0.36106922549691567,0.8496774193548388,0.5067821067821067,80820,4661,466,2634,7295,0.08235400368024745,xgb_d6_sqrt_regularized,XGBoost
0.18093672394752502,0.35191591271953165,0.853225806451613,0.4983044461190655,80610,4871,455,2645,7516,0.08484889536130773,xgb_d6_sqrt_regularized,XGBoost
0.17570389807224274,0.3428977639912111,0.8558064516129033,0.4896188982190643,80397,5084,447,2653,7737,0.087343787042368,xgb_d6_sqrt_regularized,XGBoost
0.17059840261936188,0.3345061573259613,0.8587096774193549,0.4814613854223187,80185,5296,438,2662,7958,0.08983867872342828,xgb_d6_sqrt_regularized,XGBoost
0.16582278907299042,0.32652811735941323,0.8616129032258064,0.473581560283688,79972,5509,429,2671,8180,0.09234485950711778,xgb_d6_sqrt_regularized,XGBoost
0.16114012897014618,0.3184144744673253,0.8629032258064516,0.4651769411355534,79755,5726,425,2675,8401,0.09483975118817806,xgb_d6_sqrt_regularized,XGBoost
0.15683749318122864,0.31071677105080026,0.8641935483870967,0.4570892339191264,79538,5943,421,2679,8622,0.09733464286923832,xgb_d6_sqrt_regularized,XGBoost
0.1532817780971527,0.3033250395838046,0.8651612903225806,0.44917099313347847,79321,6160,418,2682,8842,0.09981824544766936,xgb_d6_sqrt_regularized,XGBoost
0.14921782910823822,0.29659053293611387,0.8670967741935484,0.4419962180383129,79106,6375,412,2688,9063,0.10231313712872964,xgb_d6_sqrt_regularized,XGBoost
0.14557930827140808,0.2902530963920302,0.8693548387096774,0.4352038756560355,78891,6590,405,2695,9285,0.10481931791241914,xgb_d6_sqrt_regularized,XGBoost
0.14175309240818024,0.2845571218177993,0.8725806451612903,0.4291607171188323,78680,6801,395,2705,9506,0.10731420959347941,xgb_d6_sqrt_regularized,XGBoost
0.1386180967092514,0.27860594222267915,0.8741935483870967,0.42254619162703677,78464,7017,390,2710,9727,0.10980910127453969,xgb_d6_sqrt_regularized,XGBoost
0.13577471673488617,0.27261761158021713,0.8748387096774194,0.4156958920907419,78245,7236,388,2712,9948,0.11230399295559997,xgb_d6_sqrt_regularized,XGBoost
0.13254596292972565,0.2674795948470843,0.8774193548387097,0.4099781445474414,78032,7449,380,2720,10169,0.11479888463666023,xgb_d6_sqrt_regularized,XGBoost
0.12953586876392365,0.26227141482194416,0.8790322580645161,0.4040029651593773,77816,7665,375,2725,10390,0.1172937763177205,xgb_d6_sqrt_regularized,XGBoost
0.1270195096731186,0.25746866459334655,0.8812903225806452,0.39851214353438846,77602,7879,368,2732,10611,0.11978866799878078,xgb_d6_sqrt_regularized,XGBoost
0.12418697774410248,0.2528618906942393,0.8835483870967742,0.3931955211024979,77388,8093,361,2739,10832,0.12228355967984104,xgb_d6_sqrt_regularized,XGBoost
0.1214565560221672,0.24868825764429167,0.886774193548387,0.3884414299844567,77176,8305,351,2749,11054,0.12478974046353056,xgb_d6_sqrt_regularized,XGBoost
0.11886201798915863,0.24416851441241685,0.8880645161290323,0.3830260869565217,76959,8522,347,2753,11275,0.12728463214459082,xgb_d6_sqrt_regularized,XGBoost
0.11653292924165726,0.2401704940848991,0.8906451612903226,0.3783228281721019,76746,8735,339,2761,11496,0.1297795238256511,xgb_d6_sqrt_regularized,XGBoost
0.1141543760895729,0.23632329094478108,0.8932258064516129,0.3737598704191131,76533,8948,331,2769,11717,0.13227441550671137,xgb_d6_sqrt_regularized,XGBoost
0.11206530779600143,0.23226400871094732,0.8945161290322581,0.3687745195824191,76315,9166,327,2773,11939,0.13478059629040087,xgb_d6_sqrt_regularized,XGBoost
0.11005623638629913,0.22827070142258038,0.895483870967742,0.3638031583775637,76096,9385,324,2776,12161,0.13728677707409037,xgb_d6_sqrt_regularized,XGBoost
0.10790757834911346,0.22460022613471167,0.8970967741935484,0.35925591008913577,75880,9601,319,2781,12382,0.13978166875515066,xgb_d6_sqrt_regularized,XGBoost
0.10572076588869095,0.2209615994922247,0.8983870967741936,0.35468670402445235,75662,9819,315,2785,12604,0.14228784953884016,xgb_d6_sqrt_regularized,XGBoost
0.10367941111326218,0.2172319688109162,0.8987096774193548,0.34989010989010993,75442,10039,314,2786,12825,0.14478274121990042,xgb_d6_sqrt_regularized,XGBoost
0.10187242180109024,0.21384226258910094,0.9,0.34557502941722923,75224,10257,310,2790,13047,0.14728892200358992,xgb_d6_sqrt_regularized,XGBoost
0.09999442100524902,0.21035574314139283,0.9003225806451612,0.34103128054740955,75004,10477,309,2791,13268,0.1497838136846502,xgb_d6_sqrt_regularized,XGBoost
0.09819648414850235,0.20713173697086515,0.9012903225806451,0.336849719693773,74786,10695,306,2794,13489,0.15227870536571048,xgb_d6_sqrt_regularized,XGBoost
0.09652987122535706,0.20393873085339168,0.9019354838709678,0.33265913146936343,74567,10914,304,2796,13710,0.15477359704677074,xgb_d6_sqrt_regularized,XGBoost
0.09494823217391968,0.20084703179958366,0.9025806451612903,0.3285773002172509,74348,11133,302,2798,13931,0.15726848872783103,xgb_d6_sqrt_regularized,XGBoost
0.09340496361255646,0.1980498834169434,0.9041935483870968,0.32492899785544543,74131,11350,297,2803,14153,0.15977466951152053,xgb_d6_sqrt_regularized,XGBoost
0.09193287789821625,0.19521358007513567,0.9051612903225806,0.3211628705505323,73913,11568,294,2806,14374,0.1622695611925808,xgb_d6_sqrt_regularized,XGBoost
0.09045210480690002,0.19253168893456662,0.9064516129032258,0.3176038428934727,73696,11785,290,2810,14595,0.16476445287364108,xgb_d6_sqrt_regularized,XGBoost
0.08902329206466675,0.18992980561555076,0.9077419354838709,0.3141326188881447,73479,12002,286,2814,14816,0.16725934455470134,xgb_d6_sqrt_regularized,XGBoost
0.08772266656160355,0.18744597380144956,0.9093548387096774,0.3108219857765037,73261,12220,281,2819,15039,0.16977681444102008,xgb_d6_sqrt_regularized,XGBoost
0.08640224486589432,0.18492791612057666,0.9103225806451613,0.30740740740740735,73043,12438,278,2822,15260,0.17227170612208034,xgb_d6_sqrt_regularized,XGBoost
0.08509384840726852,0.18261094244557846,0.9119354838709678,0.30428932780797585,72827,12654,273,2827,15481,0.17476659780314063,xgb_d6_sqrt_regularized,XGBoost
0.08382204920053482,0.18016813144822316,0.9125806451612903,0.3009254334645251,72608,12873,271,2829,15702,0.1772614894842009,xgb_d6_sqrt_regularized,XGBoost
0.08246950060129166,0.17784476262245666,0.9135483870967742,0.2977291841883936,72389,13092,268,2832,15924,0.1797676702678904,xgb_d6_sqrt_regularized,XGBoost
0.0812644213438034,0.17572003716320841,0.9151612903225806,0.2948298259288126,72173,13308,263,2837,16145,0.18226256194895069,xgb_d6_sqrt_regularized,XGBoost
0.08011672645807266,0.1735304900403275,0.9161290322580645,0.29179081475392993,71955,13526,260,2840,16366,0.18475745363001095,xgb_d6_sqrt_regularized,XGBoost
0.07894463837146759,0.17126838678562817,0.9164516129032259,0.28860219422998784,71734,13747,259,2841,16588,0.18726363441370045,xgb_d6_sqrt_regularized,XGBoost
0.07791518419981003,0.16913558212862156,0.9170967741935484,0.2855994776231855,71515,13966,257,2843,16809,0.18975852609476074,xgb_d6_sqrt_regularized,XGBoost
0.07691847532987595,0.16704832364511774,0.917741935483871,0.2826486513337639,71295,14186,255,2845,17031,0.19226470687845024,xgb_d6_sqrt_regularized,XGBoost
0.0759068951010704,0.16508230929747275,0.9187096774193548,0.279874213836478,71077,14404,252,2848,17252,0.1947595985595105,xgb_d6_sqrt_regularized,XGBoost
0.07474867254495621,0.1631660275854175,0.9196774193548387,0.2771593836581928,70859,14622,249,2851,17473,0.1972544902405708,xgb_d6_sqrt_regularized,XGBoost
0.07376188784837723,0.1613632510032216,0.9209677419354839,0.27461164815082,70643,14838,245,2855,17693,0.19973809281900182,xgb_d6_sqrt_regularized,XGBoost
0.07267031073570251,0.15942838003795914,0.9212903225806451,0.2718187874750167,70423,15058,244,2856,17914,0.20223298450006208,xgb_d6_sqrt_regularized,XGBoost
0.0717070922255516,0.1574855252274607,0.9212903225806451,0.2689898752060278,70202,15279,244,2856,18135,0.20472787618112237,xgb_d6_sqrt_regularized,XGBoost
0.0707608088850975,0.1558073654390935,0.9225806451612903,0.26659209545115586,69985,15496,240,2860,18356,0.20722276786218263,xgb_d6_sqrt_regularized,XGBoost
0.06983883678913116,0.15416913387522205,0.9238709677419354,0.26424320708585136,69768,15713,236,2864,18577,0.2097176595432429,xgb_d6_sqrt_regularized,XGBoost
0.06892184913158417,0.15240172349593065,0.9241935483870968,0.26165578336910367,69547,15934,235,2865,18799,0.21222384032693242,xgb_d6_sqrt_regularized,XGBoost
0.06802448630332947,0.15077278940174535,0.9251612903225807,0.25928939517222677,69327,16154,232,2868,19022,0.21474131021325116,xgb_d6_sqrt_regularized,XGBoost
0.06716987490653992,0.14924132197048431,0.9264516129032258,0.2570712495524526,69109,16372,228,2872,19244,0.21724749099694066,xgb_d6_sqrt_regularized,XGBoost
0.06632766127586365,0.14769341415801912,0.9274193548387096,0.25480811840822476,68890,16591,225,2875,19466,0.21975367178063016,xgb_d6_sqrt_regularized,XGBoost
0.06565749645233154,0.14618783969116675,0.9283870967741935,0.2526001667617501,68672,16809,222,2878,19687,0.22224856346169042,xgb_d6_sqrt_regularized,XGBoost
0.06485281139612198,0.14485910894570295,0.9303225806451613,0.25068451475509584,68456,17025,216,2884,19909,0.22475474424537994,xgb_d6_sqrt_regularized,XGBoost
0.06409737467765808,0.14335386449433737,0.9309677419354838,0.24845041322314051,68235,17246,214,2886,20132,0.22727221413169868,xgb_d6_sqrt_regularized,XGBoost
0.0633859634399414,0.14182550599331892,0.9312903225806451,0.24616302864938602,68012,17469,213,2887,20356,0.22980097312064665,xgb_d6_sqrt_regularized,XGBoost
0.06259920448064804,0.140399475142149,0.9319354838709677,0.2440342948853318,67793,17688,211,2889,20577,0.2322958648017069,xgb_d6_sqrt_regularized,XGBoost
0.06188242882490158,0.13895566881430907,0.932258064516129,0.24186124361871283,67573,17908,210,2890,20798,0.23479075648276718,xgb_d6_sqrt_regularized,XGBoost
0.0611276775598526,0.13767840152235966,0.9335483870967742,0.23996683250414594,67355,18126,206,2894,21020,0.23729693726645668,xgb_d6_sqrt_regularized,XGBoost
0.060374341905117035,0.13633367856134074,0.9341935483870968,0.23794265056281322,67135,18346,204,2896,21242,0.2398031180501462,xgb_d6_sqrt_regularized,XGBoost
0.05966130644083023,0.13497647113637423,0.9345161290322581,0.2358832390180352,66915,18566,203,2897,21463,0.24229800973120647,xgb_d6_sqrt_regularized,XGBoost
0.058896612375974655,0.13373916251614093,0.9354838709677419,0.2340219496449322,66697,18784,200,2900,21684,0.24479290141226673,xgb_d6_sqrt_regularized,XGBoost
0.05819988250732422,0.1324811686829491,0.9361290322580645,0.2321135772845431,66478,19003,198,2902,21905,0.24728779309332702,xgb_d6_sqrt_regularized,XGBoost
0.05758851766586304,0.13129350085871824,0.9370967741935484,0.23031792594941725,66260,19221,195,2905,22126,0.24978268477438728,xgb_d6_sqrt_regularized,XGBoost
0.0569908432662487,0.13007293391203187,0.937741935483871,0.22845691382765532,66039,19442,193,2907,22349,0.25230015466070604,xgb_d6_sqrt_regularized,XGBoost
0.05635766685009003,0.12897651750110767,0.9390322580645162,0.2268017140631087,65822,19659,189,2911,22570,0.2547950463417663,xgb_d6_sqrt_regularized,XGBoost
0.05574176833033562,0.1277697336667983,0.9393548387096774,0.22494303039666294,65602,19879,188,2912,22791,0.25728993802282657,xgb_d6_sqrt_regularized,XGBoost
0.05511584132909775,0.12662958456457502,0.94,0.22319240196078433,65383,20098,186,2914,23012,0.25978482970388683,xgb_d6_sqrt_regularized,XGBoost
0.05453725904226303,0.12559180511319618,0.9412903225806452,0.22161464266727424,65165,20316,182,2918,23234,0.26229101048757636,xgb_d6_sqrt_regularized,XGBoost
0.05389346927404404,0.12448309673018715,0.9419354838709677,0.21990435666679217,64944,20537,180,2920,23457,0.2648084803738951,xgb_d6_sqrt_regularized,XGBoost
0.053261756896972656,0.12335304054054054,0.942258064516129,0.21814787154592977,64722,20759,179,2921,23680,0.26732595026021383,xgb_d6_sqrt_regularized,XGBoost
0.052708353847265244,0.12246349525124471,0.9441935483870968,0.2168067849338913,64507,20974,173,2927,23901,0.2698208419412741,xgb_d6_sqrt_regularized,XGBoost
0.052115775644779205,0.12146084649504622,0.9451612903225807,0.21525915586085295,64288,21193,170,2930,24123,0.2723270227249636,xgb_d6_sqrt_regularized,XGBoost
0.05157037079334259,0.12039927702924745,0.9454838709677419,0.2135986007870573,64068,21413,169,2931,24344,0.2748219144060239,xgb_d6_sqrt_regularized,XGBoost
0.05109720677137375,0.11947893344188887,0.9467741935483871,0.21218145671425992,63851,21630,165,2935,24565,0.27731680608708414,xgb_d6_sqrt_regularized,XGBoost
0.050531093031167984,0.11844918707386937,0.9470967741935484,0.21056406210779216,63630,21851,164,2936,24787,0.2798229868707736,xgb_d6_sqrt_regularized,XGBoost
0.05000888183712959,0.1176329468212715,0.9490322580645161,0.20932052650302382,63413,22068,158,2942,25010,0.2823404567570924,xgb_d6_sqrt_regularized,XGBoost
0.04952222481369972,0.116751872547854,0.9503225806451613,0.20795538771044367,63194,22287,154,2946,25233,0.28485792664341114,xgb_d6_sqrt_regularized,XGBoost
0.04904238507151604,0.11581221763897073,0.9509677419354838,0.20647872526702854,62974,22507,152,2948,25455,0.2873641074271006,xgb_d6_sqrt_regularized,XGBoost
0.04852813854813576,0.1148543386820377,0.9512903225806452,0.2049624687239366,62754,22727,151,2949,25676,0.2898589991081609,xgb_d6_sqrt_regularized,XGBoost
0.04805919900536537,0.11390840991582361,0.9516129032258065,0.20346230774536173,62533,22948,150,2950,25898,0.2923651798918504,xgb_d6_sqrt_regularized,XGBoost
0.04757017642259598,0.11301684532924962,0.952258064516129,0.2020533880903491,62313,23168,148,2952,26120,0.29487136067553993,xgb_d6_sqrt_regularized,XGBoost
0.047061946243047714,0.11222049276792832,0.9535483870967741,0.2008083964539248,62096,23385,144,2956,26341,0.2973662523566002,xgb_d6_sqrt_regularized,XGBoost
0.046603936702013016,0.11128680069271892,0.9535483870967741,0.1993122513653833,61875,23606,144,2956,26562,0.29986114403766045,xgb_d6_sqrt_regularized,XGBoost
0.04613150656223297,0.11047640382317801,0.954516129032258,0.19803239191540625,61656,23825,141,2959,26784,0.3023673248213499,xgb_d6_sqrt_regularized,XGBoost
0.045691244304180145,0.1095641870626134,0.954516129032258,0.1965655827548411,61433,24048,141,2959,27007,0.30488479470766866,xgb_d6_sqrt_regularized,XGBoost
0.04524524509906769,0.1087116203907742,0.9548387096774194,0.19519915589554207,61213,24268,140,2960,27228,0.307379686388729,xgb_d6_sqrt_regularized,XGBoost
0.04480333626270294,0.10786492295362646,0.9551612903225807,0.19383980884422766,60991,24490,139,2961,27451,0.3098971562750477,xgb_d6_sqrt_regularized,XGBoost
0.044357676059007645,0.10703187107031871,0.9554838709677419,0.19250016247481638,60769,24712,138,2962,27674,0.31241462616136645,xgb_d6_sqrt_regularized,XGBoost
0.04391281306743622,0.10621594493834241,0.9558064516129032,0.19118595947864242,60548,24933,137,2963,27896,0.3149208069450559,xgb_d6_sqrt_regularized,XGBoost
0.043472763150930405,0.10541290276691087,0.9561290322580646,0.1898904478185662,60327,25154,136,2964,28118,0.31742698772874545,xgb_d6_sqrt_regularized,XGBoost
0.04302789270877838,0.10465772759350742,0.9567741935483871,0.18867684478371502,60107,25374,134,2966,28340,0.319933168512435,xgb_d6_sqrt_regularized,XGBoost
0.04264708235859871,0.10398431482389188,0.9580645161290322,0.18760659465605456,59889,25592,130,2970,28562,0.32243934929612444,xgb_d6_sqrt_regularized,XGBoost
0.0422247014939785,0.10318590834867804,0.9580645161290322,0.1863061819778565,59668,25813,130,2970,28783,0.3249342409771847,xgb_d6_sqrt_regularized,XGBoost
0.04180758073925972,0.10243414701420493,0.9583870967741935,0.18508597059556442,59448,26033,129,2971,29004,0.32742913265824497,xgb_d6_sqrt_regularized,XGBoost
0.04140607267618179,0.10169027578183809,0.9587096774193549,0.1838767555528058,59227,26254,128,2972,29226,0.3299353134419345,xgb_d6_sqrt_regularized,XGBoost
0.04101615771651268,0.10096104866370088,0.9590322580645161,0.18268964881555905,59007,26474,127,2973,29447,0.33243020512299476,xgb_d6_sqrt_regularized,XGBoost
0.04064017906785011,0.10027639207226642,0.9596774193548387,0.18157958984375,58788,26693,125,2975,29668,0.334925096804055,xgb_d6_sqrt_regularized,XGBoost
0.040240924805402756,0.09956840309143832,0.96,0.18042377762284398,58568,26913,124,2976,29889,0.33741998848511534,xgb_d6_sqrt_regularized,XGBoost
0.039863571524620056,0.09883759548322817,0.96,0.179223125564589,58347,27134,124,2976,30110,0.3399148801661756,xgb_d6_sqrt_regularized,XGBoost
0.03951948136091232,0.09821310826849532,0.9609677419354838,0.17821249102656136,58128,27353,121,2979,30332,0.3424210609498651,xgb_d6_sqrt_regularized,XGBoost
0.03917130082845688,0.09756816024612967,0.9616129032258065,0.17716102576293347,57909,27572,119,2981,30553,0.3449159526309254,xgb_d6_sqrt_regularized,XGBoost
0.03872932493686676,0.09689368338965428,0.9619354838709677,0.17605384342897626,57687,27794,118,2982,30776,0.34743342251724413,xgb_d6_sqrt_regularized,XGBoost
0.03840937465429306,0.09639331569778696,0.9638709677419355,0.175259546014429,57471,28010,112,2988,30998,0.3499396033009336,xgb_d6_sqrt_regularized,XGBoost
0.03805885463953018,0.09577500880873827,0.964516129032258,0.17424750138407294,57252,28229,110,2990,31219,0.35243449498199386,xgb_d6_sqrt_regularized,XGBoost
0.03769304230809212,0.09516539440203563,0.9651612903225807,0.17324840764331215,57033,28448,108,2992,31440,0.3549293866630542,xgb_d6_sqrt_regularized,XGBoost
0.037335753440856934,0.0945011212532769,0.9651612903225807,0.17214694629038294,56812,28669,108,2992,31661,0.35742427834411444,xgb_d6_sqrt_regularized,XGBoost
0.03699063882231712,0.09390878865817703,0.9658064516129032,0.17117374649819905,56593,28888,106,2994,31882,0.3599191700251747,xgb_d6_sqrt_regularized,XGBoost
0.036634478718042374,0.09331589111069583,0.9664516129032258,0.1701982616599443,56371,29110,104,2996,32106,0.36244792901412265,xgb_d6_sqrt_regularized,XGBoost
0.03630814328789711,0.09270888112104433,0.9667741935483871,0.16919298839867897,56151,29330,103,2997,32327,0.3649428206951829,xgb_d6_sqrt_regularized,XGBoost
0.03597573935985565,0.09220228585473762,0.9680645161290322,0.16836849192100542,55934,29547,99,3001,32548,0.36743771237624323,xgb_d6_sqrt_regularized,XGBoost
0.03566562384366989,0.09161097378620037,0.9683870967741935,0.16738688003568541,55714,29767,98,3002,32769,0.3699326040573035,xgb_d6_sqrt_regularized,XGBoost
0.03536694496870041,0.09102758411639891,0.9687096774193549,0.16641729010806317,55494,29987,97,3003,32990,0.37242749573836376,xgb_d6_sqrt_regularized,XGBoost
0.035035744309425354,0.09041912561724678,0.9687096774193549,0.16539986781229346,55272,30209,97,3003,33212,0.3749336765220533,xgb_d6_sqrt_regularized,XGBoost
0.03473484143614769,0.08985134448000479,0.9690322580645161,0.16445405523773027,55052,30429,96,3004,33433,0.37742856820311355,xgb_d6_sqrt_regularized,XGBoost
0.034413911402225494,0.08926130623402864,0.9690322580645161,0.16346520106655058,54831,30650,96,3004,33654,0.3799234598841738,xgb_d6_sqrt_regularized,XGBoost
0.0341072753071785,0.08870848708487085,0.9693548387096774,0.1625422582826234,54611,30870,95,3005,33875,0.38241835156523407,xgb_d6_sqrt_regularized,XGBoost
0.03384152427315712,0.08813350539652745,0.9693548387096774,0.1615765136036133,54390,31091,95,3005,34096,0.38491324324629433,xgb_d6_sqrt_regularized,XGBoost
0.03354065120220184,0.08756592942273508,0.9693548387096774,0.16062217708528212,54169,31312,95,3005,34317,0.3874081349273546,xgb_d6_sqrt_regularized,XGBoost
0.03328121826052666,0.0870320507252671,0.9696774193548388,0.15972794176253355,53948,31533,94,3006,34539,0.3899143157110441,xgb_d6_sqrt_regularized,XGBoost
0.03296855837106705,0.08653375909783953,0.9703225806451613,0.1588970180396714,53728,31753,92,3008,34761,0.39242049649473365,xgb_d6_sqrt_regularized,XGBoost
0.032654911279678345,0.08604425132925504,0.9709677419354839,0.15807993277663987,53509,31972,90,3010,34982,0.3949153881757939,xgb_d6_sqrt_regularized,XGBoost
0.032375186681747437,0.08550164754005227,0.9709677419354839,0.15716374269005848,53287,32194,90,3010,35204,0.3974215689594834,xgb_d6_sqrt_regularized,XGBoost
0.032049816101789474,0.08499887082204155,0.9712903225806452,0.15631813934170907,53068,32413,89,3011,35424,0.39990517153791444,xgb_d6_sqrt_regularized,XGBoost
0.03178032487630844,0.0845536666105594,0.9722580645161291,0.15557734991999175,52849,32632,86,3014,35646,0.40241135232160397,xgb_d6_sqrt_regularized,XGBoost
0.03151994198560715,0.08403033344485335,0.9722580645161291,0.15469102853623484,52627,32854,86,3014,35868,0.40491753310529344,xgb_d6_sqrt_regularized,XGBoost
0.0312577560544014,0.08356885563868108,0.9729032258064516,0.15391681551416175,52407,33074,84,3016,36090,0.40742371388898296,xgb_d6_sqrt_regularized,XGBoost
0.031000278890132904,0.08308776954641844,0.9732258064516129,0.1531044632209282,52187,33294,83,3017,36311,0.4099186055700432,xgb_d6_sqrt_regularized,XGBoost
0.030732477083802223,0.08258513084419139,0.9732258064516129,0.15225070649979816,51966,33515,83,3017,36532,0.4124134972511035,xgb_d6_sqrt_regularized,XGBoost
0.030458245426416397,0.08208853699017767,0.9732258064516129,0.15140641858831203,51745,33736,83,3017,36753,0.4149083889321638,xgb_d6_sqrt_regularized,XGBoost
0.030185025185346603,0.08159567275185936,0.9732258064516129,0.15056768558951966,51523,33958,83,3017,36975,0.4174145697158533,xgb_d6_sqrt_regularized,XGBoost
0.029910827055573463,0.0811086915611474,0.9732258064516129,0.14973819391021667,51301,34180,83,3017,37197,0.4199207504995428,xgb_d6_sqrt_regularized,XGBoost
0.02967177890241146,0.08062964348709177,0.9732258064516129,0.14892146700231995,51080,34401,83,3017,37418,0.42241564218060307,xgb_d6_sqrt_regularized,XGBoost
0.029415899887681007,0.08017213898629263,0.9735483870967742,0.14814451207539758,50855,34626,82,3018,37644,0.4249669793748095,xgb_d6_sqrt_regularized,XGBoost
0.02913527563214302,0.07973062194638848,0.9738709677419355,0.1473941169290858,50635,34846,81,3019,37865,0.42746187105586975,xgb_d6_sqrt_regularized,XGBoost
0.028898412361741066,0.07926381012392354,0.9738709677419355,0.14659609595027676,50412,35069,81,3019,38088,0.4299793409421885,xgb_d6_sqrt_regularized,XGBoost
0.02865844964981079,0.07883265029105432,0.9741935483870968,0.14586201067400809,50192,35289,80,3020,38309,0.4324742326232488,xgb_d6_sqrt_regularized,XGBoost
0.02840925008058548,0.07840440165061899,0.974516129032258,0.14513223319161203,49971,35510,79,3021,38531,0.43498041340693827,xgb_d6_sqrt_regularized,XGBoost
0.028173981234431267,0.07795726672171759,0.974516129032258,0.14436586065182072,49750,35731,79,3021,38752,0.43747530508799853,xgb_d6_sqrt_regularized,XGBoost
0.02794032357633114,0.07753887206855853,0.9748387096774194,0.14365166135855872,49529,35952,78,3022,38974,0.43998148587168806,xgb_d6_sqrt_regularized,XGBoost
0.027726389467716217,0.07710167113152187,0.9748387096774194,0.14290105213382198,49308,36173,78,3022,39195,0.4424763775527483,xgb_d6_sqrt_regularized,XGBoost
0.027480630204081535,0.07666742775959612,0.9748387096774194,0.14215490274478448,49086,36395,78,3022,39417,0.44498255833643785,xgb_d6_sqrt_regularized,XGBoost
0.02724265493452549,0.07634088500933447,0.9761290322580645,0.14160700079554492,48869,36612,74,3026,39638,0.4474774500174981,xgb_d6_sqrt_regularized,XGBoost
0.02700650691986084,0.07591760957374746,0.9761290322580645,0.1408785120696478,48648,36833,74,3026,39859,0.4499723416985584,xgb_d6_sqrt_regularized,XGBoost
0.026793381199240685,0.07554890219560878,0.9767741935483871,0.14025011579434923,48429,37052,72,3028,40080,0.45246723337961864,xgb_d6_sqrt_regularized,XGBoost
0.026559650897979736,0.0751308835570553,0.9767741935483871,0.1395295256088289,48206,37275,72,3028,40303,0.4549847032659374,xgb_d6_sqrt_regularized,XGBoost
0.026337599381804466,0.07474582963182312,0.9770967741935483,0.13886851274527784,47986,37495,71,3029,40524,0.45747959494699764,xgb_d6_sqrt_regularized,XGBoost
0.0260985866189003,0.07434040986624126,0.9770967741935483,0.13816854829513056,47765,37716,71,3029,40745,0.45997448662805795,xgb_d6_sqrt_regularized,XGBoost
0.025880085304379463,0.07401259581116047,0.9780645161290322,0.13761176417192394,47547,37934,68,3032,40966,0.4624693783091182,xgb_d6_sqrt_regularized,XGBoost
0.025672733783721924,0.07361546118921018,0.9780645161290322,0.13692505701447377,47326,38155,68,3032,41187,0.4649642699901785,xgb_d6_sqrt_regularized,XGBoost
0.02545945905148983,0.0732225656877898,0.9780645161290322,0.13624516940774692,47105,38376,68,3032,41408,0.46745916167123874,xgb_d6_sqrt_regularized,XGBoost
0.02525905705988407,0.07285786350861179,0.9783870967741936,0.1356167139886874,46885,38596,67,3033,41629,0.469954053352299,xgb_d6_sqrt_regularized,XGBoost
0.02507312223315239,0.07249528087739839,0.9787096774193549,0.13499143511823986,46664,38817,66,3034,41851,0.47246023413598853,xgb_d6_sqrt_regularized,XGBoost
0.02485717087984085,0.07213481009649665,0.9790322580645161,0.13436932748926372,46442,39039,65,3035,42074,0.47497770402230727,xgb_d6_sqrt_regularized,XGBoost
0.02463435009121895,0.0717815344603381,0.9793548387096774,0.13375922458420528,46222,39259,64,3036,42295,0.47747259570336753,xgb_d6_sqrt_regularized,XGBoost
0.024429475888609886,0.07140841095117133,0.9793548387096774,0.13311118905647143,46001,39480,64,3036,42516,0.4799674873844278,xgb_d6_sqrt_regularized,XGBoost
0.024207856506109238,0.07108428096775703,0.98,0.13255377634277238,45781,39700,62,3038,42738,0.4824736681681173,xgb_d6_sqrt_regularized,XGBoost
0.02400883473455906,0.07071859214599967,0.98,0.13191775765865518,45560,39921,62,3038,42959,0.4849685598491776,xgb_d6_sqrt_regularized,XGBoost
0.02378726936876774,0.07037654578296512,0.9803225806451613,0.1313253532690895,45338,40143,61,3039,43182,0.4874860297354963,xgb_d6_sqrt_regularized,XGBoost
0.023571522906422615,0.07001658833287254,0.9803225806451613,0.1306984345432651,45116,40365,61,3039,43404,0.48999221051918584,xgb_d6_sqrt_regularized,XGBoost
0.023379327729344368,0.06966189111747852,0.9803225806451613,0.13008025682182986,44895,40586,61,3039,43625,0.4924871022002461,xgb_d6_sqrt_regularized,XGBoost
0.023195428773760796,0.06931076951147197,0.9803225806451613,0.12946789928854427,44674,40807,61,3039,43846,0.49498199388130637,xgb_d6_sqrt_regularized,XGBoost
0.022991487756371498,0.06900855515465087,0.9809677419354839,0.12894608518667713,44455,41026,59,3041,44067,0.49747688556236663,xgb_d6_sqrt_regularized,XGBoost
0.02280365116894245,0.06866419797687862,0.9809677419354839,0.1283447286232802,44234,41247,59,3041,44288,0.4999717772434269,xgb_d6_sqrt_regularized,XGBoost
0.022603724151849747,0.06834572783032646,0.9812903225806452,0.12779096389338152,44014,41467,58,3042,44509,0.5024666689244872,xgb_d6_sqrt_regularized,XGBoost
0.02243749238550663,0.0680288837718808,0.9816129032258064,0.12723965628985384,43793,41688,57,3043,44731,0.5049728497081767,xgb_d6_sqrt_regularized,XGBoost
0.02227662317454815,0.06771667556504717,0.9819354838709677,0.1266960792474819,43573,41908,56,3044,44952,0.507467741389237,xgb_d6_sqrt_regularized,XGBoost
0.022076647728681564,0.0673838933900031,0.9819354838709677,0.12611343580395246,43351,42130,56,3044,45174,0.5099739221729265,xgb_d6_sqrt_regularized,XGBoost
0.021890828385949135,0.06705584315453243,0.9819354838709677,0.12553871533147745,43130,42351,56,3044,45395,0.5124688138539868,xgb_d6_sqrt_regularized,XGBoost
0.02171970345079899,0.06673097158891617,0.9819354838709677,0.12496920929468756,42909,42572,56,3044,45616,0.514963705535047,xgb_d6_sqrt_regularized,XGBoost
0.021531138569116592,0.06644996618599883,0.9825806451612903,0.12448149737428228,42688,42793,54,3046,45839,0.5174811754213657,xgb_d6_sqrt_regularized,XGBoost
0.021361185237765312,0.06612969757495495,0.9825806451612903,0.12391936697788898,42466,43015,54,3046,46061,0.5199873562050552,xgb_d6_sqrt_regularized,XGBoost
0.021184084936976433,0.0658355300116676,0.9829032258064516,0.12340528937669597,42246,43235,53,3047,46282,0.5224822478861155,xgb_d6_sqrt_regularized,XGBoost
0.02100992575287819,0.06554274901083777,0.983225806451613,0.12289331505523748,42025,43456,52,3048,46504,0.524988428669805,xgb_d6_sqrt_regularized,XGBoost
0.02081608772277832,0.06525275007490476,0.9835483870967742,0.12238590294223897,41804,43677,51,3049,46726,0.5274946094534946,xgb_d6_sqrt_regularized,XGBoost
0.020627029240131378,0.06496687754276098,0.9838709677419355,0.1218854276979639,41584,43897,50,3050,46947,0.5299895011345548,xgb_d6_sqrt_regularized,XGBoost
0.02043231762945652,0.06466248303934871,0.9838709677419355,0.12134956632450067,41363,44118,50,3050,47168,0.5324843928156151,xgb_d6_sqrt_regularized,XGBoost
0.02025029994547367,0.06435956952943658,0.9838709677419355,0.12081600316894434,41141,44340,50,3050,47390,0.5349905735993046,xgb_d6_sqrt_regularized,XGBoost
0.020079387351870537,0.06406082627964126,0.9838709677419355,0.12028948354400426,40920,44561,50,3050,47611,0.5374854652803649,xgb_d6_sqrt_regularized,XGBoost
0.019922412931919098,0.06376217753062675,0.9838709677419355,0.11976283032944596,40697,44784,50,3050,47834,0.5400029351666836,xgb_d6_sqrt_regularized,XGBoost
0.019758617505431175,0.06348975132660493,0.9841935483870968,0.11928452741667482,40477,45004,49,3051,48055,0.5424978268477438,xgb_d6_sqrt_regularized,XGBoost
0.01960328221321106,0.06321981937194465,0.984516129032258,0.11881033945811276,40257,45224,48,3052,48276,0.5449927185288042,xgb_d6_sqrt_regularized,XGBoost
0.01945350505411625,0.06295104952781558,0.9848387096774194,0.11833792007442148,40036,45445,47,3053,48498,0.5474988993124936,xgb_d6_sqrt_regularized,XGBoost
0.019278213381767273,0.06266420361247947,0.9848387096774194,0.11783095329988422,39814,45667,47,3053,48720,0.5500050800961832,xgb_d6_sqrt_regularized,XGBoost
0.019109411165118217,0.06237995995259695,0.9848387096774194,0.11732831174820338,39592,45889,47,3053,48942,0.5525112608798727,xgb_d6_sqrt_regularized,XGBoost
0.018946709111332893,0.062099546406850684,0.9848387096774194,0.11683217572661347,39371,46110,47,3053,49163,0.5550061525609329,xgb_d6_sqrt_regularized,XGBoost
0.01880967617034912,0.06181913902725469,0.9848387096774194,0.11633578478070343,39148,46333,47,3053,49386,0.5575236224472516,xgb_d6_sqrt_regularized,XGBoost
0.018649309873580933,0.061543733747253415,0.9848387096774194,0.11584798983057279,38927,46554,47,3053,49607,0.5600185141283119,xgb_d6_sqrt_regularized,XGBoost
0.018494710326194763,0.061270771453801075,0.9848387096774194,0.1153642684401451,38706,46775,47,3053,49828,0.5625134058093723,xgb_d6_sqrt_regularized,XGBoost
0.01834685727953911,0.060999000999001,0.9848387096774194,0.11488240827845721,38484,46997,47,3053,50050,0.5650195865930617,xgb_d6_sqrt_regularized,XGBoost
0.0181798804551363,0.06074952259707193,0.9851612903225806,0.11444202952859177,38263,47218,46,3054,50272,0.5675257673767512,xgb_d6_sqrt_regularized,XGBoost
0.018018057569861412,0.060482433556462156,0.9851612903225806,0.11396798149046534,38041,47440,46,3054,50494,0.5700319481604407,xgb_d6_sqrt_regularized,XGBoost
0.017857618629932404,0.060238588188898747,0.9854838709677419,0.11353711790393012,37821,47660,45,3055,50715,0.572526839841501,xgb_d6_sqrt_regularized,XGBoost
0.017681868746876717,0.059974871412305154,0.9854838709677419,0.1130685813686665,37598,47883,45,3055,50938,0.5750443097278197,xgb_d6_sqrt_regularized,XGBoost
0.01751597225666046,0.05970878530245285,0.9854838709677419,0.11259559568782825,37371,48110,45,3055,51165,0.5776069360246554,xgb_d6_sqrt_regularized,XGBoost
0.017369933426380157,0.05944852011130787,0.9854838709677419,0.11213272403604398,37147,48334,45,3055,51389,0.5801356950136034,xgb_d6_sqrt_regularized,XGBoost
0.01722262054681778,0.059191660854064944,0.9854838709677419,0.11167568357947068,36924,48557,45,3055,51612,0.5826531648999221,xgb_d6_sqrt_regularized,XGBoost
0.017093222588300705,0.058939285783188314,0.9854838709677419,0.11122640307283417,36703,48778,45,3055,51833,0.5851480565809823,xgb_d6_sqrt_regularized,XGBoost
0.01693357340991497,0.058687926231870136,0.9854838709677419,0.11077871453177408,36481,49000,45,3055,52055,0.5876542373646719,xgb_d6_sqrt_regularized,XGBoost
0.016807539388537407,0.05843758368721068,0.9854838709677419,0.11033262306331033,36258,49223,45,3055,52278,0.5901717072509907,xgb_d6_sqrt_regularized,XGBoost
0.016669072210788727,0.058229680565344104,0.9861290322580645,0.1099660065828522,36039,49442,43,3057,52499,0.5926665989320509,xgb_d6_sqrt_regularized,XGBoost
0.016539108008146286,0.057985584218512895,0.9861290322580645,0.10953063418129702,35818,49663,43,3057,52720,0.5951614906131112,xgb_d6_sqrt_regularized,XGBoost
0.01639540307223797,0.05775914173466304,0.9864516129032258,0.10912854185996716,35595,49886,42,3058,52944,0.5976902496020592,xgb_d6_sqrt_regularized,XGBoost
0.016255835071206093,0.0575754725853475,0.9874193548387097,0.10880654047809472,35377,50104,39,3061,53165,0.6001851412831194,xgb_d6_sqrt_regularized,XGBoost
0.016116229817271233,0.05733498164381509,0.9874193548387097,0.108377000424869,35154,50327,39,3061,53388,0.6027026111694381,xgb_d6_sqrt_regularized,XGBoost
0.015978340059518814,0.057132731478027304,0.9880645161290322,0.10801946677951757,34932,50549,37,3063,53612,0.6052313701583861,xgb_d6_sqrt_regularized,XGBoost
0.01583852991461754,0.05689395768709252,0.9880645161290322,0.10759260234996573,34707,50774,37,3063,53837,0.6077714182499633,xgb_d6_sqrt_regularized,XGBoost
0.015697401016950607,0.05665926748057714,0.9880645161290322,0.10717284814555635,34484,50997,37,3063,54060,0.610288888136282,xgb_d6_sqrt_regularized,XGBoost
0.015568387694656849,0.056425466067349495,0.9880645161290322,0.10675449602676704,34260,51221,37,3063,54284,0.61281764712523,xgb_d6_sqrt_regularized,XGBoost
0.015424191020429134,0.056215026144390425,0.9883870967741936,0.10637965454387639,34040,51441,36,3064,54505,0.6153125388062903,xgb_d6_sqrt_regularized,XGBoost
0.015301352366805077,0.05600423914632364,0.9887096774193549,0.10600401189735077,33818,51663,35,3065,54728,0.6178300086926091,xgb_d6_sqrt_regularized,XGBoost
0.01517037209123373,0.05579719376148792,0.9890322580645161,0.10563489465796139,33598,51883,34,3066,54949,0.6203249003736693,xgb_d6_sqrt_regularized,XGBoost
0.01503706257790327,0.055571666787500903,0.9890322580645161,0.10523064250411862,33375,52106,34,3066,55172,0.622842370259988,xgb_d6_sqrt_regularized,XGBoost
0.014889968559145927,0.05534895476044337,0.9890322580645161,0.10483126474510206,33153,52328,34,3066,55394,0.6253485510436776,xgb_d6_sqrt_regularized,XGBoost
0.01476310659199953,0.055182954238964306,0.99,0.10453887422294132,32935,52546,31,3069,55615,0.6278434427247378,xgb_d6_sqrt_regularized,XGBoost
0.014643577858805656,0.0549645390070922,0.99,0.10414687118229944,32714,52767,31,3069,55836,0.6303383344057981,xgb_d6_sqrt_regularized,XGBoost
0.014515087939798832,0.054765684927841306,0.9903225806451613,0.10379160538904947,32494,52987,30,3070,56057,0.6328332260868583,xgb_d6_sqrt_regularized,XGBoost
0.014401903375983238,0.054549654400398016,0.9903225806451613,0.10340356018120885,32272,53209,30,3070,56279,0.6353394068705479,xgb_d6_sqrt_regularized,XGBoost
0.014287373051047325,0.054332436641653686,0.9903225806451613,0.1030132205892222,32047,53434,30,3070,56504,0.6378794549621251,xgb_d6_sqrt_regularized,XGBoost
0.014168383553624153,0.05411884993036826,0.9903225806451613,0.10262924766409814,31824,53657,30,3070,56727,0.6403969248484438,xgb_d6_sqrt_regularized,XGBoost
0.014031094498932362,0.053925442062196,0.9906451612903225,0.10228313543939116,31603,53878,29,3071,56949,0.6429031056321333,xgb_d6_sqrt_regularized,XGBoost
0.013910742476582527,0.05373259637584832,0.9909677419354839,0.10193788160339792,31381,54100,28,3072,57172,0.645420575518452,xgb_d6_sqrt_regularized,XGBoost
0.01379929669201374,0.05354218210962818,0.9912903225806452,0.1015968525804212,31160,54321,27,3073,57394,0.6479267563021416,xgb_d6_sqrt_regularized,XGBoost
0.01368717197328806,0.05335416124273193,0.9916129032258064,0.101259985176645,30940,54541,26,3074,57615,0.6504216479832018,xgb_d6_sqrt_regularized,XGBoost
0.013571019284427166,0.053150287018466004,0.9916129032258064,0.10089273992385453,30719,54762,26,3074,57836,0.6529165396642621,xgb_d6_sqrt_regularized,XGBoost
0.01345317903906107,0.05297967619703755,0.9922580645161291,0.10058862001308046,30497,54984,24,3076,58060,0.6554452986532101,xgb_d6_sqrt_regularized,XGBoost
0.013323241844773293,0.052795936926271,0.9925806451612903,0.10025903781300402,30277,55204,23,3077,58281,0.6579401903342703,xgb_d6_sqrt_regularized,XGBoost
0.013194301165640354,0.052612686528895954,0.9929032258064516,0.09993019820463288,30056,55425,22,3078,58503,0.6604463711179598,xgb_d6_sqrt_regularized,XGBoost
0.013075965456664562,0.05243082162622392,0.993225806451613,0.09960372017792153,29835,55646,21,3079,58725,0.6629525519016494,xgb_d6_sqrt_regularized,XGBoost
0.012942573055624962,0.052233362172799294,0.993225806451613,0.09924734475478265,29613,55868,21,3079,58947,0.6654587326853388,xgb_d6_sqrt_regularized,XGBoost
0.012824098579585552,0.05203562555981815,0.993225806451613,0.09889033418445183,29389,56092,21,3079,59171,0.6679874916742868,xgb_d6_sqrt_regularized,XGBoost
0.012712481431663036,0.05184025322423141,0.993225806451613,0.09853745959612124,29166,56315,21,3079,59394,0.6705049615606056,xgb_d6_sqrt_regularized,XGBoost
0.012605260126292706,0.05166224965614412,0.9935483870967742,0.09821741764724641,28943,56538,20,3080,59618,0.6730337205495536,xgb_d6_sqrt_regularized,XGBoost
0.01246834546327591,0.05147144838650378,0.9935483870967742,0.09787254325616866,28722,56759,20,3080,59839,0.6755286122306138,xgb_d6_sqrt_regularized,XGBoost
0.012341277673840523,0.05129613905399331,0.9938709677419355,0.09755711413327424,28499,56982,19,3081,60063,0.6780573712195618,xgb_d6_sqrt_regularized,XGBoost
0.012232468463480473,0.051105545142402176,0.9938709677419355,0.09721236215627808,28275,57206,19,3081,60287,0.6805861302085098,xgb_d6_sqrt_regularized,XGBoost
0.012135549448430538,0.05091804524946702,0.9938709677419355,0.09687308399754752,28053,57428,19,3081,60509,0.6830923109921992,xgb_d6_sqrt_regularized,XGBoost
0.012024983763694763,0.05073275152313519,0.9938709677419355,0.0965376782077393,27832,57649,19,3081,60730,0.6855872026732595,xgb_d6_sqrt_regularized,XGBoost
0.011913563124835491,0.05054714288058012,0.9938709677419355,0.0962015830640251,27609,57872,19,3081,60953,0.6881046725595782,xgb_d6_sqrt_regularized,XGBoost
0.011794192716479301,0.05036371066612178,0.9938709677419355,0.09586931155192531,27387,58094,19,3081,61175,0.6906108533432678,xgb_d6_sqrt_regularized,XGBoost
0.011689753271639347,0.05019543973941368,0.9941935483870967,0.0955658914728682,27163,58318,18,3082,61400,0.6931509014348449,xgb_d6_sqrt_regularized,XGBoost
0.011583595536649227,0.05001460517347701,0.9941935483870967,0.09523809523809523,26941,58540,18,3082,61622,0.6956570822185344,xgb_d6_sqrt_regularized,XGBoost
0.011484229937195778,0.04983506888299592,0.9941935483870967,0.09491254003449126,26719,58762,18,3082,61844,0.698163263002224,xgb_d6_sqrt_regularized,XGBoost
0.011374270543456078,0.04967292881771018,0.9945161290322581,0.09461989380965535,26498,58983,17,3083,62066,0.7006694437859134,xgb_d6_sqrt_regularized,XGBoost
0.011268346570432186,0.04949668470146258,0.9945161290322581,0.09430009023200331,26277,59204,17,3083,62287,0.7031643354669738,xgb_d6_sqrt_regularized,XGBoost
0.011164283379912376,0.04932168682408652,0.9945161290322581,0.09398244116571149,26056,59425,17,3083,62508,0.705659227148034,xgb_d6_sqrt_regularized,XGBoost
0.01105881854891777,0.04914557163807945,0.9945161290322581,0.093662656458865,25832,59649,17,3083,62732,0.708187986136982,xgb_d6_sqrt_regularized,XGBoost
0.01095554605126381,0.04897148757048685,0.9945161290322581,0.09334645371281507,25609,59872,17,3083,62955,0.7107054560233007,xgb_d6_sqrt_regularized,XGBoost
0.01084343995898962,0.04880017728251235,0.9945161290322581,0.09303518619107973,25388,60093,17,3083,63176,0.713200347704361,xgb_d6_sqrt_regularized,XGBoost
0.010735739953815937,0.048645834976418445,0.9948387096774194,0.09275606418334661,25168,60313,16,3084,63397,0.7156952393854212,xgb_d6_sqrt_regularized,XGBoost
0.010633190162479877,0.048475322225715184,0.9948387096774194,0.09244604316546762,24945,60536,16,3084,63620,0.71821270927174,xgb_d6_sqrt_regularized,XGBoost
0.010535954497754574,0.04830600065786382,0.9948387096774194,0.09213808762678698,24722,60759,16,3084,63843,0.7207301791580587,xgb_d6_sqrt_regularized,XGBoost
0.010424475185573101,0.04816907564074548,0.9954838709677419,0.09189173093529465,24501,60980,14,3086,64066,0.7232476490443774,xgb_d6_sqrt_regularized,XGBoost
0.010331195779144764,0.04801829268292683,0.9958064516129033,0.09161868581943372,24280,61201,13,3087,64288,0.725753829828067,xgb_d6_sqrt_regularized,XGBoost
0.010237395763397217,0.047852304258188524,0.9958064516129033,0.09131650175267339,24057,61424,13,3087,64511,0.7282712997143858,xgb_d6_sqrt_regularized,XGBoost
0.010137228295207024,0.04768819612871333,0.9958064516129033,0.09101764627836009,23835,61646,13,3087,64733,0.7307774804980752,xgb_d6_sqrt_regularized,XGBoost
0.010040882043540478,0.047525209760603496,0.9958064516129033,0.09072074057747409,23613,61868,13,3087,64955,0.7332836612817647,xgb_d6_sqrt_regularized,XGBoost
0.00993911549448967,0.047358973965604526,0.9958064516129033,0.09041781995518648,23385,62096,13,3087,65183,0.7358575766812296,xgb_d6_sqrt_regularized,XGBoost
0.009849777445197105,0.04719678321892152,0.9958064516129033,0.0901221772957508,23161,62320,13,3087,65407,0.7383863356701775,xgb_d6_sqrt_regularized,XGBoost
0.009749344550073147,0.04703713297475202,0.9958064516129033,0.08983107567402406,22939,62542,13,3087,65629,0.7408925164538671,xgb_d6_sqrt_regularized,XGBoost
0.009657146409153938,0.046879271070615035,0.9958064516129033,0.08954314720812183,22718,62763,13,3087,65850,0.7433874081349273,xgb_d6_sqrt_regularized,XGBoost
0.009562189690768719,0.046721758082092266,0.9958064516129033,0.08925576822991964,22496,62985,13,3087,66072,0.7458935889186169,xgb_d6_sqrt_regularized,XGBoost
0.009467889554798603,0.04656530002715178,0.9958064516129033,0.08897022797360002,22274,63207,13,3087,66294,0.7483997697023064,xgb_d6_sqrt_regularized,XGBoost
0.009373473934829235,0.04642561828159062,0.9961290322580645,0.08871651224592403,22054,63427,12,3088,66515,0.7508946613833667,xgb_d6_sqrt_regularized,XGBoost
0.009273316711187363,0.04627187724766243,0.9961290322580645,0.08843576378944956,21833,63648,12,3088,66736,0.7533895530644269,xgb_d6_sqrt_regularized,XGBoost
0.009181209839880466,0.04611846231966307,0.9961290322580645,0.08815552827657085,21611,63870,12,3088,66958,0.7558957338481164,xgb_d6_sqrt_regularized,XGBoost
0.009099257178604603,0.045980262276536524,0.9964516129032258,0.08790427000184974,21389,64092,11,3089,67181,0.7584132037344351,xgb_d6_sqrt_regularized,XGBoost
0.009009641595184803,0.04582746087085528,0.9964516129032258,0.08762499113538047,21165,64316,11,3089,67405,0.7609419627233831,xgb_d6_sqrt_regularized,XGBoost
0.008917720057070255,0.04567769792683288,0.9964516129032258,0.08735118626813337,20944,64537,11,3089,67626,0.7634368544044434,xgb_d6_sqrt_regularized,XGBoost
0.008823065087199211,0.04555637435519529,0.9970967741935484,0.08713178294573645,20722,64759,9,3091,67850,0.7659656133933913,xgb_d6_sqrt_regularized,XGBoost
0.008722582831978798,0.0454084705674957,0.9970967741935484,0.08686122156496326,20501,64980,9,3091,68071,0.7684605050744516,xgb_d6_sqrt_regularized,XGBoost
0.00861918181180954,0.04527484112806396,0.9974193548387097,0.08661792307476818,20279,65202,8,3092,68294,0.7709779749607704,xgb_d6_sqrt_regularized,XGBoost
0.008531970903277397,0.04512814525074435,0.9974193548387097,0.08634941912421806,20057,65424,8,3092,68516,0.7734841557444598,xgb_d6_sqrt_regularized,XGBoost
0.008438258431851864,0.04498108815827757,0.9974193548387097,0.08608017817371937,19833,65648,8,3092,68740,0.7760129147334078,xgb_d6_sqrt_regularized,XGBoost
0.008351386524736881,0.04483693681936167,0.9974193548387097,0.08581618351119191,19612,65869,8,3092,68961,0.7785078064144682,xgb_d6_sqrt_regularized,XGBoost
0.008255556225776672,0.04469241443108233,0.9974193548387097,0.08555143600243484,19389,66092,8,3092,69184,0.7810252763007869,xgb_d6_sqrt_regularized,XGBoost
0.008152870461344719,0.04454817888427847,0.9974193548387097,0.08528714072929884,19165,66316,8,3092,69408,0.7835540352897348,xgb_d6_sqrt_regularized,XGBoost
0.00806901790201664,0.04440678452943458,0.9974193548387097,0.0850279805854611,18944,66537,8,3092,69629,0.7860489269707951,xgb_d6_sqrt_regularized,XGBoost
0.007984761148691177,0.04426311645551499,0.9974193548387097,0.08476458090603796,18718,66763,8,3092,69855,0.7886002641650015,xgb_d6_sqrt_regularized,XGBoost
0.007901300676167011,0.044137793253039556,0.997741935483871,0.08453591341423417,18498,66983,7,3093,70076,0.7910951558460618,xgb_d6_sqrt_regularized,XGBoost
0.0078107439912855625,0.04399778090726753,0.997741935483871,0.08427907737162632,18275,67206,7,3093,70299,0.7936126257323806,xgb_d6_sqrt_regularized,XGBoost
0.007724379654973745,0.04385927596035224,0.997741935483871,0.08402493853655886,18053,67428,7,3093,70521,0.79611880651607,xgb_d6_sqrt_regularized,XGBoost
0.0076392521150410175,0.04372225834723361,0.997741935483871,0.08377346225725198,17832,67649,7,3093,70742,0.7986136981971304,xgb_d6_sqrt_regularized,XGBoost
0.007558503653854132,0.043600186012429015,0.9980645161290322,0.08355049079837436,17612,67869,6,3094,70963,0.8011085898781906,xgb_d6_sqrt_regularized,XGBoost
0.007473995443433523,0.04346482355585525,0.9980645161290322,0.08330192235205429,17391,68090,6,3094,71184,0.8036034815592509,xgb_d6_sqrt_regularized,XGBoost
0.0073733944445848465,0.04334430362019467,0.9983870967741936,0.08308167237098182,17171,68310,5,3095,71405,0.8060983732403111,xgb_d6_sqrt_regularized,XGBoost
0.007284669205546379,0.043210565995588195,0.9983870967741936,0.0828359607097931,16950,68531,5,3095,71626,0.8085932649213714,xgb_d6_sqrt_regularized,XGBoost
0.007195389363914728,0.04307765111974056,0.9983870967741936,0.08259169813334756,16729,68752,5,3095,71847,0.8110881566024317,xgb_d6_sqrt_regularized,XGBoost
0.007105007767677307,0.04294435965033995,0.9983870967741936,0.08234668085672477,16506,68975,5,3095,72070,0.8136056264887505,xgb_d6_sqrt_regularized,XGBoost
0.007031647022813559,0.04281307493325587,0.9983870967741936,0.08210529108248994,16285,69196,5,3095,72291,0.8161005181698107,xgb_d6_sqrt_regularized,XGBoost
0.006939860060811043,0.042682590467784644,0.9983870967741936,0.08186531238427763,16064,69417,5,3095,72512,0.818595409850871,xgb_d6_sqrt_regularized,XGBoost
0.006856828927993774,0.04255172887880663,0.9983870967741936,0.08162457967956749,15841,69640,5,3095,72735,0.8211128797371897,xgb_d6_sqrt_regularized,XGBoost
0.006774533074349165,0.0424216672606157,0.9983870967741936,0.08138525861842277,15618,69863,5,3095,72958,0.8236303496235085,xgb_d6_sqrt_regularized,XGBoost
0.006686526350677013,0.04229355416171306,0.9983870967741936,0.0811494644659736,15397,70084,5,3095,73179,0.8261252413045687,xgb_d6_sqrt_regularized,XGBoost
0.00659687677398324,0.042166212534059944,0.9983870967741936,0.08091503267973855,15176,70305,5,3095,73400,0.828620132985629,xgb_d6_sqrt_regularized,XGBoost
0.006498220842331648,0.042037922416603285,0.9983870967741936,0.0806787967259267,14952,70529,5,3095,73624,0.831148891974577,xgb_d6_sqrt_regularized,XGBoost
0.006407714914530516,0.041910410573069004,0.9983870967741936,0.08044393616468262,14728,70753,5,3095,73848,0.8336776509635249,xgb_d6_sqrt_regularized,XGBoost
0.00632226187735796,0.041783669942758395,0.9983870967741936,0.08021043901933343,14504,70977,5,3095,74072,0.8362064099524729,xgb_d6_sqrt_regularized,XGBoost
0.00623738020658493,0.041658814978329343,0.9983870967741936,0.07998036023464351,14282,71199,5,3095,74294,0.8387125907361623,xgb_d6_sqrt_regularized,XGBoost
0.006150476168841124,0.04153414657058121,0.9983870967741936,0.07975057010706417,14059,71422,5,3095,74517,0.8412300606224811,xgb_d6_sqrt_regularized,XGBoost
0.006067138630896807,0.041409668053678704,0.9983870967741936,0.0795210750118832,13835,71646,5,3095,74741,0.8437588196114291,xgb_d6_sqrt_regularized,XGBoost
0.005975734442472458,0.04130092580240655,0.9987096774193548,0.07932156490994338,13615,71866,4,3096,74962,0.8462537112924894,xgb_d6_sqrt_regularized,XGBoost
0.005889052990823984,0.04117897424984039,0.9987096774193548,0.07909662255377854,13393,72088,4,3096,75184,0.8487598920761789,xgb_d6_sqrt_regularized,XGBoost
0.0058006783947348595,0.04105828525959817,0.9987096774193548,0.07887395707279792,13172,72309,4,3096,75405,0.8512547837572392,xgb_d6_sqrt_regularized,XGBoost
0.005722115747630596,0.04093667772944241,0.9987096774193548,0.07864954464047556,12948,72533,4,3096,75629,0.8537835427461871,xgb_d6_sqrt_regularized,XGBoost
0.005643181968480349,0.04081686464252284,0.9987096774193548,0.07842839229395449,12726,72755,4,3096,75851,0.8562897235298766,xgb_d6_sqrt_regularized,XGBoost
0.0055604116059839725,0.0406982858344726,0.9987096774193548,0.07820946799373515,12505,72976,4,3096,76072,0.8587846152109369,xgb_d6_sqrt_regularized,XGBoost
0.005479004234075546,0.040579862112354835,0.9987096774193548,0.0779907801597098,12283,73198,4,3096,76294,0.8612907959946264,xgb_d6_sqrt_regularized,XGBoost
0.005392270162701607,0.04046212556850855,0.9987096774193548,0.07777331189710611,12061,73420,4,3096,76516,0.8637969767783159,xgb_d6_sqrt_regularized,XGBoost
0.005303831771016121,0.04034401876465989,0.9987096774193548,0.07755511022044088,11837,73644,4,3096,76740,0.8663257357672639,xgb_d6_sqrt_regularized,XGBoost
0.005225551314651966,0.04022816751341589,0.9987096774193548,0.07734102746655676,11616,73865,4,3096,76961,0.8688206274483241,xgb_d6_sqrt_regularized,XGBoost
0.005144636146724224,0.04011245999766788,0.9987096774193548,0.07712716266208287,11394,74087,4,3096,77183,0.8713268082320136,xgb_d6_sqrt_regularized,XGBoost
0.005065745674073696,0.039997932923363136,0.9987096774193548,0.07691543277352678,11173,74308,4,3096,77404,0.8738216999130739,xgb_d6_sqrt_regularized,XGBoost
0.004981955047696829,0.03988405797101449,0.9987096774193548,0.07670486218643542,10952,74529,4,3096,77625,0.8763165915941342,xgb_d6_sqrt_regularized,XGBoost
0.004909671377390623,0.03978265337580927,0.9990322580645161,0.0765182586351732,10730,74751,3,3097,77848,0.878834061480453,xgb_d6_sqrt_regularized,XGBoost
0.004826894495636225,0.039670035481433094,0.9990322580645161,0.07630992127536376,10509,74972,3,3097,78069,0.8813289531615132,xgb_d6_sqrt_regularized,XGBoost
0.004739793483167887,0.039558053391237705,0.9990322580645161,0.07610271532129255,10288,75193,3,3097,78290,0.8838238448425735,xgb_d6_sqrt_regularized,XGBoost
0.004658403340727091,0.03944670173606246,0.9990322580645161,0.075896631581527,10067,75414,3,3097,78511,0.8863187365236337,xgb_d6_sqrt_regularized,XGBoost
0.00457409443333745,0.03933597520703145,0.9990322580645161,0.07569166096392609,9846,75635,3,3097,78732,0.888813628204694,xgb_d6_sqrt_regularized,XGBoost
0.004496189299970865,0.03922537173544089,0.9990322580645161,0.07548687449728228,9624,75857,3,3097,78954,0.8913198089883835,xgb_d6_sqrt_regularized,XGBoost
0.0044093262404203415,0.03912851278812757,0.9993548387096775,0.07530841689456093,9404,76077,2,3098,79175,0.8938147006694438,xgb_d6_sqrt_regularized,XGBoost
0.0043279314413666725,0.039019106515359524,0.9993548387096775,0.07510576142162746,9182,76299,2,3098,79397,0.8963208814531333,xgb_d6_sqrt_regularized,XGBoost
0.004250484053045511,0.03891031035305643,0.9993548387096775,0.0749041937160749,8960,76521,2,3098,79619,0.8988270622368228,xgb_d6_sqrt_regularized,XGBoost
0.0041656941175460815,0.038802605210420844,0.9993548387096775,0.0747046057390885,8739,76742,2,3098,79840,0.9013219539178831,xgb_d6_sqrt_regularized,XGBoost
0.004086047410964966,0.038695011366191204,0.9993548387096775,0.07450518265553979,8517,76964,2,3098,80062,0.9038281347015725,xgb_d6_sqrt_regularized,XGBoost
0.004012890160083771,0.03858753191754375,0.9993548387096775,0.07430593032319961,8294,77187,2,3098,80285,0.9063456045878913,xgb_d6_sqrt_regularized,XGBoost
0.003940977621823549,0.038480169918891055,0.9993548387096775,0.07410685452523054,8070,77411,2,3098,80509,0.9088743635768393,xgb_d6_sqrt_regularized,XGBoost
0.003868955187499523,0.038374829679177505,0.9993548387096775,0.07391148753429559,7849,77632,2,3098,80730,0.9113692552578996,xgb_d6_sqrt_regularized,XGBoost
0.003789312904700637,0.03827006460698447,0.9993548387096775,0.0737171479220949,7628,77853,2,3098,80951,0.9138641469389598,xgb_d6_sqrt_regularized,XGBoost
0.0037010114174336195,0.038165870004435026,0.9993548387096775,0.07352382760584773,7407,78074,2,3098,81172,0.9163590386200201,xgb_d6_sqrt_regularized,XGBoost
0.0036176699213683605,0.03806224122467534,0.9993548387096775,0.07333151858733859,7186,78295,2,3098,81393,0.9188539303010803,xgb_d6_sqrt_regularized,XGBoost
0.0035340236499905586,0.03795870857072842,0.9993548387096775,0.07313934958389895,6964,78517,2,3098,81615,0.9213601110847699,xgb_d6_sqrt_regularized,XGBoost
0.0034579290077090263,0.037855275055597645,0.9993548387096775,0.07294732628505497,6741,78740,2,3098,81838,0.9238775809710886,xgb_d6_sqrt_regularized,XGBoost
0.0033796047791838646,0.03775332382797743,0.9993548387096775,0.0727580173557698,6520,78961,2,3098,82059,0.9263724726521488,xgb_d6_sqrt_regularized,XGBoost
0.0032944774720817804,0.037651462670604395,0.9993548387096775,0.07256883850036894,6298,79183,2,3098,82281,0.9288786534358384,xgb_d6_sqrt_regularized,XGBoost
0.003224217100068927,0.03755060483382221,0.9993548387096775,0.07238148641386882,6077,79404,2,3098,82502,0.9313735451168986,xgb_d6_sqrt_regularized,XGBoost
0.0031442823819816113,0.03744983318021372,0.9993548387096775,0.07219425801640568,5855,79626,2,3098,82724,0.9338797259005882,xgb_d6_sqrt_regularized,XGBoost
0.003061590949073434,0.03735005123877268,0.9993548387096775,0.0720088325875995,5634,79847,2,3098,82945,0.9363746175816484,xgb_d6_sqrt_regularized,XGBoost
0.00298616592772305,0.03725079960560806,0.9993548387096775,0.07182435722068949,5413,80068,2,3098,83166,0.9388695092627087,xgb_d6_sqrt_regularized,XGBoost
0.002894506324082613,0.03715207406430259,0.9993548387096775,0.07164082463260374,5192,80289,2,3098,83387,0.9413644009437689,xgb_d6_sqrt_regularized,XGBoost
0.0028125299140810966,0.037053870443019804,0.9993548387096775,0.0714582276145223,4971,80510,2,3098,83608,0.9438592926248293,xgb_d6_sqrt_regularized,XGBoost
0.0027278310153633356,0.03695618461391643,0.9993548387096775,0.07127655903093329,4750,80731,2,3098,83829,0.9463541843058896,xgb_d6_sqrt_regularized,XGBoost
0.0026441377121955156,0.03685857396104746,0.9993548387096775,0.07109499604135351,4528,80953,2,3098,84051,0.948860365089579,xgb_d6_sqrt_regularized,XGBoost
0.0025545365642756224,0.03677378014049744,0.9996774193548387,0.07093805795907156,4308,81173,1,3099,84272,0.9513552567706393,xgb_d6_sqrt_regularized,XGBoost
0.002473005559295416,0.036677594593634975,0.9996774193548387,0.07075907892183166,4087,81394,1,3099,84493,0.9538501484516996,xgb_d6_sqrt_regularized,XGBoost
0.002374159637838602,0.036581047263799044,0.9996774193548387,0.07057939327685159,3864,81617,1,3099,84716,0.9563676183380183,xgb_d6_sqrt_regularized,XGBoost
0.0022880895994603634,0.03648586599479614,0.9996774193548387,0.07040221724956551,3643,81838,1,3099,84937,0.9588625100190786,xgb_d6_sqrt_regularized,XGBoost
0.0021857498213648796,0.03639117875008807,0.9996774193548387,0.07022592852772552,3422,82059,1,3099,85158,0.9613574017001388,xgb_d6_sqrt_regularized,XGBoost
0.0020891092717647552,0.03629698169339065,0.9996774193548387,0.07005052046248264,3201,82280,1,3099,85379,0.9638522933811992,xgb_d6_sqrt_regularized,XGBoost
0.001992854755371809,0.03620327102803738,0.9996774193548387,0.0698759864712514,2980,82501,1,3099,85600,0.9663471850622594,xgb_d6_sqrt_regularized,XGBoost
0.001886731362901628,0.036110042996469395,0.9996774193548387,0.06970232003688667,2759,82722,1,3099,85821,0.9688420767433197,xgb_d6_sqrt_regularized,XGBoost
0.0017756146844476461,0.03601729387973315,0.9996774193548387,0.06952951470687219,2538,82943,1,3099,86042,0.97133696842438,xgb_d6_sqrt_regularized,XGBoost
0.001685429597273469,0.03592501999698596,0.9996774193548387,0.06935756409252151,2317,83164,1,3099,86263,0.9738318601054402,xgb_d6_sqrt_regularized,XGBoost
0.0015912720700725913,0.03583280337630803,0.9996774193548387,0.06918568956856616,2095,83386,1,3099,86485,0.9763380408891297,xgb_d6_sqrt_regularized,XGBoost
0.0014726255321875215,0.035741471178465156,0.9996774193548387,0.06901543326726498,1874,83607,1,3099,86706,0.97883293257019,xgb_d6_sqrt_regularized,XGBoost
0.0013610207242891192,0.035650603379847455,0.9996774193548387,0.06884601286280781,1653,83828,1,3099,86927,0.9813278242512503,xgb_d6_sqrt_regularized,XGBoost
0.0012430635979399085,0.035571671180061507,1.0,0.06869958337026859,1433,84048,0,3100,87148,0.9838227159323105,xgb_d6_sqrt_regularized,XGBoost
0.0011026527499780059,0.03548169259119367,1.0,0.06853176226110602,1212,84269,0,3100,87369,0.9863176076133708,xgb_d6_sqrt_regularized,XGBoost
0.0009497245191596448,0.03539176399401765,1.0,0.06836400524859138,990,84491,0,3100,87591,0.9888237883970603,xgb_d6_sqrt_regularized,XGBoost
0.0007922997465357184,0.035302692114972896,1.0,0.06819781766983457,769,84712,0,3100,87812,0.9913186800781206,xgb_d6_sqrt_regularized,XGBoost
0.0005912159685976803,0.035214067451978234,1.0,0.0680324361098614,548,84933,0,3100,88033,0.9938135717591808,xgb_d6_sqrt_regularized,XGBoost
0.0003252106544096023,0.035125886645364514,1.0,0.06786785471900518,327,85154,0,3100,88254,0.9963084634402412,xgb_d6_sqrt_regularized,XGBoost
2.4392882551182993e-05,0.03499621815061921,1.0,0.06762578942201765,0,85481,0,3100,88581,1.0,xgb_d6_sqrt_regularized,XGBoost
0.9999923922561621,1.0,0.0003225806451612903,0.0006449532408900355,85481,0,3099,1,1,1.1289102629232002e-05,cat_d8_balanced,CatBoost
0.9994710492429062,0.990990990990991,0.07096774193548387,0.13245033112582782,85479,2,2880,220,222,0.0025061807836895046,cat_d8_balanced,CatBoost
0.9987024467413141,0.9932432432432432,0.14225806451612905,0.24887133182844245,85478,3,2659,441,444,0.005012361567379009,cat_d8_balanced,CatBoost
0.9974512240265524,0.990990990990991,0.2129032258064516,0.35050451407328725,85475,6,2440,660,666,0.007518542351068513,cat_d8_balanced,CatBoost
0.9956381262351549,0.9842342342342343,0.28193548387096773,0.4383149448345035,85467,14,2226,874,888,0.010024723134758018,cat_d8_balanced,CatBoost
0.9928197732530711,0.9792792792792793,0.3506451612903226,0.5163895486935868,85458,23,2013,1087,1110,0.012530903918447522,cat_d8_balanced,CatBoost
0.9879303990335637,0.9744552967693464,0.41838709677419356,0.5854208982171069,85447,34,1803,1297,1331,0.015025795599507796,cat_d8_balanced,CatBoost
0.9806393026430248,0.96973599484868,0.4858064516129032,0.647324306898775,85434,47,1594,1506,1553,0.017531976383197298,cat_d8_balanced,CatBoost
0.967948744491248,0.9633802816901409,0.5516129032258065,0.7015384615384616,85416,65,1390,1710,1775,0.020038157166886804,cat_d8_balanced,CatBoost
0.9464319192602867,0.9484226339509264,0.6109677419354839,0.7431822640769079,85378,103,1206,1894,1997,0.02254433795057631,cat_d8_balanced,CatBoost
0.915844839265224,0.928796755295178,0.6648387096774193,0.774957698815567,85323,158,1039,2061,2219,0.025050518734265812,cat_d8_balanced,CatBoost
0.8817421057598755,0.8975409836065574,0.7064516129032258,0.7906137184115524,85231,250,910,2190,2440,0.027545410415326085,cat_d8_balanced,CatBoost
0.838048010014897,0.8681442524417731,0.7454838709677419,0.8021520305449498,85130,351,789,2311,2662,0.03005159119901559,cat_d8_balanced,CatBoost
0.796783711355626,0.8335644937586685,0.775483870967742,0.803475935828877,85001,480,696,2404,2884,0.0325577719827051,cat_d8_balanced,CatBoost
0.7535246955109466,0.7971667739858339,0.7987096774193548,0.7979374798582017,84851,630,624,2476,3106,0.035063952766394596,cat_d8_balanced,CatBoost
0.7154527188438127,0.7584134615384616,0.8141935483870968,0.7853142501555694,84677,804,576,2524,3328,0.0375701335500841,cat_d8_balanced,CatBoost
0.6768254475070985,0.7233802816901408,0.8283870967741935,0.7723308270676691,84499,982,532,2568,3550,0.04007631433377361,cat_d8_balanced,CatBoost
0.6424705972343275,0.688676743569345,0.837741935483871,0.7559307233299375,84307,1174,503,2597,3771,0.04257120601483388,cat_d8_balanced,CatBoost
0.6164598226691578,0.6568995742549462,0.8461290322580645,0.7396024249259834,84111,1370,477,2623,3993,0.04507738679852338,cat_d8_balanced,CatBoost
0.5883486310472794,0.6284697508896797,0.854516129032258,0.7242652084757348,83915,1566,451,2649,4215,0.04758356758221289,cat_d8_balanced,CatBoost
0.5633621375599706,0.6008564345278341,0.86,0.7074432798195569,83710,1771,434,2666,4437,0.050089748365902395,cat_d8_balanced,CatBoost
0.5402411583657487,0.5756600128783,0.8651612903225806,0.6913262018301327,83504,1977,418,2682,4659,0.0525959291495919,cat_d8_balanced,CatBoost
0.5209510415411032,0.5526639344262295,0.87,0.6759398496240602,83298,2183,403,2697,4880,0.05509082083065217,cat_d8_balanced,CatBoost
0.5015261894189076,0.531360250882007,0.8745161290322581,0.6610582784686662,83090,2391,389,2711,5102,0.05759700161434168,cat_d8_balanced,CatBoost
0.4812618703101967,0.5112697220135237,0.8780645161290322,0.6462488129154796,82879,2602,378,2722,5324,0.06010318239803118,cat_d8_balanced,CatBoost
0.46298434211770406,0.49404976559682656,0.8838709677419355,0.6338191071015498,82675,2806,360,2740,5546,0.06260936318172068,cat_d8_balanced,CatBoost
0.4460268837799267,0.47815533980582525,0.8896774193548387,0.6220117275597654,82471,3010,342,2758,5768,0.0651155439654102,cat_d8_balanced,CatBoost
0.4323101705056237,0.4618467189848055,0.892258064516129,0.6086478160413686,82258,3223,334,2766,5989,0.06761043564647046,cat_d8_balanced,CatBoost
0.4189326285905438,0.4471099661890195,0.8958064516129032,0.5964987649017292,82047,3434,323,2777,6211,0.07011661643015997,cat_d8_balanced,CatBoost
0.4048106394762546,0.43307943416757344,0.8987096774193548,0.5844959613972517,81834,3647,314,2786,6433,0.07262279721384947,cat_d8_balanced,CatBoost
0.39300371075261353,0.4201352366641623,0.9019354838709678,0.5732444900051257,81622,3859,304,2796,6655,0.07512897799753898,cat_d8_balanced,CatBoost
0.3817285740626457,0.4080267558528428,0.9051612903225806,0.5624937355918612,81410,4071,294,2806,6877,0.07763515878122848,cat_d8_balanced,CatBoost
0.3711510557479351,0.3963938582899,0.9077419354838709,0.5518188057652711,81196,4285,286,2814,7099,0.08014133956491798,cat_d8_balanced,CatBoost
0.36155969619816114,0.385655737704918,0.9106451612903226,0.5418426103646833,80984,4497,277,2823,7320,0.08263623124597826,cat_d8_balanced,CatBoost
0.3523060074918115,0.37536462476796606,0.9132258064516129,0.5320428490885173,80770,4711,269,2831,7542,0.08514241202966776,cat_d8_balanced,CatBoost
0.342712503978156,0.36566202988150437,0.9158064516129032,0.5226435935198822,80556,4925,261,2839,7764,0.08764859281335727,cat_d8_balanced,CatBoost
0.33485560736314346,0.35649887302779865,0.9183870967741935,0.5136207829695111,80342,5139,253,2847,7986,0.09015477359704677,cat_d8_balanced,CatBoost
0.32741073675902643,0.3473440545808967,0.9196774193548387,0.5042447824548992,80124,5357,249,2851,8208,0.09266095438073628,cat_d8_balanced,CatBoost
0.3203389335687074,0.33883022897140824,0.9212903225806451,0.4954462659380692,79908,5573,244,2856,8429,0.09515584606179654,cat_d8_balanced,CatBoost
0.3118252049984414,0.33059761877239624,0.9225806451612903,0.4867670836524551,79690,5791,240,2860,8651,0.09766202684548606,cat_d8_balanced,CatBoost
0.3040031522271912,0.32322776963822836,0.9251612903225807,0.47907792533199706,79476,6005,232,2868,8873,0.10016820762917555,cat_d8_balanced,CatBoost
0.29660709035214605,0.3156679494227598,0.9261290322580645,0.47084870848708493,79257,6224,229,2871,9095,0.10267438841286507,cat_d8_balanced,CatBoost
0.2892342909085608,0.3086830524847054,0.927741935483871,0.46323588628493206,79040,6441,224,2876,9317,0.10518056919655457,cat_d8_balanced,CatBoost
0.28334772080440257,0.30191844008805957,0.9290322580645162,0.455732257298837,78822,6659,220,2880,9539,0.10768674998024406,cat_d8_balanced,CatBoost
0.27730975118917256,0.29559426229508196,0.9306451612903226,0.44867807153965783,78606,6875,215,2885,9760,0.11018164166130434,cat_d8_balanced,CatBoost
0.2713412664923103,0.289420957723903,0.9319354838709677,0.4416755847729704,78388,7093,211,2889,9982,0.11268782244499385,cat_d8_balanced,CatBoost
0.26579097143150787,0.2834182673461388,0.9329032258064516,0.4347564642212869,78169,7312,208,2892,10204,0.11519400322868335,cat_d8_balanced,CatBoost
0.26021980748868784,0.2776712065988874,0.9338709677419355,0.42806446843116963,77950,7531,205,2895,10426,0.11770018401237285,cat_d8_balanced,CatBoost
0.2548674047553627,0.2720698722764838,0.9345161290322581,0.42144311899912706,77730,7751,203,2897,10648,0.12020636479606236,cat_d8_balanced,CatBoost
0.2496050330916695,0.2669058791057135,0.9358064516129032,0.4153482711718806,77513,7968,199,2901,10869,0.12270125647712263,cat_d8_balanced,CatBoost
0.24447133370671215,0.2617437561987197,0.9364516129032258,0.4091325487985343,77293,8188,197,2903,11091,0.12520743726081213,cat_d8_balanced,CatBoost
0.2398580910611278,0.2567842305312472,0.9370967741935484,0.40310830500242834,77073,8408,195,2905,11313,0.12771361804450165,cat_d8_balanced,CatBoost
0.23593784316134883,0.25218899003034245,0.9383870967741935,0.39754014349162964,76855,8626,191,2909,11535,0.13021979882819115,cat_d8_balanced,CatBoost
0.23141155341436817,0.24776728757336056,0.9396774193548387,0.39213838594601874,76637,8844,187,2913,11757,0.13272597961188065,cat_d8_balanced,CatBoost
0.22700884310913588,0.24344631825012522,0.9406451612903226,0.38678869876641464,76419,9062,184,2916,11978,0.13522087129294091,cat_d8_balanced,CatBoost
0.22310821797370367,0.23934426229508196,0.9419354838709677,0.38169934640522873,76201,9280,180,2920,12200,0.13772705207663044,cat_d8_balanced,CatBoost
0.21935755201700152,0.2353083239413943,0.9429032258064516,0.37662672336039177,75982,9499,177,2923,12422,0.14023323286031994,cat_d8_balanced,CatBoost
0.21506574966806621,0.23157228725086998,0.944516129032258,0.3719512195121951,75765,9716,172,2928,12644,0.14273941364400944,cat_d8_balanced,CatBoost
0.21120507192082508,0.2279651795429815,0.9461290322580646,0.367405737191532,75548,9933,167,2933,12866,0.14524559442769894,cat_d8_balanced,CatBoost
0.207602200349603,0.22425122249388754,0.9467741935483871,0.3626142821843341,75328,10153,165,2935,13088,0.14775177521138844,cat_d8_balanced,CatBoost
0.203830543171748,0.2205274626192802,0.9467741935483871,0.35773051374245846,75107,10374,165,2935,13309,0.15024666689244873,cat_d8_balanced,CatBoost
0.20055285041532195,0.2170571280762693,0.9474193548387096,0.3531958390956647,74887,10594,163,2937,13531,0.15275284767613823,cat_d8_balanced,CatBoost
0.19734448141334857,0.21355340652948449,0.9474193548387096,0.3485432860618287,74665,10816,163,2937,13753,0.15525902845982772,cat_d8_balanced,CatBoost
0.19406343786744476,0.21051878354203934,0.9490322580645161,0.344597364568082,74448,11033,158,2942,13975,0.15776520924351722,cat_d8_balanced,CatBoost
0.1907128062113655,0.20729731633443685,0.9493548387096774,0.34029022373822054,74227,11254,157,2943,14197,0.16027139002720675,cat_d8_balanced,CatBoost
0.18792758387627642,0.20425856568178666,0.95,0.3362255965292842,74008,11473,155,2945,14418,0.162766281708267,cat_d8_balanced,CatBoost
0.18462750780342896,0.20129781420765028,0.9506451612903226,0.3322435174746336,73788,11693,153,2947,14640,0.1652724624919565,cat_d8_balanced,CatBoost
0.18157085296135833,0.19829094334544475,0.9506451612903226,0.32813717848791896,73566,11915,153,2947,14862,0.167778643275646,cat_d8_balanced,CatBoost
0.17863003563435192,0.1954388756298064,0.9509677419354838,0.32424109106907173,73345,12136,152,2948,15084,0.1702848240593355,cat_d8_balanced,CatBoost
0.17599767107529027,0.19266954135633085,0.9512903225806452,0.32043898728675435,73124,12357,151,2949,15306,0.17279100484302504,cat_d8_balanced,CatBoost
0.1735729254322767,0.1901081916537867,0.952258064516129,0.3169422374919476,72905,12576,148,2952,15528,0.17529718562671454,cat_d8_balanced,CatBoost
0.17099586766626407,0.1876309606959172,0.9532258064516129,0.31354448511857397,72687,12794,145,2955,15749,0.1777920773077748,cat_d8_balanced,CatBoost
0.16844518135557102,0.18502285392273496,0.9532258064516129,0.309894604373132,72465,13016,145,2955,15971,0.1802982580914643,cat_d8_balanced,CatBoost
0.16600749858945324,0.182609769653554,0.9538709677419355,0.3065360493443217,72245,13236,143,2957,16193,0.18280443887515382,cat_d8_balanced,CatBoost
0.1634506478191952,0.18020103563813586,0.9541935483870968,0.3031514219830899,72024,13457,142,2958,16415,0.18531061965884332,cat_d8_balanced,CatBoost
0.1610591673777119,0.17791669171124602,0.9548387096774194,0.2999442671125298,71804,13677,140,2960,16637,0.18781680044253282,cat_d8_balanced,CatBoost
0.1587866007693368,0.17564361134179618,0.9551612903225807,0.2967231185489528,71584,13897,139,2961,16858,0.19031169212359308,cat_d8_balanced,CatBoost
0.156488328731843,0.17336065573770493,0.9551612903225807,0.29345887016848365,71362,14119,139,2961,17080,0.1928178729072826,cat_d8_balanced,CatBoost
0.1537846020080175,0.17119408160906255,0.9554838709677419,0.29036368983433,71141,14340,138,2962,17302,0.1953240536909721,cat_d8_balanced,CatBoost
0.15144605872356626,0.16913946587537093,0.9561290322580646,0.2874321179208689,70921,14560,136,2964,17524,0.1978302344746616,cat_d8_balanced,CatBoost
0.14945702954674242,0.1670235546038544,0.9561290322580646,0.2843711023697592,70699,14782,136,2964,17746,0.2003364152583511,cat_d8_balanced,CatBoost
0.1474797060215573,0.16502476762954305,0.9564516129032258,0.2814828879289885,70479,15002,135,2965,17967,0.2028313069394114,cat_d8_balanced,CatBoost
0.14550787822589145,0.16301061080873055,0.9564516129032258,0.2785476067452675,70257,15224,135,2965,18189,0.2053374877231009,cat_d8_balanced,CatBoost
0.14347820024874505,0.16104502742925425,0.9564516129032258,0.275672911533634,70035,15446,135,2965,18411,0.2078436685067904,cat_d8_balanced,CatBoost
0.14137135311934038,0.15917994955187034,0.9567741935483871,0.27294897160999404,69814,15667,134,2966,18633,0.2103498492904799,cat_d8_balanced,CatBoost
0.13931226549732229,0.15741182710156457,0.9574193548387097,0.2703712138465042,69594,15887,132,2968,18855,0.2128560300741694,cat_d8_balanced,CatBoost
0.13733404980574146,0.15558001782250877,0.9574193548387097,0.26766469765973755,69372,16109,132,2968,19077,0.21536221085785892,cat_d8_balanced,CatBoost
0.13572590697847176,0.1537983210695409,0.9574193548387097,0.26502366282703815,69151,16330,132,2968,19298,0.21785710253891918,cat_d8_balanced,CatBoost
0.13409967345473253,0.15204918032786885,0.9574193548387097,0.2624226348364279,68929,16552,132,2968,19520,0.22036328332260868,cat_d8_balanced,CatBoost
0.13220900589040022,0.1504406848343633,0.9580645161290322,0.26004728132387706,68709,16772,130,2970,19742,0.22286946410629818,cat_d8_balanced,CatBoost
0.13029003212600607,0.14881787216990583,0.9583870967741935,0.25763093999306275,68488,16993,129,2971,19964,0.2253756448899877,cat_d8_balanced,CatBoost
0.12858368149295712,0.14728029327256514,0.9590322580645161,0.255346560164906,68268,17213,127,2973,20186,0.2278818256736772,cat_d8_balanced,CatBoost
0.12700571711029401,0.14573430685549077,0.9593548387096774,0.25303101203896716,68048,17433,126,2974,20407,0.23037671735473747,cat_d8_balanced,CatBoost
0.1250237065244006,0.14431140627272288,0.9603225806451613,0.2509165999410005,67829,17652,123,2977,20629,0.23288289813842697,cat_d8_balanced,CatBoost
0.12345051460635165,0.142774926862021,0.9603225806451613,0.24859087303244123,67607,17874,123,2977,20851,0.23538907892211647,cat_d8_balanced,CatBoost
0.12186828717087482,0.14136572865752384,0.9609677419354838,0.24647333802175983,67387,18094,121,2979,21073,0.237895259705806,cat_d8_balanced,CatBoost
0.12043072692509618,0.13998591218595915,0.9616129032258065,0.24439434310309488,67167,18314,119,2981,21295,0.2404014404894955,cat_d8_balanced,CatBoost
0.11898329904376208,0.13863456801598736,0.962258064516129,0.24235284559450787,66947,18534,117,2983,21517,0.242907621273185,cat_d8_balanced,CatBoost
0.11757365703802967,0.13731714049130556,0.9629032258064516,0.24035751670826958,66728,18753,115,2985,21738,0.24540251295424526,cat_d8_balanced,CatBoost
0.1160567453833671,0.1360655737704918,0.9638709677419355,0.23846767757382278,66509,18972,112,2988,21960,0.24790869373793478,cat_d8_balanced,CatBoost
0.11450942596334462,0.13479397709854837,0.964516129032258,0.2365319199430425,66289,19192,110,2990,22182,0.25041487452162425,cat_d8_balanced,CatBoost
0.11330471683682386,0.1335475807891448,0.9651612903225807,0.23462986198243413,66069,19412,108,2992,22404,0.2529210553053138,cat_d8_balanced,CatBoost
0.11189432121795173,0.13223724918235658,0.9651612903225807,0.23260514654435202,65847,19634,108,2992,22626,0.2554272360890033,cat_d8_balanced,CatBoost
0.11061632893432763,0.1310456515078566,0.9658064516129032,0.23077812463868652,65628,19853,106,2994,22847,0.25792212777006357,cat_d8_balanced,CatBoost
0.10935189665215608,0.1297845593653821,0.9658064516129032,0.2288203599679009,65406,20075,106,2994,23069,0.26042830855375304,cat_d8_balanced,CatBoost
0.10802250750257968,0.12854750762096948,0.9658064516129032,0.2268955325679209,65184,20297,106,2994,23291,0.26293448933744257,cat_d8_balanced,CatBoost
0.10667325252191613,0.1274188746650789,0.9664516129032258,0.2251531206553188,64964,20517,104,2996,23513,0.2654406701211321,cat_d8_balanced,CatBoost
0.10538250613391488,0.12622709079418581,0.9664516129032258,0.2232904788522452,64742,20739,104,2996,23735,0.26794685090482157,cat_d8_balanced,CatBoost
0.10421017449734761,0.1250626147937886,0.9664516129032258,0.22146658781785922,64521,20960,104,2996,23956,0.27044174258588183,cat_d8_balanced,CatBoost
0.10294502603495267,0.12395566217222269,0.9667741935483871,0.2197375174133001,64300,21181,103,2997,24178,0.27294792336957135,cat_d8_balanced,CatBoost
0.10182424216031477,0.12295081967213115,0.967741935483871,0.21818181818181817,64081,21400,100,3000,24400,0.2754541041532609,cat_d8_balanced,CatBoost
0.10046240409395953,0.12192348306392657,0.9683870967741935,0.2165788904119472,63861,21620,98,3002,24622,0.27796028493695035,cat_d8_balanced,CatBoost
0.099244091723218,0.12087425535340525,0.9687096774193549,0.2149298597194389,63640,21841,97,3003,24844,0.2804664657206399,cat_d8_balanced,CatBoost
0.0980421626009187,0.11980371818399425,0.9687096774193549,0.21323581623233687,63418,22063,97,3003,25066,0.28297264650432935,cat_d8_balanced,CatBoost
0.0968810223389263,0.11891485743662751,0.97,0.21185754042343324,63201,22280,93,3007,25287,0.28546753818538967,cat_d8_balanced,CatBoost
0.09586471308422351,0.1178799639342977,0.97,0.2102135691565591,62979,22502,93,3007,25509,0.28797371896907914,cat_d8_balanced,CatBoost
0.09469999330574334,0.11694065524076017,0.9706451612903226,0.2087336547466269,62759,22722,91,3009,25731,0.29047989975276867,cat_d8_balanced,CatBoost
0.09355610495104218,0.11597888490733249,0.9709677419354839,0.20720751729597633,62538,22943,90,3010,25953,0.29298608053645814,cat_d8_balanced,CatBoost
0.09251594840896023,0.1150334288443171,0.9712903225806452,0.20570452604611444,62317,23164,89,3011,26175,0.29549226132014766,cat_d8_balanced,CatBoost
0.09145085148534032,0.11414608273980906,0.9719354838709677,0.20429888798481147,62098,23383,87,3013,26396,0.2979871530012079,cat_d8_balanced,CatBoost
0.09034976501255283,0.11326921631978361,0.9725806451612903,0.2029073288915809,61878,23603,85,3015,26618,0.30049333378489745,cat_d8_balanced,CatBoost
0.08934765944902424,0.11233233979135618,0.9725806451612903,0.20140280561122245,61656,23825,85,3015,26840,0.3029995145685869,cat_d8_balanced,CatBoost
0.08831494258069034,0.11148473874806002,0.9732258064516129,0.20005304688018036,61436,24045,83,3017,27062,0.30550569535227645,cat_d8_balanced,CatBoost
0.08735330706678225,0.11057762791379563,0.9732258064516129,0.19859136387572407,61214,24267,83,3017,27284,0.308011876135966,cat_d8_balanced,CatBoost
0.08625015085547408,0.10968515960154149,0.9732258064516129,0.19715088544729792,60992,24489,83,3017,27506,0.31051805691965545,cat_d8_balanced,CatBoost
0.08526155064822084,0.10884697226530098,0.9735483870967742,0.1958023810296169,60772,24709,82,3018,27727,0.3130129486007157,cat_d8_balanced,CatBoost
0.08435049625304333,0.10798239650792515,0.9735483870967742,0.1944023962124384,60550,24931,82,3018,27949,0.31551912938440524,cat_d8_balanced,CatBoost
0.08344684099239412,0.10716694473039651,0.9738709677419355,0.19308624604265934,60329,25152,81,3019,28171,0.31802531016809477,cat_d8_balanced,CatBoost
0.08254648614076916,0.10636424470820273,0.9741935483870968,0.19178865144635315,60108,25373,80,3020,28393,0.32053149095178424,cat_d8_balanced,CatBoost
0.081684999113904,0.10560894635680587,0.9748387096774194,0.19057228440800883,59888,25593,78,3022,28615,0.32303767173547376,cat_d8_balanced,CatBoost
0.08083947644754608,0.10479955611041754,0.9748387096774194,0.18925350701402807,59667,25814,78,3022,28836,0.325532563416534,cat_d8_balanced,CatBoost
0.07990136551848143,0.10403331268497487,0.9751612903225807,0.1880092045525219,59446,26035,77,3023,29058,0.3280387442002235,cat_d8_balanced,CatBoost
0.07911368769456853,0.10324453551912569,0.9751612903225807,0.18672019765287215,59224,26257,77,3023,29280,0.330544924983913,cat_d8_balanced,CatBoost
0.07829933664679076,0.10260321334146838,0.9764516129032258,0.18569412919452796,59006,26475,73,3027,29502,0.33305110576760255,cat_d8_balanced,CatBoost
0.07757407288153664,0.10183689947517158,0.9764516129032258,0.18443821593955642,58784,26697,73,3027,29724,0.335557286551292,cat_d8_balanced,CatBoost
0.0768053207385336,0.10115211220571046,0.9770967741935483,0.18332576789226812,58565,26916,71,3029,29945,0.3380521782323523,cat_d8_balanced,CatBoost
0.07601835484760579,0.10040773030132263,0.9770967741935483,0.18210238374364984,58343,27138,71,3029,30167,0.3405583590160418,cat_d8_balanced,CatBoost
0.07510515956535976,0.09977294415742538,0.9780645161290322,0.1810743826331034,58124,27357,68,3032,30389,0.34306453979973134,cat_d8_balanced,CatBoost
0.07426945688883228,0.09904936134069452,0.9780645161290322,0.17988193764646554,57902,27579,68,3032,30611,0.3455707205834208,cat_d8_balanced,CatBoost
0.07343087448125486,0.09843349657834138,0.9790322580645161,0.17888191436065187,57683,27798,65,3035,30833,0.34807690136711034,cat_d8_balanced,CatBoost
0.07274080426224672,0.09776203509901787,0.9793548387096774,0.17777777777777778,57462,28019,64,3036,31055,0.3505830821507998,cat_d8_balanced,CatBoost
0.07197441475517186,0.09710321012917253,0.9796774193548388,0.17669304165697,57242,28239,63,3037,31276,0.3530779738318601,cat_d8_balanced,CatBoost
0.07123483920346697,0.09641882024255509,0.9796774193548388,0.17555928088328807,57020,28461,63,3037,31498,0.3555841546155496,cat_d8_balanced,CatBoost
0.07046092438051059,0.09580706179066835,0.9803225806451613,0.1745548535324526,56800,28681,61,3039,31720,0.3580903353992391,cat_d8_balanced,CatBoost
0.06967032109222707,0.09514119341306117,0.9803225806451613,0.17344900405228011,56578,28903,61,3039,31942,0.3605965161829286,cat_d8_balanced,CatBoost
0.0689326726977569,0.09448451685113791,0.9803225806451613,0.17235707803992736,56356,29125,61,3039,32164,0.3631026969666181,cat_d8_balanced,CatBoost
0.06820851257645177,0.09383974062065771,0.9803225806451613,0.17128364097505985,56135,29346,61,3039,32385,0.3655975886476784,cat_d8_balanced,CatBoost
0.0675368459517764,0.09326218296684761,0.9809677419354839,0.1703307474724844,55915,29566,59,3041,32607,0.3681037694313679,cat_d8_balanced,CatBoost
0.06689789046888893,0.09263151481921472,0.9809677419354839,0.16927829886721033,55693,29788,59,3041,32829,0.3706099502150574,cat_d8_balanced,CatBoost
0.06613364202112679,0.09200931893134852,0.9809677419354839,0.1682387762440873,55471,30010,59,3041,33051,0.3731161309987469,cat_d8_balanced,CatBoost
0.06545508573334825,0.0913954257205542,0.9809677419354839,0.16721194292469688,55249,30232,59,3041,33273,0.37562231178243644,cat_d8_balanced,CatBoost
0.06477432803181082,0.09082223681853466,0.9812903225806452,0.1662567634038367,55029,30452,58,3042,33494,0.3781172034634967,cat_d8_balanced,CatBoost
0.06407070884828484,0.09022422588681932,0.9812903225806452,0.16525423728813562,54807,30674,58,3042,33716,0.38062338424718617,cat_d8_balanced,CatBoost
0.0634387858096237,0.08963403854086864,0.9812903225806452,0.16426372914304227,54585,30896,58,3042,33938,0.3831295650308757,cat_d8_balanced,CatBoost
0.0628445682719093,0.08905152224824356,0.9812903225806452,0.16328502415458937,54363,31118,58,3042,34160,0.3856357458145652,cat_d8_balanced,CatBoost
0.062142446448940014,0.08847652841603164,0.9812903225806452,0.16231791259804704,54141,31340,58,3042,34382,0.3881419265982547,cat_d8_balanced,CatBoost
0.06151679100994506,0.08793781065772743,0.9816129032258064,0.16141523445788247,53920,31561,57,3043,34604,0.3906481073819442,cat_d8_balanced,CatBoost
0.06089914527326792,0.0873797559224695,0.9816129032258064,0.16047462096242582,53699,31782,57,3043,34825,0.3931429990630045,cat_d8_balanced,CatBoost
0.06029654114663724,0.08688332810226268,0.9822580645161291,0.15964558156604716,53479,32002,55,3045,35047,0.395649179846694,cat_d8_balanced,CatBoost
0.05972001203005413,0.08636479628001928,0.9825806451612903,0.15877401026870652,53258,32223,54,3046,35269,0.3981553606303835,cat_d8_balanced,CatBoost
0.059242719570218615,0.08590910371643515,0.9835483870967742,0.15801611774766136,53039,32442,51,3049,35491,0.400661541414073,cat_d8_balanced,CatBoost
0.05871219357948624,0.0853750735026461,0.9835483870967742,0.1571123077319455,52817,32664,51,3049,35713,0.4031677221977625,cat_d8_balanced,CatBoost
0.05814819662331672,0.08485000278287973,0.9835483870967742,0.15622278014039043,52596,32885,51,3049,35934,0.4056626138788228,cat_d8_balanced,CatBoost
0.057560511416125996,0.08432901869675849,0.9835483870967742,0.15533931118809863,52374,33107,51,3049,36156,0.40816879466251227,cat_d8_balanced,CatBoost
0.057046406594092616,0.08381439331464072,0.9835483870967742,0.15446577840822737,52152,33329,51,3049,36378,0.4106749754462018,cat_d8_balanced,CatBoost
0.05643223969080668,0.08330601092896175,0.9835483870967742,0.15360201511335014,51930,33551,51,3049,36600,0.41318115622989127,cat_d8_balanced,CatBoost
0.05588023794543218,0.08283091630003803,0.9838709677419355,0.15279795601422777,51709,33772,50,3050,36822,0.4156873370135808,cat_d8_balanced,CatBoost
0.05536974278618235,0.08233452111003131,0.9838709677419355,0.15195296931048227,51487,33994,50,3050,37044,0.4181935177972703,cat_d8_balanced,CatBoost
0.054854479350146784,0.08189990607808936,0.984516129032258,0.15122011643750777,51268,34213,48,3052,37265,0.4206884094783306,cat_d8_balanced,CatBoost
0.05436278273921587,0.08144156640968869,0.9848387096774194,0.15044225983689358,51047,34434,47,3053,37487,0.42319459026202005,cat_d8_balanced,CatBoost
0.053818998558766255,0.08098862340555305,0.9851612903225806,0.14967286627949716,50826,34655,46,3054,37709,0.4257007710457096,cat_d8_balanced,CatBoost
0.053243873794703606,0.08054098230998392,0.9854838709677419,0.1489117983963345,50605,34876,45,3055,37931,0.4282069518293991,cat_d8_balanced,CatBoost
0.052713786419495326,0.08009855057269415,0.9858064516129033,0.14815892177538603,50384,35097,44,3056,38153,0.4307131326130886,cat_d8_balanced,CatBoost
0.052243121846196915,0.07963725439099391,0.9858064516129033,0.14736943627332785,50163,35318,44,3056,38374,0.43320802429414884,cat_d8_balanced,CatBoost
0.051765689337468966,0.07920509897398695,0.9861290322580645,0.1466327705295472,49942,35539,43,3057,38596,0.43571420507783837,cat_d8_balanced,CatBoost
0.05127012395910871,0.07875212530269463,0.9861290322580645,0.14585619542917125,49720,35761,43,3057,38818,0.4382203858615279,cat_d8_balanced,CatBoost
0.05081349113608117,0.07830430327868852,0.9861290322580645,0.14508780256288561,49498,35983,43,3057,39040,0.44072656664521737,cat_d8_balanced,CatBoost
0.05032765802976567,0.07786154551474708,0.9861290322580645,0.14432746329257354,49276,36205,43,3057,39262,0.4432327474289069,cat_d8_balanced,CatBoost
0.049778233006823575,0.07745105488438062,0.9864516129032258,0.14362539041401498,49056,36425,42,3058,39483,0.44572763910996716,cat_d8_balanced,CatBoost
0.04926646311853535,0.0770180078075809,0.9864516129032258,0.14288050461394697,48834,36647,42,3058,39705,0.4482338198936566,cat_d8_balanced,CatBoost
0.048836092440733996,0.07661482205024168,0.9867741935483871,0.14218978780765565,48613,36868,41,3059,39927,0.45074000067734615,cat_d8_balanced,CatBoost
0.04841776786480631,0.07621609504595382,0.9870967741935484,0.1415061619921848,48392,37089,40,3060,40149,0.4532461814610357,cat_d8_balanced,CatBoost
0.04794127100721309,0.0758465234945877,0.987741935483871,0.14087552621287755,48172,37309,38,3062,40371,0.45575236224472515,cat_d8_balanced,CatBoost
0.04750668879188563,0.07545635947084472,0.9880645161290322,0.14020552491245736,47951,37530,37,3063,40593,0.4582585430284147,cat_d8_balanced,CatBoost
0.047108534163502774,0.07504777772333023,0.9880645161290322,0.13949993168465635,47730,37751,37,3063,40814,0.46075343470947494,cat_d8_balanced,CatBoost
0.04669834986089806,0.07464177795106736,0.9880645161290322,0.13879825992387168,47508,37973,37,3063,41036,0.46325961549316447,cat_d8_balanced,CatBoost
0.046204398432438044,0.07424014736535944,0.9880645161290322,0.138103611524415,47286,38195,37,3063,41258,0.46576579627685394,cat_d8_balanced,CatBoost
0.04581067305805195,0.07386692381870781,0.9883870967741936,0.13746074472857783,47065,38416,36,3064,41480,0.46827197706054347,cat_d8_balanced,CatBoost
0.0453915039836602,0.07349767397247134,0.9887096774193549,0.13682424891745903,46844,38637,35,3065,41702,0.47077815784423294,cat_d8_balanced,CatBoost
0.044954103722137234,0.07313407914509935,0.9890322580645161,0.13619705483863803,46624,38857,34,3066,41923,0.47327304952529325,cat_d8_balanced,CatBoost
0.04454421635801659,0.0727488432791553,0.9890322580645161,0.13552878771134932,46402,39079,34,3066,42145,0.4757792303089827,cat_d8_balanced,CatBoost
0.04411552658419722,0.07239124790520925,0.9893548387096774,0.13491103437658084,46181,39300,33,3067,42367,0.47828541109267225,cat_d8_balanced,CatBoost
0.04368793184869337,0.072037380544272,0.9896774193548387,0.1342992842916238,45960,39521,32,3068,42589,0.4807915918763617,cat_d8_balanced,CatBoost
0.04328172635447173,0.07166382471794633,0.9896774193548387,0.13364988782644685,45738,39743,32,3068,42811,0.48329777266005125,cat_d8_balanced,CatBoost
0.042825699818484074,0.07129412311481886,0.9896774193548387,0.13300674137818913,45516,39965,32,3068,43033,0.4858039534437408,cat_d8_balanced,CatBoost
0.04244090652999317,0.07095297544735747,0.99,0.13241575700047462,45296,40185,31,3069,43254,0.48829884512480104,cat_d8_balanced,CatBoost
0.04200034078919048,0.07059067071487718,0.99,0.13178461009962214,45074,40407,31,3069,43476,0.4908050259084905,cat_d8_balanced,CatBoost
0.04158132277248407,0.07023204723328298,0.99,0.1311594512586008,44852,40629,31,3069,43698,0.49331120669218004,cat_d8_balanced,CatBoost
0.04120189956088174,0.06989981785063752,0.9903225806451613,0.1305827307528711,44631,40850,30,3070,43920,0.49581738747586956,cat_d8_balanced,CatBoost
0.04082270561164354,0.06954827601830456,0.9903225806451613,0.12996909529655815,44409,41072,30,3070,44142,0.49832356825955904,cat_d8_balanced,CatBoost
0.04042714979961836,0.06922435362802336,0.9906451612903225,0.12940606367064872,44189,41292,29,3071,44363,0.5008184599406194,cat_d8_balanced,CatBoost
0.04004197129538329,0.06887966804979254,0.9906451612903225,0.12880360700429905,43967,41514,29,3071,44585,0.5033246407243088,cat_d8_balanced,CatBoost
0.03965108293648713,0.0685383980181668,0.9906451612903225,0.12820673388022627,43745,41736,29,3071,44807,0.5058308215079983,cat_d8_balanced,CatBoost
0.03926703165507994,0.06820049301561217,0.9906451612903225,0.1276153670344283,43523,41958,29,3071,45029,0.5083370022916879,cat_d8_balanced,CatBoost
0.038837971862880766,0.06788800247508342,0.9909677419354839,0.12707079481293043,43302,42179,28,3072,45251,0.5108431830753773,cat_d8_balanced,CatBoost
0.03849752541862597,0.06755805770584096,0.9909677419354839,0.12649262949847648,43081,42400,28,3072,45472,0.5133380747564376,cat_d8_balanced,CatBoost
0.03810289814947149,0.06722983323849958,0.9909677419354839,0.1259171209574948,42859,42622,28,3072,45694,0.5158442555401271,cat_d8_balanced,CatBoost
0.037771269425063335,0.066904782646572,0.9909677419354839,0.12534682552635873,42637,42844,28,3072,45916,0.5183504363238166,cat_d8_balanced,CatBoost
0.03739683228968383,0.06658286011530626,0.9909677419354839,0.12478167269182341,42415,43066,28,3072,46138,0.5208566171075061,cat_d8_balanced,CatBoost
0.03707041916279128,0.06626402070750648,0.9909677419354839,0.12422159320663165,42193,43288,28,3072,46360,0.5233627978911957,cat_d8_balanced,CatBoost
0.036688469896909,0.06594822034262161,0.9909677419354839,0.12366651906122943,41971,43510,28,3072,46582,0.5258689786748851,cat_d8_balanced,CatBoost
0.036348891244098964,0.06563681815268252,0.9909677419354839,0.123118850570106,41750,43731,28,3072,46803,0.5283638703559455,cat_d8_balanced,CatBoost
0.03596204291205587,0.06532695374800639,0.9909677419354839,0.12257356608478805,41528,43953,28,3072,47025,0.5308700511396349,cat_d8_balanced,CatBoost
0.03558951608778895,0.0650200012699219,0.9909677419354839,0.12203309035295054,41306,44175,28,3072,47247,0.5333762319233244,cat_d8_balanced,CatBoost
0.03527215304571953,0.06471591986348986,0.9909677419354839,0.12149736004271393,41084,44397,28,3072,47469,0.5358824127070139,cat_d8_balanced,CatBoost
0.03492318282988914,0.0644146694344845,0.9909677419354839,0.120966312929456,40862,44619,28,3072,47691,0.5383885934907034,cat_d8_balanced,CatBoost
0.03462199280577054,0.06413842043746869,0.9912903225806452,0.12048145534384065,40642,44839,27,3073,47912,0.5408834851717637,cat_d8_balanced,CatBoost
0.03428607206041016,0.06384260605808784,0.9912903225806452,0.11995940195963618,40420,45061,27,3073,48134,0.5433896659554532,cat_d8_balanced,CatBoost
0.03399929062158975,0.06354950781702375,0.9912903225806452,0.11944185323383084,40198,45283,27,3073,48356,0.5458958467391427,cat_d8_balanced,CatBoost
0.03365228207068744,0.06325908847626498,0.9912903225806452,0.11892875111265915,39976,45505,27,3073,48578,0.5484020275228322,cat_d8_balanced,CatBoost
0.033323087434992564,0.06297131147540984,0.9912903225806452,0.11842003853564546,39754,45727,27,3073,48800,0.5509082083065218,cat_d8_balanced,CatBoost
0.0330040893038252,0.06268614091632328,0.9912903225806452,0.11791565941445072,39532,45949,27,3073,49022,0.5534143890902112,cat_d8_balanced,CatBoost
0.03269154613222727,0.06240480880531243,0.9912903225806452,0.11741780180730946,39311,46170,27,3073,49243,0.5559092807712714,cat_d8_balanced,CatBoost
0.03237939907299097,0.062124734660871324,0.9912903225806452,0.11692190621135735,39089,46392,27,3073,49465,0.558415461554961,cat_d8_balanced,CatBoost
0.03205337540477064,0.06184716324189426,0.9912903225806452,0.1164301816735181,38867,46614,27,3073,49687,0.5609216423386505,cat_d8_balanced,CatBoost
0.03176903309758413,0.06159209761766415,0.9916129032258064,0.11598030523118716,38646,46835,26,3074,49909,0.56342782312234,cat_d8_balanced,CatBoost
0.03144995010907913,0.06133929105742954,0.9919354838709677,0.11553418121019707,38425,47056,25,3075,50131,0.5659340039060295,cat_d8_balanced,CatBoost
0.031196012773771722,0.06108992691452177,0.9922580645161291,0.11509391603681807,38205,47276,24,3076,50352,0.5684288955870898,cat_d8_balanced,CatBoost
0.030903552464922296,0.0608217661248863,0.9922580645161291,0.11461787830234377,37983,47498,24,3076,50574,0.5709350763707793,cat_d8_balanced,CatBoost
0.030607794096298036,0.06055594928734546,0.9922580645161291,0.11414576220869824,37761,47720,24,3076,50796,0.5734412571544688,cat_d8_balanced,CatBoost
0.03030689179674421,0.060292445803441924,0.9922580645161291,0.11367751949443809,37539,47942,24,3076,51018,0.5759474379381583,cat_d8_balanced,CatBoost
0.029989759128886552,0.060031225604996095,0.9922580645161291,0.11321310268678689,37317,48164,24,3076,51240,0.5784536187218478,cat_d8_balanced,CatBoost
0.029646995062937942,0.05979285284001477,0.9925806451612903,0.11279118784479755,37097,48384,23,3077,51461,0.5809485104029081,cat_d8_balanced,CatBoost
0.029354011466829755,0.05953601764603448,0.9925806451612903,0.11233411824836172,36875,48606,23,3077,51683,0.5834546911865975,cat_d8_balanced,CatBoost
0.029082727269136428,0.059281379443213565,0.9925806451612903,0.11188073811471685,36653,48828,23,3077,51905,0.5859608719702871,cat_d8_balanced,CatBoost
0.028810726159475143,0.05902891016172041,0.9925806451612903,0.11143100295145489,36431,49050,23,3077,52127,0.5884670527539766,cat_d8_balanced,CatBoost
0.028521983807101213,0.058778582207874075,0.9925806451612903,0.11098486897870115,36209,49272,23,3077,52349,0.5909732335376661,cat_d8_balanced,CatBoost
0.028245575070967952,0.05854939034829088,0.9929032258064516,0.11057821846203587,35988,49493,22,3078,52571,0.5934794143213556,cat_d8_balanced,CatBoost
0.02797910825979088,0.05830428852856493,0.9929032258064516,0.1101409861876476,35767,49714,22,3078,52792,0.5959743060024159,cat_d8_balanced,CatBoost
0.027693873656712234,0.058060135058663746,0.9929032258064516,0.10970524289838542,35545,49936,22,3078,53014,0.5984804867861053,cat_d8_balanced,CatBoost
0.027374740797674466,0.05781801788263581,0.9929032258064516,0.10927293382561773,35323,50158,22,3078,53236,0.6009866675697949,cat_d8_balanced,CatBoost
0.027093936530726764,0.05757791163156122,0.9929032258064516,0.10884401852965098,35101,50380,22,3078,53458,0.6034928483534844,cat_d8_balanced,CatBoost
0.026850067162520252,0.05737704918032787,0.9935483870967742,0.10848890454385346,34881,50600,20,3080,53680,0.6059990291371739,cat_d8_balanced,CatBoost
0.026580713994069277,0.057141796998200406,0.9935483870967742,0.10806827950386837,34660,50821,20,3080,53901,0.6084939208182342,cat_d8_balanced,CatBoost
0.026297943958926553,0.05690741459268703,0.9935483870967742,0.10764902224629957,34438,51043,20,3080,54123,0.6110001016019236,cat_d8_balanced,CatBoost
0.026013928425232046,0.05667494709724906,0.9935483870967742,0.10723300548350596,34216,51265,20,3080,54345,0.6135062823856132,cat_d8_balanced,CatBoost
0.025779825782208284,0.05644437114006634,0.9935483870967742,0.10682019179079891,33994,51487,20,3080,54567,0.6160124631693027,cat_d8_balanced,CatBoost
0.02551853531812607,0.05621566372812061,0.9935483870967742,0.10641054431757328,33772,51709,20,3080,54789,0.6185186439529922,cat_d8_balanced,CatBoost
0.025232847112147225,0.05598880223955209,0.9935483870967742,0.10600402677634183,33550,51931,20,3080,55011,0.6210248247366816,cat_d8_balanced,CatBoost
0.0250115175670211,0.055782879490150636,0.9938709677419355,0.10563670026743467,33330,52151,19,3081,55232,0.623519716417742,cat_d8_balanced,CatBoost
0.024748908734235228,0.05555956288094637,0.9938709677419355,0.10523619223281074,33108,52373,19,3081,55454,0.6260258972014314,cat_d8_balanced,CatBoost
0.02450821204828008,0.055338027157123354,0.9938709677419355,0.10483870967741936,32886,52595,19,3081,55676,0.628532077985121,cat_d8_balanced,CatBoost
0.02424004070088112,0.05511825110021826,0.9938709677419355,0.10444421844808299,32664,52817,19,3081,55898,0.6310382587688105,cat_d8_balanced,CatBoost
0.02399896706558024,0.05490021382751247,0.9938709677419355,0.10405268490374872,32442,53039,19,3081,56120,0.6335444395525,cat_d8_balanced,CatBoost
0.02373929923888647,0.05468486537335156,0.9938709677419355,0.10366581988862905,32221,53260,19,3081,56341,0.6360393312335603,cat_d8_balanced,CatBoost
0.023472935031540694,0.054470236727189154,0.9938709677419355,0.103280089837923,31999,53482,19,3081,56563,0.6385455120172497,cat_d8_balanced,CatBoost
0.023245949139934847,0.05425728625517302,0.9938709677419355,0.10289721967103614,31777,53704,19,3081,56785,0.6410516928009392,cat_d8_balanced,CatBoost
0.02298719340555256,0.05406353605697546,0.9941935483870967,0.10255045169447818,31556,53925,18,3082,57007,0.6435578735846288,cat_d8_balanced,CatBoost
0.022740022987674847,0.05385381537332471,0.9941935483870967,0.10217308425467021,31334,54147,18,3082,57229,0.6460640543683183,cat_d8_balanced,CatBoost
0.02252047604689546,0.05368146214099217,0.9948387096774194,0.10186622625928984,31115,54366,16,3084,57450,0.6485589460493786,cat_d8_balanced,CatBoost
0.02230018666330782,0.053492162574559576,0.9951612903225806,0.10152701902191799,30894,54587,15,3085,57672,0.651065126833068,cat_d8_balanced,CatBoost
0.02208383120139431,0.05330431478218814,0.9954838709677419,0.10119028101124701,30673,54808,14,3086,57894,0.6535713076167575,cat_d8_balanced,CatBoost
0.021839396026132482,0.05310069516140133,0.9954838709677419,0.10082331416623104,30451,55030,14,3086,58116,0.656077488400447,cat_d8_balanced,CatBoost
0.021590518393998642,0.052898625252836916,0.9954838709677419,0.10045899931638401,30229,55252,14,3086,58338,0.6585836691841366,cat_d8_balanced,CatBoost
0.02136213155629107,0.05269808743169399,0.9954838709677419,0.10009730781706132,30007,55474,14,3086,58560,0.661089849967826,cat_d8_balanced,CatBoost
0.021149501929416926,0.05251696976914309,0.9958064516129033,0.09977214330731568,29787,55694,13,3087,58781,0.6635847416488864,cat_d8_balanced,CatBoost
0.020933870361299123,0.05231937359117333,0.9958064516129033,0.09941548717453264,29565,55916,13,3087,59003,0.6660909224325758,cat_d8_balanced,CatBoost
0.02070842179607929,0.05212325875897003,0.9958064516129033,0.09906137184115525,29343,56138,13,3087,59225,0.6685971032162653,cat_d8_balanced,CatBoost
0.020491579058966012,0.05192860867663633,0.9958064516129033,0.0987097702527699,29121,56360,13,3087,59447,0.6711032839999549,cat_d8_balanced,CatBoost
0.020261408340276697,0.051735406995257166,0.9958064516129033,0.09836065573770492,28899,56582,13,3087,59669,0.6736094647836444,cat_d8_balanced,CatBoost
0.02006413823776523,0.0515611955251294,0.9961290322580645,0.09804730909668202,28679,56802,12,3088,59890,0.6761043564647046,cat_d8_balanced,CatBoost
0.019838895379035562,0.051370774554165555,0.9961290322580645,0.09770296779092576,28457,57024,12,3088,60112,0.6786105372483942,cat_d8_balanced,CatBoost
0.019637135727349205,0.05118175489773594,0.9961290322580645,0.0973610366680329,28235,57246,12,3088,60334,0.6811167180320836,cat_d8_balanced,CatBoost
0.019435914911749966,0.050994121144065,0.9961290322580645,0.09702149051149932,28013,57468,12,3088,60556,0.6836228988157731,cat_d8_balanced,CatBoost
0.019235641052543356,0.050807858106551716,0.9961290322580645,0.09668430445536806,27791,57690,12,3088,60778,0.6861290795994627,cat_d8_balanced,CatBoost
0.019014740446512416,0.050623780717716685,0.9961290322580645,0.09635095711321548,27570,57911,12,3088,60999,0.6886239712805229,cat_d8_balanced,CatBoost
0.018802422300391038,0.05044020842521357,0.9961290322580645,0.09601840767401006,27348,58133,12,3088,61221,0.6911301520642125,cat_d8_balanced,CatBoost
0.01859101045470921,0.05025796266458343,0.9961290322580645,0.09568814588723797,27126,58355,12,3088,61443,0.6936363328479019,cat_d8_balanced,CatBoost
0.018398711879246445,0.05007702910889483,0.9961290322580645,0.09536014822820968,26904,58577,12,3088,61665,0.6961425136315914,cat_d8_balanced,CatBoost
0.018188747862217185,0.04991355211918497,0.9964516129032258,0.09506516687952976,26683,58798,11,3089,61887,0.6986486944152809,cat_d8_balanced,CatBoost
0.01799459318317452,0.04973514305495178,0.9964516129032258,0.09474152340934533,26461,59020,11,3089,62109,0.7011548751989705,cat_d8_balanced,CatBoost
0.017786583192072773,0.049558799935825446,0.9964516129032258,0.09442151918080391,26240,59241,11,3089,62330,0.7036497668800307,cat_d8_balanced,CatBoost
0.017597659997400896,0.04938291341603786,0.9964516129032258,0.09410223603241333,26018,59463,11,3089,62552,0.7061559476637203,cat_d8_balanced,CatBoost
0.017392318289181266,0.049208270940198175,0.9964516129032258,0.09378510489722806,25796,59685,11,3089,62774,0.7086621284474097,cat_d8_balanced,CatBoost
0.017196069623181456,0.049034859356149596,0.9964516129032258,0.09347010409101912,25574,59907,11,3089,62996,0.7111683092310992,cat_d8_balanced,CatBoost
0.017002920540279482,0.04886266569647885,0.9964516129032258,0.09315721221991013,25352,60129,11,3089,63218,0.7136744900147888,cat_d8_balanced,CatBoost
0.016795114760322753,0.04869244471066694,0.9964516129032258,0.09284780354378636,25131,60350,11,3089,63439,0.716169381695849,cat_d8_balanced,CatBoost
0.016604566898185368,0.048522643376635616,0.9964516129032258,0.09253905723401386,24909,60572,11,3089,63661,0.7186755624795385,cat_d8_balanced,CatBoost
0.016413546925374202,0.04835402219682858,0.9964516129032258,0.09223235746383411,24687,60794,11,3089,63883,0.721181743263228,cat_d8_balanced,CatBoost
0.016230798670679378,0.04818656891038141,0.9964516129032258,0.0919276839520869,24465,61016,11,3089,64105,0.7236879240469175,cat_d8_balanced,CatBoost
0.016049974019399994,0.048020271425684394,0.9964516129032258,0.09162501668471087,24243,61238,11,3089,64327,0.726194104830607,cat_d8_balanced,CatBoost
0.015884638063544003,0.047855117817471995,0.9964516129032258,0.09132433591036082,24021,61460,11,3089,64549,0.7287002856142966,cat_d8_balanced,CatBoost
0.01571206164474671,0.04769183263856724,0.9964516129032258,0.09102696331221453,23800,61681,11,3089,64770,0.7311951772953568,cat_d8_balanced,CatBoost
0.015539587884416057,0.04752892663712457,0.9964516129032258,0.09073018856840745,23578,61903,11,3089,64992,0.7337013580790464,cat_d8_balanced,CatBoost
0.015373521632464495,0.04736712975741405,0.9964516129032258,0.09043534268231987,23356,62125,11,3089,65214,0.7362075388627358,cat_d8_balanced,CatBoost
0.015202803208458751,0.047206430710923654,0.9964516129032258,0.09014240691023696,23134,62347,11,3089,65436,0.7387137196464253,cat_d8_balanced,CatBoost
0.014999548817251237,0.04704681836181425,0.9964516129032258,0.0898513627505163,22912,62569,11,3089,65658,0.7412199004301148,cat_d8_balanced,CatBoost
0.014838454334443583,0.04688899345770276,0.9964516129032258,0.08956349033763901,22691,62790,11,3089,65879,0.7437147921111751,cat_d8_balanced,CatBoost
0.014651719818368571,0.04673151692107532,0.9964516129032258,0.08927616652938541,22469,63012,11,3089,66101,0.7462209728948646,cat_d8_balanced,CatBoost
0.014445870918457011,0.046575094612728615,0.9964516129032258,0.08899068032208345,22247,63234,11,3089,66323,0.7487271536785541,cat_d8_balanced,CatBoost
0.014267911198034073,0.04643474340671726,0.9967741935483871,0.08873573120827051,22026,63455,10,3090,66545,0.7512333344622436,cat_d8_balanced,CatBoost
0.014078540016503143,0.04629532553506972,0.9970967741935484,0.08848240227861509,21805,63676,9,3091,66767,0.7537395152459331,cat_d8_balanced,CatBoost
0.013919001640707114,0.04614259270317072,0.9970967741935484,0.088203401438192,21584,63897,9,3091,66988,0.7562344069269934,cat_d8_balanced,CatBoost
0.013733196329094309,0.045990180032733224,0.9970967741935484,0.08792490399658656,21362,64119,9,3091,67210,0.7587405877106829,cat_d8_balanced,CatBoost
0.013580544765814802,0.04583877090995373,0.9970967741935484,0.08764815970056146,21140,64341,9,3091,67432,0.7612467684943723,cat_d8_balanced,CatBoost
0.013429568882750886,0.04568835545570107,0.9970967741935484,0.08737315204794074,20918,64563,9,3091,67654,0.7637529492780619,cat_d8_balanced,CatBoost
0.01325755488899358,0.045538923920089576,0.9970967741935484,0.08709986474301172,20696,64785,9,3091,67876,0.7662591300617514,cat_d8_balanced,CatBoost
0.013076835058343393,0.0453904666803724,0.9970967741935484,0.08682828169330598,20474,65007,9,3091,68098,0.7687653108454409,cat_d8_balanced,CatBoost
0.012911105215631415,0.04524363647008885,0.9970967741935484,0.08655959898626416,20253,65228,9,3091,68319,0.7712602025265012,cat_d8_balanced,CatBoost
0.012728346313996506,0.04509709516931472,0.9970967741935484,0.08629136946720453,20031,65450,9,3091,68541,0.7737663833101907,cat_d8_balanced,CatBoost
0.012543248220362865,0.04495150007998488,0.9970967741935484,0.08602479718352976,19809,65672,9,3091,68763,0.7762725640938801,cat_d8_balanced,CatBoost
0.012384991038418574,0.04480684206711604,0.9970967741935484,0.08575986682388848,19587,65894,9,3091,68985,0.7787787448775697,cat_d8_balanced,CatBoost
0.012223918723547089,0.044663112112936554,0.9970967741935484,0.08549656326496742,19365,66116,9,3091,69207,0.7812849256612592,cat_d8_balanced,CatBoost
0.0120582624817354,0.044520942559198015,0.9970967741935484,0.08523604676814472,19144,66337,9,3091,69428,0.7837798173423195,cat_d8_balanced,CatBoost
0.011890861121167782,0.044379038047379755,0.9970967741935484,0.08497594501718211,18922,66559,9,3091,69650,0.786285998126009,cat_d8_balanced,CatBoost
0.011718525703782073,0.044238035264483624,0.9970967741935484,0.08471742586197445,18700,66781,9,3091,69872,0.7887921789096984,cat_d8_balanced,CatBoost
0.011563279251356301,0.044112192199046996,0.9974193548387097,0.08448779954641092,18479,67002,8,3092,70094,0.791298359693388,cat_d8_balanced,CatBoost
0.011399752372286635,0.04397292223675977,0.9974193548387097,0.08423231993026042,18257,67224,8,3092,70316,0.7938045404770775,cat_d8_balanced,CatBoost
0.011226743106197295,0.04383452890640506,0.9974193548387097,0.08397838072734186,18035,67446,8,3092,70538,0.796310721260767,cat_d8_balanced,CatBoost
0.011073260802668336,0.043697621503978296,0.9974193548387097,0.08372710163961061,17814,67667,8,3092,70759,0.7988056129418273,cat_d8_balanced,CatBoost
0.010916792819234501,0.04356095293106606,0.9974193548387097,0.08347619497576976,17592,67889,8,3092,70981,0.8013117937255168,cat_d8_balanced,CatBoost
0.010775381934868952,0.04342513658132382,0.9974193548387097,0.08322678761288238,17370,68111,8,3092,71203,0.8038179745092062,cat_d8_balanced,CatBoost
0.010613651054832801,0.04329016450822541,0.9974193548387097,0.0829788661522979,17148,68333,8,3092,71425,0.8063241552928958,cat_d8_balanced,CatBoost
0.010439130353275115,0.04316998618225466,0.997741935483871,0.08275917428124205,16927,68554,7,3093,71647,0.8088303360765853,cat_d8_balanced,CatBoost
0.01027953542121211,0.0430372349307063,0.997741935483871,0.08251520648810161,16706,68775,7,3093,71868,0.8113252277576456,cat_d8_balanced,CatBoost
0.010133051076325603,0.04290470245526425,0.997741935483871,0.08227157866737599,16484,68997,7,3093,72090,0.8138314085413351,cat_d8_balanced,CatBoost
0.009993451213469234,0.042772983737139066,0.997741935483871,0.0820293852437278,16262,69219,7,3093,72312,0.8163375893250245,cat_d8_balanced,CatBoost
0.009842637424319197,0.042642071304491685,0.997741935483871,0.08178861358648226,16040,69441,7,3093,72534,0.818843770108714,cat_d8_balanced,CatBoost
0.009703457566113377,0.04251195777667821,0.997741935483871,0.0815492512128243,15818,69663,7,3093,72756,0.8213499508924036,cat_d8_balanced,CatBoost
0.00955784464264469,0.042383216629897094,0.997741935483871,0.08131235458811467,15597,69884,7,3093,72977,0.8238448425734638,cat_d8_balanced,CatBoost
0.009414798655410079,0.04225467561032255,0.997741935483871,0.0810757677033775,15375,70106,7,3093,73199,0.8263510233571534,cat_d8_balanced,CatBoost
0.009259494073696414,0.04212691191893327,0.997741935483871,0.08084055357352882,15153,70328,7,3093,73421,0.8288572041408429,cat_d8_balanced,CatBoost
0.009130801589796744,0.04199991852586125,0.997741935483871,0.08060670028536804,14931,70550,7,3093,73643,0.8313633849245323,cat_d8_balanced,CatBoost
0.00897460417301985,0.04187368848575103,0.997741935483871,0.08037419606314557,14709,70772,7,3093,73865,0.8338695657082219,cat_d8_balanced,CatBoost
0.008823904853717613,0.04174821493649358,0.997741935483871,0.08014302926658634,14487,70994,7,3093,74087,0.8363757464919114,cat_d8_balanced,CatBoost
0.008682730311573085,0.04162405124616461,0.997741935483871,0.07991422075237703,14266,71215,7,3093,74308,0.8388706381729716,cat_d8_balanced,CatBoost
0.008538170721312315,0.041500067087079026,0.997741935483871,0.07968568852247843,14044,71437,7,3093,74530,0.8413768189566612,cat_d8_balanced,CatBoost
0.008396088072286095,0.041376819349315065,0.997741935483871,0.07945845964137078,13822,71659,7,3093,74752,0.8438829997403506,cat_d8_balanced,CatBoost
0.008263161010474208,0.041267639448342094,0.9980645161290322,0.07925813971360506,13601,71880,6,3094,74974,0.8463891805240401,cat_d8_balanced,CatBoost
0.008116543273747404,0.041145805627958935,0.9980645161290322,0.0790334116685399,13379,72102,6,3094,75196,0.8488953613077297,cat_d8_balanced,CatBoost
0.007974217392488483,0.04105175225744859,0.9987096774193548,0.07886190251792606,13160,72321,4,3096,75417,0.8513902529887899,cat_d8_balanced,CatBoost
0.007842626770480738,0.04093126561694364,0.9987096774193548,0.07863955600147322,12938,72543,4,3096,75639,0.8538964337724795,cat_d8_balanced,CatBoost
0.007709940460780007,0.04081148416182228,0.9987096774193548,0.07841845974595053,12716,72765,4,3096,75861,0.856402614556169,cat_d8_balanced,CatBoost
0.007581534545627077,0.04069240171917511,0.9987096774193548,0.07819860323554298,12494,72987,4,3096,76083,0.8589087953398584,cat_d8_balanced,CatBoost
0.007438103864219248,0.04057401218793002,0.9987096774193548,0.07797997607203576,12272,73209,4,3096,76305,0.8614149761235479,cat_d8_balanced,CatBoost
0.0072964590047975356,0.04045630953781019,0.9987096774193548,0.07776256797317493,12050,73431,4,3096,76527,0.8639211569072375,cat_d8_balanced,CatBoost
0.007160275846641109,0.0403398134153333,0.9987096774193548,0.0775473399458972,11829,73652,4,3096,76748,0.8664160485882977,cat_d8_balanced,CatBoost
0.007019819386859748,0.04022346368715084,0.9987096774193548,0.07733233420756837,11607,73874,4,3096,76970,0.8689222293719873,cat_d8_balanced,CatBoost
0.006899392583243146,0.040107783189967876,0.9987096774193548,0.07711851741144823,11385,74096,4,3096,77192,0.8714284101556767,cat_d8_balanced,CatBoost
0.006769214415231931,0.03999224956403798,0.9987096774193548,0.07690492454822083,11162,74319,4,3096,77415,0.8739458800419955,cat_d8_balanced,CatBoost
0.006624225718826501,0.03987789327253758,0.9987096774193548,0.07669346148605968,10940,74541,4,3096,77637,0.8764520608256849,cat_d8_balanced,CatBoost
0.0064971108835131615,0.03977754373346348,0.9990322580645161,0.07650880703574693,10720,74761,3,3097,77858,0.8789469525067453,cat_d8_balanced,CatBoost
0.006363978794128785,0.039664446721311475,0.9990322580645161,0.07629958117762996,10498,74983,3,3097,78080,0.8814531332904347,cat_d8_balanced,CatBoost
0.006241260118019782,0.039551991009169625,0.9990322580645161,0.07609149652342694,10276,75205,3,3097,78302,0.8839593140741242,cat_d8_balanced,CatBoost
0.006110340905669573,0.039440171157862566,0.9990322580645161,0.07588454376163874,10054,75427,3,3097,78524,0.8864654948578138,cat_d8_balanced,CatBoost
0.005974580594155208,0.039328981789551215,0.9990322580645161,0.07567871368179263,9832,75649,3,3097,78746,0.8889716756415033,cat_d8_balanced,CatBoost
0.005839570951260863,0.03921891422999481,0.9990322580645161,0.07547491683624355,9611,75870,3,3097,78967,0.8914665673225636,cat_d8_balanced,CatBoost
0.005693874026559003,0.03910896715452904,0.9990322580645161,0.07527129993073192,9389,76092,3,3097,79189,0.893972748106253,cat_d8_balanced,CatBoost
0.005571161440544102,0.03899963481129818,0.9990322580645161,0.07506877870829343,9167,76314,3,3097,79411,0.8964789288899425,cat_d8_balanced,CatBoost
0.00545833229628699,0.03890346966709781,0.9993548387096775,0.07489151849926873,8946,76535,2,3098,79633,0.898985109673632,cat_d8_balanced,CatBoost
0.005335960990189543,0.03879531651117651,0.9993548387096775,0.07469109758302696,8724,76757,2,3098,79855,0.9014912904573216,cat_d8_balanced,CatBoost
0.005208823863384871,0.038687763028085465,0.9993548387096775,0.0744917465164649,8502,76979,2,3098,80077,0.903997471241011,cat_d8_balanced,CatBoost
0.00508112582481555,0.03858128471443872,0.9993548387096775,0.07429434758627305,8281,77200,2,3098,80298,0.9064923629220714,cat_d8_balanced,CatBoost
0.004953418575592142,0.038474913065077,0.9993548387096775,0.07409710595551304,8059,77422,2,3098,80520,0.9089985437057608,cat_d8_balanced,CatBoost
0.004824094814874061,0.038369126353075225,0.9993548387096775,0.07390090885236515,7837,77644,2,3098,80742,0.9115047244894503,cat_d8_balanced,CatBoost
0.004692779221877862,0.03826391976680994,0.9993548387096775,0.07370574800152266,7615,77866,2,3098,80964,0.9140109052731399,cat_d8_balanced,CatBoost
0.004561199819381001,0.03815928854728648,0.9993548387096775,0.07351161521486368,7393,78088,2,3098,81186,0.9165170860568294,cat_d8_balanced,CatBoost
0.004434517212890985,0.038055695456164704,0.9993548387096775,0.07331936999301833,7172,78309,2,3098,81407,0.9190119777378896,cat_d8_balanced,CatBoost
0.004298700529080626,0.03795219836087665,0.9993548387096775,0.07312726457293252,6950,78531,2,3098,81629,0.9215181585215791,cat_d8_balanced,CatBoost
0.004165976902815864,0.037849262684634274,0.9993548387096775,0.07293616319996234,6728,78753,2,3098,81851,0.9240243393052686,cat_d8_balanced,CatBoost
0.004027686701821807,0.03774688387167521,0.9993548387096775,0.07274605802308243,6506,78975,2,3098,82073,0.9265305200889581,cat_d8_balanced,CatBoost
0.0038934837449230006,0.03764505741539583,0.9993548387096775,0.07255694127290824,6284,79197,2,3098,82295,0.9290367008726477,cat_d8_balanced,CatBoost
0.003775275465738017,0.03754377885768993,0.9993548387096775,0.07236880526063749,6062,79419,2,3098,82517,0.9315428816563371,cat_d8_balanced,CatBoost
0.003648137062102165,0.037443496337837515,0.9993548387096775,0.07218248328246231,5841,79640,2,3098,82738,0.9340377733373975,cat_d8_balanced,CatBoost
0.0035088529212661847,0.03734329797492768,0.9993548387096775,0.07199628166395539,5619,79862,2,3098,82960,0.9365439541210869,cat_d8_balanced,CatBoost
0.003387143143440822,0.03725565627178957,0.9996774193548387,0.07183421802925291,5398,80083,1,3099,83182,0.9390501349047764,cat_d8_balanced,CatBoost
0.0032750451425298493,0.03715649129538152,0.9996774193548387,0.07164986590215482,5176,80305,1,3099,83404,0.9415563156884659,cat_d8_balanced,CatBoost
0.0031386321701412445,0.03705785282089302,0.9996774193548387,0.07146645757904205,4954,80527,1,3099,83626,0.9440624964721555,cat_d8_balanced,CatBoost
0.0029856469882637224,0.03696017746609897,0.9996774193548387,0.07128480568622265,4733,80748,1,3099,83847,0.9465573881532157,cat_d8_balanced,CatBoost
0.002852023294859778,0.03686257716875424,0.9996774193548387,0.07110325918617857,4511,80970,1,3099,84069,0.9490635689369052,cat_d8_balanced,CatBoost
0.002724977037783403,0.03676549097768445,0.9996774193548387,0.07092263505395292,4289,81192,1,3099,84291,0.9515697497205947,cat_d8_balanced,CatBoost
0.0025942512048500554,0.036668914841503676,0.9996774193548387,0.07074292627806376,4067,81414,1,3099,84513,0.9540759305042842,cat_d8_balanced,CatBoost
0.002466268602384738,0.03657284475128341,0.9996774193548387,0.07056412591791428,3845,81636,1,3099,84735,0.9565821112879738,cat_d8_balanced,CatBoost
0.0023334094605644883,0.03647770610669052,0.9996774193548387,0.07038702643772146,3624,81857,1,3099,84956,0.959077002969034,cat_d8_balanced,CatBoost
0.002193641646685688,0.0363943741341661,1.0,0.0702326740524253,3403,82078,0,3100,85178,0.9615831837527234,cat_d8_balanced,CatBoost
0.0020670401374124005,0.03629976580796253,1.0,0.07005649717514124,3181,82300,0,3100,85400,0.964089364536413,cat_d8_balanced,CatBoost
0.0019440007958961838,0.036205648081100654,1.0,0.06988120195667366,2959,82522,0,3100,85622,0.9665955453201025,cat_d8_balanced,CatBoost
0.0018199647942260028,0.03611201714738363,1.0,0.06970678179528693,2737,82744,0,3100,85844,0.969101726103792,cat_d8_balanced,CatBoost
0.0016777633897688221,0.03601886923988567,1.0,0.06953323015499181,2515,82966,0,3100,86066,0.9716079068874816,cat_d8_balanced,CatBoost
0.0015474433858219977,0.03592661698749522,1.0,0.06936131652253684,2294,83187,0,3100,86287,0.9741027985685418,cat_d8_balanced,CatBoost
0.0014056407280382112,0.035834421852061635,1.0,0.06918947873539488,2072,83409,0,3100,86509,0.9766089793522313,cat_d8_balanced,CatBoost
0.0012772193940118342,0.03574269868905005,1.0,0.06901849027618527,1850,83631,0,3100,86731,0.9791151601359208,cat_d8_balanced,CatBoost
0.001143831022403802,0.03565144388347728,1.0,0.06884834486358035,1628,83853,0,3100,86953,0.9816213409196103,cat_d8_balanced,CatBoost
0.0009946832008480284,0.03556065385718383,1.0,0.06867903627803934,1406,84075,0,3100,87175,0.9841275217032998,cat_d8_balanced,CatBoost
0.0008502793722302046,0.0354707309259005,1.0,0.06851131541725601,1185,84296,0,3100,87396,0.9866224133843601,cat_d8_balanced,CatBoost
0.0006701132935599548,0.0353808578146043,1.0,0.06834365836989352,963,84518,0,3100,87618,0.9891285941680495,cat_d8_balanced,CatBoost
0.00048562925632269507,0.03529143897996357,1.0,0.06817681988124037,741,84740,0,3100,87840,0.9916347749517391,cat_d8_balanced,CatBoost
0.00028778366623505276,0.035201671511627904,1.0,0.06800930191742353,517,84964,0,3100,88064,0.994163533940687,cat_d8_balanced,CatBoost
0.00012704664096340406,0.035109575853672345,1.0,0.06783740904863504,286,85195,0,3100,88295,0.9967713166480396,cat_d8_balanced,CatBoost
1.9335109650364843e-06,0.03499621815061921,1.0,0.06762578942201765,0,85481,0,3100,88581,1.0,cat_d8_balanced,CatBoost
0.9999937765908711,1.0,0.0003225806451612903,0.0006449532408900355,85481,0,3099,1,1,1.1289102629232002e-05,cat_d7_balanced_regularized,CatBoost
0.9995506853347945,0.9910313901345291,0.07129032258064516,0.13301233824857056,85479,2,2879,221,223,0.0025174698863187363,cat_d7_balanced_regularized,CatBoost
0.998817192420626,0.9932584269662922,0.14258064516129032,0.24936530324400566,85478,3,2658,442,445,0.005023650670008241,cat_d7_balanced_regularized,CatBoost
0.9977969265514598,0.9880059970014993,0.21258064516129033,0.34988054154499604,85473,8,2441,659,667,0.007529831453697746,cat_d7_balanced_regularized,CatBoost
0.995951262261195,0.9808773903262092,0.2812903225806452,0.4372023063424417,85464,17,2228,872,889,0.010036012237387251,cat_d7_balanced_regularized,CatBoost
0.9931435079201842,0.9756975697569757,0.3496774193548387,0.51484208026597,85454,27,2016,1084,1111,0.012542193021076755,cat_d7_balanced_regularized,CatBoost
0.9889191890339222,0.9714714714714715,0.4174193548387097,0.5839350180505415,85443,38,1806,1294,1332,0.015037084702137027,cat_d7_balanced_regularized,CatBoost
0.982106236264751,0.9652509652509652,0.4838709677419355,0.6446067898581865,85427,54,1600,1500,1554,0.01754326548582653,cat_d7_balanced_regularized,CatBoost
0.9710684760482085,0.9611486486486487,0.5506451612903226,0.7001640689089418,85412,69,1393,1707,1776,0.020049446269516037,cat_d7_balanced_regularized,CatBoost
0.9520278581119874,0.9424424424424425,0.6074193548387097,0.7387210670851314,85366,115,1217,1883,1998,0.022555627053205542,cat_d7_balanced_regularized,CatBoost
0.9245374003574065,0.9261261261261261,0.6632258064516129,0.7729323308270677,85317,164,1044,2056,2220,0.025061807836895045,cat_d7_balanced_regularized,CatBoost
0.8933142911327112,0.8930766079475625,0.7032258064516129,0.7868615773326114,85220,261,920,2180,2441,0.027556699517955318,cat_d7_balanced_regularized,CatBoost
0.8574670017379116,0.8629365377393917,0.7412903225806452,0.797501301405518,85116,365,802,2298,2663,0.030062880301644824,cat_d7_balanced_regularized,CatBoost
0.8135869357628688,0.8263431542461005,0.7690322580645161,0.7966583124477862,84980,501,716,2384,2885,0.032569061085334326,cat_d7_balanced_regularized,CatBoost
0.7751920173249597,0.7911168329578372,0.7929032258064516,0.7920090220718544,84832,649,642,2458,3107,0.03507524186902383,cat_d7_balanced_regularized,CatBoost
0.7397968166301367,0.7548813457494743,0.8106451612903226,0.7817701042152745,84665,816,587,2513,3329,0.03758142265271334,cat_d7_balanced_regularized,CatBoost
0.7085996289843438,0.7185915492957746,0.8229032258064516,0.7672180451127819,84482,999,549,2551,3550,0.04007631433377361,cat_d7_balanced_regularized,CatBoost
0.6782442785427814,0.6855779427359491,0.8341935483870968,0.7526193247962748,84295,1186,514,2586,3772,0.042582495117463114,cat_d7_balanced_regularized,CatBoost
0.647970468037436,0.6534802203304958,0.8419354838709677,0.7358330983930081,84097,1384,490,2610,3994,0.04508867590115262,cat_d7_balanced_regularized,CatBoost
0.6199644807644448,0.6233396584440227,0.847741935483871,0.7184253690541279,83893,1588,472,2628,4216,0.047594856684842125,cat_d7_balanced_regularized,CatBoost
0.5928542756139403,0.5968904912122578,0.854516129032258,0.702838949323428,83692,1789,451,2649,4438,0.050101037468531624,cat_d7_balanced_regularized,CatBoost
0.5712265928563584,0.5732989911998283,0.8616129032258064,0.6884907848949607,83493,1988,429,2671,4659,0.0525959291495919,cat_d7_balanced_regularized,CatBoost
0.5515700213923327,0.5507068223724647,0.8670967741935484,0.6735997995238692,83288,2193,412,2688,4881,0.05510210993328141,cat_d7_balanced_regularized,CatBoost
0.5312042583851464,0.5302763080540859,0.8729032258064516,0.6597586248933318,83084,2397,394,2706,5103,0.057608290716970906,cat_d7_balanced_regularized,CatBoost
0.5118280292126515,0.5107981220657277,0.8774193548387097,0.6456973293768546,82876,2605,380,2720,5325,0.06011447150066041,cat_d7_balanced_regularized,CatBoost
0.4942317405332502,0.4921579232017307,0.8806451612903226,0.631432866890251,82664,2817,370,2730,5547,0.06262065228434992,cat_d7_balanced_regularized,CatBoost
0.4782532485130166,0.4746879334257975,0.8832258064516129,0.6175011276499774,82451,3030,362,2738,5768,0.0651155439654102,cat_d7_balanced_regularized,CatBoost
0.4622726294716886,0.45876460767946575,0.8864516129032258,0.6046204620462046,82239,3242,352,2748,5990,0.0676217247490997,cat_d7_balanced_regularized,CatBoost
0.44873468284893536,0.44397939471989695,0.8896774193548387,0.5923539518900344,82027,3454,342,2758,6212,0.07012790553278919,cat_d7_balanced_regularized,CatBoost
0.4364355446910248,0.4302144855455393,0.8929032258064517,0.5806586951961401,81815,3666,332,2768,6434,0.0726340863164787,cat_d7_balanced_regularized,CatBoost
0.42434367789741356,0.4167668269230769,0.8948387096774194,0.5686756867568676,81599,3882,326,2774,6656,0.0751402671001682,cat_d7_balanced_regularized,CatBoost
0.4129491342789025,0.4056411747601047,0.9,0.5592303066746843,81393,4088,310,2790,6878,0.07764644788385772,cat_d7_balanced_regularized,CatBoost
0.4015958517468668,0.39498520918439217,0.9045161290322581,0.5498578291989411,81186,4295,296,2804,7099,0.08014133956491798,cat_d7_balanced_regularized,CatBoost
0.3912940477699867,0.384510312798798,0.9080645161290323,0.5402552538144133,80975,4506,285,2815,7321,0.08264752034860749,cat_d7_balanced_regularized,CatBoost
0.38095192757916907,0.37412170224048785,0.9103225806451613,0.530301606689843,80760,4721,278,2822,7543,0.08515370113229699,cat_d7_balanced_regularized,CatBoost
0.37117453488310614,0.36419832582099165,0.912258064516129,0.5205706396686609,80544,4937,272,2828,7765,0.0876598819159865,cat_d7_balanced_regularized,CatBoost
0.36197300026545864,0.3548265932139727,0.9141935483870968,0.5112293677279697,80328,5153,266,2834,7987,0.090166062699676,cat_d7_balanced_regularized,CatBoost
0.3540236324541776,0.3460038986354776,0.9161290322580645,0.5022992571630704,80113,5368,260,2840,8208,0.09266095438073628,cat_d7_balanced_regularized,CatBoost
0.34584130453351986,0.33795966785290626,0.9190322580645162,0.4941890719861231,79900,5581,251,2849,8430,0.09516713516442578,cat_d7_balanced_regularized,CatBoost
0.33755436134298883,0.3300970873786408,0.9212903225806451,0.4860449285228046,79685,5796,244,2856,8652,0.09767331594811528,cat_d7_balanced_regularized,CatBoost
0.3300082601326775,0.322402524228082,0.9229032258064516,0.4778687155503591,79468,6013,239,2861,8874,0.10017949673180479,cat_d7_balanced_regularized,CatBoost
0.3231521906601433,0.3153034300791557,0.9251612903225807,0.47031813709412923,79253,6228,232,2868,9096,0.10268567751549429,cat_d7_balanced_regularized,CatBoost
0.3165578022090829,0.30836106042717615,0.9267741935483871,0.46275267778046225,79037,6444,227,2873,9317,0.10518056919655457,cat_d7_balanced_regularized,CatBoost
0.31007842410384717,0.30170877450466504,0.9283870967741935,0.4554157765646016,78820,6661,222,2878,9539,0.10768674998024406,cat_d7_balanced_regularized,CatBoost
0.30371728201638126,0.2953590820612642,0.93,0.4483321670165617,78603,6878,217,2883,9761,0.11019293076393358,cat_d7_balanced_regularized,CatBoost
0.29697426884589745,0.28939196634278275,0.9319354838709677,0.4416418252694337,78387,7094,211,2889,9983,0.11269911154762308,cat_d7_balanced_regularized,CatBoost
0.29073573665728397,0.28348848603625676,0.9332258064516129,0.4348741074783916,78169,7312,207,2893,10205,0.11520529233131259,cat_d7_balanced_regularized,CatBoost
0.28516515913285073,0.2778630347208901,0.9345161290322581,0.428360195179654,77952,7529,203,2897,10426,0.11770018401237285,cat_d7_balanced_regularized,CatBoost
0.27943167691533677,0.27225770097670926,0.9351612903225807,0.4217340704102416,77732,7749,201,2899,10648,0.12020636479606236,cat_d7_balanced_regularized,CatBoost
0.27430146595916133,0.2669733210671573,0.9361290322580645,0.4154617036506801,77513,7968,198,2902,10870,0.12271254557975186,cat_d7_balanced_regularized,CatBoost
0.26908078435327937,0.26181031373963215,0.9367741935483871,0.4092446448703495,77293,8188,196,2904,11092,0.12521872636344136,cat_d7_balanced_regularized,CatBoost
0.26384728871264507,0.2571150786636026,0.9383870967741935,0.40363535451644234,77076,8405,191,2909,11314,0.12772490714713086,cat_d7_balanced_regularized,CatBoost
0.2588040748027209,0.25236237537928047,0.9390322580645162,0.39781346088144864,76857,8624,189,2911,11535,0.13021979882819115,cat_d7_balanced_regularized,CatBoost
0.25396679027369495,0.24776728757336056,0.9396774193548387,0.39213838594601874,76637,8844,187,2913,11757,0.13272597961188065,cat_d7_balanced_regularized,CatBoost
0.24930251517306684,0.2433425160697888,0.9403225806451613,0.3866304131573712,76417,9064,185,2915,11979,0.13523216039557015,cat_d7_balanced_regularized,CatBoost
0.2446634613004816,0.23924268502581755,0.9416129032258065,0.3815436899549049,76199,9282,181,2919,12201,0.13773834117925965,cat_d7_balanced_regularized,CatBoost
0.24042497693685297,0.23504789503340578,0.9419354838709677,0.3762159376409199,75978,9503,180,2920,12423,0.14024452196294918,cat_d7_balanced_regularized,CatBoost
0.23628023059211975,0.23115856069592725,0.9429032258064516,0.3712924738012067,75759,9722,177,2923,12645,0.14275070274663867,cat_d7_balanced_regularized,CatBoost
0.2324434153585552,0.22742110990206746,0.9438709677419355,0.366528873856946,75541,9940,174,2926,12866,0.14524559442769894,cat_d7_balanced_regularized,CatBoost
0.22829452634950512,0.2237163814180929,0.944516129032258,0.3617494440326167,75321,10160,172,2928,13088,0.14775177521138844,cat_d7_balanced_regularized,CatBoost
0.22468290782146771,0.21998497370398196,0.944516129032258,0.3568555758683729,75099,10382,172,2928,13310,0.15025795599507796,cat_d7_balanced_regularized,CatBoost
0.2211173813745824,0.21667159326041974,0.9458064516129032,0.35257335257335254,74881,10600,168,2932,13532,0.15276413677876746,cat_d7_balanced_regularized,CatBoost
0.2177693788347777,0.21331976152392032,0.9464516129032258,0.3481666073335707,74661,10820,166,2934,13754,0.15527031756245696,cat_d7_balanced_regularized,CatBoost
0.21432627027387374,0.210304114490161,0.9480645161290323,0.3442459736456808,74445,11036,161,2939,13975,0.15776520924351722,cat_d7_balanced_regularized,CatBoost
0.2109272511410065,0.20708600408537015,0.9483870967741935,0.33994334277620397,74224,11257,160,2940,14197,0.16027139002720675,cat_d7_balanced_regularized,CatBoost
0.20725121741248353,0.20403634093903877,0.9490322580645161,0.33586391917346875,74004,11477,158,2942,14419,0.16277757081089625,cat_d7_balanced_regularized,CatBoost
0.2039230808636349,0.20114746260501332,0.95,0.3319993236006989,73785,11696,155,2945,14641,0.16528375159458575,cat_d7_balanced_regularized,CatBoost
0.20093867843507213,0.19827760209917245,0.9506451612903226,0.3281189110950287,73565,11916,153,2947,14863,0.16778993237827525,cat_d7_balanced_regularized,CatBoost
0.19793487249845607,0.1955051710421639,0.9512903225806452,0.32435107787065554,73346,12135,151,2949,15084,0.1702848240593355,cat_d7_balanced_regularized,CatBoost
0.19475668633957038,0.1928655429243434,0.952258064516129,0.32076496794523524,73127,12354,148,2952,15306,0.17279100484302504,cat_d7_balanced_regularized,CatBoost
0.1915833833152288,0.19017259144770737,0.9525806451612904,0.31704960274855065,72906,12575,147,2953,15528,0.17529718562671454,cat_d7_balanced_regularized,CatBoost
0.18891667311396815,0.18761904761904763,0.9532258064516129,0.31352785145888595,72686,12795,145,2955,15750,0.17780336641040403,cat_d7_balanced_regularized,CatBoost
0.18653101632563454,0.1853243175557225,0.9548387096774194,0.3104026845637584,72469,13012,140,2960,15972,0.18030954719409353,cat_d7_balanced_regularized,CatBoost
0.18360263010045502,0.1829185450503304,0.9554838709677419,0.30705437205203956,72250,13231,138,2962,16193,0.18280443887515382,cat_d7_balanced_regularized,CatBoost
0.18109817749533202,0.18068839476088944,0.9567741935483871,0.30397130412503204,72032,13449,134,2966,16415,0.18531061965884332,cat_d7_balanced_regularized,CatBoost
0.17875692294280643,0.17827733365390394,0.9567741935483871,0.3005522622485687,71810,13671,134,2966,16637,0.18781680044253282,cat_d7_balanced_regularized,CatBoost
0.17612633161971636,0.17598908594815826,0.9570967741935484,0.2973094844431084,71589,13892,133,2967,16859,0.19032298122622232,cat_d7_balanced_regularized,CatBoost
0.17367896131244612,0.17370177390082547,0.9570967741935484,0.2940389475248997,71367,14114,133,2967,17081,0.19282916200991182,cat_d7_balanced_regularized,CatBoost
0.1714009795921659,0.17154086232805457,0.9574193548387097,0.2909518674639741,71147,14334,132,2968,17302,0.1953240536909721,cat_d7_balanced_regularized,CatBoost
0.16916742023167539,0.16953891805523852,0.9583870967741935,0.28811093871217996,70928,14553,129,2971,17524,0.1978302344746616,cat_d7_balanced_regularized,CatBoost
0.1668866929318174,0.1674743604192494,0.9587096774193549,0.2851386357094886,70707,14774,128,2972,17746,0.2003364152583511,cat_d7_balanced_regularized,CatBoost
0.16465420044396575,0.16546081923419412,0.9590322580645161,0.2822289728498196,70486,14995,127,2973,17968,0.2028425960420406,cat_d7_balanced_regularized,CatBoost
0.1620676242966747,0.16355140186915887,0.9596774193548387,0.27947393142320337,70266,15215,125,2975,18190,0.20534877682573013,cat_d7_balanced_regularized,CatBoost
0.15998283072608468,0.16164249633371355,0.96,0.2766956440890707,70046,15435,124,2976,18411,0.2078436685067904,cat_d7_balanced_regularized,CatBoost
0.15782197401956108,0.15982396822841197,0.9606451612903226,0.27405328302581333,69826,15655,122,2978,18633,0.2103498492904799,cat_d7_balanced_regularized,CatBoost
0.15597663433103182,0.15799522673031027,0.9609677419354838,0.2713732634935095,69605,15876,121,2979,18855,0.2128560300741694,cat_d7_balanced_regularized,CatBoost
0.15381285014495624,0.15626146668763433,0.9616129032258065,0.268837083464851,69385,16096,119,2981,19077,0.21536221085785892,cat_d7_balanced_regularized,CatBoost
0.15200122524397974,0.15451577801958652,0.9619354838709677,0.26626188669137013,69164,16317,118,2982,19299,0.21786839164154842,cat_d7_balanced_regularized,CatBoost
0.1500259330116326,0.152912248347933,0.9629032258064516,0.26391406215463503,68945,16536,115,2985,19521,0.22037457242523792,cat_d7_balanced_regularized,CatBoost
0.1481924739692703,0.15125113970215784,0.9632258064516129,0.2614482094387532,68725,16756,114,2986,19742,0.22286946410629818,cat_d7_balanced_regularized,CatBoost
0.1461633806993599,0.14966940492887196,0.9638709677419355,0.259105098855359,68505,16976,112,2988,19964,0.2253756448899877,cat_d7_balanced_regularized,CatBoost
0.14443540545264433,0.14802338254235609,0.9638709677419355,0.25663488791548567,68283,17198,112,2988,20186,0.2278818256736772,cat_d7_balanced_regularized,CatBoost
0.14265714393201204,0.14646217169737358,0.9641935483870968,0.2542964097328569,68062,17419,111,2989,20408,0.2303880064573667,cat_d7_balanced_regularized,CatBoost
0.14088919576330947,0.1449830344158992,0.9648387096774194,0.25208596713021497,67842,17639,109,2991,20630,0.2328941872410562,cat_d7_balanced_regularized,CatBoost
0.13913642470146106,0.1435902354803127,0.9658064516129032,0.25001043797753747,67624,17857,106,2994,20851,0.23538907892211647,cat_d7_balanced_regularized,CatBoost
0.1374662156547734,0.14207753998006928,0.9658064516129032,0.24771439209034873,67402,18079,106,2994,21073,0.237895259705806,cat_d7_balanced_regularized,CatBoost
0.13584723417485797,0.1405963841277295,0.9658064516129032,0.2454601352736216,67180,18301,106,2994,21295,0.2404014404894955,cat_d7_balanced_regularized,CatBoost
0.13413705680935153,0.13919226657991357,0.9661290322580646,0.24332778161433155,66959,18522,105,2995,21517,0.242907621273185,cat_d7_balanced_regularized,CatBoost
0.13256011959726866,0.13786282717696305,0.9667741935483871,0.24131406256290505,66739,18742,103,2997,21739,0.2454138020568745,cat_d7_balanced_regularized,CatBoost
0.13095461653691376,0.1365664845173042,0.9674193548387097,0.23934557063048684,66520,18961,101,2999,21960,0.24790869373793478,cat_d7_balanced_regularized,CatBoost
0.12936118594091728,0.13528987467315842,0.9680645161290322,0.23740210426390318,66300,19181,99,3001,22182,0.25041487452162425,cat_d7_balanced_regularized,CatBoost
0.1276812539493788,0.13399392965541868,0.9683870967741935,0.23541405269761612,66079,19402,98,3002,22404,0.2529210553053138,cat_d7_balanced_regularized,CatBoost
0.12617918186329152,0.13272341553964465,0.9687096774193549,0.2334603125242945,65858,19623,97,3003,22626,0.2554272360890033,cat_d7_balanced_regularized,CatBoost
0.1245564857404145,0.13143382352941177,0.9687096774193549,0.23146292585170342,65636,19845,97,3003,22848,0.2579334168726928,cat_d7_balanced_regularized,CatBoost
0.12299332853491785,0.13021804152759114,0.9690322580645161,0.22958462302724603,65416,20065,96,3004,23069,0.26042830855375304,cat_d7_balanced_regularized,CatBoost
0.12157509198160416,0.12901979305311065,0.9693548387096774,0.2277291500890455,65195,20286,95,3005,23291,0.26293448933744257,cat_d7_balanced_regularized,CatBoost
0.11981842868864766,0.12780164164504743,0.9693548387096774,0.22582948183218726,64973,20508,95,3005,23513,0.2654406701211321,cat_d7_balanced_regularized,CatBoost
0.11845456007104156,0.1266062776490415,0.9693548387096774,0.2239612446431899,64751,20730,95,3005,23735,0.26794685090482157,cat_d7_balanced_regularized,CatBoost
0.1169115053448733,0.1254330675794131,0.9693548387096774,0.22212366485567503,64529,20952,95,3005,23957,0.2704530316885111,cat_d7_balanced_regularized,CatBoost
0.11540796090779416,0.1242865414839937,0.9693548387096774,0.22032407067966858,64308,21173,95,3005,24178,0.27294792336957135,cat_d7_balanced_regularized,CatBoost
0.11414412052627515,0.12315573770491803,0.9693548387096774,0.21854545454545454,64086,21395,95,3005,24400,0.2754541041532609,cat_d7_balanced_regularized,CatBoost
0.11294921555190618,0.12204532531882056,0.9693548387096774,0.21679532501262533,63864,21617,95,3005,24622,0.27796028493695035,cat_d7_balanced_regularized,CatBoost
0.11146531604586214,0.1210755111898245,0.9703225806451613,0.21528771829373033,63645,21836,92,3008,24844,0.2804664657206399,cat_d7_balanced_regularized,CatBoost
0.1099856995456907,0.12008298093034389,0.9709677419354839,0.21373286941702763,63425,22056,90,3010,25066,0.28297264650432935,cat_d7_balanced_regularized,CatBoost
0.10875277896787618,0.11910787725403353,0.9716129032258064,0.21220233901648583,63205,22276,88,3012,25288,0.2854788272880189,cat_d7_balanced_regularized,CatBoost
0.10758454413817407,0.1181151750362617,0.9719354838709677,0.21063301758187983,62985,22496,87,3013,25509,0.28797371896907914,cat_d7_balanced_regularized,CatBoost
0.10639680282551214,0.11713497337841514,0.9722580645161291,0.20908050362457076,62764,22717,86,3014,25731,0.29047989975276867,cat_d7_balanced_regularized,CatBoost
0.10522512419828955,0.11613300967132895,0.9722580645161291,0.2074828761229477,62542,22939,86,3014,25953,0.29298608053645814,cat_d7_balanced_regularized,CatBoost
0.10414240593594633,0.1151862464183381,0.9725806451612903,0.20597779675491035,62321,23160,85,3015,26175,0.29549226132014766,cat_d7_balanced_regularized,CatBoost
0.1029899939473552,0.11425540781149374,0.9729032258064516,0.20449537241075363,62100,23381,84,3016,26397,0.2979984421038372,cat_d7_balanced_regularized,CatBoost
0.10199683538886797,0.1133067848824104,0.9729032258064516,0.2029746281714786,61879,23602,84,3016,26618,0.30049333378489745,cat_d7_balanced_regularized,CatBoost
0.10097586548884843,0.11236959761549925,0.9729032258064516,0.2014696058784235,61657,23824,84,3016,26840,0.3029995145685869,cat_d7_balanced_regularized,CatBoost
0.09976815126607745,0.11144778656418594,0.9729032258064516,0.19998673827995492,61435,24046,84,3016,27062,0.30550569535227645,cat_d7_balanced_regularized,CatBoost
0.09859291620779675,0.11057762791379563,0.9732258064516129,0.19859136387572407,61214,24267,83,3017,27284,0.308011876135966,cat_d7_balanced_regularized,CatBoost
0.09768614680028341,0.10972151530575147,0.9735483870967742,0.19721623211135073,60993,24488,82,3018,27506,0.31051805691965545,cat_d7_balanced_regularized,CatBoost
0.09662398391064722,0.10891910412233563,0.9741935483870968,0.19593213741200893,60774,24707,80,3020,27727,0.3130129486007157,cat_d7_balanced_regularized,CatBoost
0.09563048127306846,0.10805395541879853,0.9741935483870968,0.19453122483815904,60552,24929,80,3020,27949,0.31551912938440524,cat_d7_balanced_regularized,CatBoost
0.09453710961902403,0.10723793972524936,0.974516129032258,0.19321416008442327,60331,25150,79,3021,28171,0.31802531016809477,cat_d7_balanced_regularized,CatBoost
0.09356481360744327,0.10643468460536047,0.9748387096774194,0.19191566379830435,60110,25371,78,3022,28393,0.32053149095178424,cat_d7_balanced_regularized,CatBoost
0.09261360875795532,0.10560894635680587,0.9748387096774194,0.19057228440800883,59888,25593,78,3022,28615,0.32303767173547376,cat_d7_balanced_regularized,CatBoost
0.09160405992220624,0.10479955611041754,0.9748387096774194,0.18925350701402807,59667,25814,78,3022,28836,0.325532563416534,cat_d7_balanced_regularized,CatBoost
0.09053356711749162,0.10399889875421571,0.9748387096774194,0.1879470116300765,59445,26036,78,3022,29058,0.3280387442002235,cat_d7_balanced_regularized,CatBoost
0.08965963814827203,0.1032103825136612,0.9748387096774194,0.18665843113032737,59223,26258,78,3022,29280,0.330544924983913,cat_d7_balanced_regularized,CatBoost
0.08875373724306368,0.10243373330621652,0.9748387096774194,0.18538739954604014,59001,26480,78,3022,29502,0.33305110576760255,cat_d7_balanced_regularized,CatBoost
0.08781313339039239,0.10170232808504912,0.9751612903225807,0.18419449183524247,58780,26701,77,3023,29724,0.335557286551292,cat_d7_balanced_regularized,CatBoost
0.0868842994730211,0.10101853397896143,0.9758064516129032,0.18308367377818127,58561,26920,75,3025,29945,0.3380521782323523,cat_d7_balanced_regularized,CatBoost
0.08597439935886343,0.10027513508138032,0.9758064516129032,0.18186190519133075,58339,27142,75,3025,30167,0.3405583590160418,cat_d7_balanced_regularized,CatBoost
0.08509429258488911,0.09957550429431702,0.9761290322580645,0.1807160560183941,58118,27363,74,3026,30389,0.34306453979973134,cat_d7_balanced_regularized,CatBoost
0.08424641098664278,0.09888602136486883,0.9764516129032258,0.1795852985672332,57897,27584,73,3027,30611,0.3455707205834208,cat_d7_balanced_regularized,CatBoost
0.08327124392370729,0.09820646709694159,0.9767741935483871,0.17846933663395514,57676,27805,72,3028,30833,0.34807690136711034,cat_d7_balanced_regularized,CatBoost
0.0823809497171782,0.09750756746312875,0.9767741935483871,0.1773145166012766,57455,28026,72,3028,31054,0.3505717930481706,cat_d7_balanced_regularized,CatBoost
0.08153768843949298,0.09687939634224325,0.9774193548387097,0.1762857807772865,57235,28246,70,3030,31276,0.3530779738318601,cat_d7_balanced_regularized,CatBoost
0.08065516696419554,0.09619658391008953,0.9774193548387097,0.17515463321579283,57013,28468,70,3030,31498,0.3555841546155496,cat_d7_balanced_regularized,CatBoost
0.07991072082753799,0.09552332912988651,0.9774193548387097,0.17403790924755885,56791,28690,70,3030,31720,0.3580903353992391,cat_d7_balanced_regularized,CatBoost
0.07905299840558105,0.09489073946528082,0.977741935483871,0.17299240910906913,56570,28911,69,3031,31942,0.3605965161829286,cat_d7_balanced_regularized,CatBoost
0.07805292559533336,0.09426688222857854,0.9780645161290322,0.17196007259528132,56349,29132,68,3032,32164,0.3631026969666181,cat_d7_balanced_regularized,CatBoost
0.07734509130980181,0.09362359116875096,0.9780645161290322,0.170889108073834,56128,29353,68,3032,32385,0.3655975886476784,cat_d7_balanced_regularized,CatBoost
0.07651936365454935,0.09304750513693379,0.9787096774193549,0.1699386674881676,55908,29573,66,3034,32607,0.3681037694313679,cat_d7_balanced_regularized,CatBoost
0.07573475464016463,0.09241828870815437,0.9787096774193549,0.1688886414873779,55686,29795,66,3034,32829,0.3706099502150574,cat_d7_balanced_regularized,CatBoost
0.07499131698474981,0.09179752503706393,0.9787096774193549,0.167851511714752,55464,30017,66,3034,33051,0.3731161309987469,cat_d7_balanced_regularized,CatBoost
0.07428406042026209,0.09121509932978691,0.9790322580645161,0.16688202787782147,55243,30238,65,3035,33273,0.37562231178243644,cat_d7_balanced_regularized,CatBoost
0.07358065875332863,0.09064310025676241,0.9793548387096774,0.16592884079357273,55023,30458,64,3036,33494,0.3781172034634967,cat_d7_balanced_regularized,CatBoost
0.0727611138654273,0.0900462688337881,0.9793548387096774,0.16492829204693613,54801,30680,64,3036,33716,0.38062338424718617,cat_d7_balanced_regularized,CatBoost
0.07203150747923003,0.08945724556544286,0.9793548387096774,0.16393973756682326,54579,30902,64,3036,33938,0.3831295650308757,cat_d7_balanced_regularized,CatBoost
0.07131572973070228,0.08890515222482435,0.9796774193548388,0.16301663982823403,54358,31123,63,3037,34160,0.3856357458145652,cat_d7_balanced_regularized,CatBoost
0.07061075899054955,0.08833110348438136,0.9796774193548388,0.1620511178699109,54136,31345,63,3037,34382,0.3881419265982547,cat_d7_balanced_regularized,CatBoost
0.06996921759475598,0.0877958558506488,0.98,0.1611542848049227,53916,31565,62,3038,34603,0.39063681827931496,cat_d7_balanced_regularized,CatBoost
0.06926386806203234,0.08726489590811198,0.9803225806451613,0.16026367831245877,53695,31786,61,3039,34825,0.3931429990630045,cat_d7_balanced_regularized,CatBoost
0.06854132851643609,0.08674066253887637,0.9806451612903225,0.1593834377539518,53474,32007,60,3040,35047,0.395649179846694,cat_d7_balanced_regularized,CatBoost
0.06786999489262877,0.08619467521052482,0.9806451612903225,0.15846125778623366,53252,32229,60,3040,35269,0.3981553606303835,cat_d7_balanced_regularized,CatBoost
0.06711156513167581,0.0856555183004142,0.9806451612903225,0.15754968775103,53030,32451,60,3040,35491,0.400661541414073,cat_d7_balanced_regularized,CatBoost
0.06646624699207344,0.08518145161290322,0.9812903225806452,0.1567556425847676,52811,32670,58,3042,35712,0.40315643309513327,cat_d7_balanced_regularized,CatBoost
0.06579099199982784,0.0847108587966828,0.9819354838709677,0.155966593226418,52591,32890,56,3044,35934,0.4056626138788228,cat_d7_balanced_regularized,CatBoost
0.06512356418146976,0.08419072906294944,0.9819354838709677,0.15508457305889545,52369,33112,56,3044,36156,0.40816879466251227,cat_d7_balanced_regularized,CatBoost
0.06442638324287468,0.08373192588927374,0.9825806451612903,0.15431379502507725,52149,33332,54,3046,36378,0.4106749754462018,cat_d7_balanced_regularized,CatBoost
0.06379597979251338,0.08325136612021858,0.9829032258064516,0.15350125944584384,51928,33553,53,3047,36600,0.41318115622989127,cat_d7_balanced_regularized,CatBoost
0.06312580324160452,0.08280600744140572,0.9835483870967742,0.15275168457703964,51709,33772,51,3049,36821,0.4156760479109516,cat_d7_balanced_regularized,CatBoost
0.06254768599231178,0.08239073509165025,0.984516129032258,0.1520563983758065,51490,33991,48,3052,37043,0.41818222869464106,cat_d7_balanced_regularized,CatBoost
0.06201049724576262,0.08192674090970078,0.9848387096774194,0.15126966431314257,51269,34212,47,3053,37265,0.4206884094783306,cat_d7_balanced_regularized,CatBoost
0.061384728953353875,0.08144156640968869,0.9848387096774194,0.15044225983689358,51047,34434,47,3053,37487,0.42319459026202005,cat_d7_balanced_regularized,CatBoost
0.060783620811629344,0.08101514227372776,0.9854838709677419,0.14972187507657625,50827,34654,45,3055,37709,0.4257007710457096,cat_d7_balanced_regularized,CatBoost
0.06020027607612649,0.08054098230998392,0.9854838709677419,0.1489117983963345,50605,34876,45,3055,37931,0.4282069518293991,cat_d7_balanced_regularized,CatBoost
0.05964669634708023,0.08010065003145314,0.9858064516129033,0.1481625133326869,50385,35096,44,3056,38152,0.43070184351045937,cat_d7_balanced_regularized,CatBoost
0.059095144167789215,0.07963725439099391,0.9858064516129033,0.14736943627332785,50163,35318,44,3056,38374,0.43320802429414884,cat_d7_balanced_regularized,CatBoost
0.05855029290527038,0.07920509897398695,0.9861290322580645,0.1466327705295472,49942,35539,43,3057,38596,0.43571420507783837,cat_d7_balanced_regularized,CatBoost
0.05801247345978114,0.07882940903704468,0.9870967741935484,0.14599933202919987,49723,35758,40,3060,38818,0.4382203858615279,cat_d7_balanced_regularized,CatBoost
0.057451881885523526,0.0783811475409836,0.9870967741935484,0.1452301850972947,49501,35980,40,3060,39040,0.44072656664521737,cat_d7_balanced_regularized,CatBoost
0.05688386606393231,0.07796541096762691,0.9874193548387097,0.14451972333042185,49281,36200,39,3061,39261,0.44322145832627763,cat_d7_balanced_regularized,CatBoost
0.05637081953765335,0.07752703695261251,0.9874193548387097,0.14376629171265526,49059,36422,39,3061,39483,0.44572763910996716,cat_d7_balanced_regularized,CatBoost
0.05586663604611474,0.07709356504218612,0.9874193548387097,0.14302067515477163,48837,36644,39,3061,39705,0.4482338198936566,cat_d7_balanced_regularized,CatBoost
0.05531460493586046,0.07666491346707742,0.9874193548387097,0.1422827526901713,48615,36866,39,3061,39927,0.45074000067734615,cat_d7_balanced_regularized,CatBoost
0.05484217143258115,0.07624100226655707,0.9874193548387097,0.14155240583597306,48393,37088,39,3061,40149,0.4532461814610357,cat_d7_balanced_regularized,CatBoost
0.054299642215287124,0.07582363140946247,0.9874193548387097,0.14083275822406255,48172,37309,39,3061,40370,0.45574107314209594,cat_d7_balanced_regularized,CatBoost
0.05376202836664414,0.07540894757587702,0.9874193548387097,0.14011718392383044,47950,37531,39,3061,40592,0.4582472539257854,cat_d7_balanced_regularized,CatBoost
0.05326283315992942,0.07502327632675063,0.987741935483871,0.13945438812223893,47729,37752,38,3062,40814,0.46075343470947494,cat_d7_balanced_regularized,CatBoost
0.052776204289716744,0.07461740910420118,0.987741935483871,0.13875294544136305,47507,37974,38,3062,41036,0.46325961549316447,cat_d7_balanced_regularized,CatBoost
0.05226004600503009,0.07421590964176644,0.987741935483871,0.1380585238288471,47285,38196,38,3062,41258,0.46576579627685394,cat_d7_balanced_regularized,CatBoost
0.051828606464744305,0.0738445960606572,0.9880645161290322,0.13741896408622892,47065,38416,37,3063,41479,0.4682606879579142,cat_d7_balanced_regularized,CatBoost
0.05135737659240519,0.07347545622407137,0.9883870967741936,0.13678266110131468,46844,38637,36,3064,41701,0.47076686874160373,cat_d7_balanced_regularized,CatBoost
0.050881255551201314,0.07308637263554613,0.9883870967741936,0.13610821135863893,46622,38859,36,3064,41923,0.47327304952529325,cat_d7_balanced_regularized,CatBoost
0.05040115946206481,0.07272511567208446,0.9887096774193549,0.13548458393192617,46401,39080,35,3065,42145,0.4757792303089827,cat_d7_balanced_regularized,CatBoost
0.04997990284325309,0.07239124790520925,0.9893548387096774,0.13491103437658084,46181,39300,33,3067,42367,0.47828541109267225,cat_d7_balanced_regularized,CatBoost
0.04950742231198144,0.0720625528317836,0.99,0.13434599894939592,45962,39519,31,3069,42588,0.4807803027737325,cat_d7_balanced_regularized,CatBoost
0.04906078461191296,0.0717122167717823,0.9903225806451613,0.13373992594206055,45741,39740,30,3070,42810,0.48328648355742204,cat_d7_balanced_regularized,CatBoost
0.048640672459072935,0.07136549544525005,0.9906451612903225,0.1331396861180959,45520,39961,29,3071,43032,0.4857926643411115,cat_d7_balanced_regularized,CatBoost
0.04814982648994447,0.07099921394553105,0.9906451612903225,0.13250204944557104,45298,40183,29,3071,43254,0.48829884512480104,cat_d7_balanced_regularized,CatBoost
0.047715029845249085,0.07063667310700156,0.9906451612903225,0.13187049124012365,45076,40405,29,3071,43476,0.4908050259084905,cat_d7_balanced_regularized,CatBoost
0.04728997865287185,0.07027942421676546,0.9906451612903225,0.1312477295553134,44855,40626,29,3071,43697,0.49329991758955083,cat_d7_balanced_regularized,CatBoost
0.046835284542121186,0.06992417860151642,0.9906451612903225,0.13062804398221994,44633,40848,29,3071,43919,0.4958060983732403,cat_d7_balanced_regularized,CatBoost
0.04638289822024296,0.0695951609614644,0.9909677419354839,0.130056518701975,44412,41069,28,3072,44141,0.4983122791569298,cat_d7_balanced_regularized,CatBoost
0.04598385934719604,0.06924689493496833,0.9909677419354839,0.1294482017571582,44190,41291,28,3072,44363,0.5008184599406194,cat_d7_balanced_regularized,CatBoost
0.04554988643748919,0.06890209711786476,0.9909677419354839,0.12884554891475308,43968,41513,28,3072,44585,0.5033246407243088,cat_d7_balanced_regularized,CatBoost
0.045150326060649205,0.06856071595955988,0.9909677419354839,0.12824848143277598,43746,41735,28,3072,44807,0.5058308215079983,cat_d7_balanced_regularized,CatBoost
0.0447603534358205,0.0682242160433508,0.9909677419354839,0.1276595744680851,43525,41956,28,3072,45028,0.5083257131890586,cat_d7_balanced_regularized,CatBoost
0.04434956739038784,0.06791160220994476,0.9912903225806452,0.1271147880041365,43304,42177,27,3073,45250,0.5108318939727481,cat_d7_balanced_regularized,CatBoost
0.04393206266696626,0.06758004926108374,0.9912903225806452,0.12653380548464133,43082,42399,27,3073,45472,0.5133380747564376,cat_d7_balanced_regularized,CatBoost
0.04345334208603078,0.06725171794984024,0.9912903225806452,0.12595810960363976,42860,42621,27,3073,45694,0.5158442555401271,cat_d7_balanced_regularized,CatBoost
0.04303175523929552,0.0669265615471731,0.9912903225806452,0.12538762852945975,42638,42843,27,3073,45916,0.5183504363238166,cat_d7_balanced_regularized,CatBoost
0.04263289866631448,0.0666059778485814,0.9912903225806452,0.1248248268578508,42417,43064,27,3073,46137,0.5208453280048769,cat_d7_balanced_regularized,CatBoost
0.042236265470257384,0.06628702085894864,0.9912903225806452,0.1242645423482076,42195,43286,27,3073,46359,0.5233515087885664,cat_d7_balanced_regularized,CatBoost
0.04188233961277756,0.06597110409823748,0.9912903225806452,0.1237092651114108,41973,43508,27,3073,46581,0.5258576895722559,cat_d7_balanced_regularized,CatBoost
0.041467421091369305,0.06565818430442492,0.9912903225806452,0.12315892832094263,41751,43730,27,3073,46803,0.5283638703559455,cat_d7_balanced_regularized,CatBoost
0.04107344983609385,0.06536948431685274,0.9916129032258064,0.12265336658354115,41530,43951,26,3074,47025,0.5308700511396349,cat_d7_balanced_regularized,CatBoost
0.04069884952671152,0.06506370909706642,0.9916129032258064,0.12211496444603345,41309,44172,26,3074,47246,0.5333649428206951,cat_d7_balanced_regularized,CatBoost
0.0402819392286926,0.06475941687031263,0.9916129032258064,0.12157886410378105,41087,44394,26,3074,47468,0.5358711236043847,cat_d7_balanced_regularized,CatBoost
0.039890749937811575,0.06445795764311177,0.9916129032258064,0.12104745028548927,40865,44616,26,3074,47690,0.5383773043880742,cat_d7_balanced_regularized,CatBoost
0.03948175073814691,0.06415929203539823,0.9916129032258064,0.12052066180506546,40643,44838,26,3074,47912,0.5408834851717637,cat_d7_balanced_regularized,CatBoost
0.03913450637615618,0.0638633813936095,0.9916129032258064,0.11999843853690907,40421,45060,26,3074,48134,0.5433896659554532,cat_d7_balanced_regularized,CatBoost
0.03877998884738866,0.06363354358391066,0.9925806451612903,0.1195996501797687,40203,45278,23,3077,48355,0.5458845576365134,cat_d7_balanced_regularized,CatBoost
0.038404231817358386,0.06334273421578113,0.9925806451612903,0.11908586024730536,39981,45500,23,3077,48577,0.548390738420203,cat_d7_balanced_regularized,CatBoost
0.03802147216021763,0.06305457079038505,0.9925806451612903,0.11857646582785795,39759,45722,23,3077,48799,0.5508969192038925,cat_d7_balanced_regularized,CatBoost
0.03770970608913375,0.06276901735990698,0.9925806451612903,0.11807141075574143,39537,45944,23,3077,49021,0.553403099987582,cat_d7_balanced_regularized,CatBoost
0.03735911108088127,0.06250634607964584,0.9929032258064516,0.11760884932082609,39316,46165,22,3078,49243,0.5559092807712714,cat_d7_balanced_regularized,CatBoost
0.03696674191361122,0.06222707423580786,0.9929032258064516,0.11711437485731681,39095,46386,22,3078,49464,0.5584041724523318,cat_d7_balanced_regularized,CatBoost
0.036662071196646905,0.06194903997101799,0.9929032258064516,0.11662183154624331,38873,46608,22,3078,49686,0.5609103532360212,cat_d7_balanced_regularized,CatBoost
0.036349875114316046,0.061673479201731184,0.9929032258064516,0.11613341382432839,38651,46830,22,3078,49908,0.5634165340197108,cat_d7_balanced_regularized,CatBoost
0.03602465798270586,0.06140035906642729,0.9929032258064516,0.11564907007326695,38429,47052,22,3078,50130,0.5659227148034003,cat_d7_balanced_regularized,CatBoost
0.03571220838075007,0.06116936765173181,0.9935483870967742,0.11524358302776322,38209,47272,20,3080,50352,0.5684288955870898,cat_d7_balanced_regularized,CatBoost
0.035364716605241577,0.06090085814845573,0.9935483870967742,0.11476692625852368,37987,47494,20,3080,50574,0.5709350763707793,cat_d7_balanced_regularized,CatBoost
0.035049855247484656,0.0606358893591889,0.9935483870967742,0.11429631691251509,37766,47715,20,3080,50795,0.5734299680518395,cat_d7_balanced_regularized,CatBoost
0.03471433949833187,0.0603720328517945,0.9935483870967742,0.1138274479368775,37544,47937,20,3080,51017,0.575936148835529,cat_d7_balanced_regularized,CatBoost
0.0343774908734162,0.060110462733464744,0.9935483870967742,0.113362410055393,37322,48159,20,3080,51239,0.5784423296192186,cat_d7_balanced_regularized,CatBoost
0.03404200904493612,0.05985114941411943,0.9935483870967742,0.11290115650372977,37100,48381,20,3080,51461,0.5809485104029081,cat_d7_balanced_regularized,CatBoost
0.03371751044647288,0.059594063812085214,0.9935483870967742,0.1124436412755782,36878,48603,20,3080,51683,0.5834546911865975,cat_d7_balanced_regularized,CatBoost
0.033414603743375716,0.0593403205918619,0.9935483870967742,0.11199185513780816,36657,48824,20,3080,51904,0.5859495828676579,cat_d7_balanced_regularized,CatBoost
0.033110593068201195,0.059087595441814064,0.9935483870967742,0.11154166515771557,36435,49046,20,3080,52126,0.5884557636513473,cat_d7_balanced_regularized,CatBoost
0.032832856567864784,0.058837013830518835,0.9935483870967742,0.11109508007502525,36213,49268,20,3080,52348,0.5909619444350369,cat_d7_balanced_regularized,CatBoost
0.0325293892239773,0.058607570857903746,0.9938709677419355,0.11068798275552362,35992,49489,19,3081,52570,0.5934681252187264,cat_d7_balanced_regularized,CatBoost
0.03222805079507363,0.05836111532050311,0.9938709677419355,0.1102483360767194,35770,49711,19,3081,52792,0.5959743060024159,cat_d7_balanced_regularized,CatBoost
0.03193612760092128,0.0581178201573199,0.9938709677419355,0.10981412506905709,35549,49932,19,3081,53013,0.5984691976834762,cat_d7_balanced_regularized,CatBoost
0.031640890609416904,0.057894242509627124,0.9941935483870967,0.1094168811573622,35328,50153,18,3082,53235,0.6009753784671656,cat_d7_balanced_regularized,CatBoost
0.0313498398563167,0.05765381521596798,0.9941935483870967,0.10898739324928833,35106,50375,18,3082,53457,0.6034815592508551,cat_d7_balanced_regularized,CatBoost
0.031059948402736702,0.057415376590472994,0.9941935483870967,0.10856126384754926,34884,50597,18,3082,53679,0.6059877400345447,cat_d7_balanced_regularized,CatBoost
0.03076504159112433,0.05717890206118625,0.9941935483870967,0.1081384537113384,34662,50819,18,3082,53901,0.6084939208182342,cat_d7_balanced_regularized,CatBoost
0.030468035338966196,0.0569454196075533,0.9941935483870967,0.10772080668274438,34441,51040,18,3082,54122,0.6109888124992944,cat_d7_balanced_regularized,CatBoost
0.030171535302316817,0.05671279258059767,0.9941935483870967,0.10730450525729406,34219,51262,18,3082,54344,0.613494993282984,cat_d7_balanced_regularized,CatBoost
0.02987830365277087,0.056482058424660045,0.9941935483870967,0.10689140914923871,33997,51484,18,3082,54566,0.6160011740666734,cat_d7_balanced_regularized,CatBoost
0.029616778603773996,0.056253194130101485,0.9941935483870967,0.1064814814814815,33775,51706,18,3082,54788,0.6185073548503629,cat_d7_balanced_regularized,CatBoost
0.029318726884470958,0.0560261770587166,0.9941935483870967,0.10607468594045774,33553,51928,18,3082,55010,0.6210135356340525,cat_d7_balanced_regularized,CatBoost
0.029012794843217535,0.05580199525628723,0.9941935483870967,0.10567279834050505,33332,52149,18,3082,55231,0.6235084273151127,cat_d7_balanced_regularized,CatBoost
0.028721110739234137,0.05557859809207798,0.9941935483870967,0.10527214660222362,33110,52371,18,3082,55453,0.6260146080988023,cat_d7_balanced_regularized,CatBoost
0.02844258409261966,0.05535698248765155,0.9941935483870967,0.10487452148022118,32888,52593,18,3082,55675,0.6285207888824917,cat_d7_balanced_regularized,CatBoost
0.028191339790331074,0.055137127216129664,0.9941935483870967,0.10447988880790549,32666,52815,18,3082,55897,0.6310269696661812,cat_d7_balanced_regularized,CatBoost
0.02789338156609494,0.05491901138651793,0.9941935483870967,0.10408821493101876,32444,53037,18,3082,56119,0.6335331504498707,cat_d7_balanced_regularized,CatBoost
0.0276353384380722,0.05470358537451189,0.9941935483870967,0.10370121130551817,32223,53258,18,3082,56340,0.636028042130931,cat_d7_balanced_regularized,CatBoost
0.027383362138236163,0.05448887945970793,0.9941935483870967,0.10331534309946029,32001,53480,18,3082,56562,0.6385342229146205,cat_d7_balanced_regularized,CatBoost
0.027106628827725483,0.054275852352775426,0.9941935483870967,0.10293233584930866,31779,53702,18,3082,56784,0.6410404036983101,cat_d7_balanced_regularized,CatBoost
0.026829967267323777,0.05408202645335579,0.9945161290322581,0.10258543240275513,31558,53923,17,3083,57006,0.6435465844819995,cat_d7_balanced_regularized,CatBoost
0.026599255706259248,0.05387223037673866,0.9945161290322581,0.10220792998276092,31336,54145,17,3083,57228,0.646052765265689,cat_d7_balanced_regularized,CatBoost
0.026361492285558754,0.053664055700609226,0.9945161290322581,0.10183319570602807,31114,54367,17,3083,57450,0.6485589460493786,cat_d7_balanced_regularized,CatBoost
0.026096054593890056,0.05345841063966292,0.9945161290322581,0.10146286880255387,30893,54588,17,3083,57671,0.6510538377304388,cat_d7_balanced_regularized,CatBoost
0.025847576396867456,0.05325341578429171,0.9945161290322581,0.10109356811437378,30671,54810,17,3083,57893,0.6535600185141283,cat_d7_balanced_regularized,CatBoost
0.025591542836063467,0.0530499870945539,0.9945161290322581,0.10072694600996487,30449,55032,17,3083,58115,0.6560661992978178,cat_d7_balanced_regularized,CatBoost
0.025345765456326285,0.0528481066904366,0.9945161290322581,0.10036297345247978,30227,55254,17,3083,58337,0.6585723800815073,cat_d7_balanced_regularized,CatBoost
0.025052165532877257,0.05266483375740706,0.9948387096774194,0.10003405828832773,30006,55475,16,3084,58559,0.6610785608651968,cat_d7_balanced_regularized,CatBoost
0.02477844609425779,0.052466825450833615,0.9948387096774194,0.09967679379444085,29785,55696,16,3084,58780,0.6635734525462571,cat_d7_balanced_regularized,CatBoost
0.02453606433335922,0.052269414596115386,0.9948387096774194,0.0993204727706032,29563,55918,16,3084,59002,0.6660796333299466,cat_d7_balanced_regularized,CatBoost
0.02428922715671779,0.052073483722815075,0.9948387096774194,0.09896669019960207,29341,56140,16,3084,59224,0.6685858141136362,cat_d7_balanced_regularized,CatBoost
0.02405196864371235,0.051879016250042057,0.9948387096774194,0.09861541905157806,29119,56362,16,3084,59446,0.6710919948973256,cat_d7_balanced_regularized,CatBoost
0.02383412671509029,0.0516859958436683,0.9948387096774194,0.09826663267907214,28897,56584,16,3084,59668,0.6735981756810151,cat_d7_balanced_regularized,CatBoost
0.023571540952311815,0.051495266242548715,0.9948387096774194,0.09792185937227134,28676,56805,16,3084,59889,0.6760930673620754,cat_d7_balanced_regularized,CatBoost
0.02333214305285624,0.05130508559165544,0.9948387096774194,0.09757795320434735,28454,57027,16,3084,60111,0.6785992481457649,cat_d7_balanced_regularized,CatBoost
0.023086509887269197,0.05113287918717783,0.9951612903225806,0.09726798354168964,28233,57248,15,3085,60333,0.6811054289294544,cat_d7_balanced_regularized,CatBoost
0.022836696968773988,0.050945421517628604,0.9951612903225806,0.0969287565784306,28011,57470,15,3085,60555,0.6836116097131439,cat_d7_balanced_regularized,CatBoost
0.02257515554924665,0.050759333300426146,0.9951612903225806,0.09659188753385411,27789,57692,15,3085,60777,0.6861177904968334,cat_d7_balanced_regularized,CatBoost
0.022331512566383632,0.05059182268271091,0.9954838709677419,0.09629005585197666,27569,57912,14,3086,60998,0.6886126821778937,cat_d7_balanced_regularized,CatBoost
0.022068935801218797,0.05040836327997387,0.9954838709677419,0.09595771144278609,27347,58134,14,3086,61220,0.6911188629615832,cat_d7_balanced_regularized,CatBoost
0.02185828535251379,0.050242505126786234,0.9958064516129033,0.0956586408850051,27126,58355,13,3087,61442,0.6936250437452727,cat_d7_balanced_regularized,CatBoost
0.02160845837218021,0.05006162428645563,0.9958064516129033,0.0953307392996109,26904,58577,13,3087,61664,0.6961312245289621,cat_d7_balanced_regularized,CatBoost
0.021395138810305026,0.04988204117247843,0.9958064516129033,0.0950050780168036,26682,58799,13,3087,61886,0.6986374053126517,cat_d7_balanced_regularized,CatBoost
0.02115437487620068,0.049704542161109054,0.9958064516129033,0.09468308617173002,26461,59020,13,3087,62107,0.7011322969937119,cat_d7_balanced_regularized,CatBoost
0.020929063775679758,0.049527507259862984,0.9958064516129033,0.09436182732427517,26239,59242,13,3087,62329,0.7036384777774015,cat_d7_balanced_regularized,CatBoost
0.020705609530693107,0.04935172898914486,0.9958064516129033,0.09404274116159692,26017,59464,13,3087,62551,0.706144658561091,cat_d7_balanced_regularized,CatBoost
0.020473094718360584,0.04917719401653577,0.9958064516129033,0.09372580571706161,25795,59686,13,3087,62773,0.7086508393447805,cat_d7_balanced_regularized,CatBoost
0.02026030511155441,0.04900388919755536,0.9958064516129033,0.09341099931916182,25573,59908,13,3087,62995,0.71115702012847,cat_d7_balanced_regularized,CatBoost
0.020027529021221097,0.04883180157236187,0.9958064516129033,0.0930983005865766,25351,60130,13,3087,63217,0.7136632009121595,cat_d7_balanced_regularized,CatBoost
0.01981161544905379,0.048693212270248115,0.9964516129032258,0.0928491989539812,25132,60349,11,3089,63438,0.7161580925932197,cat_d7_balanced_regularized,CatBoost
0.019576098527651863,0.04852340559220861,0.9964516129032258,0.092540443379269,24910,60571,11,3089,63660,0.7186642733769093,cat_d7_balanced_regularized,CatBoost
0.019350463469221025,0.04835477912400989,0.9964516129032258,0.09223373443611717,24688,60793,11,3089,63882,0.7211704541605988,cat_d7_balanced_regularized,CatBoost
0.019144720068560335,0.0482029202545863,0.9967741935483871,0.09195881197547764,24467,61014,10,3090,64104,0.7236766349442882,cat_d7_balanced_regularized,CatBoost
0.01893858160449079,0.048036563753381216,0.9967741935483871,0.09165603773025242,24245,61236,10,3090,64326,0.7261828157279778,cat_d7_balanced_regularized,CatBoost
0.018723104312991085,0.047872093203402175,0.9967741935483871,0.0913566011796532,24024,61457,10,3090,64547,0.728677707409038,cat_d7_balanced_regularized,CatBoost
0.018498280131540798,0.047708008460837746,0.9967741935483871,0.09105777306281218,23802,61679,10,3090,64769,0.7311838881927275,cat_d7_balanced_regularized,CatBoost
0.018296407510168866,0.04754504469849671,0.9967741935483871,0.09076089351015554,23580,61901,10,3090,64991,0.7336900689764171,cat_d7_balanced_regularized,CatBoost
0.018096095282206983,0.04738319046815819,0.9967741935483871,0.09046594352465857,23358,62123,10,3090,65213,0.7361962497601066,cat_d7_balanced_regularized,CatBoost
0.017901615409076567,0.04722243447696187,0.9967741935483871,0.09017290435543883,23136,62345,10,3090,65435,0.738702430543796,cat_d7_balanced_regularized,CatBoost
0.017716362561126117,0.04706348239307908,0.9967741935483871,0.08988306475071266,22915,62566,10,3090,65656,0.7411973222248563,cat_d7_balanced_regularized,CatBoost
0.017497894268357617,0.046904884787030574,0.9967741935483871,0.08959378352518194,22693,62788,10,3090,65878,0.7437035030085458,cat_d7_balanced_regularized,CatBoost
0.017292861852995153,0.04674735249621785,0.9967741935483871,0.08930635838150289,22471,63010,10,3090,66100,0.7462096837922354,cat_d7_balanced_regularized,CatBoost
0.017092906774544562,0.046590874822834055,0.9967741935483871,0.08902077151335311,22249,63232,10,3090,66322,0.7487158645759249,cat_d7_balanced_regularized,CatBoost
0.01689227265357281,0.04643544121182977,0.9967741935483871,0.0887370053414508,22027,63454,10,3090,66544,0.7512220453596143,cat_d7_balanced_regularized,CatBoost
0.016704322809884944,0.046281734441698495,0.9967741935483871,0.08845630859514778,21806,63675,10,3090,66765,0.7537169370406747,cat_d7_balanced_regularized,CatBoost
0.016508738225042254,0.046128353262573335,0.9967741935483871,0.08817612396022087,21584,63897,10,3090,66987,0.7562231178243641,cat_d7_balanced_regularized,CatBoost
0.016314059031065132,0.04597598535910369,0.9967741935483871,0.08789770868594346,21362,64119,10,3090,67209,0.7587292986080536,cat_d7_balanced_regularized,CatBoost
0.01611589011980393,0.04582462072340615,0.9967741935483871,0.08762104606485092,21140,64341,10,3090,67431,0.7612354793917432,cat_d7_balanced_regularized,CatBoost
0.015909372695696398,0.0456742494789588,0.9967741935483871,0.08734611959916894,20918,64563,10,3090,67653,0.7637416601754327,cat_d7_balanced_regularized,CatBoost
0.01572437792347328,0.045525532604531925,0.9967741935483871,0.08707413982585173,20697,64784,10,3090,67874,0.766236551856493,cat_d7_balanced_regularized,CatBoost
0.015496887216231978,0.04537711466165414,0.9967741935483871,0.08680262936120006,20475,65006,10,3090,68096,0.7687427326401824,cat_d7_balanced_regularized,CatBoost
0.015314167738197621,0.045229661289850405,0.9967741935483871,0.0865328068554146,20253,65228,10,3090,68318,0.7712489134238719,cat_d7_balanced_regularized,CatBoost
0.015118550906484158,0.04508316311642836,0.9967741935483871,0.08626465661641541,20031,65450,10,3090,68540,0.7737550942075614,cat_d7_balanced_regularized,CatBoost
0.014916962786388785,0.04493761088973561,0.9967741935483871,0.08599816314602989,19809,65672,10,3090,68762,0.776261274991251,cat_d7_balanced_regularized,CatBoost
0.014736905278258149,0.0447936448110404,0.9967741935483871,0.08573450050636072,19588,65893,10,3090,68983,0.7787561666723112,cat_d7_balanced_regularized,CatBoost
0.014563597744262788,0.044664402861064954,0.9970967741935484,0.08549892815158011,19367,66114,9,3091,69205,0.7812623474560008,cat_d7_balanced_regularized,CatBoost
0.014384727158304349,0.04452158382185605,0.9970967741935484,0.08523722200008274,19145,66336,9,3091,69427,0.7837685282396902,cat_d7_balanced_regularized,CatBoost
0.014204500890418635,0.0443796752286465,0.9970967741935484,0.08497711308746513,18923,66558,9,3091,69649,0.7862747090233797,cat_d7_balanced_regularized,CatBoost
0.014031334566616087,0.04423866840320018,0.9970967741935484,0.08471858683586632,18701,66780,9,3091,69871,0.7887808898070693,cat_d7_balanced_regularized,CatBoost
0.013818387033654195,0.04409855477722455,0.9970967741935484,0.08446162884428839,18479,67002,9,3091,70093,0.7912870705907588,cat_d7_balanced_regularized,CatBoost
0.013613357308903833,0.04395995107659925,0.9970967741935484,0.08420737189091998,18258,67223,9,3091,70314,0.793781962271819,cat_d7_balanced_regularized,CatBoost
0.013418547278597507,0.04383577180446864,0.9974193548387097,0.08398066163289694,18037,67444,8,3092,70536,0.7962881430555085,cat_d7_balanced_regularized,CatBoost
0.01323552765492872,0.0436982390683739,0.9974193548387097,0.08372823526226002,17815,67666,8,3092,70758,0.798794323839198,cat_d7_balanced_regularized,CatBoost
0.013052916848718394,0.04357565511411665,0.997741935483871,0.08350431965442764,17594,67887,7,3093,70980,0.8013005046228875,cat_d7_balanced_regularized,CatBoost
0.012867021440363592,0.04343979101710626,0.997741935483871,0.0832548249037711,17372,68109,7,3093,71202,0.8038066854065771,cat_d7_balanced_regularized,CatBoost
0.01268418317919763,0.0433193789115551,0.9980645161290322,0.08303476778980985,17152,68329,6,3094,71423,0.8063015770876373,cat_d7_balanced_regularized,CatBoost
0.012521372155570462,0.04318514899853444,0.9980645161290322,0.08278814636430532,16930,68551,6,3094,71645,0.8088077578713269,cat_d7_balanced_regularized,CatBoost
0.012366841895187847,0.04306566296074694,0.9983870967741936,0.08256966398548694,16709,68772,5,3095,71867,0.8113139386550163,cat_d7_balanced_regularized,CatBoost
0.012201332571193792,0.04293304110197117,0.9983870967741936,0.08232587213555174,16487,68994,5,3095,72089,0.8138201194387058,cat_d7_balanced_regularized,CatBoost
0.012021490187203322,0.04280123356059244,0.9983870967741936,0.08208351566747557,16265,69216,5,3095,72311,0.8163263002223953,cat_d7_balanced_regularized,CatBoost
0.011834328911568602,0.04268460817294435,0.9987096774193548,0.08187010789083984,16045,69436,4,3096,72532,0.8188211919034556,cat_d7_balanced_regularized,CatBoost
0.01164387214695345,0.04255436127223246,0.9987096774193548,0.0816305006987107,15823,69658,4,3096,72754,0.8213273726871451,cat_d7_balanced_regularized,CatBoost
0.011486671059556745,0.042424906818680115,0.9987096774193548,0.08139229191860771,15601,69880,4,3096,72976,0.8238335534708346,cat_d7_balanced_regularized,CatBoost
0.011307420400772367,0.04229623760212028,0.9987096774193548,0.08115546934388845,15379,70102,4,3096,73198,0.8263397342545241,cat_d7_balanced_regularized,CatBoost
0.011141166776689856,0.04216834649959139,0.9987096774193548,0.08092002090956613,15157,70324,4,3096,73420,0.8288459150382136,cat_d7_balanced_regularized,CatBoost
0.010987592082945995,0.042041797368313844,0.9987096774193548,0.08068698609608943,14936,70545,4,3096,73641,0.8313408067192739,cat_d7_balanced_regularized,CatBoost
0.010823153437943841,0.041915438040696966,0.9987096774193548,0.0804542442472357,14714,70767,4,3096,73863,0.8338469875029634,cat_d7_balanced_regularized,CatBoost
0.010663920657019797,0.04178983599919012,0.9987096774193548,0.08022284122562674,14492,70989,4,3096,74085,0.8363531682866528,cat_d7_balanced_regularized,CatBoost
0.010513467311932933,0.041664984456376924,0.9987096774193548,0.07999276551216299,14270,71211,4,3096,74307,0.8388593490703424,cat_d7_balanced_regularized,CatBoost
0.010352582338277209,0.04155429430154705,0.9990322580645161,0.0797897692872509,14049,71432,3,3097,74529,0.8413655298540319,cat_d7_balanced_regularized,CatBoost
0.010190467055286265,0.0414314381270903,0.9990322580645161,0.07956326268464996,13828,71653,3,3097,74750,0.8438604215350922,cat_d7_balanced_regularized,CatBoost
0.010019815089886374,0.041308755268633625,0.9990322580645161,0.07933702223588483,13606,71875,3,3097,74972,0.8463666023187817,cat_d7_balanced_regularized,CatBoost
0.009852248674226769,0.04118679681889512,0.9990322580645161,0.07911206478146474,13384,72097,3,3097,75194,0.8488727831024712,cat_d7_balanced_regularized,CatBoost
0.009710957981966027,0.04106555638060889,0.9990322580645161,0.07888837943858577,13162,72319,3,3097,75416,0.8513789638861607,cat_d7_balanced_regularized,CatBoost
0.00956000769631073,0.04094502763161374,0.9990322580645161,0.07866595544717926,12940,72541,3,3097,75638,0.8538851446698502,cat_d7_balanced_regularized,CatBoost
0.00938410991748325,0.040825204323754284,0.9990322580645161,0.07844478216818643,12718,72763,3,3097,75860,0.8563913254535397,cat_d7_balanced_regularized,CatBoost
0.009234213765043048,0.04071975920400626,0.9993548387096775,0.07825109559111404,12498,72983,2,3098,76081,0.8588862171346,cat_d7_balanced_regularized,CatBoost
0.009062782187478469,0.04060128697429983,0.9993548387096775,0.07803231615933906,12276,73205,2,3098,76303,0.8613923979182895,cat_d7_balanced_regularized,CatBoost
0.008898850460932351,0.04048350212348906,0.9993548387096775,0.07781475667189952,12054,73427,2,3098,76525,0.863898578701979,cat_d7_balanced_regularized,CatBoost
0.008740609481621506,0.04036639868659361,0.9993548387096775,0.07759840695329819,11832,73649,2,3098,76747,0.8664047594856685,cat_d7_balanced_regularized,CatBoost
0.008579307097485342,0.040249970767451834,0.9993548387096775,0.07738325694088849,11610,73871,2,3098,76969,0.868910940269358,cat_d7_balanced_regularized,CatBoost
0.008430781005499459,0.040134732478300295,0.9993548387096775,0.0771702578154191,11389,74092,2,3098,77190,0.8714058319504182,cat_d7_balanced_regularized,CatBoost
0.008280189711440775,0.040019635198677204,0.9993548387096775,0.07695747217806041,11167,74314,2,3098,77412,0.8739120127341078,cat_d7_balanced_regularized,CatBoost
0.008129921718959956,0.039905196176932785,0.9993548387096775,0.07674585676418855,10945,74536,2,3098,77634,0.8764181935177973,cat_d7_balanced_regularized,CatBoost
0.00796967264850978,0.03979140978216194,0.9993548387096775,0.0765354019467365,10723,74758,2,3098,77856,0.8789243743014867,cat_d7_balanced_regularized,CatBoost
0.007818271567297424,0.03967827044750122,0.9993548387096775,0.07632609820394688,10501,74980,2,3098,78078,0.8814305550851763,cat_d7_balanced_regularized,CatBoost
0.007672884952350767,0.03957904954086259,0.9996774193548387,0.0761434415656212,10281,75200,1,3099,78299,0.8839254467662365,cat_d7_balanced_regularized,CatBoost
0.007546887014582393,0.039467148915576726,0.9996774193548387,0.07593633991252252,10059,75422,1,3099,78521,0.8864316275499261,cat_d7_balanced_regularized,CatBoost
0.007408903523531958,0.03935587925275898,0.9996774193548387,0.07573036179025695,9837,75644,1,3099,78743,0.8889378083336156,cat_d7_balanced_regularized,CatBoost
0.007265909577938918,0.03924523523079845,0.9996774193548387,0.07552549808078961,9615,75866,1,3099,78965,0.891443989117305,cat_d7_balanced_regularized,CatBoost
0.007119974636310092,0.039135211587760614,0.9996774193548387,0.07532173976448284,9393,76088,1,3099,79187,0.8939501699009945,cat_d7_balanced_regularized,CatBoost
0.006954523710460783,0.039026294579891194,0.9996774193548387,0.07511998836476462,9172,76309,1,3099,79408,0.8964450615820548,cat_d7_balanced_regularized,CatBoost
0.0068124552602282324,0.03891749340700741,0.9996774193548387,0.07491840928321045,8950,76531,1,3099,79630,0.8989512423657443,cat_d7_balanced_regularized,CatBoost
0.006663224036121432,0.03880929719981967,0.9996774193548387,0.07471790915228084,8728,76753,1,3099,79852,0.9014574231494339,cat_d7_balanced_regularized,CatBoost
0.0065025993051376985,0.03870170092664286,0.9996774193548387,0.0745184793324837,8506,76975,1,3099,80074,0.9039636039331234,cat_d7_balanced_regularized,CatBoost
0.006346461542535731,0.03859469961143768,0.9996774193548387,0.07432011127632021,8284,77197,1,3099,80296,0.9064697847168128,cat_d7_balanced_regularized,CatBoost
0.006199483444679544,0.038488766347479414,0.9996774193548387,0.07412368298312544,8063,77418,1,3099,80517,0.9089646763978732,cat_d7_balanced_regularized,CatBoost
0.00604364830992675,0.03838293761379259,0.9996774193548387,0.07392740848531112,7841,77640,1,3099,80739,0.9114708571815626,cat_d7_balanced_regularized,CatBoost
0.0058862900079914085,0.038277689257790785,0.9996774193548387,0.07373217068557357,7619,77862,1,3099,80961,0.9139770379652521,cat_d7_balanced_regularized,CatBoost
0.005719863378676576,0.038173016518236576,0.9996774193548387,0.07353796139197702,7397,78084,1,3099,81183,0.9164832187489417,cat_d7_balanced_regularized,CatBoost
0.005571307744517078,0.03806891468583011,0.9996774193548387,0.07334477249866872,7175,78306,1,3099,81405,0.9189893995326311,cat_d7_balanced_regularized,CatBoost
0.005413428447748844,0.037965844216303626,0.9996774193548387,0.07315345938672897,6954,78527,1,3099,81626,0.9214842912136915,cat_d7_balanced_regularized,CatBoost
0.005257532589607809,0.037862867754862674,0.9996774193548387,0.07296228280830626,6732,78749,1,3099,81848,0.9239904719973809,cat_d7_balanced_regularized,CatBoost
0.005120453731016917,0.03776044839770927,0.9996774193548387,0.07277210285311729,6510,78971,1,3099,82070,0.9264966527810704,cat_d7_balanced_regularized,CatBoost
0.004972675263271569,0.03765858163612502,0.9996774193548387,0.07258291174817312,6288,79193,1,3099,82292,0.92900283356476,cat_d7_balanced_regularized,CatBoost
0.004824453403360437,0.037557263009913466,0.9996774193548387,0.0723947018011073,6066,79415,1,3099,82514,0.9315090143484495,cat_d7_balanced_regularized,CatBoost
0.004690371887955415,0.037456488106749175,0.9996774193548387,0.07220746539913321,5844,79637,1,3099,82736,0.9340151951321389,cat_d7_balanced_regularized,CatBoost
0.0045231051451104206,0.03735670287016165,0.9996774193548387,0.07202203190908352,5623,79858,1,3099,82957,0.9365100868131992,cat_d7_balanced_regularized,CatBoost
0.004370819893204612,0.0372569999639332,0.9996774193548387,0.07183671577092918,5401,80080,1,3099,83179,0.9390162675968887,cat_d7_balanced_regularized,CatBoost
0.004220501231269043,0.03715782784379084,0.9996774193548387,0.07165235083987469,5179,80302,1,3099,83401,0.9415224483805782,cat_d7_balanced_regularized,CatBoost
0.00406419824042134,0.03705918228238642,0.9996774193548387,0.07146892981100746,4957,80524,1,3099,83623,0.9440286291642678,cat_d7_balanced_regularized,CatBoost
0.003906412651159749,0.03696105909714354,0.9996774193548387,0.07128644545402266,4735,80746,1,3099,83845,0.9465348099479572,cat_d7_balanced_regularized,CatBoost
0.003758451965710144,0.03686389265577047,0.9996774193548387,0.07110570635339468,4514,80967,1,3099,84066,0.9490297016290176,cat_d7_balanced_regularized,CatBoost
0.003603954055483872,0.03676679954441914,0.9996774193548387,0.07092506980363437,4292,81189,1,3099,84288,0.951535882412707,cat_d7_balanced_regularized,CatBoost
0.0034531521843938666,0.036670216542421016,0.9996774193548387,0.0707453487044858,4070,81411,1,3099,84510,0.9540420631963965,cat_d7_balanced_regularized,CatBoost
0.0033085991436735463,0.03657413964027758,0.9996774193548387,0.07056653611440021,3848,81633,1,3099,84732,0.956548243980086,cat_d7_balanced_regularized,CatBoost
0.0031304061508683444,0.03647856487040045,0.9996774193548387,0.07038862516183252,3626,81855,1,3099,84954,0.9590544247637756,cat_d7_balanced_regularized,CatBoost
0.002969777900175923,0.0363839154681538,0.9996774193548387,0.0702124044180119,3405,82076,1,3099,85175,0.9615493164448358,cat_d7_balanced_regularized,CatBoost
0.0028095529566223762,0.03628933100694404,0.9996774193548387,0.07003627241601411,3183,82298,1,3099,85397,0.9640554972285253,cat_d7_balanced_regularized,CatBoost
0.0026438179507980177,0.036195237038507806,0.9996774193548387,0.06986102187806445,2961,82520,1,3099,85619,0.9665616780122148,cat_d7_balanced_regularized,CatBoost
0.002457326178521886,0.03611327920224601,1.0,0.06970913302076656,2740,82741,0,3100,85841,0.9690678587959043,cat_d7_balanced_regularized,CatBoost
0.0022873851996869075,0.036020124792303314,1.0,0.06953556968697779,2518,82963,0,3100,86063,0.9715740395795939,cat_d7_balanced_regularized,CatBoost
0.002109811576384861,0.03592786611654536,1.0,0.06936364450013424,2297,83184,0,3100,86284,0.9740689312606541,cat_d7_balanced_regularized,CatBoost
0.0019399011764665206,0.03583566457817955,1.0,0.06919179519228623,2075,83406,0,3100,86506,0.9765751120443436,cat_d7_balanced_regularized,CatBoost
0.0017741363313956964,0.03574393506134121,1.0,0.06902079529768003,1853,83628,0,3100,86728,0.9790812928280331,cat_d7_balanced_regularized,CatBoost
0.0015826067206062336,0.03565267395054629,1.0,0.06885063853414769,1631,83850,0,3100,86950,0.9815874736117226,cat_d7_balanced_regularized,CatBoost
0.0013865541306550108,0.03556187766714083,1.0,0.06868131868131867,1409,84072,0,3100,87172,0.9840936543954121,cat_d7_balanced_regularized,CatBoost
0.0011908480362791398,0.03547194855423203,1.0,0.06851358668626302,1188,84293,0,3100,87393,0.9865885460764724,cat_d7_balanced_regularized,CatBoost
0.0009759905525774155,0.035382069280374365,1.0,0.06834591853607452,966,84515,0,3100,87615,0.9890947268601619,cat_d7_balanced_regularized,CatBoost
0.0007323856404153453,0.035292644329838224,1.0,0.06817906902580907,744,84737,0,3100,87837,0.9916009076438513,cat_d7_balanced_regularized,CatBoost
0.0004441459681059839,0.03520247098635053,1.0,0.0680107939711722,519,84962,0,3100,88062,0.9941409557354286,cat_d7_balanced_regularized,CatBoost
0.00017562946697464158,0.03510878059277212,1.0,0.06783592459271093,284,85197,0,3100,88297,0.9967938948532981,cat_d7_balanced_regularized,CatBoost
1.2913382784555323e-05,0.03499621815061921,1.0,0.06762578942201765,0,85481,0,3100,88581,1.0,cat_d7_balanced_regularized,CatBoost
0.9999964194651786,1.0,0.0003225806451612903,0.0006449532408900355,85481,0,3099,1,1,1.1289102629232002e-05,cat_d8_unweighted,CatBoost
0.9991764504721652,1.0,0.07161290322580645,0.1336544250451535,85481,0,2878,222,222,0.0025061807836895046,cat_d8_unweighted,CatBoost
0.9969186806724324,1.0,0.1432258064516129,0.2505643340857788,85481,0,2656,444,444,0.005012361567379009,cat_d8_unweighted,CatBoost
0.993661188820712,0.9984984984984985,0.21451612903225806,0.3531598513011152,85480,1,2435,665,666,0.007518542351068513,cat_d8_unweighted,CatBoost
0.987903811311688,0.9977477477477478,0.28580645161290325,0.444332998996991,85479,2,2214,886,888,0.010024723134758018,cat_d8_unweighted,CatBoost
0.9741359080848823,0.9963963963963964,0.3567741935483871,0.52541567695962,85477,4,1994,1106,1110,0.012530903918447522,cat_d8_unweighted,CatBoost
0.9501936672610712,0.993993993993994,0.4270967741935484,0.5974729241877257,85473,8,1776,1324,1332,0.015037084702137027,cat_d8_unweighted,CatBoost
0.9054499874196547,0.9871216999356085,0.49451612903225806,0.65892972275951,85461,20,1567,1533,1553,0.017531976383197298,cat_d8_unweighted,CatBoost
0.8221778895723987,0.9830985915492958,0.5629032258064516,0.7158974358974358,85451,30,1355,1745,1775,0.020038157166886804,cat_d8_unweighted,CatBoost
0.6787229476782876,0.9704556835252879,0.6251612903225806,0.7604473219540906,85422,59,1162,1938,1997,0.02254433795057631,cat_d8_unweighted,CatBoost
0.5040358370078863,0.9427670121676431,0.6748387096774193,0.7866140251927054,85354,127,1008,2092,2219,0.025050518734265812,cat_d8_unweighted,CatBoost
0.35816595834367276,0.9090536665301107,0.7158064516129032,0.8009384587619562,85259,222,881,2219,2441,0.027556699517955318,cat_d8_unweighted,CatBoost
0.2670382702387381,0.8666917010889974,0.7445161290322581,0.8009717161200763,85126,355,792,2308,2663,0.030062880301644824,cat_d8_unweighted,CatBoost
0.2129726650075004,0.8210818307905686,0.7638709677419355,0.7914438502673797,84965,516,732,2368,2884,0.0325577719827051,cat_d8_unweighted,CatBoost
0.17471512681569895,0.7801030264005151,0.7816129032258065,0.7808572349339348,84798,683,677,2423,3106,0.035063952766394596,cat_d8_unweighted,CatBoost
0.145831660571874,0.7394831730769231,0.7938709677419354,0.7657125077784693,84614,867,639,2461,3328,0.0375701335500841,cat_d8_unweighted,CatBoost
0.12472015816605905,0.7025352112676057,0.8045161290322581,0.7500751879699249,84425,1056,606,2494,3550,0.04007631433377361,cat_d8_unweighted,CatBoost
0.10917210886847073,0.6699363732767762,0.8151612903225807,0.7354481955762514,84236,1245,573,2527,3772,0.042582495117463114,cat_d8_unweighted,CatBoost
0.09669913582376838,0.6384576865297947,0.8225806451612904,0.7189173949816747,84037,1444,550,2550,3994,0.04508867590115262,cat_d8_unweighted,CatBoost
0.08765126877958401,0.6087781731909846,0.827741935483871,0.7015721120984278,83832,1649,534,2566,4215,0.04758356758221289,cat_d8_unweighted,CatBoost
0.08002393444285409,0.581473968897904,0.832258064516129,0.6846225288576356,83624,1857,520,2580,4437,0.050089748365902395,cat_d8_unweighted,CatBoost
0.07369715564413096,0.5559132861128998,0.8354838709677419,0.6676118056450573,83412,2069,510,2590,4659,0.0525959291495919,cat_d8_unweighted,CatBoost
0.06907575949840555,0.5332923581233354,0.8396774193548387,0.652299210625235,83203,2278,497,2603,4881,0.05510210993328141,cat_d8_unweighted,CatBoost
0.06478777870339256,0.5122476974328826,0.8432258064516129,0.6373278068999148,82992,2489,486,2614,5103,0.057608290716970906,cat_d8_unweighted,CatBoost
0.06052405658264131,0.49352112676056337,0.847741935483871,0.6238575667655786,82784,2697,472,2628,5325,0.06011447150066041,cat_d8_unweighted,CatBoost
0.05675153316422447,0.4756581319870177,0.8509677419354839,0.6102243812167477,82573,2908,462,2638,5546,0.06260936318172068,cat_d8_unweighted,CatBoost
0.053575127314915115,0.4590846047156727,0.8541935483870968,0.5972034280559315,82361,3120,452,2648,5768,0.0651155439654102,cat_d8_unweighted,CatBoost
0.05098346224333199,0.4429048414023372,0.8558064516129033,0.5837183718371837,82144,3337,447,2653,5990,0.0676217247490997,cat_d8_unweighted,CatBoost
0.04848550907545524,0.42868641339343205,0.8590322580645161,0.5719501718213058,81932,3549,437,2663,6212,0.07012790553278919,cat_d8_unweighted,CatBoost
0.04656278097918899,0.4152937519428039,0.8619354838709677,0.5605202433396267,81719,3762,428,2672,6434,0.0726340863164787,cat_d8_unweighted,CatBoost
0.044763582502426666,0.40279447115384615,0.8648387096774194,0.549610496104961,81506,3975,419,2681,6656,0.0751402671001682,cat_d8_unweighted,CatBoost
0.04294476492754486,0.391304347826087,0.8680645161290322,0.5394407136413751,81295,4186,409,2691,6877,0.07763515878122848,cat_d8_unweighted,CatBoost
0.04113507776786354,0.3800535286660093,0.8703225806451613,0.5290714775958427,81080,4401,402,2698,7099,0.08014133956491798,cat_d8_unweighted,CatBoost
0.03969544531850859,0.36934844966534625,0.8722580645161291,0.5189521159197773,80864,4617,396,2704,7321,0.08264752034860749,cat_d8_unweighted,CatBoost
0.03843916044216386,0.35953864510141853,0.8748387096774194,0.5096307432115005,80650,4831,388,2712,7543,0.08515370113229699,cat_d8_unweighted,CatBoost
0.037152708356791186,0.3499034127495171,0.8764516129032258,0.5001380579843535,80433,5048,383,2717,7765,0.0876598819159865,cat_d8_unweighted,CatBoost
0.03601766286010713,0.3418054338299737,0.8806451612903226,0.4924686569856589,80224,5257,370,2730,7987,0.090166062699676,cat_d8_unweighted,CatBoost
0.034830090175036015,0.33321150097465885,0.882258064516129,0.48372833392288644,80008,5473,365,2735,8208,0.09266095438073628,cat_d8_unweighted,CatBoost
0.03389280217314272,0.3250296559905101,0.8838709677419355,0.4752818733738075,79791,5690,360,2740,8430,0.09516713516442578,cat_d8_unweighted,CatBoost
0.03286055264401812,0.31761442441054094,0.8864516129032258,0.4676650782845473,79577,5904,352,2748,8652,0.09767331594811528,cat_d8_unweighted,CatBoost
0.03193042474959562,0.3103448275862069,0.8883870967741936,0.4599966594287624,79361,6120,346,2754,8874,0.10017949673180479,cat_d8_unweighted,CatBoost
0.03101989626089216,0.3033201407211961,0.89,0.45244342407346666,79144,6337,341,2759,9096,0.10268567751549429,cat_d8_unweighted,CatBoost
0.03013470541668774,0.296415539815411,0.8909677419354839,0.4448381381865035,78925,6556,338,2762,9318,0.1051918582991838,cat_d8_unweighted,CatBoost
0.029427467838408265,0.28975783625117935,0.8916129032258064,0.4373763747131893,78706,6775,336,2764,9539,0.10768674998024406,cat_d8_unweighted,CatBoost
0.028669350355206576,0.283270156746235,0.8919354838709678,0.4299821164761682,78485,6996,335,2765,9761,0.11019293076393358,cat_d8_unweighted,CatBoost
0.02794376294722859,0.27767204247220273,0.8941935483870967,0.42375601926163725,78270,7211,328,2772,9983,0.11269911154762308,cat_d8_unweighted,CatBoost
0.02728455908544261,0.2719255267025968,0.8951612903225806,0.4171364148816235,78051,7430,325,2775,10205,0.11520529233131259,cat_d8_unweighted,CatBoost
0.026629016020019332,0.2664237076819795,0.8961290322580645,0.410734087380794,77832,7649,322,2778,10427,0.11771147311500209,cat_d8_unweighted,CatBoost
0.02601804296463241,0.2613390928725702,0.8977419354838709,0.40482944214124655,77615,7866,317,2783,10649,0.12021765389869159,cat_d8_unweighted,CatBoost
0.025455453548453393,0.25639374425023,0.8990322580645161,0.39899785254115966,77398,8083,313,2787,10870,0.12271254557975186,cat_d8_unweighted,CatBoost
0.02487202718800456,0.251803101334295,0.9009677419354839,0.3936020293122886,77182,8299,307,2793,11092,0.12521872636344136,cat_d8_unweighted,CatBoost
0.024398390283222316,0.2473926109245183,0.9029032258064517,0.38837241570695163,76966,8515,301,2799,11314,0.12772490714713086,cat_d8_unweighted,CatBoost
0.023840856680566777,0.24297850208044383,0.9041935483870968,0.38302814976769606,76748,8733,297,2803,11536,0.1302310879308204,cat_d8_unweighted,CatBoost
0.023330423140175163,0.23881612519135909,0.9058064516129032,0.37797819356575585,76531,8950,292,2808,11758,0.1327372687145099,cat_d8_unweighted,CatBoost
0.022930747322281238,0.2347245409015025,0.9070967741935484,0.3729442970822281,76313,9168,288,2812,11980,0.1352434494981994,cat_d8_unweighted,CatBoost
0.02247686905913085,0.2306368330464716,0.9077419354838709,0.3678190967910594,76094,9387,286,2814,12201,0.13773834117925965,cat_d8_unweighted,CatBoost
0.022066319140875704,0.22707880544151976,0.91,0.3634606712619983,75879,9602,279,2821,12423,0.14024452196294918,cat_d8_unweighted,CatBoost
0.02164011275038556,0.2232502965599051,0.9106451612903226,0.35859002858050176,75659,9822,277,2823,12645,0.14275070274663867,cat_d8_unweighted,CatBoost
0.021199781749402968,0.21994248853656642,0.9129032258064517,0.3544811173044404,75444,10037,270,2830,12867,0.14525688353032817,cat_d8_unweighted,CatBoost
0.020872170264189086,0.21667048666819466,0.9148387096774193,0.3503613564766199,75228,10253,264,2836,13089,0.14776306431401767,cat_d8_unweighted,CatBoost
0.020493500252474803,0.2133573736007813,0.9161290322580645,0.346109316921577,75010,10471,260,2840,13311,0.15026924509770717,cat_d8_unweighted,CatBoost
0.02011166408416386,0.2101684895063553,0.9174193548387096,0.341991341991342,74793,10688,256,2844,13532,0.15276413677876746,cat_d8_unweighted,CatBoost
0.019754810352798066,0.2069216228006398,0.9180645161290323,0.3377239824374036,74573,10908,254,2846,13754,0.15527031756245696,cat_d8_unweighted,CatBoost
0.019434634813330864,0.20370635374928447,0.9183870967741935,0.33345045678144764,74352,11129,253,2847,13976,0.15777649834614646,cat_d8_unweighted,CatBoost
0.019134820990140584,0.2005916326243133,0.9187096774193548,0.3292866227309515,74131,11350,252,2848,14198,0.16028267912983596,cat_d8_unweighted,CatBoost
0.018835797434919966,0.19778085991678224,0.92,0.3255707762557078,73913,11568,248,2852,14420,0.16278885991352549,cat_d8_unweighted,CatBoost
0.01851513264604306,0.19498702363065154,0.9209677419354839,0.32183519332656974,73694,11787,245,2855,14642,0.16529504069721498,cat_d8_unweighted,CatBoost
0.018216133036600267,0.19228957814707665,0.9219354838709677,0.3182096531759729,73476,12005,242,2858,14863,0.16778993237827525,cat_d8_unweighted,CatBoost
0.017925702084999676,0.18959231024196221,0.9225806451612903,0.31454495463293924,73256,12225,240,2860,15085,0.17029611316196475,cat_d8_unweighted,CatBoost
0.017652173037863438,0.18684262102306134,0.9225806451612903,0.3107513445971641,73034,12447,240,2860,15307,0.17280229394565427,cat_d8_unweighted,CatBoost
0.017376194428372446,0.18430034129692832,0.9232258064516129,0.3072628697192549,72814,12667,238,2862,15529,0.17530847472934377,cat_d8_unweighted,CatBoost
0.01709031946251272,0.18202018919433688,0.9248387096774193,0.3041748448358177,72597,12884,233,2867,15751,0.17781465551303327,cat_d8_unweighted,CatBoost
0.016829425579859253,0.17961560132723972,0.925483870967742,0.3008441252031668,72377,13104,231,2869,15973,0.18032083629672277,cat_d8_unweighted,CatBoost
0.016584049686166898,0.17747313819933308,0.9270967741935484,0.29791645071006534,72161,13320,226,2874,16194,0.18281572797778303,cat_d8_unweighted,CatBoost
0.016336543748654942,0.17513401559454192,0.9274193548387096,0.29463004714080754,71940,13541,225,2875,16416,0.18532190876147256,cat_d8_unweighted,CatBoost
0.01611493747530241,0.17303762471450895,0.9287096774193548,0.2917215523355963,71722,13759,221,2879,16638,0.18782808954516206,cat_d8_unweighted,CatBoost
0.01590994989719083,0.17093712930011862,0.9296774193548387,0.28877755511022046,71503,13978,218,2882,16860,0.19033427032885156,cat_d8_unweighted,CatBoost
0.015690616262581728,0.16889123053506616,0.9306451612903226,0.28589832524031317,71284,14197,215,2885,17082,0.19284045111254106,cat_d8_unweighted,CatBoost
0.015470477888930714,0.16678224687933427,0.9309677419354838,0.2828857086845717,71063,14418,214,2886,17304,0.19534663189623055,cat_d8_unweighted,CatBoost
0.015257676550315319,0.16490727532097005,0.932258064516129,0.2802424242424243,70846,14635,210,2890,17525,0.19784152357729085,cat_d8_unweighted,CatBoost
0.015073656849846144,0.16295711951315717,0.9329032258064516,0.2774499928047201,70626,14855,208,2892,17747,0.20034770436098034,cat_d8_unweighted,CatBoost
0.014870935975970997,0.1609994991374033,0.9332258064516129,0.27462148179790213,70405,15076,207,2893,17969,0.20285388514466984,cat_d8_unweighted,CatBoost
0.014680968450415176,0.15914463196085976,0.9338709677419355,0.271945892630689,70185,15296,205,2895,18191,0.20536006592835934,cat_d8_unweighted,CatBoost
0.014501098408037935,0.15738880139032205,0.9348387096774193,0.26941849114488914,69966,15515,202,2898,18413,0.20786624671204887,cat_d8_unweighted,CatBoost
0.014324587720326585,0.15567480547357124,0.9358064516129032,0.2669427191166322,69747,15734,199,2901,18635,0.21037242749573837,cat_d8_unweighted,CatBoost
0.014133588269145205,0.15406236741620705,0.9370967741935484,0.2646201493896885,69530,15951,195,2905,18856,0.21286731917679863,cat_d8_unweighted,CatBoost
0.013936375170007035,0.15242687912779118,0.9380645161290323,0.26224186130399496,69311,16170,192,2908,19078,0.21537349996048813,cat_d8_unweighted,CatBoost
0.01378843662000846,0.15072538860103626,0.9383870967741935,0.2597321428571428,69090,16391,191,2909,19300,0.21787968074417766,cat_d8_unweighted,CatBoost
0.013614897389902498,0.14916504456510604,0.9393548387096774,0.257448501458757,68871,16610,188,2912,19522,0.22038586152786716,cat_d8_unweighted,CatBoost
0.01346231015125297,0.14758914100486223,0.94,0.2551216949746104,68651,16830,186,2914,19744,0.22289204231155665,cat_d8_unweighted,CatBoost
0.013304756013120074,0.14599819693478913,0.9403225806451613,0.2527529697390098,68430,17051,185,2915,19966,0.22539822309524615,cat_d8_unweighted,CatBoost
0.013153853973641983,0.1444493981275078,0.9406451612903226,0.2504401597457808,68210,17271,184,2916,20187,0.22789311477630644,cat_d8_unweighted,CatBoost
0.012992790289574292,0.14292713998726053,0.9409677419354838,0.24816027904206903,67989,17492,183,2917,20409,0.23039929555999594,cat_d8_unweighted,CatBoost
0.012849447882441573,0.1414861131307256,0.9416129032258065,0.24600733218153467,67769,17712,181,2919,20631,0.23290547634368544,cat_d8_unweighted,CatBoost
0.0127049174181365,0.14002781374382584,0.9419354838709677,0.24381079614244566,67548,17933,180,2920,20853,0.23541165712737494,cat_d8_unweighted,CatBoost
0.012552304152593709,0.13855278766310794,0.9419354838709677,0.24157187176835576,67326,18155,180,2920,21075,0.23791783791106444,cat_d8_unweighted,CatBoost
0.01240601130115653,0.1371554679062779,0.942258064516129,0.23945567077919414,67105,18376,179,2921,21297,0.24042401869475397,cat_d8_unweighted,CatBoost
0.012274955534788492,0.13593270750069708,0.9435483870967742,0.2376310017060687,66888,18593,175,2925,21518,0.24291891037581423,cat_d8_unweighted,CatBoost
0.012139298134335525,0.13468261269549217,0.944516129032258,0.23574879227053136,66669,18812,172,2928,21740,0.24542509115950373,cat_d8_unweighted,CatBoost
0.012000037252681044,0.13359439031053638,0.9464516129032258,0.23413933445056262,66453,19028,166,2934,21962,0.24793127194319323,cat_d8_unweighted,CatBoost
0.01186038581301268,0.1323025604038947,0.9467741935483871,0.23216263249485838,66232,19249,165,2935,22184,0.2504374527268827,cat_d8_unweighted,CatBoost
0.01174242982738874,0.13112559135945728,0.947741935483871,0.23037716615698267,66013,19468,162,2938,22406,0.25294363351057225,cat_d8_unweighted,CatBoost
0.011636977769236502,0.12988333038713099,0.9480645161290323,0.228467039800995,65792,19689,161,2939,22628,0.2554498142942617,cat_d8_unweighted,CatBoost
0.011514333299963713,0.12871460457788086,0.9487096774193549,0.22667540174958573,65573,19908,159,2941,22849,0.25794470597532204,cat_d8_unweighted,CatBoost
0.011397451356458648,0.12747605218672792,0.9487096774193549,0.22475258874326542,65351,20130,159,2941,23071,0.2604508867590115,cat_d8_unweighted,CatBoost
0.011279059713173256,0.12630403984029537,0.9490322580645161,0.22293790020081078,65130,20351,158,2942,23293,0.26295706754270104,cat_d8_unweighted,CatBoost
0.011168825315750799,0.1251966829683181,0.9496774193548387,0.22122863047153857,64910,20571,156,2944,23515,0.2654632483263905,cat_d8_unweighted,CatBoost
0.01105487900947154,0.12402578253359733,0.9496774193548387,0.2193985914968141,64688,20793,156,2944,23737,0.26796942911008004,cat_d8_unweighted,CatBoost
0.010942186420842832,0.12296005676363789,0.9503225806451613,0.2177464060017,64468,21013,154,2946,23959,0.27047560989376956,cat_d8_unweighted,CatBoost
0.010839610072311814,0.12191894127377999,0.9509677419354838,0.2161290322580645,64249,21232,152,2948,24180,0.2729705015748298,cat_d8_unweighted,CatBoost
0.010730439317563324,0.12093271043357103,0.9519354838709677,0.2146025743582285,64030,21451,149,2951,24402,0.2754766823585193,cat_d8_unweighted,CatBoost
0.010629132270957834,0.12000487329434698,0.9532258064516129,0.21317270235175298,63812,21669,145,2955,24624,0.2779828631422088,cat_d8_unweighted,CatBoost
0.010538037690330284,0.11901312082427755,0.9538709677419355,0.21162241465683818,63592,21889,143,2957,24846,0.28048904392589835,cat_d8_unweighted,CatBoost
0.01044449883440276,0.1179990426041168,0.9541935483870968,0.21002556092019314,63371,22110,142,2958,25068,0.2829952247095878,cat_d8_unweighted,CatBoost
0.010350835163045758,0.11700276789244761,0.954516129032258,0.20845368087354701,63150,22331,141,2959,25290,0.28550140549327735,cat_d8_unweighted,CatBoost
0.010257045715460296,0.11598918113754851,0.954516129032258,0.20684352172241446,62929,22552,141,2959,25511,0.2879962971743376,cat_d8_unweighted,CatBoost
0.010168841235938314,0.11506625733493957,0.9551612903225807,0.20538965768390385,62709,22772,139,2961,25733,0.29050247795802714,cat_d8_unweighted,CatBoost
0.010079678086247575,0.11419764977846272,0.9561290322580646,0.2040268456375839,62490,22991,136,2964,25955,0.2930086587417166,cat_d8_unweighted,CatBoost
0.009990247758294725,0.11326737212056386,0.9564516129032258,0.20254807528093727,62269,23212,135,2965,26177,0.29551483952540614,cat_d8_unweighted,CatBoost
0.009899788187602508,0.11242850107958635,0.9574193548387097,0.2012271602427201,62050,23431,132,2968,26399,0.2980210203090956,cat_d8_unweighted,CatBoost
0.009819178381573363,0.11149092821456745,0.9574193548387097,0.19972410080414524,61828,23653,132,2968,26621,0.30052720109278513,cat_d8_unweighted,CatBoost
0.00972984583721848,0.11064749273526563,0.9580645161290322,0.19838354151359294,61609,23872,130,2970,26842,0.3030220927738454,cat_d8_unweighted,CatBoost
0.009644298050037362,0.1098507242092817,0.9590322580645161,0.1971223975600053,61390,24091,127,2973,27064,0.3055282735575349,cat_d8_unweighted,CatBoost
0.00956478135157372,0.108993623103423,0.9593548387096774,0.19574804186138353,61169,24312,126,2974,27286,0.3080344543412244,cat_d8_unweighted,CatBoost
0.009479622616893299,0.10818670932092482,0.96,0.19445896497647674,60949,24532,124,2976,27508,0.3105406351249139,cat_d8_unweighted,CatBoost
0.009401693425098537,0.10735665344392355,0.9603225806451613,0.19312358092766785,60728,24753,123,2977,27730,0.31304681590860345,cat_d8_unweighted,CatBoost
0.00932092768790438,0.10653978248425873,0.9606451612903226,0.19180729099574909,60507,24974,122,2978,27952,0.3155529966922929,cat_d8_unweighted,CatBoost
0.009240145225993469,0.10570404287793277,0.9606451612903226,0.19045182745499312,60286,25195,122,2978,28173,0.3180478883733532,cat_d8_unweighted,CatBoost
0.009176515777316463,0.10494805423490051,0.9612903225806452,0.18923638672805207,60066,25415,120,2980,28395,0.3205540691570427,cat_d8_unweighted,CatBoost
0.009094618465897403,0.10416885068316036,0.9616129032258065,0.18797490304883813,59845,25636,119,2981,28617,0.32306024994073224,cat_d8_unweighted,CatBoost
0.009020864602796325,0.10340164360761468,0.9619354838709677,0.1867309558846551,59624,25857,118,2982,28839,0.3255664307244217,cat_d8_unweighted,CatBoost
0.008944916908756307,0.10264615808127732,0.962258064516129,0.18550418208389044,59403,26078,117,2983,29061,0.32807261150811123,cat_d8_unweighted,CatBoost
0.008874420909191081,0.10190212751425742,0.9625806451612903,0.18429422845320076,59182,26299,116,2984,29283,0.3305787922918007,cat_d8_unweighted,CatBoost
0.008809484028546607,0.1012031859006948,0.9632258064516129,0.1831620917037264,58962,26519,114,2986,29505,0.33308497307549023,cat_d8_unweighted,CatBoost
0.008749314504148174,0.10048442440960775,0.9635483870967742,0.18198988606592337,58742,26739,113,2987,29726,0.3355798647565505,cat_d8_unweighted,CatBoost
0.008684885772271597,0.09977293976225457,0.9638709677419355,0.18082788671023964,58521,26960,112,2988,29948,0.33808604554024,cat_d8_unweighted,CatBoost
0.008617592342623426,0.09907192575406032,0.9641935483870968,0.17968139464983468,58300,27181,111,2989,30170,0.3405922263239295,cat_d8_unweighted,CatBoost
0.008555998661893875,0.09834824953935246,0.9641935483870968,0.17849038576376447,58078,27403,111,2989,30392,0.343098407107619,cat_d8_unweighted,CatBoost
0.008489938993486195,0.09773306330437055,0.9651612903225807,0.17749302960194577,57859,27622,108,2992,30614,0.34560458789130855,cat_d8_unweighted,CatBoost
0.008431766758705654,0.09702944610195875,0.9651612903225807,0.17633191890617633,57637,27844,108,2992,30836,0.348110768674998,cat_d8_unweighted,CatBoost
0.008371786333866883,0.09637118845992852,0.9654838709677419,0.1752495828087947,57417,28064,107,2993,31057,0.3506056603560583,cat_d8_unweighted,CatBoost
0.008312760511642873,0.09571917260781994,0.9658064516129032,0.17417609587248029,57196,28285,106,2994,31279,0.3531118411397478,cat_d8_unweighted,CatBoost
0.00824477248482886,0.09510809180660931,0.9664516129032258,0.1731741857171758,56976,28505,104,2996,31501,0.35561802192343733,cat_d8_unweighted,CatBoost
0.008186358997930654,0.09447404091668506,0.9667741935483871,0.17212761680498523,56755,28726,103,2997,31723,0.3581242027071268,cat_d8_unweighted,CatBoost
0.008123495880379802,0.09384880262951949,0.9670967741935483,0.1710943073191611,56534,28947,102,2998,31945,0.36063038349081633,cat_d8_unweighted,CatBoost
0.008058947680184251,0.09320110672428265,0.9670967741935483,0.1700172966229053,56312,29169,102,2998,32167,0.3631365642745058,cat_d8_unweighted,CatBoost
0.008004158236133617,0.09265777448437693,0.9680645161290322,0.16912759242560865,56094,29387,99,3001,32388,0.36563145595556606,cat_d8_unweighted,CatBoost
0.007945878290928639,0.09202698558724318,0.9680645161290322,0.16807616914029683,55872,29609,99,3001,32610,0.3681376367392556,cat_d8_unweighted,CatBoost
0.007894225020717448,0.09143518518518519,0.9683870967741935,0.1670933986418791,55651,29830,98,3002,32832,0.3706438175229451,cat_d8_unweighted,CatBoost
0.007837051331813217,0.0908210806558964,0.9683870967741935,0.1660673784366875,55429,30052,98,3002,33054,0.3731499983066346,cat_d8_unweighted,CatBoost
0.007776621916188893,0.09021517009255921,0.9683870967741935,0.16505388168022875,55207,30274,98,3002,33276,0.3756561790903241,cat_d8_unweighted,CatBoost
0.007712233837992669,0.08964714311302167,0.9687096774193549,0.16410732826930433,54986,30495,97,3003,33498,0.3781623598740136,cat_d8_unweighted,CatBoost
0.007658050625510779,0.08908923752187194,0.9690322580645161,0.1631766207664521,54766,30715,96,3004,33719,0.3806572515550739,cat_d8_unweighted,CatBoost
0.007608729564567106,0.08856545181344097,0.9696774193548388,0.16230663319024866,54546,30935,94,3006,33941,0.3831634323387634,cat_d8_unweighted,CatBoost
0.0075587148622827125,0.08801920206070896,0.97,0.16139333923731317,54325,31156,93,3007,34163,0.3856696131224529,cat_d8_unweighted,CatBoost
0.007506349278421986,0.08745092336774757,0.97,0.160437508336668,54103,31378,93,3007,34385,0.3881757939061424,cat_d8_unweighted,CatBoost
0.00746088904160969,0.0868899355621695,0.97,0.1594929323467791,53881,31600,93,3007,34607,0.3906819746898319,cat_d8_unweighted,CatBoost
0.007416045239888379,0.08633609922765512,0.97,0.15855941364127712,53659,31822,93,3007,34829,0.39318815547352143,cat_d8_unweighted,CatBoost
0.00736493998282558,0.08582025677603423,0.9703225806451613,0.15769331585845345,53439,32042,92,3008,35050,0.3956830471545817,cat_d8_unweighted,CatBoost
0.007318751357904994,0.08528010886822408,0.9703225806451613,0.15678098613572397,53217,32264,92,3008,35272,0.39818922793827116,cat_d8_unweighted,CatBoost
0.007274289720614587,0.08480306530681242,0.9709677419354839,0.15598279525314818,52997,32484,90,3010,35494,0.4006954087219607,cat_d8_unweighted,CatBoost
0.007222287263461647,0.0843039534102363,0.9712903225806452,0.15514220939818632,52776,32705,89,3011,35716,0.4032015895056502,cat_d8_unweighted,CatBoost
0.007177578439941592,0.083783182147031,0.9712903225806452,0.15425995184179517,52554,32927,89,3011,35938,0.4057077702893397,cat_d8_unweighted,CatBoost
0.007133793689310999,0.08329646017699115,0.9716129032258064,0.1534386143657667,52333,33148,88,3012,36160,0.4082139510730292,cat_d8_unweighted,CatBoost
0.007087104675061759,0.08279046755174405,0.9716129032258064,0.15257972189154279,52112,33369,88,3012,36381,0.4107088427540895,cat_d8_unweighted,CatBoost
0.0070390363215963375,0.08228833702155561,0.9716129032258064,0.15172656978062113,51890,33591,88,3012,36603,0.413215023537779,cat_d8_unweighted,CatBoost
0.006995351488231295,0.08179226069246436,0.9716129032258064,0.1508829054477145,51668,33813,88,3012,36825,0.4157212043214685,cat_d8_unweighted,CatBoost
0.0069517127923656415,0.08138310794396307,0.9725806451612903,0.1501980222681645,51449,34032,85,3015,37047,0.418227385105158,cat_d8_unweighted,CatBoost
0.006904065380064076,0.08089833373581261,0.9725806451612903,0.1493720429042087,51227,34254,85,3015,37269,0.42073356588884747,cat_d8_unweighted,CatBoost
0.006865217355547838,0.08044597370035475,0.9729032258064516,0.14860437042694194,51006,34475,84,3016,37491,0.423239746672537,cat_d8_unweighted,CatBoost
0.006819105760144526,0.08002757742893508,0.9735483870967742,0.1478976771537783,50787,34694,82,3018,37712,0.42573463835359726,cat_d8_unweighted,CatBoost
0.006773728139925668,0.07955923445985132,0.9735483870967742,0.14709752887849098,50565,34916,82,3018,37934,0.4282408191372868,cat_d8_unweighted,CatBoost
0.006729040942298866,0.07912254953349408,0.9738709677419355,0.14635446965289897,50344,35137,81,3019,38156,0.43074699992097626,cat_d8_unweighted,CatBoost
0.006687219614388575,0.07866486007608525,0.9738709677419355,0.14557114614976613,50122,35359,81,3019,38378,0.4332531807046658,cat_d8_unweighted,CatBoost
0.006636689426995071,0.07826424870466321,0.974516129032258,0.14489208633093523,49902,35579,79,3021,38600,0.4357593614883553,cat_d8_unweighted,CatBoost
0.006589172342045341,0.07781670187007367,0.974516129032258,0.14412480320595392,49680,35801,79,3021,38822,0.4382655422720448,cat_d8_unweighted,CatBoost
0.006546828110160066,0.07742745178393054,0.9751612903225807,0.1434639204612866,49461,36020,77,3023,39043,0.44076043395310505,cat_d8_unweighted,CatBoost
0.006500244235052982,0.07701515344454349,0.9754838709677419,0.1427593532397026,49240,36241,76,3024,39265,0.4432666147367946,cat_d8_unweighted,CatBoost
0.0064616542486433245,0.07658216628257401,0.9754838709677419,0.1420151689482706,49018,36463,76,3024,39487,0.4457727955204841,cat_d8_unweighted,CatBoost
0.006423029476136284,0.07615402049913118,0.9754838709677419,0.14127870307645587,48796,36685,76,3024,39709,0.44827897630417357,cat_d8_unweighted,CatBoost
0.006384594060724336,0.0757306353459718,0.9754838709677419,0.1405498361646255,48574,36907,76,3024,39931,0.4507851570878631,cat_d8_unweighted,CatBoost
0.006348360671789753,0.07533683660000498,0.9758064516129032,0.13987469077289438,48353,37128,75,3025,40153,0.45329133787155257,cat_d8_unweighted,CatBoost
0.006306156386619775,0.07492445633328379,0.9758064516129032,0.13916363803652756,48132,37349,75,3025,40374,0.4557862295526129,cat_d8_unweighted,CatBoost
0.006264065313065424,0.0745393634840871,0.9761290322580645,0.13850238008055657,47911,37570,74,3026,40596,0.45829241033630236,cat_d8_unweighted,CatBoost
0.006223913564782765,0.07415845950316037,0.9764516129032258,0.1378478072771984,47690,37791,73,3027,40818,0.4607985911199919,cat_d8_unweighted,CatBoost
0.006183057975120247,0.07375730994152047,0.9764516129032258,0.13715450838241958,47468,38013,73,3027,41040,0.46330477190368136,cat_d8_unweighted,CatBoost
0.006143281981693984,0.0733847123261112,0.9767741935483871,0.13651323204544433,47247,38234,72,3028,41262,0.4658109526873709,cat_d8_unweighted,CatBoost
0.006100502422093507,0.07301610259377109,0.9770967741935483,0.13587834200610086,47026,38455,71,3029,41484,0.4683171334710604,cat_d8_unweighted,CatBoost
0.006061496957590865,0.07262918115333893,0.9770967741935483,0.13520812409329316,46805,38676,71,3029,41705,0.4708120251521207,cat_d8_unweighted,CatBoost
0.0060216209664392005,0.07224461564147208,0.9770967741935483,0.13454149732382792,46583,38898,71,3029,41927,0.47331820593581014,cat_d8_unweighted,CatBoost
0.005984860526351918,0.07188782652020213,0.9774193548387097,0.1339256116157263,46362,39119,70,3030,42149,0.47582438671949967,cat_d8_unweighted,CatBoost
0.00594489511611307,0.07151117509617427,0.9774193548387097,0.13327175562446397,46140,39341,70,3030,42371,0.4783305675031892,cat_d8_unweighted,CatBoost
0.005903707474520338,0.07118540605263776,0.9780645161290322,0.1327117939290482,45920,39561,68,3032,42593,0.48083674828687867,cat_d8_unweighted,CatBoost
0.005865366089569071,0.07086301529837674,0.9787096774193549,0.13215724708700863,45700,39781,66,3034,42815,0.4833429290705682,cat_d8_unweighted,CatBoost
0.005831538098620899,0.07052235337856678,0.9790322580645161,0.1315675394485868,45480,40001,65,3035,43036,0.48583782075162846,cat_d8_unweighted,CatBoost
0.005794554288358802,0.07016043275232327,0.9790322580645161,0.13093748651796883,45258,40223,65,3035,43258,0.488344001535318,cat_d8_unweighted,CatBoost
0.00575775684557621,0.06984820607175712,0.9796774193548388,0.13039931300987545,45038,40443,63,3037,43480,0.49085018231900746,cat_d8_unweighted,CatBoost
0.00572342577904399,0.06953915152624594,0.9803225806451613,0.1298662450322636,44818,40663,61,3039,43702,0.493356363102697,cat_d8_unweighted,CatBoost
0.005690767649003791,0.0692104544212731,0.9806451612903225,0.12929567880231368,44597,40884,60,3040,43924,0.49586254388638645,cat_d8_unweighted,CatBoost
0.005658227037319075,0.06886241109047252,0.9806451612903225,0.12868814291156921,44375,41106,60,3040,44146,0.498368724670076,cat_d8_unweighted,CatBoost
0.005623139361243889,0.06851939504586742,0.9806451612903225,0.1280889881391282,44154,41327,60,3040,44367,0.5008636163511363,cat_d8_unweighted,CatBoost
0.0055884817108482945,0.06822310435309158,0.9812903225806452,0.1275765899893057,43934,41547,58,3042,44589,0.5033697971348258,cat_d8_unweighted,CatBoost
0.005553268063214148,0.06788511749347259,0.9812903225806452,0.12698545219260715,43712,41769,58,3042,44811,0.5058759779185152,cat_d8_unweighted,CatBoost
0.005520043806457152,0.06757266893167233,0.9816129032258064,0.12644131884569837,43491,41990,57,3043,45033,0.5083821587022047,cat_d8_unweighted,CatBoost
0.005485619105399127,0.06724118881891504,0.9816129032258064,0.12586082101127083,43269,42212,57,3043,45255,0.5108883394858943,cat_d8_unweighted,CatBoost
0.0054497039426553585,0.06695692327989973,0.9822580645161291,0.12536797249727236,43049,42432,55,3045,45477,0.5133945202695838,cat_d8_unweighted,CatBoost
0.005414601818292534,0.06663311304652282,0.9822580645161291,0.12480019672937415,42828,42653,55,3045,45698,0.5158894119506441,cat_d8_unweighted,CatBoost
0.005380744863249769,0.0663109756097561,0.9822580645161291,0.12423500611995104,42606,42875,55,3045,45920,0.5183955927343336,cat_d8_unweighted,CatBoost
0.00534805455856348,0.06603528238914655,0.9829032258064516,0.12375614312984849,42386,43095,53,3047,46142,0.520901773518023,cat_d8_unweighted,CatBoost
0.005311498004805096,0.0657406608575619,0.983225806451613,0.12324114507520623,42165,43316,52,3048,46364,0.5234079543017126,cat_d8_unweighted,CatBoost
0.005278039156389916,0.06544884729317821,0.9835483870967742,0.1227307491043755,41944,43537,51,3049,46586,0.5259141350854021,cat_d8_unweighted,CatBoost
0.005245364335304056,0.06515980174329175,0.9838709677419355,0.12222489380460048,41723,43758,50,3050,46808,0.5284203158690916,cat_d8_unweighted,CatBoost
0.0052136805348656666,0.06487486444534224,0.9841935483870968,0.12172594705659401,41503,43978,49,3051,47029,0.5309152075501519,cat_d8_unweighted,CatBoost
0.005179599568193586,0.06461238915578506,0.9848387096774194,0.12126869376973644,41283,44198,47,3053,47251,0.5334213883338413,cat_d8_unweighted,CatBoost
0.005146272231864566,0.06433130410970446,0.9851612903225806,0.12077590809325134,41062,44419,46,3054,47473,0.5359275691175308,cat_d8_unweighted,CatBoost
0.0051164799567073585,0.06405283572701541,0.9854838709677419,0.12028742986514418,40841,44640,45,3055,47695,0.5384337499012204,cat_d8_unweighted,CatBoost
0.005086126057584383,0.06377694763862513,0.9858064516129033,0.11980320285395063,40620,44861,44,3056,47917,0.5409399306849099,cat_d8_unweighted,CatBoost
0.005055092472365864,0.06356592367934523,0.9870967741935484,0.11944027010675462,40402,45079,40,3060,48139,0.5434461114685993,cat_d8_unweighted,CatBoost
0.005023021469559253,0.06327543424317618,0.9870967741935484,0.11892732219199377,40181,45300,40,3060,48360,0.5459410031496597,cat_d8_unweighted,CatBoost
0.00499573586849181,0.06298629121897,0.9870967741935484,0.11841646995085331,39959,45522,40,3060,48582,0.5484471839333491,cat_d8_unweighted,CatBoost
0.00496857689943508,0.06269977870666339,0.9870967741935484,0.11790998766954378,39737,45744,40,3060,48804,0.5509533647170386,cat_d8_unweighted,CatBoost
0.00494139049942177,0.062436258311916126,0.9874193548387097,0.11744618808272264,39516,45965,39,3061,49026,0.5534595455007282,cat_d8_unweighted,CatBoost
0.004908576295295772,0.06215480831708902,0.9874193548387097,0.11694811645144038,39294,46187,39,3061,49248,0.5559657262844176,cat_d8_unweighted,CatBoost
0.004882160767285464,0.06189609864564383,0.987741935483871,0.11649229598630398,39073,46408,38,3062,49470,0.5584719070681071,cat_d8_unweighted,CatBoost
0.004856411515961912,0.06166106538407357,0.9883870967741936,0.11608039249114432,38854,46627,36,3064,49691,0.5609667987491674,cat_d8_unweighted,CatBoost
0.0048242139419545855,0.0613868130547152,0.9883870967741936,0.11559428819346197,38632,46849,36,3064,49913,0.5634729795328569,cat_d8_unweighted,CatBoost
0.004795917780216451,0.06115488181908846,0.9890322580645161,0.11518737672583827,38412,47069,34,3066,50135,0.5659791603165465,cat_d8_unweighted,CatBoost
0.004767929711996455,0.06088527910717477,0.9890322580645161,0.1147090184634379,38190,47291,34,3066,50357,0.568485341100236,cat_d8_unweighted,CatBoost
0.004738457687983502,0.06063781411257636,0.9893548387096774,0.11427187540751504,37969,47512,33,3067,50579,0.5709915218839254,cat_d8_unweighted,CatBoost
0.0047049185170953195,0.06037282730654908,0.9893548387096774,0.11380122817758484,37747,47734,33,3067,50801,0.5734977026676149,cat_d8_unweighted,CatBoost
0.0046769335316963,0.06013092391517385,0.9896774193548387,0.11337348952366876,37527,47954,32,3068,51022,0.5759925943486752,cat_d8_unweighted,CatBoost
0.004650211044915629,0.05988993833424401,0.99,0.11294715147946416,37306,48175,31,3069,51244,0.5784987751323647,cat_d8_unweighted,CatBoost
0.004621459586218931,0.05963160144561458,0.99,0.11248762965949492,37084,48397,31,3069,51466,0.5810049559160543,cat_d8_unweighted,CatBoost
0.004594258745320709,0.059394830521591085,0.9903225806451613,0.11206833613199971,36863,48618,30,3070,51688,0.5835111366997437,cat_d8_unweighted,CatBoost
0.004563294841833164,0.05914082065112695,0.9903225806451613,0.11161606980548991,36641,48840,30,3070,51910,0.5860173174834332,cat_d8_unweighted,CatBoost
0.004536800964652793,0.058908156218829125,0.9906451612903225,0.11120365005793743,36420,49061,29,3071,52132,0.5885234982671227,cat_d8_unweighted,CatBoost
0.0045103447503190165,0.058659484652264435,0.9906451612903225,0.11076046381620472,36199,49282,29,3071,52353,0.591018389948183,cat_d8_unweighted,CatBoost
0.004482711459747708,0.05841179267712791,0.9906451612903225,0.11031881454872026,35977,49504,29,3071,52575,0.5935245707318725,cat_d8_unweighted,CatBoost
0.004457531777813698,0.05816618368467905,0.9906451612903225,0.10988067338139793,35755,49726,29,3071,52797,0.5960307515155621,cat_d8_unweighted,CatBoost
0.004427514448686945,0.05792263150945887,0.9906451612903225,0.1094459986813735,35533,49948,29,3071,53019,0.5985369322992515,cat_d8_unweighted,CatBoost
0.004402988950448506,0.057681110422418816,0.9906451612903225,0.10901474947196536,35311,50170,29,3071,53241,0.601043113082941,cat_d8_unweighted,CatBoost
0.0043769827920335635,0.05746029964648448,0.9909677419354839,0.10862224422325548,35090,50391,28,3072,53463,0.6035492938666306,cat_d8_unweighted,CatBoost
0.004349263006297014,0.057242381342671934,0.9912903225806452,0.10823471400394477,34870,50611,27,3073,53684,0.6060441855476908,cat_d8_unweighted,CatBoost
0.004323805867533303,0.057025192000890436,0.9916129032258064,0.1078482966705259,34649,50832,26,3074,53906,0.6085503663313803,cat_d8_unweighted,CatBoost
0.004295607054921712,0.05682825894176766,0.9922580645161291,0.10749982526036207,34429,51052,24,3076,54128,0.6110565471150698,cat_d8_unweighted,CatBoost
0.0042710416920132485,0.05661453541858326,0.9925806451612903,0.10711923411662315,34208,51273,23,3077,54350,0.6135627278987593,cat_d8_unweighted,CatBoost
0.0042475874315998354,0.056384226343179654,0.9925806451612903,0.10670689416007768,33986,51495,23,3077,54572,0.6160689086824488,cat_d8_unweighted,CatBoost
0.0042212152184445614,0.05615578347994306,0.9925806451612903,0.10629771651639203,33764,51717,23,3077,54794,0.6185750894661384,cat_d8_unweighted,CatBoost
0.004193833680390526,0.05593020085431246,0.9925806451612903,0.10589348705153576,33543,51938,23,3077,55015,0.6210699811471986,cat_d8_unweighted,CatBoost
0.0041707937528522926,0.05570541484874269,0.9925806451612903,0.10549051202495842,33321,52160,23,3077,55237,0.6235761619308882,cat_d8_unweighted,CatBoost
0.004145089193595843,0.05548242846066463,0.9925806451612903,0.10509059239399579,33099,52382,23,3077,55459,0.6260823427145776,cat_d8_unweighted,CatBoost
0.004120955910754776,0.05526122016486773,0.9925806451612903,0.10469369354042972,32877,52604,23,3077,55681,0.6285885234982671,cat_d8_unweighted,CatBoost
0.004095327457704406,0.055041768778062,0.9925806451612903,0.10429978136704912,32655,52826,23,3077,55903,0.6310947042819566,cat_d8_unweighted,CatBoost
0.004069330849482842,0.05484187082405345,0.9929032258064516,0.10394259181089067,32434,53047,22,3078,56125,0.6336008850656462,cat_d8_unweighted,CatBoost
0.004042699953534305,0.054626770312000854,0.9929032258064516,0.1035561686236248,32213,53268,22,3078,56346,0.6360957767467064,cat_d8_unweighted,CatBoost
0.004017010550633302,0.054412388629613916,0.9929032258064516,0.10317087886304217,31991,53490,22,3078,56568,0.638601957530396,cat_d8_unweighted,CatBoost
0.003996072570487484,0.05419968304278922,0.9929032258064516,0.1027884454833862,31769,53712,22,3078,56790,0.6411081383140854,cat_d8_unweighted,CatBoost
0.00397043122325873,0.05402371430576019,0.9935483870967742,0.10247537929198829,31549,53932,20,3080,57012,0.6436143190977749,cat_d8_unweighted,CatBoost
0.00394481166423876,0.05383163853653423,0.9938709677419355,0.10213146816057281,31328,54153,19,3081,57234,0.6461204998814645,cat_d8_unweighted,CatBoost
0.003917837775853264,0.053623642439431914,0.9938709677419355,0.10175705132439394,31106,54375,19,3081,57456,0.6486266806651539,cat_d8_unweighted,CatBoost
0.003894071789041588,0.05341817362206772,0.9938709677419355,0.10138703785971666,30885,54596,19,3081,57677,0.6511215723462142,cat_d8_unweighted,CatBoost
0.003869878285290535,0.053213354289365966,0.9938709677419355,0.10101804947622092,30663,54818,19,3081,57899,0.6536277531299037,cat_d8_unweighted,CatBoost
0.0038438287704357075,0.05302730510486743,0.9941935483870967,0.10068440567779029,30442,55039,18,3082,58121,0.6561339339135932,cat_d8_unweighted,CatBoost
0.00382052469948126,0.05282553176902113,0.9941935483870967,0.1003206223654444,30220,55261,18,3082,58343,0.6586401146972827,cat_d8_unweighted,CatBoost
0.003796444704937001,0.05262528814138137,0.9941935483870967,0.09995945836373957,29998,55483,18,3082,58565,0.6611462954809723,cat_d8_unweighted,CatBoost
0.003772995375288614,0.052426556891829824,0.9941935483870967,0.09960088548483526,29776,55705,18,3082,58787,0.6636524762646617,cat_d8_unweighted,CatBoost
0.003750174205942709,0.05226321408598689,0.9948387096774194,0.09930927884847608,29556,55925,16,3084,59009,0.6661586570483512,cat_d8_unweighted,CatBoost
0.0037276579284144006,0.05206820867803478,0.9948387096774194,0.09895716348467831,29335,56146,16,3084,59230,0.6686535487294115,cat_d8_unweighted,CatBoost
0.003706067065981816,0.05189060082083025,0.9951612903225806,0.09863793323954471,29114,56367,15,3085,59452,0.671159729513101,cat_d8_unweighted,CatBoost
0.0036836116549367314,0.05171431444180045,0.9954838709677419,0.09832096090738203,28893,56588,14,3086,59674,0.6736659102967905,cat_d8_unweighted,CatBoost
0.0036598649737257204,0.05152263924135168,0.9954838709677419,0.09797447456981397,28671,56810,14,3086,59896,0.67617209108048,cat_d8_unweighted,CatBoost
0.0036349400522968337,0.051332379653348414,0.9954838709677419,0.09763042171533425,28449,57032,14,3086,60118,0.6786782718641695,cat_d8_unweighted,CatBoost
0.003611196911008335,0.05114352005303281,0.9954838709677419,0.09728877679697351,28227,57254,14,3086,60340,0.681184452647859,cat_d8_unweighted,CatBoost
0.0035866407794560473,0.05095688644507191,0.9954838709677419,0.0969510375269003,28006,57475,14,3086,60561,0.6836793443289193,cat_d8_unweighted,CatBoost
0.0035645101913273965,0.05077077472319563,0.9954838709677419,0.09661412269304823,27784,57697,14,3086,60783,0.6861855251126088,cat_d8_unweighted,CatBoost
0.0035419171237794037,0.05058601753954594,0.9954838709677419,0.09627954137742767,27562,57919,14,3086,61005,0.6886917058962984,cat_d8_unweighted,CatBoost
0.003519686297465093,0.0504026001600601,0.9954838709677419,0.09594726942030564,27340,58141,14,3086,61227,0.6911978866799878,cat_d8_unweighted,CatBoost
0.0034986020539596345,0.05022050806359746,0.9954838709677419,0.09561728299431439,27118,58363,14,3086,61449,0.6937040674636773,cat_d8_unweighted,CatBoost
0.003475828186912568,0.05003972693810705,0.9954838709677419,0.09528955859875561,26896,58585,14,3086,61671,0.6962102482473668,cat_d8_unweighted,CatBoost
0.0034535673291994527,0.04986104827764493,0.9954838709677419,0.09496553421959625,26675,58806,14,3086,61892,0.6987051399284271,cat_d8_unweighted,CatBoost
0.0034323272959479265,0.049682841227420546,0.9954838709677419,0.09464225473057933,26453,59028,14,3086,62114,0.7012113207121166,cat_d8_unweighted,CatBoost
0.003408065505945276,0.049505903490759756,0.9954838709677419,0.09432116877559754,26231,59250,14,3086,62336,0.7037175014958061,cat_d8_unweighted,CatBoost
0.003386162979961525,0.04933022155439752,0.9954838709677419,0.09400225410460264,26009,59472,14,3086,62558,0.7062236822794956,cat_d8_unweighted,CatBoost
0.0033619376102535657,0.04915578209620898,0.9954838709677419,0.09368548876745597,25787,59694,14,3086,62780,0.7087298630631851,cat_d8_unweighted,CatBoost
0.00334081209845804,0.048982571981841846,0.9954838709677419,0.09337085110889232,25565,59916,14,3086,63002,0.7112360438468747,cat_d8_unweighted,CatBoost
0.003316807548945079,0.04881135029973269,0.9954838709677419,0.09305972287140209,25344,60137,14,3086,63223,0.7137309355279349,cat_d8_unweighted,CatBoost
0.0032957733999964766,0.04865631649460162,0.9958064516129033,0.09277932226313021,25123,60358,13,3087,63445,0.7162371163116243,cat_d8_unweighted,CatBoost
0.003275998140105117,0.04848665713792075,0.9958064516129033,0.0924708313987449,24901,60580,13,3087,63667,0.7187432970953139,cat_d8_unweighted,CatBoost
0.003253151048127423,0.04834948113133716,0.9964516129032258,0.09222409649345416,24681,60800,11,3089,63889,0.7212494778790034,cat_d8_unweighted,CatBoost
0.003231206849183963,0.04818205924100388,0.9964516129032258,0.09191947746648613,24459,61022,11,3089,64111,0.7237556586626929,cat_d8_unweighted,CatBoost
0.003208584588842772,0.04801579282794211,0.9964516129032258,0.09161686414663443,24237,61244,11,3089,64333,0.7262618394463825,cat_d8_unweighted,CatBoost
0.0031855926669478512,0.04785141122161291,0.9964516129032258,0.09131758654329382,24016,61465,11,3089,64554,0.7287567311274427,cat_d8_unweighted,CatBoost
0.003163206024800522,0.04768741509200938,0.9964516129032258,0.09101891684837055,23794,61687,11,3089,64776,0.7312629119111321,cat_d8_unweighted,CatBoost
0.0031414875788183406,0.04752453921659128,0.9964516129032258,0.09072219448441952,23572,61909,11,3089,64998,0.7337690926948217,cat_d8_unweighted,CatBoost
0.003115893408134031,0.047362772155780435,0.9964516129032258,0.09042740046838407,23350,62131,11,3089,65220,0.7362752734785112,cat_d8_unweighted,CatBoost
0.0030936970564561395,0.04720210262522539,0.9964516129032258,0.09013451606314377,23128,62353,11,3089,65442,0.7387814542622007,cat_d8_unweighted,CatBoost
0.0030705170155588104,0.047042519493177386,0.9964516129032258,0.0898435227735443,22906,62575,11,3089,65664,0.7412876350458902,cat_d8_unweighted,CatBoost
0.0030487865850322765,0.04688472338164985,0.9964516129032258,0.08955570051460462,22685,62796,11,3089,65885,0.7437825267269504,cat_d8_unweighted,CatBoost
0.003026127522105213,0.04674240246872494,0.9967741935483871,0.08929732541505918,22464,63017,10,3090,66107,0.74628870751064,cat_d8_unweighted,CatBoost
0.003004194837698856,0.046585957876645205,0.9967741935483871,0.0890117962234801,22242,63239,10,3090,66329,0.7487948882943295,cat_d8_unweighted,CatBoost
0.002983979846120143,0.04643055701642349,0.9967741935483871,0.08872808717749925,22020,63461,10,3090,66551,0.751301069078019,cat_d8_unweighted,CatBoost
0.0029632523157382827,0.046276189477782934,0.9967741935483871,0.08844618092825554,21798,63683,10,3090,66773,0.7538072498617084,cat_d8_unweighted,CatBoost
0.0029430856841199237,0.04612284498843197,0.9967741935483871,0.08816606034667238,21576,63905,10,3090,66995,0.756313430645398,cat_d8_unweighted,CatBoost
0.002922960694104871,0.0459711973339681,0.9967741935483871,0.08788895841629217,21355,64126,10,3090,67216,0.7588083223264582,cat_d8_unweighted,CatBoost
0.0029040735256565635,0.045819864171535336,0.9967741935483871,0.0876123507896453,21133,64348,10,3090,67438,0.7613145031101478,cat_d8_unweighted,CatBoost
0.0028831956243268136,0.045669524091043454,0.9967741935483871,0.08733747880158281,20911,64570,10,3090,67660,0.7638206838938373,cat_d8_unweighted,CatBoost
0.002862552573635973,0.045534898794967735,0.9970967741935484,0.08709250232453297,20690,64791,9,3091,67882,0.7663268646775268,cat_d8_unweighted,CatBoost
0.0028425814641147734,0.0454011511805474,0.9974193548387097,0.08684905342396496,20469,65012,8,3092,68104,0.7688330454612163,cat_d8_unweighted,CatBoost
0.0028219600006862753,0.045253636975675436,0.9974193548387097,0.08657911684820653,20247,65234,8,3092,68326,0.7713392262449058,cat_d8_unweighted,CatBoost
0.002802410389409417,0.04512232482822005,0.997741935483871,0.08633997236450933,20027,65454,7,3093,68547,0.773834117925966,cat_d8_unweighted,CatBoost
0.002782503071840458,0.0449766609955067,0.997741935483871,0.08607327220359266,19805,65676,7,3093,68769,0.7763402987096556,cat_d8_unweighted,CatBoost
0.002759913680128762,0.04483193460016524,0.997741935483871,0.08580821461763605,19583,65898,7,3093,68991,0.7788464794933451,cat_d8_unweighted,CatBoost
0.002739880987018309,0.04468813662173291,0.997741935483871,0.08554478447858616,19361,66120,7,3093,69213,0.7813526602770345,cat_d8_unweighted,CatBoost
0.0027193568167664796,0.044545258155109096,0.997741935483871,0.08528296684359275,19139,66342,7,3093,69435,0.7838588410607241,cat_d8_unweighted,CatBoost
0.002697817109801221,0.044403290408716996,0.997741935483871,0.08502274695218329,18917,66564,7,3093,69657,0.7863650218444136,cat_d8_unweighted,CatBoost
0.0026792642416670833,0.04426285812415925,0.997741935483871,0.08476527172572555,18696,66785,7,3093,69878,0.7888599135254739,cat_d8_unweighted,CatBoost
0.0026600082718924068,0.04412268188302425,0.997741935483871,0.08450819672131146,18474,67007,7,3093,70100,0.7913660943091634,cat_d8_unweighted,CatBoost
0.0026396891193263892,0.04398339068854697,0.997741935483871,0.08425267630955299,18252,67229,7,3093,70322,0.7938722750928529,cat_d8_unweighted,CatBoost
0.0026211405919790974,0.04385915173508732,0.9980645161290322,0.0840258541089566,18031,67450,6,3094,70544,0.7963784558765423,cat_d8_unweighted,CatBoost
0.0026019346899439954,0.04372156120170703,0.9980645161290322,0.08377331925378388,17809,67672,6,3094,70766,0.7988846366602319,cat_d8_unweighted,CatBoost
0.0025808189264147027,0.04358483123908266,0.9980645161290322,0.08352229780801208,17587,67894,6,3094,70988,0.8013908174439214,cat_d8_unweighted,CatBoost
0.002562496453718361,0.043449563959611845,0.9980645161290322,0.08327389683618405,17366,68115,6,3094,71209,0.8038857091249817,cat_d8_unweighted,CatBoost
0.0025430813934637932,0.04331452730607159,0.9980645161290322,0.08302585501335015,17144,68337,6,3094,71431,0.8063918899086712,cat_d8_unweighted,CatBoost
0.002521990598876466,0.043180327411273776,0.9980645161290322,0.08277928645004212,16922,68559,6,3094,71653,0.8088980706923606,cat_d8_unweighted,CatBoost
0.0025027615270870824,0.04304695652173913,0.9980645161290322,0.08253417805935312,16700,68781,6,3094,71875,0.8114042514760502,cat_d8_unweighted,CatBoost
0.002482432241473469,0.04292827718212963,0.9983870967741936,0.08231711371464287,16479,69002,5,3095,72097,0.8139104322597397,cat_d8_unweighted,CatBoost
0.0024620665582497266,0.04279649884539333,0.9983870967741936,0.08207480873519936,16257,69224,5,3095,72319,0.8164166130434292,cat_d8_unweighted,CatBoost
0.0024407290548115,0.04266611524676041,0.9983870967741936,0.08183500793231095,16036,69445,5,3095,72540,0.8189115047244895,cat_d8_unweighted,CatBoost
0.002420973434122657,0.04253593908908496,0.9983870967741936,0.08159552872320792,15814,69667,5,3095,72762,0.821417685508179,cat_d8_unweighted,CatBoost
0.0024029583012412127,0.04240655486133947,0.9983870967741936,0.08135744703222754,15592,69889,5,3095,72984,0.8239238662918684,cat_d8_unweighted,CatBoost
0.002382838116125927,0.042277955358850365,0.9983870967741936,0.08112075066180904,15370,70111,5,3095,73206,0.826430047075558,cat_d8_unweighted,CatBoost
0.002363969020442448,0.04215013346407365,0.9983870967741936,0.08088542755592724,15148,70333,5,3095,73428,0.8289362278592475,cat_d8_unweighted,CatBoost
0.0023451770987038163,0.04202308214528174,0.9983870967741936,0.08065146579804561,14926,70555,5,3095,73650,0.831442408642937,cat_d8_unweighted,CatBoost
0.0023246599401071755,0.041910898728865185,0.9987096774193548,0.08044588221537982,14706,70775,4,3096,73871,0.8339373003239973,cat_d8_unweighted,CatBoost
0.0023027406481648145,0.041798820401387445,0.9990322580645161,0.08024043630899175,14485,70996,3,3097,74093,0.8364434811076867,cat_d8_unweighted,CatBoost
0.002282699276566179,0.041687411693467,0.9993548387096775,0.08003616870115611,14264,71217,2,3098,74315,0.8389496618913762,cat_d8_unweighted,CatBoost
0.0022631334149763238,0.04156325046621141,0.9993548387096775,0.07980730837100866,14042,71439,2,3098,74537,0.8414558426750658,cat_d8_unweighted,CatBoost
0.002244278269590768,0.041439826642946,0.9993548387096775,0.079579753143503,13820,71661,2,3098,74759,0.8439620234587553,cat_d8_unweighted,CatBoost
0.00222296620179386,0.04131713367386405,0.9993548387096775,0.07935349188663054,13598,71883,2,3098,74981,0.8464682042424447,cat_d8_unweighted,CatBoost
0.0022008207192224863,0.041195712879976594,0.9993548387096775,0.07912952415008556,13377,72104,2,3098,75202,0.848963095923505,cat_d8_unweighted,CatBoost
0.0021810829223999073,0.041074459058124735,0.9993548387096775,0.07890581223574958,13155,72326,2,3098,75424,0.8514692767071945,cat_d8_unweighted,CatBoost
0.002162049455881086,0.040953916928852814,0.9993548387096775,0.07868336169456226,12933,72548,2,3098,75646,0.8539754574908841,cat_d8_unweighted,CatBoost
0.0021428426156923077,0.04083408024463542,0.9993548387096775,0.07846216188835985,12711,72770,2,3098,75868,0.8564816382745736,cat_d8_unweighted,CatBoost
0.002123650366414766,0.04071494283085819,0.9993548387096775,0.07824220229826997,12489,72992,2,3098,76090,0.858987819058263,cat_d8_unweighted,CatBoost
0.002105225532457084,0.040596498584757314,0.9993548387096775,0.07802347252304438,12267,73214,2,3098,76312,0.8614939998419525,cat_d8_unweighted,CatBoost
0.00208624146625357,0.04047927038009747,0.9993548387096775,0.07780693933419562,12046,73435,2,3098,76533,0.8639888915230128,cat_d8_unweighted,CatBoost
0.002065751735358546,0.04036219138818318,0.9993548387096775,0.077590633022353,11824,73657,2,3098,76755,0.8664950723067023,cat_d8_unweighted,CatBoost
0.002044530264370112,0.04024578770282032,0.9993548387096775,0.07737552605617093,11602,73879,2,3098,76977,0.8690012530903919,cat_d8_unweighted,CatBoost
0.002023068152218825,0.04013005349810231,0.9993548387096775,0.07716160848827508,11380,74101,2,3098,77199,0.8715074338740814,cat_d8_unweighted,CatBoost
0.002003021270037687,0.040014983014944265,0.9993548387096775,0.07694887048099253,11158,74323,2,3098,77421,0.8740136146577708,cat_d8_unweighted,CatBoost
0.001983102316744081,0.03990057056012777,0.9993548387096775,0.07673730230484377,10936,74545,2,3098,77643,0.8765197954414603,cat_d8_unweighted,CatBoost
0.0019645668177549996,0.03978732148361245,0.9993548387096775,0.07652783953361987,10715,74766,2,3098,77864,0.8790146871225206,cat_d8_unweighted,CatBoost
0.0019447422807713517,0.039674205363317366,0.9993548387096775,0.07631857709457295,10493,74988,2,3098,78086,0.8815208679062101,cat_d8_unweighted,CatBoost
0.0019247245258774395,0.03956173060223732,0.9993548387096775,0.07611045597484278,10271,75210,2,3098,78308,0.8840270486898997,cat_d8_unweighted,CatBoost
0.0019064614546540366,0.039449891761110405,0.9993548387096775,0.07590346686267303,10049,75432,2,3098,78530,0.8865332294735891,cat_d8_unweighted,CatBoost
0.0018886061068869088,0.039338683462007314,0.9993548387096775,0.07569760054732931,9827,75654,2,3098,78752,0.8890394102572786,cat_d8_unweighted,CatBoost
0.0018682991294944435,0.039228100387469295,0.9993548387096775,0.07549284791773278,9605,75876,2,3098,78974,0.8915455910409682,cat_d8_unweighted,CatBoost
0.0018510253287153723,0.03911863122671886,0.9993548387096775,0.07529011483079166,9384,76097,2,3098,79195,0.8940404827220284,cat_d8_unweighted,CatBoost
0.0018313731101318594,0.03900928012893965,0.9993548387096775,0.07508755771537987,9162,76319,2,3098,79417,0.8965466635057179,cat_d8_unweighted,CatBoost
0.0018102753346199824,0.0389005386807971,0.9993548387096775,0.07488608757659629,8940,76541,2,3098,79639,0.8990528442894075,cat_d8_unweighted,CatBoost
0.0017917500787451948,0.03879240179812424,0.9993548387096775,0.07468569568833548,8718,76763,2,3098,79861,0.9015590250730969,cat_d8_unweighted,CatBoost
0.0017706223294095646,0.03868486445312988,0.9993548387096775,0.07448637341764545,8496,76985,2,3098,80083,0.9040652058567864,cat_d8_unweighted,CatBoost
0.0017518423517554967,0.03857792167361933,0.9993548387096775,0.07428811222348779,8274,77207,2,3098,80305,0.906571386640476,cat_d8_unweighted,CatBoost
0.0017324580670102293,0.03847204629560639,0.9993548387096775,0.07409178963480258,8053,77428,2,3098,80526,0.9090662783215362,cat_d8_unweighted,CatBoost
0.001711425131627682,0.03836627532570466,0.9993548387096775,0.07389562064688483,7831,77650,2,3098,80748,0.9115724591052258,cat_d8_unweighted,CatBoost
0.0016895680031200368,0.03826108435222922,0.9993548387096775,0.07370048768883072,7609,77872,2,3098,80970,0.9140786398889152,cat_d8_unweighted,CatBoost
0.0016711542357822223,0.03815646861759779,0.9993548387096775,0.07350638257485882,7387,78094,2,3098,81192,0.9165848206726047,cat_d8_unweighted,CatBoost
0.0016515409221690084,0.03805242341612008,0.9993548387096775,0.07331329720519678,7165,78316,2,3098,81414,0.9190910014562942,cat_d8_unweighted,CatBoost
0.0016301101959310723,0.03794894409329218,0.9993548387096775,0.0731212235649547,6943,78538,2,3098,81636,0.9215971822399838,cat_d8_unweighted,CatBoost
0.0016087889038527547,0.03784648838828689,0.9993548387096775,0.07293101215909224,6722,78759,2,3098,81857,0.924092073921044,cat_d8_unweighted,CatBoost
0.0015875173339746386,0.03774412456292109,0.9993548387096775,0.07274093379823666,6500,78981,2,3098,82079,0.9265982547047336,cat_d8_unweighted,CatBoost
0.0015660916520607296,0.037654463493760705,0.9996774193548387,0.07257526258474725,6279,79202,1,3099,82301,0.929104435488423,cat_d8_unweighted,CatBoost
0.0015434083192802117,0.03755316699586782,0.9996774193548387,0.0723870922532497,6057,79424,1,3099,82523,0.9316106162721125,cat_d8_unweighted,CatBoost
0.001521284712898516,0.0374524140431446,0.9996774193548387,0.07219989515988118,5835,79646,1,3099,82745,0.9341167970558021,cat_d8_unweighted,CatBoost
0.0015011388280303968,0.03735220027239746,0.9996774193548387,0.07201366377357175,5613,79868,1,3099,82967,0.9366229778394916,cat_d8_unweighted,CatBoost
0.0014757528810383437,0.037252969178246866,0.9996774193548387,0.07182922306693863,5392,80089,1,3099,83188,0.9391178695205518,cat_d8_unweighted,CatBoost
0.001450300130005621,0.037153818486991966,0.9996774193548387,0.07164489654375215,5170,80311,1,3099,83410,0.9416240503042413,cat_d8_unweighted,CatBoost
0.0014279445656786172,0.037055194184044384,0.9996774193548387,0.07146151362818798,4948,80533,1,3099,83632,0.9441302310879308,cat_d8_unweighted,CatBoost
0.0014026857261227397,0.03695709208863024,0.9996774193548387,0.0712790670929457,4726,80755,1,3099,83854,0.9466364118716203,cat_d8_unweighted,CatBoost
0.0013780913274601555,0.03685950806413245,0.9996774193548387,0.07109754978434431,4504,80977,1,3099,84076,0.9491425926553099,cat_d8_unweighted,CatBoost
0.00135429711332803,0.036762438017509315,0.9996774193548387,0.07091695462138722,4282,81199,1,3099,84298,0.9516487734389993,cat_d8_unweighted,CatBoost
0.0013287742842656987,0.03666631171689206,0.9996774193548387,0.07073808192287061,4061,81420,1,3099,84519,0.9541436651200597,cat_d8_unweighted,CatBoost
0.001302211931702617,0.03657025524834496,0.9996774193548387,0.07055930601882947,3839,81642,1,3099,84741,0.9566498459037491,cat_d8_unweighted,CatBoost
0.001274759180265871,0.03647470075209209,0.9996774193548387,0.07038143147519389,3617,81864,1,3099,84963,0.9591560266874386,cat_d8_unweighted,CatBoost
0.0012458007454840072,0.03637964430357457,0.9996774193548387,0.070204451492326,3395,82086,1,3099,85185,0.9616622074711281,cat_d8_unweighted,CatBoost
0.0012161509319029695,0.03628508201903825,0.9996774193548387,0.07002835933880937,3173,82308,1,3099,85407,0.9641683882548177,cat_d8_unweighted,CatBoost
0.0011885950689401407,0.03619101005500473,0.9996774193548387,0.06985314835059564,2951,82530,1,3099,85629,0.9666745690385071,cat_d8_unweighted,CatBoost
0.0011572152906440306,0.03609784507862551,0.9996774193548387,0.06967959527824621,2730,82751,1,3099,85850,0.9691694607195674,cat_d8_unweighted,CatBoost
0.0011277625901926775,0.03600474021749233,0.9996774193548387,0.06950612299825058,2508,82973,1,3099,86072,0.9716756415032569,cat_d8_unweighted,CatBoost
0.0010922640431186314,0.03592370269080122,1.0,0.06935588518245073,2287,83194,0,3100,86294,0.9741818222869464,cat_d8_unweighted,CatBoost
0.0010554266957582916,0.03583152249294928,1.0,0.06918407427245135,2065,83416,0,3100,86516,0.976688003070636,cat_d8_unweighted,CatBoost
0.0010179393991293906,0.035739814152966405,1.0,0.06901311249137336,1843,83638,0,3100,86738,0.9791941838543254,cat_d8_unweighted,CatBoost
0.0009800214409058819,0.03564857405703772,1.0,0.06884299355984898,1621,83860,0,3100,86960,0.9817003646380149,cat_d8_unweighted,CatBoost
0.0009310770171744993,0.035558206489946204,1.0,0.06867447192654047,1400,84081,0,3100,87181,0.9841952563190752,cat_d8_unweighted,CatBoost
0.000884119146612536,0.03546789011818816,1.0,0.06850601637514778,1178,84303,0,3100,87403,0.9867014371027647,cat_d8_unweighted,CatBoost
0.0008245316513619655,0.03537803138373752,1.0,0.06833838523009093,956,84525,0,3100,87625,0.9892076178864542,cat_d8_unweighted,CatBoost
0.000743373205750461,0.03528862681707969,1.0,0.06817157245428655,734,84747,0,3100,87847,0.9917137986701438,cat_d8_unweighted,CatBoost
0.0006276724826280404,0.03519967298368325,1.0,0.06800557206945343,512,84969,0,3100,88069,0.9942199794538332,cat_d8_unweighted,CatBoost
0.00033908971205702846,0.035111166483560045,1.0,0.06784037815539824,290,85191,0,3100,88291,0.9967261602375227,cat_d8_unweighted,CatBoost
1.2941823556050553e-05,0.03499621815061921,1.0,0.06762578942201765,0,85481,0,3100,88581,1.0,cat_d8_unweighted,CatBoost
